ESP-ROM:esp32s3-20210327
Build:Mar 27 2021
rst:0x15 (USB_UART_CHIP_RESET),boot:0x2b (SPI_FAST_FLASH_BOOT)
Saved PC:0x420039b0
SPIWP:0xee
mode:DIO, clock div:1
load:0x3fce2810,len:0x1828
load:0x403c8700,len:0x4
load:0x403c8704,len:0xce8
load:0x403cb700,len:0x2eb8
entry 0x403c8918
[0;32mI (26) boot: ESP-IDF v5.3.4 2nd stage bootloader[0m
[0;32mI (27) boot: compile time Aug 18 2026 15:17:00[0m
[0;32mI (27) boot: Multicore bootloader[0m
[0;32mI (30) boot: chip revision: v0.2[0m
[0;32mI (34) boot: efuse block revision: v1.4[0m
[0;32mI (38) boot.esp32s3: Boot SPI Speed : 80MHz[0m
[0;32mI (43) boot.esp32s3: SPI Mode       : DIO[0m
[0;32mI (48) boot.esp32s3: SPI Flash Size : 2MB[0m
[0;32mI (52) boot: Enabling RNG early entropy source...[0m
[0;32mI (58) boot: Partition Table:[0m
[0;32mI (61) boot: ## Label            Usage          Type ST Offset   Length[0m
[0;32mI (69) boot:  0 nvs              WiFi data        01 02 00009000 00006000[0m
[0;32mI (76) boot:  1 phy_init         RF data          01 01 0000f000 00001000[0m
[0;32mI (84) boot:  2 factory          factory app      00 00 00010000 00100000[0m
[0;32mI (91) boot: End of partition table[0m
[0;32mI (95) esp_image: segment 0: paddr=00010020 vaddr=3c020020 size=21580h (136576) map[0m
[0;32mI (129) esp_image: segment 1: paddr=000315a8 vaddr=3fc92c00 size=02acch ( 10956) load[0m
[0;32mI (131) esp_image: segment 2: paddr=0003407c vaddr=40374000 size=0bf9ch ( 49052) load[0m
[0;32mI (146) esp_image: segment 3: paddr=00040020 vaddr=42000020 size=1d350h (119632) map[0m
[0;32mI (168) esp_image: segment 4: paddr=0005d378 vaddr=4037ff9c size=02bach ( 11180) load[0m
[0;32mI (177) boot: Loaded app from partition at offset 0x10000[0m
[0;32mI (177) boot: Disabling RNG early entropy source...[0m
[0;32mI (189) cpu_start: Multicore app[0m
[0;32mI (198) cpu_start: Pro cpu start user code[0m
[0;32mI (198) cpu_start: cpu freq: 160000000 Hz[0m
[0;32mI (198) app_init: Application information:[0m
[0;32mI (201) app_init: Project name:     tof_VL53L8CX[0m
[0;32mI (206) app_init: App version:      1[0m
[0;32mI (210) app_init: Compile time:     Aug 18 2026 15:16:50[0m
[0;32mI (216) app_init: ELF file SHA256:  7db052d1d...[0m
[0;32mI (222) app_init: ESP-IDF:          v5.3.4[0m
[0;32mI (226) efuse_init: Min chip rev:     v0.0[0m
[0;32mI (231) efuse_init: Max chip rev:     v0.99 [0m
[0;32mI (236) efuse_init: Chip rev:         v0.2[0m
[0;32mI (241) heap_init: Initializing. RAM available for dynamic allocation:[0m
[0;32mI (248) heap_init: At 3FC96A98 len 00052C78 (331 KiB): RAM[0m
[0;32mI (254) heap_init: At 3FCE9710 len 00005724 (21 KiB): RAM[0m
[0;32mI (260) heap_init: At 3FCF0000 len 00008000 (32 KiB): DRAM[0m
[0;32mI (267) heap_init: At 600FE000 len 00001FE8 (7 KiB): RTCRAM[0m
[0;32mI (274) spi_flash: detected chip: gd[0m
[0;32mI (277) spi_flash: flash io: dio[0m
[0;33mW (281) spi_flash: Detected size(8192k) larger than the size in the binary image header(2048k). Using the size in the binary image header.[0m
[0;32mI (294) sleep: Configure to isolate all GPIO pins in sleep state[0m
[0;32mI (301) sleep: Enable automatic switching of GPIO sleep configuration[0m
[0;32mI (308) main_task: Started on CPU0[0m
[0;32mI (318) main_task: Calling app_main()[0m
[0;32mI (318) gpio: GPIO[4]| InputEn: 0| OutputEn: 1| OpenDrain: 0| Pullup: 0| Pulldown: 0| Intr:0 [0m
[0;32mI (338) gpio: GPIO[5]| InputEn: 1| OutputEn: 1| OpenDrain: 1| Pullup: 1| Pulldown: 0| Intr:0 [0m
[0;32mI (338) gpio: GPIO[6]| InputEn: 1| OutputEn: 1| OpenDrain: 1| Pullup: 1| Pulldown: 0| Intr:0 [0m
[0;32mI (358) TOF_VL53L8CX: VL53L8CX detected, starting init (uploads firmware, ~1-2s)...[0m
[0;32mI (2608) TOF_VL53L8CX: Init OK[0m
[0;33mW (2638) TOF_VL53L8CX: stop_ranging warning: 156[0m
[0;32mI (2788) TOF_VL53L8CX: Ranging at 4x4 for 20000 ms[0m
TOF,4,510,697,2707,2678,496,2856,2828,2753,472,2900,2847,2795,2941,2912,2874,2824
TOF,4,509,757,2730,2658,491,2847,2827,2766,469,2905,2837,2798,2952,2917,2870,2836
TOF,4,504,794,2703,2709,479,2838,2824,2743,2930,2899,2841,2788,2943,2930,2877,2824
TOF,4,498,2779,2705,2703,465,2842,2827,2742,2943,2887,2842,2784,2972,2908,2864,2824
TOF,4,471,2863,2711,2693,2880,2842,2821,2749,2951,2905,2848,2795,2938,2928,2878,2825
TOF,4,484,2716,2665,2711,2805,2844,2827,2745,2928,2906,2858,2797,2917,2907,2870,2831
TOF,4,499,2743,2695,2695,2796,2840,2821,2729,2944,2909,2842,2781,2921,2935,2868,2824
TOF,4,2296,2458,2726,2701,2829,2841,2825,2763,2959,2901,2848,2800,2958,2920,2870,2823
TOF,4,2304,2726,2701,2681,2806,2830,2829,2747,2939,2896,2851,2797,2934,2911,2879,2820
TOF,4,2351,2741,2701,2705,2865,2834,2825,2748,2937,2908,2844,2800,2930,2911,2867,2829
TOF,4,2353,2735,2719,2690,2879,2838,2824,2745,2952,2896,2836,2794,2955,2912,2882,2824
TOF,4,2291,2739,2700,2727,2809,2854,2818,2737,2961,2909,2845,2790,2930,2891,2873,2836
TOF,4,2340,2460,2702,2695,2863,2838,2836,2741,2951,2897,2842,2799,2941,2923,2864,2817
TOF,4,2311,2737,2690,2698,2849,2823,2825,2742,2940,2909,2848,2796,2905,2915,2877,2837
TOF,4,2319,2721,2713,2698,2839,2853,2837,2737,2943,2907,2849,2786,2925,2912,2874,2837
TOF,4,2289,2611,2738,2716,2795,2830,2821,2734,2957,2904,2855,2798,2944,2938,2878,2813
TOF,4,2178,2527,2696,2694,2742,2831,2826,2731,2955,2899,2847,2799,2972,2911,2870,2823
TOF,4,2340,2593,2678,2690,2789,2843,2824,2728,2959,2890,2845,2789,2956,2924,2879,2838
TOF,4,2313,2752,2718,2716,2836,2855,2825,2745,2955,2892,2844,2808,2943,2920,2862,2824
TOF,4,2311,2501,2721,2712,2831,2850,2817,2742,2944,2899,2851,2788,2957,2928,2873,2828
TOF,4,2321,2720,2699,2737,2866,2842,2828,2734,2949,2904,2845,2787,2950,2927,2871,2820
TOF,4,2299,2752,2697,2695,2757,2840,2822,2725,2959,2918,2849,2789,2926,2896,2870,2837
TOF,4,2314,2471,2705,2661,2734,2843,2824,2754,2939,2894,2849,2799,2954,2909,2884,2848
TOF,4,2294,2724,2693,2687,2814,2863,2829,2722,2966,2902,2836,2801,2901,2905,2875,2818
TOF,4,2367,2717,2720,2698,2757,2840,2833,2736,2941,2904,2847,2789,2946,2899,2869,2825
TOF,4,2308,2726,2691,2697,2858,2829,2814,2729,2961,2898,2853,2787,2915,2917,2882,2832
TOF,4,2346,2766,2711,2702,2752,2834,2821,2736,2953,2903,2840,2792,2928,2914,2872,2814
TOF,4,2333,2710,2710,2715,2779,2838,2828,2746,2958,2899,2839,2786,2898,2901,2882,2816
TOF,4,2087,2496,2716,2686,2735,2846,2824,2736,2949,2900,2849,2796,2958,2914,2869,2818
TOF,4,2299,2742,2733,2686,2791,2852,2825,2730,2946,2896,2844,2791,2945,2921,2881,2839
TOF,4,2329,2507,2714,2704,2806,2847,2822,2731,2941,2902,2843,2799,2949,2910,2873,2819
TOF,4,2115,2460,2691,2688,2759,2839,2821,2727,2962,2904,2839,2792,2955,2932,2881,2827
TOF,4,2325,2705,2731,2707,2792,2846,2820,2750,2944,2907,2845,2800,2952,2934,2877,2829
TOF,4,2256,2750,2692,2694,2865,2839,2817,2724,2952,2910,2836,2798,2938,2908,2869,2824
TOF,4,2360,2712,2718,2697,2794,2848,2822,2731,2956,2909,2846,2795,2942,2908,2876,2825
TOF,4,2349,2485,2694,2732,2819,2852,2827,2746,2957,2905,2845,2787,2941,2922,2880,2840
TOF,4,2326,2502,2709,2721,2756,2837,2813,2740,2959,2899,2847,2799,2937,2909,2868,2819
TOF,4,2308,2715,2704,2731,2769,2852,2831,2752,2944,2900,2844,2789,2931,2913,2872,2818
TOF,4,2369,2546,2696,2681,2763,2843,2833,2733,2942,2910,2851,2789,2949,2924,2864,2827
TOF,4,2326,2542,2727,2681,2805,2857,2835,2760,2946,2906,2847,2796,2983,2921,2868,2830
TOF,4,2362,2525,2705,2686,2775,2847,2828,2746,2949,2908,2842,2802,2941,2911,2871,2829
TOF,4,2352,2524,2715,2711,2797,2854,2838,2733,2946,2890,2851,2787,2957,2916,2869,2818
TOF,4,2297,2452,2710,2687,2839,2841,2821,2744,2959,2894,2841,2784,2951,2926,2865,2831
TOF,4,2255,2537,2706,2727,2844,2844,2827,2743,2954,2896,2855,2790,2936,2911,2868,2826
TOF,4,2275,2464,2700,2706,2819,2851,2826,2749,2954,2908,2843,2793,2941,2909,2862,2835
TOF,4,2269,2747,2714,2682,2805,2829,2831,2730,2962,2901,2841,2794,2911,2931,2867,2815
TOF,4,2259,2762,2714,2741,2797,2835,2814,2742,2961,2900,2841,2790,2939,2917,2860,2821
TOF,4,2302,2763,2706,2702,2863,2842,2825,2750,2932,2898,2844,2789,2934,2929,2886,2818
TOF,4,2314,2669,2719,2700,2792,2831,2820,2742,2954,2900,2853,2791,2944,2935,2879,2827
TOF,4,2318,2539,2703,2697,2815,2843,2828,2749,2944,2896,2847,2799,2921,2924,2879,2825
TOF,4,2343,2730,2728,2671,2879,2847,2834,2746,2952,2901,2851,2805,2930,2911,2883,2823
TOF,4,2313,2734,2722,2714,2785,2849,2826,2757,2955,2903,2845,2790,2944,2914,2879,2820
TOF,4,2263,2529,2716,2741,2844,2833,2829,2744,2939,2892,2847,2787,2939,2914,2882,2820
TOF,4,2332,2771,2727,2707,2718,2856,2831,2738,2964,2897,2851,2807,2946,2927,2885,2820
TOF,4,2328,2527,2709,2699,2762,2853,2822,2741,2953,2894,2844,2804,2896,2917,2870,2814
TOF,4,2322,2751,2714,2691,2850,2837,2824,2747,2955,2922,2845,2801,2925,2899,2874,2832
TOF,4,2288,2486,2704,2700,2788,2838,2817,2740,2949,2903,2850,2794,2921,2923,2877,2827
TOF,4,2247,2756,2718,2689,2832,2850,2819,2741,2956,2904,2849,2793,2908,2922,2862,2829
TOF,4,2301,2511,2720,2698,2881,2852,2832,2733,2935,2897,2842,2790,2939,2930,2868,2823
TOF,4,2356,2688,2695,2717,2806,2848,2828,2732,2960,2902,2842,2785,2928,2933,2854,2841
TOF,4,2349,2558,2659,2709,2765,2843,2829,2742,2949,2905,2845,2791,2932,2905,2877,2824
TOF,4,2320,2561,2709,2736,2875,2838,2822,2740,2949,2906,2847,2798,2966,2937,2878,2831
TOF,4,2252,2489,2706,2695,2804,2836,2838,2736,2948,2899,2842,2788,3007,2910,2878,2822
TOF,4,2266,2751,2704,2653,2803,2823,2830,2756,2956,2909,2842,2786,2942,2908,2870,2827
TOF,4,2111,2598,2704,2694,2802,2839,2832,2725,2943,2896,2851,2793,2952,2920,2864,2819
TOF,4,2319,2507,2708,2697,2835,2837,2831,2732,2966,2898,2839,2794,2931,2920,2876,2810
TOF,4,2305,2561,2721,2682,2852,2838,2821,2739,2949,2907,2845,2795,2895,2914,2877,2830
TOF,4,2353,2758,2714,2686,2864,2833,2823,2750,2958,2909,2841,2799,2964,2920,2866,2829
TOF,4,2272,2754,2716,2694,2739,2841,2828,2746,2938,2898,2852,2798,2927,2916,2882,2818
TOF,4,2341,2541,2703,2732,2813,2841,2821,2745,2955,2896,2843,2791,2899,2916,2878,2841
TOF,4,2313,2488,2706,2711,2807,2846,2832,2747,2952,2886,2842,2793,2963,2905,2868,2813
TOF,4,2321,2736,2707,2676,2778,2843,2809,2739,2960,2898,2850,2788,2957,2904,2870,2836
TOF,4,2325,2627,2709,2689,2783,2847,2826,2736,2954,2897,2855,2799,2949,2917,2875,2830
TOF,4,2244,2721,2715,2672,2745,2849,2815,2739,2938,2890,2846,2796,2935,2899,2875,2816
TOF,4,2321,2731,2694,2692,2793,2863,2824,2741,2921,2897,2842,2784,2925,2909,2884,2823
TOF,4,2318,2505,2713,2687,2804,2848,2821,2737,2952,2908,2848,2794,2925,2916,2874,2825
TOF,4,2390,2509,2699,2677,2716,2842,2827,2747,2960,2904,2842,2802,2944,2907,2863,2820
TOF,4,2304,2472,2716,2704,2737,2840,2829,2742,2941,2901,2839,2798,2928,2923,2879,2823
TOF,4,2306,2717,2704,2702,2867,2843,2822,2740,2960,2902,2840,2795,2953,2908,2867,2826
TOF,4,2304,2820,2716,2702,2853,2847,2824,2724,2974,2896,2849,2791,2946,2929,2863,2834
TOF,4,2087,2472,2711,2694,2782,2836,2818,2751,2956,2908,2846,2789,2929,2923,2865,2839
TOF,4,2326,2485,2725,2711,2799,2844,2825,2735,2971,2891,2844,2794,2932,2936,2880,2826
TOF,4,2304,2796,2732,2710,2734,2832,2816,2730,2959,2901,2838,2788,2935,2924,2876,2817
TOF,4,2080,2750,2725,2683,2862,2847,2827,2750,2955,2896,2843,2795,2934,2912,2870,2821
TOF,4,2075,2755,2714,2695,2730,2830,2822,2742,2954,2897,2843,2796,2938,2916,2867,2816
TOF,4,2156,2512,2702,2713,2851,2837,2816,2745,2949,2907,2848,2795,2937,2906,2878,2826
TOF,4,2325,2745,2704,2712,2856,2853,2826,2748,2952,2904,2824,2810,2934,2917,2879,2839
TOF,4,2336,2759,2701,2691,2793,2843,2835,2750,2952,2904,2840,2801,2931,2910,2880,2820
TOF,4,2277,2500,2700,2707,2721,2847,2807,2740,2950,2905,2841,2791,2931,2921,2880,2830
TOF,4,2305,2753,2719,2701,2858,2856,2816,2768,2964,2903,2856,2795,2963,2929,2876,2839
TOF,4,2340,2521,2715,2691,2795,2833,2820,2748,2939,2901,2849,2794,2957,2921,2866,2837
TOF,4,2286,2704,2705,2680,2844,2833,2820,2738,2943,2890,2846,2794,2937,2929,2882,2838
TOF,4,2320,2748,2729,2719,2807,2845,2827,2735,2951,2906,2839,2791,2937,2917,2873,2832
TOF,4,2309,2726,2697,2701,2905,2839,2830,2731,2949,2896,2835,2791,2959,2931,2880,2821
TOF,4,2287,2767,2711,2704,2844,2833,2826,2731,2939,2897,2843,2795,2941,2917,2867,2839
TOF,4,2328,2629,2704,2694,2807,2838,2819,2742,2955,2906,2860,2790,2988,2920,2872,2832
TOF,4,2311,2767,2722,2695,2756,2834,2825,2744,2942,2906,2834,2791,2941,2914,2876,2836
TOF,4,2129,2544,2753,2690,2787,2843,2822,2733,2934,2908,2847,2794,2944,2906,2863,2826
TOF,4,2344,2628,2702,2711,2824,2835,2825,2745,2935,2909,2850,2788,2951,2919,2887,2823
TOF,4,2326,2753,2736,2699,2844,2837,2824,2744,2932,2897,2846,2781,2945,2911,2882,2823
TOF,4,2322,2789,2705,2707,2765,2853,2826,2748,2950,2895,2841,2791,2947,2918,2874,2821
TOF,4,2335,2685,2732,2693,2844,2834,2819,2739,2951,2903,2836,2798,2939,2929,2859,2824
TOF,4,2309,2494,2724,2691,2871,2840,2820,2758,2942,2909,2849,2808,2934,2929,2869,2829
TOF,4,2283,2679,2691,2729,2844,2845,2830,2758,2963,2907,2841,2798,2926,2918,2864,2826
TOF,4,2312,2481,2725,2719,2800,2849,2824,2727,2951,2916,2841,2796,2935,2919,2873,2829
TOF,4,2360,2544,2697,2719,2760,2833,2826,2751,2956,2893,2849,2797,2941,2907,2876,2833
TOF,4,813,2457,2708,2693,2791,2833,2833,2741,2973,2906,2841,2791,2934,2923,2882,2814
TOF,4,797,2489,2711,2707,2801,2825,2821,2749,2963,2911,2837,2805,2973,2933,2877,2836
TOF,4,784,2744,2714,2705,2846,2835,2817,2742,2949,2905,2836,2795,2903,2924,2874,2820
TOF,4,794,2718,2727,2697,2795,2838,2826,2752,2942,2904,2844,2792,2955,2917,2882,2835
TOF,4,2317,2727,2723,2691,2849,2845,2818,2751,2950,2901,2842,2798,2923,2911,2874,2829
TOF,4,2355,2662,2747,2681,2833,2839,2827,2744,2942,2910,2844,2799,2917,2918,2860,2826
TOF,4,2320,2759,2711,2676,2790,2837,2828,2738,2952,2903,2846,2796,2961,2916,2874,2831
TOF,4,2292,2711,2704,2708,2833,2850,2817,2737,2948,2898,2850,2803,2932,2931,2870,2837
TOF,4,2312,2552,2710,2699,2836,2841,2821,2750,2951,2890,2846,2795,2936,2906,2867,2827
TOF,4,2323,2724,2717,2688,2840,2853,2816,2736,2933,2898,2838,2790,2936,2916,2875,2824
TOF,4,2312,2713,2662,2692,2861,2843,2828,2729,2949,2903,2850,2783,2920,2922,2885,2820
TOF,4,2331,2764,2703,2678,2819,2843,2829,2732,2931,2898,2847,2790,2942,2922,2882,2836
TOF,4,2320,2538,2751,2680,2787,2847,2826,2740,2936,2900,2852,2795,2949,2912,2869,2827
TOF,4,2312,2532,2706,2671,2820,2851,2821,2733,2934,2904,2852,2795,2935,2922,2873,2834
TOF,4,2312,2768,2716,2705,755,2845,2821,2742,2926,2906,2841,2791,2953,2912,2863,2820
TOF,4,2301,2496,2700,2660,719,2860,2819,2739,791,2904,2863,2777,2958,2927,2874,2816
TOF,4,531,2553,2709,2680,642,2847,2821,2742,775,2910,2844,2793,2935,2906,2866,2823
TOF,4,499,2453,2699,2696,581,2841,2824,2742,749,2901,2844,2799,2924,2907,2870,2820
TOF,4,471,2527,2698,2695,538,2844,2822,2740,716,2900,2847,2796,2920,2926,2864,2834
TOF,4,459,2685,2718,2722,505,2848,2818,2743,667,2888,2835,2795,2943,2914,2879,2823
TOF,4,453,2427,2693,2746,483,2851,2824,2734,620,2890,2846,2803,638,2908,2869,2823
TOF,4,442,2772,2689,2692,466,2835,2809,2733,553,708,2848,2788,621,2922,2860,2846
TOF,4,432,2741,2703,2676,451,2843,2825,2754,523,717,2852,2797,559,675,2886,2819
TOF,4,430,2474,2698,2694,433,2846,2823,2730,496,705,2843,2804,578,667,2885,2816
TOF,4,428,2811,2729,2706,427,2831,2818,2742,478,673,2844,2789,557,663,2867,2810
TOF,4,426,2734,2698,2719,424,2829,2811,2736,465,665,2842,2791,530,671,2866,2835
TOF,4,434,2496,2697,2670,426,2853,2815,2739,464,621,2838,2793,510,667,2866,2817
TOF,4,2373,2727,2689,2701,428,2839,2819,2750,462,670,2841,2790,511,662,2882,2814
TOF,4,2270,2466,2712,2704,432,2843,2818,2752,462,632,2840,2795,507,659,2877,2825
TOF,4,2282,2454,2709,2750,436,2847,2814,2733,464,637,2851,2794,505,658,2884,2828
TOF,4,2328,2784,2717,2712,447,2839,2818,2757,473,648,2853,2790,512,652,2879,2819
TOF,4,2329,2717,2728,2681,449,2852,2822,2725,478,2893,2851,2794,514,656,2865,2820
TOF,4,2288,2706,2694,2707,470,2836,2821,2740,488,2894,2844,2789,516,672,2870,2816
TOF,4,2323,2775,2715,2701,2779,2830,2827,2724,500,2906,2846,2783,518,678,2860,2818
TOF,4,2348,2748,2699,2724,2836,2838,2818,2738,521,2902,2837,2784,525,691,2861,2830
TOF,4,2299,2481,2723,2767,2818,2837,2817,2750,535,2898,2840,2777,536,698,2866,2826
TOF,4,2340,2729,2692,2685,2759,2835,2823,2754,554,2897,2848,2788,552,712,2865,2817
TOF,4,2332,2478,2720,2671,2855,2831,2829,2747,2958,2901,2851,2793,562,2900,2867,2819
TOF,4,2237,2732,2721,2652,2810,2835,2827,2746,2969,2894,2842,2779,579,2905,2883,2812
TOF,4,2185,2759,2714,2698,2797,2824,2827,2737,2958,2896,2843,2785,582,2920,2879,2824
TOF,4,2208,2768,2710,2686,2807,2857,2817,2732,2953,2898,2848,2801,599,2910,2882,2826
TOF,4,2297,2512,2701,2714,2744,2833,2827,2741,2944,2897,2848,2803,604,2914,2876,2845
TOF,4,2270,2636,2728,2760,2724,2837,2834,2756,2926,2889,2858,2832,625,2905,2886,2846
TOF,4,2265,2632,2720,2739,2802,2837,2824,2758,2915,2889,2854,2818,2901,2908,2879,2864
TOF,4,2270,2711,2704,2748,2813,2849,2828,2777,2906,2880,2849,2808,2922,2895,2875,2869
TOF,4,2280,2615,2706,2783,2780,2856,2825,2796,2907,2879,2859,2829,2921,2909,2878,2869
TOF,4,2316,2572,2719,2761,2841,2831,2832,2744,2902,2886,2855,2813,2902,2905,2883,2865
TOF,4,2293,2561,2721,2707,2797,2842,2823,2769,2916,2887,2851,2813,2921,2906,2878,2857
TOF,4,2319,2619,2722,2783,2784,2846,2837,2759,2907,2881,2848,2805,2891,2888,2869,2871
TOF,4,2318,2574,2716,2784,2828,2838,2833,2783,2892,2870,2851,2819,2901,2905,2869,2871
TOF,4,2311,2720,2707,2759,2794,2846,2831,2768,2902,2883,2858,2825,2901,2894,2887,2874
TOF,4,2300,2776,2722,2761,2768,2844,2832,2756,2899,2878,2855,2807,2891,2911,2885,2841
TOF,4,2330,2744,2706,2769,2828,2850,2826,2782,2904,2881,2849,2835,2905,2895,2877,2868
TOF,4,2316,2625,391,2775,2774,2847,2818,2782,2908,2894,2857,2826,2901,2900,2886,2888
TOF,4,2316,350,351,2790,2783,2844,2833,2779,2901,2887,2851,2811,2920,2896,2885,2869
TOF,4,352,329,323,2762,2735,2847,2821,2759,2906,2880,2856,2819,2910,2904,2885,2858
TOF,4,316,319,344,2764,2781,2833,2821,2778,2920,2891,2846,2810,2926,2903,2883,2864
TOF,4,306,305,2707,2775,2776,2842,2826,2759,2903,2880,2847,2809,2907,2902,2884,2848
TOF,4,302,305,2689,2768,2779,2846,2830,2778,2910,2885,2847,2826,2906,2882,2871,2882
TOF,4,298,309,2724,2766,2745,2840,2827,2786,2888,2871,2850,2813,2898,2880,2883,2865
TOF,4,302,314,2713,2766,2799,2844,2825,2765,2925,2885,2864,2825,2898,2891,2883,2858
TOF,4,311,322,2714,2784,2831,2832,2828,2787,2899,2877,2846,2811,2909,2892,2882,2860
TOF,4,321,339,2726,2765,2837,2842,2825,2763,2909,2870,2853,2807,2885,2897,2886,2872
TOF,4,326,357,2728,2789,2777,2843,2823,2783,2901,2872,2855,2820,671,2887,2888,2857
TOF,4,338,368,2722,2778,2747,2839,2827,2773,2903,2879,2849,2820,687,2877,2873,2868
TOF,4,344,378,2679,2802,2806,2834,2831,2751,2920,2887,2858,2822,672,2861,2879,2875
TOF,4,341,384,2708,2777,2736,2842,2837,2759,2903,2880,2845,2829,666,2878,2869,2857
TOF,4,339,379,2706,2774,2776,2842,2830,2774,2903,2870,2852,2816,658,2878,2872,2865
TOF,4,342,378,2710,2773,2786,2842,2832,2753,2918,2884,2854,2817,655,2890,2886,2862
TOF,4,339,362,2707,2768,2762,2837,2833,2766,2902,2883,2856,2814,638,2871,2879,2871
TOF,4,332,346,2710,2764,2721,2840,2832,2773,2892,2870,2852,2820,630,642,2872,2866
TOF,4,324,336,2725,2762,2812,2833,2831,2793,2908,2879,2853,2805,618,654,2871,2853
TOF,4,314,333,2706,2784,2787,2845,2819,2766,2906,2882,2850,2796,616,645,2884,2866
TOF,4,309,321,2718,2766,2790,2844,2822,2779,2905,2873,2865,2799,595,621,2876,2854
TOF,4,305,318,2701,2774,2802,2835,2822,2760,2891,2882,2846,2808,593,612,2875,2857
TOF,4,302,316,2727,2792,2846,2834,2830,2785,2920,2882,2855,2807,575,599,2890,2869
TOF,4,302,312,2725,2794,2798,2844,2827,2766,2907,2884,2848,2815,570,583,2877,2867
TOF,4,302,314,2712,2796,2802,2848,2829,2775,2908,2878,2854,2818,558,583,2863,2876
TOF,4,304,318,2700,2787,2786,2837,2820,2799,2890,2882,2853,2812,549,570,2874,2853
TOF,4,304,318,2709,2788,2820,2833,2827,2748,2911,2878,2855,2808,556,568,2884,2873
TOF,4,306,325,2701,2792,2782,2825,2819,2781,2890,2879,2845,2815,549,564,2881,2873
TOF,4,308,321,2721,2779,2728,2839,2822,2774,2909,2884,2862,2802,546,555,2881,2852
TOF,4,311,325,2693,2767,2779,2828,2830,2781,2903,2881,2845,2815,537,558,2879,2880
TOF,4,316,329,2702,2795,2728,2845,2831,2783,2915,2875,2849,2812,530,545,2876,2879
TOF,4,312,333,2703,2793,2789,2834,2826,2769,2895,2871,2858,2803,529,549,2871,2856
TOF,4,315,333,2703,2810,2775,2841,2828,2767,2885,2873,2848,2799,526,546,2871,2850
TOF,4,311,329,2717,2796,2784,2837,2829,2774,2909,2877,2850,2812,523,542,2877,2852
TOF,4,312,327,2722,2773,2836,2837,2830,2790,2889,2877,2852,2818,524,541,559,2870
TOF,4,309,321,2706,2788,2844,2847,2822,2746,2896,2877,2849,2823,517,540,2866,2859
TOF,4,310,328,2715,2784,2819,2841,2826,2791,502,2884,2847,2826,517,536,566,2862
TOF,4,309,321,2712,2786,2825,2843,2824,2794,496,2889,2852,2803,516,538,548,2869
TOF,4,310,324,2697,2789,2826,2835,2818,2787,511,2884,2849,2824,516,538,557,2856
TOF,4,308,324,2700,2791,2775,2842,2827,2780,510,2884,2858,2815,520,542,557,2867
TOF,4,305,323,2718,2784,2777,2846,2825,2779,509,2888,2850,2835,519,548,567,2855
TOF,4,306,333,2720,2778,2795,2838,2828,2763,509,2881,2850,2809,520,544,2881,2874
TOF,4,307,323,2734,2789,2833,2845,2838,2773,502,2872,2849,2817,520,542,547,2879
TOF,4,311,330,2702,2796,2793,2839,2822,2785,512,2875,2847,2815,521,542,568,2880
TOF,4,307,325,2725,2777,2781,2833,2825,2767,512,2882,2845,2809,523,548,2869,2834
TOF,4,312,325,2718,2770,2784,2848,2825,2764,516,2884,2857,2812,523,546,2869,2854
TOF,4,309,325,2703,2787,2786,2839,2840,2772,506,2872,2858,2825,523,538,2867,2869
TOF,4,308,324,2758,2813,2759,2832,2824,2793,512,2882,2844,2817,523,549,2867,2858
TOF,4,311,321,2719,2789,2774,2844,2834,2767,528,2866,2850,2803,522,547,2882,2861
TOF,4,311,332,2713,2756,2779,2834,2825,2777,498,2877,2841,2809,524,552,565,2837
TOF,4,308,320,2720,2770,2769,2832,2819,2796,507,2873,2840,2811,522,551,566,2872
TOF,4,310,325,2715,2750,2786,2838,2816,2800,505,2879,2857,2809,525,545,2868,2862
TOF,4,307,326,2729,2794,2730,2851,2813,2766,491,2875,2860,2820,523,543,574,2856
TOF,4,312,326,2703,2773,2856,2840,2827,2783,500,2878,2851,2823,519,559,2869,2872
TOF,4,310,325,2703,2787,2813,2842,2827,2782,517,2877,2841,2822,524,549,563,2861
TOF,4,311,323,2703,2791,2786,2839,2830,2761,503,2883,2846,2823,522,552,2866,2862
TOF,4,313,323,2694,2796,2729,2844,2824,2772,497,2885,2859,2814,524,552,2868,2878
TOF,4,310,323,2729,2807,2799,2840,2825,2782,2885,2874,2843,2803,526,560,2864,2872
TOF,4,310,323,2718,2763,2802,2835,2831,2774,2902,2881,2854,2815,527,551,2854,2865
TOF,4,307,328,2713,2775,2831,2837,2820,2788,508,2878,2853,2823,526,557,2862,2856
TOF,4,311,320,2695,2790,2793,2845,2825,2765,505,2869,2846,2809,526,552,2861,2870
TOF,4,311,319,2696,2764,2779,2826,2820,2781,2888,2868,2857,2823,525,551,2869,2864
TOF,4,312,330,2701,2784,2793,2827,2821,2776,520,2873,2849,2799,524,555,2862,2855
TOF,4,311,325,2716,2774,2733,2843,2832,2775,521,2877,2852,2805,526,554,2864,2874
TOF,4,310,329,2702,2753,2769,2836,2828,2764,516,2887,2848,2810,523,552,2859,2858
TOF,4,313,330,2724,2751,2719,2833,2830,2765,509,2888,2859,2810,525,555,2863,2872
TOF,4,313,326,2716,2758,2789,2836,2819,2775,517,2887,2847,2813,524,554,2887,2863
TOF,4,309,328,2714,2788,2826,2841,2816,2765,512,2882,2849,2806,526,559,2867,2865
TOF,4,307,320,2701,2779,2805,2826,2821,2776,518,2880,2843,2812,522,562,2867,2863
TOF,4,311,327,2721,2787,2760,2848,2833,2775,515,2885,2850,2814,523,559,2868,2871
TOF,4,311,333,2716,2791,2853,2843,2828,2761,502,2864,2856,2810,526,557,2864,2861
TOF,4,320,338,2719,2781,2779,2834,2823,2785,509,2877,2854,2825,529,553,2850,2864
TOF,4,324,344,2710,2781,2769,2835,2818,2770,517,2871,2853,2815,529,559,2873,2873
TOF,4,332,347,2709,2751,2784,2838,2818,2776,2894,2883,2845,2824,530,560,2871,2865
TOF,4,334,356,2740,2784,2786,2847,2826,2785,2896,2879,2852,2806,530,557,2865,2872
TOF,4,341,356,2726,2794,2843,2842,2822,2773,2904,2879,2850,2827,528,560,2872,2865
TOF,4,339,367,2703,2776,2790,2842,2825,2776,511,2875,2842,2799,523,555,2868,2871
TOF,4,333,354,2696,2781,2763,2846,2818,2794,2893,2885,2853,2815,531,558,2865,2857
TOF,4,334,345,2716,2779,2775,2843,2826,2800,2899,2877,2852,2814,522,552,2858,2865
TOF,4,326,342,2711,2740,2790,2833,2828,2768,503,2885,2844,2821,530,555,2875,2880
TOF,4,313,332,2720,2795,2775,2850,2830,2779,2898,2877,2844,2824,528,547,2871,2887
TOF,4,307,323,2719,2787,2774,2848,2826,2776,2904,2878,2860,2818,532,554,2880,2862
TOF,4,300,315,2714,2761,2776,2846,2818,2771,2893,2879,2852,2812,526,555,2885,2844
TOF,4,297,307,2723,2770,2784,2851,2820,2788,2908,2882,2856,2802,531,546,2875,2875
TOF,4,290,301,2730,2784,2774,2851,2839,2771,2896,2871,2844,2818,530,547,2874,2877
TOF,4,289,296,2706,2774,2793,2841,2814,2771,2884,2865,2854,2816,528,548,2851,2853
TOF,4,287,296,2706,2788,2802,2835,2818,2775,2914,2875,2851,2824,531,543,2862,2858
TOF,4,287,296,2719,2809,2798,2852,2815,2769,2910,2882,2856,2819,530,549,2874,2872
TOF,4,287,290,2710,2773,2851,2844,2814,2779,2897,2879,2851,2817,533,547,2868,2876
TOF,4,288,297,2693,2786,2843,2841,2826,2790,2920,2879,2845,2812,527,546,2876,2850
TOF,4,288,294,2724,2785,2770,2848,2823,2776,2905,2872,2849,2806,529,538,2879,2849
TOF,4,294,296,2700,2784,2795,2853,2829,2765,2892,2877,2857,2810,527,542,2864,2871
TOF,4,290,296,2704,2781,2771,2841,2825,2774,2898,2875,2840,2812,529,549,2859,2857
TOF,4,291,296,2692,2771,2791,2837,2823,2772,2903,2877,2853,2820,526,548,2881,2846
TOF,4,294,297,2699,2799,2822,2838,2823,2761,2896,2888,2854,2814,529,546,2866,2862
TOF,4,299,299,2705,2785,2784,2849,2824,2759,2906,2883,2848,2813,523,539,2877,2858
TOF,4,299,298,2724,2799,2776,2846,2820,2777,2890,2883,2856,2814,528,539,2884,2861
TOF,4,296,295,2714,2785,2808,2845,2826,2772,2909,2891,2844,2796,525,546,2865,2874
TOF,4,293,289,2722,2801,2785,2829,2824,2780,2886,2879,2852,2812,526,541,567,2859
TOF,4,292,294,2708,2788,2776,2834,2821,2782,2901,2869,2843,2810,526,542,2871,2849
TOF,4,290,291,2696,2790,2789,2842,2818,2754,2898,2882,2848,2831,527,545,2866,2874
TOF,4,290,288,2711,2791,2825,2846,2824,2759,2900,2893,2847,2820,523,541,2869,2863
TOF,4,291,289,2708,2767,2777,2846,2820,2749,2913,2871,2853,2803,523,543,2865,2870
TOF,4,290,290,2696,2767,2788,2849,2812,2795,529,2882,2846,2807,527,544,532,2855
TOF,4,287,290,2706,2768,2847,2855,2822,2763,499,2881,2854,2828,524,538,2862,2854
TOF,4,289,288,2708,2788,2800,2854,2827,2765,529,2874,2855,2824,526,542,564,2862
TOF,4,287,289,2696,2785,2817,2847,2827,2757,500,2871,2854,2816,523,541,551,2851
TOF,4,287,291,2711,2778,2842,2842,2813,2767,512,2881,2847,2806,522,547,557,2851
TOF,4,290,296,2720,2764,2848,2832,2825,2767,503,2882,2847,2809,517,541,576,2859
TOF,4,290,296,2689,2766,2829,2846,2820,2788,500,2882,2849,2817,523,543,563,2862
TOF,4,292,292,2701,2772,2791,2839,2824,2763,506,2886,2847,2808,519,543,549,2856
TOF,4,292,298,2701,2758,2833,2840,2820,2761,516,2873,2846,2799,521,540,554,2865
TOF,4,289,300,2702,2790,2799,2849,2826,2771,501,2888,2854,2806,517,547,556,2868
TOF,4,293,298,2728,2791,2799,2841,2824,2766,509,2881,2851,2811,523,542,571,2886
TOF,4,289,296,2705,2778,2790,2855,2837,2779,507,2882,2852,2814,520,543,551,2864
TOF,4,288,299,2712,2755,2791,2845,2822,2785,507,2889,2852,2826,518,545,545,2853
TOF,4,285,294,2734,2762,2824,2850,2810,2772,513,2885,2845,2817,517,547,548,2843
TOF,4,288,298,2702,2786,2846,2843,2828,2756,508,2887,2845,2812,519,548,560,2860
TOF,4,293,300,2692,2788,2829,2842,2812,2772,497,2882,2843,2814,520,549,553,2849
TOF,4,296,303,2710,2783,2818,2838,2826,2763,501,2883,2849,2805,525,547,572,2868
TOF,4,302,304,2699,2772,2861,2831,2818,2756,506,2886,2847,2801,524,547,551,2861
TOF,4,303,307,2695,2775,2780,2831,2826,2766,509,2887,2849,2820,522,544,564,2860
TOF,4,302,303,2694,2779,2708,2838,2815,2760,508,2886,2840,2812,523,549,554,2847
TOF,4,301,304,2692,2762,2711,2828,2819,2775,508,2891,2848,2813,526,549,564,2855
TOF,4,302,302,350,2795,2827,2840,2812,2769,519,2881,2851,2804,524,551,571,2854
TOF,4,299,299,346,2756,2846,2836,2825,2771,512,2882,2836,2811,527,554,557,2856
TOF,4,299,296,344,2778,2833,2843,2820,2768,501,2884,2849,2812,526,548,2864,2862
TOF,4,296,296,350,2800,2771,2844,2828,2772,507,2888,2846,2809,528,557,577,2869
TOF,4,293,298,348,2776,2777,2831,2826,2767,512,2876,2835,2813,527,553,574,2862
TOF,4,297,296,344,2775,2789,2843,2824,2770,519,2885,2853,2796,530,552,2857,2861
TOF,4,299,297,338,2788,2784,2834,2822,2772,2900,2891,2848,2801,532,552,2853,2852
TOF,4,298,299,360,2762,2781,2835,2829,2770,2913,2882,2850,2821,529,557,545,2854
TOF,4,296,294,350,2796,2825,2840,2819,2759,2899,2882,2851,2797,533,556,2869,2850
TOF,4,300,296,355,2785,2786,2851,2823,2777,2909,2878,2848,2809,530,548,2876,2845
TOF,4,296,297,360,2794,2808,2836,2832,2762,2908,2876,2864,2810,528,552,2862,2862
TOF,4,299,295,355,2764,2836,2841,2817,2767,2918,2887,2847,2804,531,560,2864,2850
TOF,4,300,297,2711,2780,2811,2836,2829,2758,2903,2884,2849,2797,530,555,2865,2857
TOF,4,300,297,2719,2802,2792,2833,2822,2765,2901,2884,2855,2799,529,554,2860,2851
[0;32mI (22988) TOF_VL53L8CX: Ranging at 8x8 for 20000 ms[0m
TOF,8,305,279,289,276,336,2571,2808,2781,352,333,334,374,2803,2785,2708,2789,2842,2668,2805,2842,2823,2811,2756,2751,2798,2875,2869,2866,2855,2800,2802,2733,2941,2901,2861,2875,2859,2843,2833,2765,514,2923,2905,2894,2853,2850,2845,2827,526,559,584,599,2888,2863,2877,2854,521,529,519,550,596,2886,2884,2896
TOF,8,296,280,286,273,334,2580,2732,2778,2378,325,328,364,2797,2785,2766,2802,2687,2686,2782,2829,2823,2786,2759,2804,2821,2879,2863,2852,2838,2837,2795,2743,2916,2868,2886,2842,2858,2845,2833,2780,522,2879,2895,2879,2870,2855,2856,2849,532,569,586,592,2843,2870,2845,2865,524,524,519,550,564,2881,2893,2878
TOF,8,291,276,289,273,330,2594,2754,2779,2372,333,328,357,2783,2789,2704,2769,2868,2661,2812,2834,2834,2814,2750,2804,2761,2879,2874,2864,2847,2847,2801,2745,2914,2935,2878,2863,2865,2828,2831,2799,510,2919,2902,2873,2879,2823,2865,2821,531,568,591,596,2882,2860,2855,2834,517,532,514,547,579,2887,2905,2881
TOF,8,292,277,282,273,327,2559,2717,2746,2381,327,331,364,2797,2792,2700,2797,2902,2727,2800,2850,2813,2814,2752,2809,2837,2883,2894,2861,2833,2819,2798,2706,2873,2916,2896,2878,2857,2842,2819,2778,527,2902,2874,2916,2835,2863,2836,2837,527,569,592,588,2887,2863,2867,2860,519,525,530,551,597,2892,2896,2857
TOF,8,297,283,287,272,329,2588,2747,2756,2382,334,327,363,2780,2781,2706,2795,2832,2631,2795,2835,2835,2794,2737,2801,2761,2861,2869,2854,2840,2841,2808,2678,2912,2908,2910,2875,2855,2839,2820,2794,511,2894,2880,2872,2873,2847,2830,2820,532,540,601,603,2880,2857,2858,2845,524,539,523,541,596,2888,2896,2868
TOF,8,292,279,291,278,338,2615,2727,2767,2380,327,341,369,2808,2774,2635,2778,2830,2656,2781,2839,2838,2808,2762,2821,2803,2897,2853,2859,2843,2831,2801,2813,2896,2894,2877,2880,2853,2832,2817,2792,522,2919,2896,2872,2875,2847,2832,2840,527,569,588,608,2860,2875,2836,2835,520,543,521,551,593,2900,2878,2864
TOF,8,294,282,295,281,340,2583,2757,2791,2396,324,338,379,2761,2768,2817,2767,2862,2685,2754,2837,2828,2803,2711,2771,2850,2859,2859,2857,2846,2841,2817,2748,2926,2900,2883,2877,2872,2835,2831,2788,520,2892,2892,2881,2872,2868,2843,2834,525,566,602,619,2886,2846,2869,2841,519,532,523,550,595,2901,2890,2885
TOF,8,292,281,293,281,348,2556,2727,2787,2386,340,341,377,2786,2792,2718,2795,2775,2626,2773,2842,2826,2805,2733,2799,2798,2867,2881,2865,2843,2849,2789,2678,2941,2892,2874,2851,2854,2830,2815,2757,526,2890,2919,2891,2848,2846,2813,2810,533,571,609,610,2881,2860,2840,2865,526,542,513,556,621,2905,2896,2859
TOF,8,292,285,295,284,339,2574,2735,2756,2381,336,345,382,2787,2801,2676,2767,2791,2654,2783,2840,2830,2812,2747,2813,2791,2873,2877,2875,2856,2821,2793,2657,2907,2917,2877,2872,2852,2841,2833,2799,526,2879,2886,2872,2884,2845,2834,2839,539,598,616,618,2893,2853,2862,2843,528,525,533,561,604,2882,2886,2872
TOF,8,293,282,295,283,348,2572,2726,2776,2387,317,350,376,2791,2789,2713,2808,2820,2695,2780,2853,2828,2798,2740,2786,2769,2862,2859,2841,2826,2828,2794,2680,2925,2904,2894,2863,2862,2845,2809,2770,525,2917,2882,2893,2863,2862,2831,2817,542,603,618,630,2846,2857,2859,2856,535,541,536,568,634,2902,2897,2891
TOF,8,296,286,298,280,340,2584,2757,2785,2381,336,342,373,2763,2794,2659,2792,2871,2676,2835,2840,2831,2835,2759,2779,2888,2848,2870,2848,2848,2818,2805,2755,2923,2917,2887,2885,2839,2830,2816,2779,547,2913,2907,2876,2871,2863,2831,2839,550,617,627,621,2888,2861,2868,2835,542,549,541,576,632,2901,2872,2882
TOF,8,294,282,298,285,351,2593,2702,2798,371,328,346,375,2763,2783,2697,2798,2832,2685,2771,2849,2836,2804,2708,2769,2869,2900,2870,2866,2846,2809,2801,2738,2934,2909,2887,2850,2837,2861,2843,2771,565,2943,2898,2879,2874,2844,2837,2842,563,611,619,638,2872,2867,2867,2861,545,547,550,582,654,2884,2872,2890
TOF,8,295,284,299,286,355,2590,2752,2807,2464,337,341,361,2795,2774,2705,2809,2821,2694,2812,2830,2819,2810,2773,2807,542,2889,2856,2857,2852,2840,2793,2719,2931,2897,2875,2882,2863,2830,2819,2761,535,2910,2880,2893,2844,2843,2841,2835,572,635,622,655,2890,2880,2861,2855,548,547,557,602,2901,2916,2913,2905
TOF,8,290,287,295,281,340,2587,2737,2791,2392,338,338,373,2779,2822,2731,2784,2855,2700,2828,2840,2816,2819,2719,2808,2824,2874,2881,2861,2838,2816,2811,2688,2940,2882,2868,2841,2862,2837,2826,2796,527,2903,2896,2880,2863,2862,2831,2842,576,617,639,664,2878,2858,2849,2869,550,554,563,608,2920,2893,2886,2888
TOF,8,288,278,291,282,339,2599,2746,2751,2428,322,346,384,2766,2801,2705,2751,2832,2659,2792,2838,2829,2808,2715,2782,2813,2864,2868,2863,2832,2843,2804,2728,2912,2910,2876,2881,2855,2823,2819,2793,557,2916,2891,2887,2885,2850,2832,2819,587,636,642,655,2890,2867,2874,2860,558,558,565,615,2907,2891,2916,2892
TOF,8,284,284,295,282,345,2589,2729,2776,347,329,330,368,2765,2777,2676,2751,2808,2680,2791,2841,2828,2800,2742,2800,2800,2877,2878,2851,2844,2827,2806,2701,2917,2901,2888,2856,2853,2830,2811,2788,556,2885,2880,2889,2878,2857,2850,2811,592,622,630,679,2858,2875,2848,2849,559,555,562,610,2872,2913,2878,2868
TOF,8,290,285,298,282,351,2580,2712,2809,2363,339,339,384,2775,2769,2685,2768,2810,2678,2805,2843,2834,2820,2712,2816,2747,2851,2867,2862,2842,2835,2813,2788,2930,2898,2894,2887,2865,2838,2819,2754,556,2916,2886,2877,2877,2850,2836,2825,589,621,631,679,2908,2853,2871,2851,557,550,562,619,2916,2889,2877,2875
TOF,8,283,285,295,280,362,2586,2755,2772,326,336,339,374,2756,2791,2706,2808,2810,2681,2773,2830,2819,2818,2755,2792,2749,2884,2851,2852,2857,2834,2809,2717,499,2894,2878,2883,2856,2858,2816,2785,565,2900,2893,2864,2885,2849,2837,2840,591,608,628,669,2884,2864,2855,2868,557,556,559,619,2905,2914,2892,2888
TOF,8,292,283,298,281,363,2589,2731,2761,374,337,342,382,2763,2776,2723,2774,2938,2653,2774,2828,2839,2828,2757,2806,2809,2868,2883,2859,2832,2845,2811,2737,2929,2911,2879,2879,2862,2849,2823,2741,553,624,2854,2874,2875,2855,2845,2831,595,597,622,686,2884,2877,2874,2846,564,548,561,635,2888,2900,2883,2911
TOF,8,293,282,297,280,338,2564,2740,2773,344,334,343,374,2789,2797,2733,2821,2851,2689,2786,2858,2832,2826,2791,2796,2792,2873,2852,2846,2847,2856,2822,2785,557,2893,2881,2879,2869,2848,2830,2792,566,668,690,2884,2870,2864,2849,2846,584,578,615,693,2895,2849,2863,2848,563,547,568,643,2901,2892,2881,2900
TOF,8,289,284,294,276,345,2583,2708,2771,2378,316,343,371,2800,2786,2779,2778,2837,2671,2811,2837,2833,2806,2770,2809,2790,2874,2872,2854,2853,2814,2810,2781,577,2885,2892,2869,2846,2845,2828,2783,577,658,690,2885,2876,2860,2840,2832,593,583,613,690,2898,2853,2879,2870,561,542,569,641,2888,2895,2881,2893
TOF,8,284,283,293,277,338,2549,2734,2767,2405,328,341,376,2800,2802,2805,2790,2748,2642,2801,2851,2831,2801,2744,2790,2812,2878,2881,2851,2844,2821,2828,2728,568,2871,2890,2856,2863,2835,2829,2831,601,668,682,2856,2878,2854,2836,2810,584,582,620,678,2875,2862,2868,2865,570,547,580,697,2892,2898,2864,2889
TOF,8,292,283,292,283,344,2554,2776,2799,327,327,344,363,2791,2789,2806,2782,2861,2628,2801,2839,2829,2805,2750,2768,2757,2877,2865,2858,2848,2814,2797,2790,548,2883,2895,2890,2845,2840,2827,2788,596,646,690,2882,2833,2866,2845,2826,581,570,617,681,2887,2859,2880,2843,570,539,578,663,2885,2874,2867,2881
TOF,8,291,281,294,275,352,2606,2725,2771,2365,330,343,366,2787,2793,2646,2804,2837,2663,2813,2837,2819,2815,2729,2767,2862,2873,2872,2866,2829,2852,2814,2757,2891,2885,2855,2856,2864,2841,2825,2776,604,659,673,2883,2880,2841,2861,2832,576,574,612,682,2865,2867,2867,2853,573,535,574,634,2916,2888,2870,2898
TOF,8,286,279,291,281,354,2564,2753,2777,2374,334,343,380,2768,2789,2724,2782,2801,2671,2806,2851,2840,2818,2775,2790,2943,2871,2864,2850,2846,2826,2810,2791,533,2890,2887,2864,2855,2846,2816,2772,587,659,679,2883,2867,2839,2857,2845,580,574,608,667,2872,2865,2853,2867,569,532,566,608,2912,2918,2890,2873
TOF,8,285,278,290,281,343,2606,2721,2793,306,335,353,384,2786,2800,2583,2788,2841,2668,2770,2852,2824,2799,2729,2807,2876,2872,2864,2856,2823,2826,2801,2855,2927,2883,2895,2854,2855,2836,2807,2829,610,662,684,2885,2860,2849,2845,2847,576,567,606,678,2896,2875,2876,2865,567,525,578,631,2898,2887,2901,2897
TOF,8,284,282,294,279,351,2565,2734,2787,340,325,343,383,2777,2792,2719,2795,2854,2678,2795,2832,2835,2807,2709,2765,2862,2866,2864,2868,2836,2836,2818,2719,2908,2893,2895,2891,2860,2839,2826,2765,613,664,666,2893,2876,2849,2836,2829,575,571,614,656,2886,2888,2833,2814,563,533,582,641,2910,2892,2883,2877
TOF,8,283,278,289,282,341,2566,2708,2771,357,326,345,379,2792,2801,2751,2800,2889,2717,2782,2840,2804,2814,2770,2785,2841,2883,2863,2846,2840,2823,2819,2708,2923,2899,2899,2875,2866,2837,2816,2755,598,654,670,2885,2850,2829,2844,2828,579,575,612,679,2864,2854,2881,2851,561,527,576,646,2912,2893,2887,2870
TOF,8,283,283,295,279,353,2566,2796,2781,2359,319,341,378,2766,2788,2814,2810,2865,2669,2782,2849,2821,2804,2754,2799,2814,2874,2839,2878,2863,2848,2818,2802,2921,2908,2860,2869,2856,2826,2819,2798,619,665,693,2895,2873,2851,2842,2829,577,580,608,660,2868,2874,2847,2857,567,531,564,661,2909,2912,2887,2891
TOF,8,283,282,285,281,335,2592,2800,2803,335,320,329,383,2798,2766,2713,2815,2849,2664,2785,2837,2830,2795,2780,2783,2775,2880,2860,2850,2832,2826,2785,2736,2890,2892,2876,2852,2848,2838,2809,2793,542,638,695,2874,2858,2836,2841,2813,587,567,618,681,2865,2867,2864,2856,548,524,563,629,2902,2892,2885,2872
TOF,8,284,280,291,281,338,2634,2748,2803,2416,324,345,378,2829,2794,2657,2773,2865,2666,2789,2835,2826,2803,2734,2797,2753,2891,2849,2860,2854,2828,2791,2745,2937,2900,2890,2869,2860,2852,2834,2790,2959,2888,2884,2869,2875,2863,2845,2861,577,580,612,663,2884,2864,2855,2868,543,529,575,634,2896,2885,2874,2901
TOF,8,282,283,288,276,348,2580,2758,2800,338,321,344,382,2792,2810,2738,2799,2893,2682,2803,2839,2824,2829,2748,2812,2797,2866,2851,2854,2852,2828,2798,2755,2954,2896,2871,2871,2857,2832,2814,2760,2920,2923,2894,2882,2865,2839,2825,2834,592,596,619,693,2872,2874,2843,2864,549,533,563,653,2903,2915,2867,2861
TOF,8,284,279,292,275,353,2572,2720,2763,2404,323,348,376,2822,2795,2719,2779,2798,2652,2779,2821,2812,2822,2742,2797,2794,2871,2891,2851,2841,2824,2823,2729,2922,2897,2888,2882,2855,2851,2820,2824,2952,2917,2899,2886,2864,2859,2847,2827,611,609,640,2887,2889,2841,2857,2860,538,543,572,628,2890,2878,2885,2866
TOF,8,285,279,284,282,338,2580,2760,2796,2376,317,327,377,2771,2812,2768,2796,2875,2670,2816,2851,2819,2793,2757,2799,2763,2875,2873,2874,2868,2818,2806,2731,2933,2882,2887,2858,2850,2834,2848,2802,2952,2918,2882,2878,2860,2848,2844,2807,610,614,632,2885,2881,2866,2846,2845,536,545,577,630,2905,2882,2874,2875
TOF,8,279,276,292,281,345,2559,2714,2786,2368,312,334,381,2786,2775,2795,2790,2822,2658,2811,2833,2819,2826,2756,2774,2768,2865,2873,2872,2861,2812,2811,2757,2933,2921,2877,2871,2861,2843,2828,2786,2927,2916,2905,2894,2880,2862,2833,2823,612,614,631,2881,2861,2871,2845,2879,528,543,579,642,2899,2896,2882,2865
TOF,8,283,277,286,274,355,2596,2677,2821,2324,320,333,373,2816,2780,2672,2788,2826,2706,2813,2847,2845,2811,2762,2785,2798,2879,2860,2864,2829,2851,2818,2768,2928,2901,2882,2877,2848,2835,2812,2762,2967,2901,2894,2871,2872,2856,2834,2832,601,632,628,2886,2899,2859,2847,2869,537,535,583,634,2902,2871,2871,2862
TOF,8,284,282,293,280,346,2584,2759,2761,2374,329,337,363,2790,2779,2679,2780,2829,2657,2775,2836,2839,2814,2771,2786,2775,2884,2894,2855,2834,2816,2808,2774,2944,2896,2894,2863,2871,2840,2814,2803,2938,2917,2905,2879,2879,2849,2835,2834,599,609,632,2885,2874,2892,2857,2837,533,538,579,617,2892,2896,2872,2860
TOF,8,287,281,292,276,355,2561,2658,2813,2387,333,348,386,2779,2800,2701,2822,2832,2653,2799,2862,2826,2807,2762,2803,2868,2872,2858,2851,2840,2807,2805,2615,2928,2914,2866,2859,2854,2851,2835,2803,2944,2915,2913,2887,2872,2839,2842,2824,597,610,644,2904,2881,2856,2840,2854,523,543,578,628,2900,2895,2868,2822
TOF,8,289,284,294,278,344,2586,2722,2789,327,328,343,373,2786,2790,2701,2787,2791,2653,2770,2834,2820,2811,2756,2790,2776,2890,2863,2868,2851,2844,2813,2726,2938,2884,2883,2869,2883,2842,2840,2814,2943,2910,2903,2879,2883,2854,2831,2809,617,613,619,2895,2891,2860,2850,2843,532,545,572,619,2906,2905,2877,2881
TOF,8,287,282,293,281,349,2605,2735,2775,2349,319,343,381,2787,2753,2655,2788,2860,2653,2812,2837,2809,2807,2737,2763,2823,2893,2860,2871,2859,2813,2801,2664,2929,2905,2867,2849,2857,2844,2824,2757,2955,2912,2891,2878,2912,2848,2839,2838,598,597,616,2895,2884,2869,2860,2856,527,539,578,614,2914,2884,2878,2870
TOF,8,283,284,293,277,324,2611,2677,2772,2370,321,329,363,2802,2795,2709,2790,2792,2669,2808,2834,2833,2807,2737,2770,2800,2886,2881,2866,2839,2834,2817,2709,2906,2897,2882,2871,2862,2838,2830,2808,2928,2889,2900,2894,2857,2866,2849,2833,583,604,600,2875,2884,2849,2849,2850,523,537,570,616,2902,2868,2882,2869
TOF,8,287,288,292,280,350,2609,2770,2799,2396,322,341,385,2800,2791,2658,2756,2787,2695,2763,2830,2849,2817,2760,2762,2793,2899,2868,2858,2847,2794,2815,2694,2886,2900,2870,2865,2846,2840,2830,2792,2952,2892,2909,2873,2881,2823,2847,2824,581,606,605,2894,2872,2862,2851,2878,526,526,564,602,2919,2880,2891,2846
TOF,8,288,289,297,286,345,2573,2667,2788,2398,332,344,375,2800,2781,2757,2810,2838,2680,2782,2832,2832,2820,2763,2775,2796,2887,2895,2837,2843,2828,2817,2743,2912,2901,2879,2889,2848,2847,2823,2793,2958,2905,2895,2877,2834,2836,2826,2815,591,596,612,2900,2886,2871,2867,2861,503,523,571,608,2901,2899,2872,2878
TOF,8,288,286,295,286,341,2586,2721,2786,2412,325,347,372,2790,2786,2689,2812,2782,2703,2784,2835,2830,2832,2732,2764,2767,2880,2860,2868,2836,2825,2821,2670,2956,2925,2894,2880,2843,2836,2801,2824,2971,2900,2902,2890,2849,2835,2840,2820,572,578,622,2885,2869,2868,2844,2857,512,522,561,606,2907,2886,2883,2895
TOF,8,293,290,296,293,326,2634,2747,2780,2405,333,347,382,2795,2798,2709,2802,2774,2696,2790,2839,2821,2815,2760,2797,2739,2868,2866,2861,2858,2835,2826,2727,2940,2925,2877,2879,2876,2828,2812,2807,2930,2905,2878,2887,2867,2817,2829,2828,587,590,607,2882,2876,2860,2853,2854,505,520,550,609,2889,2889,2897,2895
TOF,8,293,291,299,290,354,2565,2725,2784,2367,335,354,374,2787,2801,2719,2760,2742,2670,2792,2843,2836,2788,2746,2772,2783,2898,2859,2849,2845,2827,2806,2733,2970,2931,2878,2883,2867,2839,2815,2782,2940,2920,2912,2887,2885,2815,2836,2819,567,576,609,2901,2887,2893,2856,2856,490,512,551,608,2903,2908,2879,2895
TOF,8,293,291,309,294,350,2599,2721,2784,328,343,367,403,2791,2772,2733,2782,2841,2682,2760,2836,2819,2804,2792,2773,2833,2884,2873,2855,2864,2814,2805,2739,2932,2903,2887,2862,2834,2840,2817,2794,2920,2897,2903,2891,2847,2856,2832,2825,581,572,608,2884,2892,2868,2860,2872,481,510,540,588,2908,2897,2870,2926
TOF,8,291,295,308,284,2644,2592,2740,2775,2363,329,343,386,2757,2788,2743,2782,2717,2693,2803,2821,2833,2818,2744,2786,2742,2878,2860,2857,2852,2813,2827,2659,2945,2887,2868,2874,2842,2831,2824,2755,2932,2933,2908,2888,2858,2851,2832,2836,569,582,602,2890,2868,2865,2853,2855,496,504,543,587,2906,2883,2883,2899
TOF,8,307,299,308,293,2686,2603,2718,2776,2380,350,346,389,2804,2782,2700,2785,2807,2654,2795,2860,2824,2823,2743,2755,2805,2895,2876,2845,2847,2841,2811,2691,2925,2893,2879,2847,2853,2832,2817,2788,2924,2932,2879,2873,2837,2876,2837,2836,575,572,581,2885,2890,2889,2855,2871,494,504,546,582,2897,2914,2893,2884
TOF,8,305,305,307,296,2659,2591,2698,2799,2380,353,355,2620,2781,2787,2724,2765,2815,2708,2795,2840,2820,2812,2781,2804,2824,2904,2891,2854,2847,2830,2807,2755,2932,2898,2865,2850,2849,2821,2833,2803,2910,2889,2898,2874,2854,2852,2846,2858,567,563,583,2895,2875,2871,2856,2880,494,509,539,599,2930,2890,2899,2881
TOF,8,304,306,311,298,2661,2618,2734,2818,2387,345,372,2564,2795,2793,2704,2768,2859,2704,2804,2845,2822,2815,2796,2765,2753,2884,2856,2859,2838,2837,2814,2718,2930,2875,2873,2874,2855,2831,2825,2784,2941,2895,2910,2880,2872,2860,2848,2835,573,572,587,2881,2878,2862,2860,2840,478,504,543,572,2917,2883,2876,2837
TOF,8,300,302,315,300,2670,2596,2755,2791,2368,346,355,2640,2767,2774,2711,2775,2798,2670,2795,2837,2813,2801,2752,2784,2747,2878,2854,2861,2844,2805,2804,2655,2930,2917,2889,2878,2859,2817,2822,2845,2918,2930,2912,2881,2862,2843,2824,2840,566,578,601,2881,2891,2846,2868,2841,492,509,549,599,2899,2920,2889,2900
TOF,8,303,307,321,303,2792,2606,2713,2778,2352,361,362,2610,2775,2783,2717,2782,2808,2659,2806,2841,2841,2821,2768,2809,2845,2900,2878,2865,2844,2824,2823,2687,2948,2891,2885,2885,2872,2838,2814,2815,2950,2909,2885,2886,2869,2846,2846,2833,574,582,595,2897,2903,2862,2837,2843,487,509,546,610,2906,2905,2913,2910
TOF,8,304,307,319,302,2729,2577,2743,2783,2355,355,376,2614,2798,2803,2778,2790,2763,2686,2785,2836,2845,2820,2763,2781,2777,2880,2865,2837,2843,2813,2805,2655,2913,2896,2878,2857,2853,2832,2826,2790,2916,2916,2896,2896,2875,2868,2821,2842,566,571,613,2887,2888,2863,2853,2842,477,508,544,607,2909,2877,2908,2869
TOF,8,305,309,317,308,2693,2604,2709,2789,2371,349,363,2616,2781,2792,2736,2783,2785,2652,2815,2844,2813,2814,2740,2765,2808,2903,2874,2857,2859,2846,2809,2720,2952,2887,2890,2880,2865,2834,2807,2785,2939,2895,2898,2881,2886,2851,2837,2828,568,580,608,2906,2870,2867,2856,2847,490,513,555,577,2898,2888,2888,2853
TOF,8,300,309,312,309,2808,2601,2730,2767,2342,350,381,2684,2762,2804,2764,2809,2793,2678,2790,2842,2797,2806,2752,2801,2761,2901,2852,2873,2850,2836,2805,2734,2945,2914,2874,2858,2856,2867,2823,2791,2930,2911,2897,2884,2869,2844,2845,2832,568,578,591,2905,2899,2879,2851,2858,479,516,537,611,2908,2901,2878,2857
TOF,8,302,310,312,305,2728,2585,2698,2767,2359,347,379,2660,2783,2756,2813,2779,2826,2659,2784,2835,2822,2790,2759,2774,2804,2885,2858,2851,2834,2829,2809,2731,2934,2909,2875,2894,2834,2840,2831,2818,2938,2903,2875,2889,2862,2847,2840,2820,576,566,608,2871,2887,2856,2839,2845,491,516,553,585,2910,2894,2882,2844
TOF,8,305,309,314,306,2745,2599,2683,2803,2345,351,380,2621,2803,2803,2714,2817,2853,2680,2788,2855,2810,2818,2747,2800,2801,2888,2869,2869,2828,2821,2789,2749,2922,2885,2868,2848,2855,2849,2834,2816,2934,2903,2903,2860,2861,2860,2853,2827,566,576,585,2892,2876,2859,2837,2869,487,511,548,592,2861,2889,2902,2816
TOF,8,303,314,314,302,2755,2613,2687,2805,2363,355,383,2644,2779,2784,2735,2782,2871,2637,2808,2854,2813,2820,2792,2778,2786,2888,2888,2872,2829,2813,2837,2711,2903,2897,2886,2869,2860,2840,2810,2762,2924,2942,2879,2880,2862,2867,2837,2814,576,569,586,2907,2872,2871,2845,2839,495,508,539,598,2909,2887,2881,2874
TOF,8,303,309,317,303,2788,2664,2741,2786,2363,347,367,2627,2787,2802,2773,2780,2855,2699,2798,2843,2827,2813,2753,2798,2828,2876,2861,2846,2840,2824,2809,2765,2938,2905,2889,2875,2866,2845,2818,2784,2931,2904,2910,2883,2856,2828,2827,2830,559,580,600,2912,2868,2874,2837,2878,495,509,543,598,2883,2885,2846,2888
TOF,8,302,307,316,306,2653,2614,2702,2744,2360,350,364,2641,2804,2792,2618,2792,2819,2751,2778,2859,2823,2812,2759,2787,2806,2877,2875,2851,2853,2803,2798,2735,2940,2914,2895,2887,2855,2840,2820,2787,2928,2909,2912,2886,2867,2860,2832,2831,562,590,595,2877,2880,2853,2872,2832,499,518,553,598,2886,2883,2891,2875
TOF,8,303,304,314,308,2691,2588,2710,2784,2390,344,385,2607,2776,2807,2718,2781,2829,2712,2802,2857,2827,2821,2745,2814,2796,2890,2884,2854,2831,2824,2798,2705,2960,2894,2872,2863,2870,2826,2821,2788,2938,2912,2920,2897,2897,2830,2824,2821,560,584,590,2902,2877,2847,2855,2857,513,511,548,581,2923,2908,2900,2901
TOF,8,309,308,324,304,2573,2595,2738,2789,2365,341,382,2608,2779,2807,2738,2802,2842,2633,2754,2837,2821,2815,2761,2783,2765,2887,2860,2846,2841,2830,2787,2744,2901,2920,2879,2886,2863,2843,2818,2765,2924,2926,2889,2867,2885,2847,2851,2821,580,570,608,2922,2867,2863,2866,2849,511,519,538,603,2913,2893,2871,2882
TOF,8,303,306,323,307,2686,2568,2737,2769,2363,353,389,2638,2779,2788,2735,2803,2843,2672,2750,2847,2842,2808,2760,2800,2732,2893,2855,2850,2827,2847,2805,2750,2918,2905,2892,2881,2849,2841,2831,2762,2943,2893,2896,2890,2876,2853,2844,2842,570,584,575,2884,2893,2872,2840,2857,519,520,550,586,2925,2893,2870,2898
TOF,8,305,307,320,313,2631,2595,2757,2778,2409,339,383,2632,2784,2803,2717,2775,2888,2692,2781,2851,2837,2813,2750,2795,2776,2888,2878,2864,2850,2815,2799,2744,2948,2891,2886,2886,2859,2843,2823,2798,2952,2900,2887,2890,2869,2866,2854,2819,562,590,596,2890,2884,2844,2862,2872,527,513,547,591,2894,2893,2882,2898
TOF,8,313,309,315,307,2577,2566,2720,2787,2323,347,369,2622,2774,2798,2707,2781,2859,2660,2779,2838,2836,2806,2765,2792,2899,2871,2875,2855,2839,2830,2806,2747,2939,2920,2906,2875,2855,2833,2830,2814,2927,2909,2896,2894,2865,2843,2829,2822,557,574,572,2887,2878,2864,2863,2871,510,514,542,585,2915,2902,2882,2879
TOF,8,307,306,319,311,2720,2613,2727,2781,2356,335,349,2616,2770,2791,2729,2781,2830,2686,2772,2828,2833,2827,2750,2798,2790,2882,2863,2854,2837,2825,2811,2730,2938,2901,2863,2867,2867,2825,2810,2793,2961,2899,2896,2878,2864,2866,2859,2828,2925,584,597,2904,2866,2856,2838,2847,513,519,538,572,2914,2900,2881,2913
TOF,8,302,309,313,306,2720,2604,2734,2808,2371,348,367,2620,2800,2791,2705,2811,2797,2667,2768,2844,2825,2804,2768,2786,2833,2870,2853,2856,2831,2832,2808,2676,2914,2892,2880,2890,2853,2827,2813,2777,2944,2892,2902,2868,2862,2855,2846,2840,572,566,582,2899,2883,2864,2860,2851,525,515,543,589,2914,2897,2861,2893
TOF,8,302,310,323,306,2762,2607,2785,2761,2340,352,388,2622,2784,2793,2726,2783,2864,2670,2784,2849,2845,2803,2760,2777,2760,2872,2880,2851,2842,2836,2807,2727,2951,2923,2864,2868,2852,2844,2826,2761,2918,2884,2892,2878,2868,2859,2840,2829,2933,573,2885,2882,2875,2873,2846,2853,527,520,548,592,2903,2870,2905,2880
TOF,8,301,306,313,307,2747,2593,2716,2808,2355,339,378,2632,2779,2762,2716,2796,2832,2692,2804,2843,2846,2796,2733,2805,2733,2871,2862,2851,2842,2804,2795,2732,2912,2892,2894,2874,2858,2856,2824,2782,2913,2912,2905,2905,2885,2861,2845,2814,2930,563,2887,2891,2875,2858,2873,2842,523,522,542,577,2928,2887,2908,2930
TOF,8,306,304,316,313,2650,2603,2753,2780,2370,355,372,2583,2796,2786,2718,2808,2845,2690,2775,2850,2817,2809,2773,2804,2739,2862,2868,2839,2831,2847,2803,2742,2918,2910,2876,2865,2855,2828,2824,2779,2939,2896,2877,2903,2883,2867,2837,2819,2926,565,2935,2900,2865,2892,2852,2846,530,524,555,565,2914,2893,2893,2876
TOF,8,305,306,312,313,2695,2584,2712,2776,2345,345,390,2648,2783,2767,2728,2817,2874,2638,2792,2837,2825,2826,2750,2784,2785,2866,2878,2842,2846,2849,2794,2764,2935,2905,2883,2871,2863,2830,2823,2787,2939,2903,2883,2890,2838,2861,2838,2835,2952,556,2911,2899,2880,2846,2853,2867,521,533,537,586,2917,2904,2891,2899
TOF,8,300,305,317,310,2681,2584,2744,2799,2349,341,385,2647,2796,2784,2736,2791,2858,2685,2766,2826,2825,2805,2763,2798,2780,2873,2856,2847,2831,2837,2793,2775,2919,2912,2893,2862,2842,2839,2836,2808,2947,2891,2911,2885,2870,2843,2863,2809,2913,563,2917,2894,2871,2863,2847,2846,520,533,545,579,2896,2904,2894,2926
TOF,8,301,307,312,310,2574,2579,2719,2824,2366,364,386,2644,2777,2783,2714,2789,2877,2661,2819,2837,2810,2796,2781,2819,2801,2879,2856,2866,2854,2836,2802,2707,2952,2931,2861,2855,2866,2849,2824,2783,2945,2920,2899,2897,2882,2845,2852,2806,2943,566,2897,2900,2886,2862,2852,2892,533,526,547,569,2896,2907,2897,2876
TOF,8,302,304,310,308,2666,2572,2730,2769,2340,353,378,2652,2792,2792,2719,2789,2770,2641,2783,2834,2811,2805,2762,2783,2759,2884,2881,2858,2839,2822,2818,2641,2901,2894,2875,2874,2852,2844,2817,2793,2940,2882,2902,2862,2872,2854,2861,2821,2919,559,2917,2875,2881,2866,2862,2855,536,538,541,587,2921,2895,2883,2909
TOF,8,300,303,313,305,2725,2606,2739,2796,2359,345,371,2664,2784,2775,2743,2770,2818,2689,2823,2823,2805,2797,2770,2763,2836,2876,2867,2851,2850,2823,2826,2753,2957,2889,2872,2869,2861,2847,2827,2798,2927,2920,2892,2899,2854,2837,2841,2832,2917,2945,2919,2887,2888,2870,2862,2850,530,539,544,582,2856,2889,2881,2876
TOF,8,301,308,318,304,2788,2611,2742,2801,2327,350,382,2610,2788,2794,2758,2804,2830,2657,2810,2830,2813,2798,2730,2778,2804,2878,2844,2862,2831,2820,2828,2779,2987,2905,2894,2876,2842,2840,2820,2792,2936,2904,2894,2887,2886,2846,2837,2841,2923,2919,2917,2879,2861,2877,2869,2860,534,546,546,582,2912,2906,2887,2886
TOF,8,303,303,311,310,2827,2588,2716,2757,2368,343,368,2635,2749,2796,2667,2774,2850,2683,2812,2855,2810,2831,2727,2808,2749,2897,2857,2867,2859,2825,2797,2735,2922,2920,2878,2868,2863,2851,2819,2758,2940,2911,2906,2885,2898,2858,2842,2802,2911,2922,2902,2893,2889,2858,2871,2856,538,538,546,563,2907,2897,2892,2888
TOF,8,302,309,315,310,2691,2588,2731,2753,2354,343,387,2637,2808,2782,2769,2780,2824,2693,2823,2850,2844,2822,2796,2794,2812,2866,2857,2857,2850,2822,2800,2682,2941,2902,2876,2876,2846,2846,2812,2763,2930,2928,2874,2881,2901,2861,2845,2813,2913,547,2899,2873,2884,2869,2868,2873,533,539,553,583,2902,2900,2887,2910
TOF,8,303,303,307,306,2708,2583,2770,2765,2373,341,376,2622,2771,2801,2733,2789,2785,2705,2796,2837,2814,2835,2742,2809,2776,2883,2861,2854,2848,2826,2808,2719,2934,2889,2879,2876,2847,2835,2829,2748,2979,2909,2906,2883,2871,2858,2845,2808,2910,576,2889,2900,2866,2862,2837,2859,521,537,545,582,2899,2907,2882,2884
TOF,8,298,308,313,308,2752,2590,2746,2808,2382,365,371,2672,2788,2793,2689,2796,2793,2636,2799,2845,2830,2809,2760,2775,2801,2861,2851,2847,2856,2816,2807,2765,2911,2897,2895,2892,2871,2837,2839,2788,2950,2902,2894,2884,2900,2842,2849,2836,2928,581,2910,2900,2869,2866,2849,2857,528,539,546,582,2896,2900,2891,2898
TOF,8,302,309,315,308,2694,2569,2718,2802,2364,342,364,2628,2759,2790,2695,2778,2797,2674,2776,2829,2826,2814,2760,2790,2788,2868,2866,2861,2843,2843,2812,2761,2911,2888,2901,2888,2852,2832,2816,2772,2942,2916,2885,2879,2882,2839,2839,2838,2895,566,2907,2902,2869,2838,2882,2847,534,529,543,568,2937,2891,2904,2873
TOF,8,304,302,315,303,2738,2589,2696,2773,2371,340,373,2619,2779,2780,2790,2793,2729,2663,2767,2826,2839,2814,2739,2797,2749,2875,2859,2853,2848,2817,2787,2752,2935,2898,2875,2868,2865,2843,2821,2761,2937,2893,2902,2887,2849,2845,2831,2836,2920,550,2890,2893,2883,2854,2869,2847,530,533,543,559,2902,2885,2877,2888
TOF,8,293,308,312,309,2702,2579,2732,2789,2384,351,365,2635,2770,2809,2707,2796,2877,2688,2789,2844,2813,2834,2780,2802,2757,2884,2862,2862,2858,2828,2821,2808,2940,2902,2873,2872,2865,2842,2820,2752,2949,2927,2893,2879,2893,2879,2850,2842,2914,524,2912,2910,2865,2873,2872,2864,526,521,540,579,2910,2904,2906,2903
TOF,8,303,305,319,312,2678,2571,2766,2805,2303,351,376,2611,2775,2793,2780,2761,2846,2701,2792,2843,2829,2810,2800,2789,2789,2912,2867,2869,2837,2854,2808,2771,2924,2906,2905,2877,2851,2832,2815,2763,2937,2920,2885,2894,2856,2843,2824,2809,2891,576,2895,2888,2857,2867,2870,2839,524,538,534,567,2902,2915,2894,2869
TOF,8,303,301,317,303,2635,2564,2764,2776,2370,335,364,2612,2771,2763,2731,2772,2886,2654,2825,2849,2821,2781,2802,2819,2800,2881,2876,2849,2862,2834,2820,2722,2899,2889,2882,2879,2864,2854,2814,2805,2939,2882,2905,2865,2901,2868,2834,2877,2921,590,2909,2893,2895,2865,2862,2843,536,531,535,540,2910,2892,2890,2882
TOF,8,301,303,313,306,2631,2566,2744,2795,2375,341,382,2614,2820,2794,2795,2804,2835,2667,2800,2833,2825,2797,2757,2785,2841,2868,2872,2864,2852,2855,2817,2675,2899,2906,2887,2868,2866,2851,2831,2802,2944,2882,2874,2887,2851,2885,2842,2823,2939,572,2904,2908,2883,2871,2865,2842,523,530,542,557,2910,2896,2880,2845
TOF,8,300,305,310,306,2709,2581,2746,2755,2375,360,389,2651,2800,2787,2720,2813,2781,2664,2800,2850,2820,2810,2800,2807,2790,2876,2862,2875,2834,2826,2822,2685,2942,2917,2888,2862,2859,2843,2822,2773,2953,2907,2895,2886,2874,2852,2834,2808,2905,570,2925,2894,2886,2866,2885,2836,540,527,538,563,2871,2919,2885,2860
TOF,8,301,308,318,307,2696,2569,2716,2781,2389,366,371,2629,2806,2772,2757,2796,2765,2655,2787,2841,2815,2800,2759,2789,2786,2882,2877,2872,2836,2821,2816,2722,2915,2891,2862,2877,2851,2834,2830,2782,2971,2907,2889,2886,2886,2870,2841,2824,2894,535,2891,2886,2883,2862,2877,2848,524,530,527,571,2918,2889,2878,2871
TOF,8,305,303,315,309,2679,2617,2757,2797,2387,350,383,2638,2770,2764,2684,2802,2833,2664,2800,2819,2827,2841,2778,2785,2785,2874,2874,2850,2813,2833,2824,2718,2901,2892,2873,2870,2832,2852,2857,2774,2939,2917,2896,2901,2889,2873,2854,2838,517,568,2888,2892,2882,2866,2819,2857,520,520,535,584,2877,2868,2884,2916
TOF,8,299,303,312,311,2634,2652,2762,2794,2341,343,377,2647,2789,2803,2754,2782,2846,2644,2803,2828,2839,2814,2755,2787,2794,2878,2847,2855,2848,2818,2785,2731,2953,2912,2893,2869,2840,2821,2823,2775,2928,2915,2902,2878,2843,2870,2840,2833,2933,563,2912,2902,2868,2886,2848,2838,528,526,534,576,2930,2907,2890,2861
TOF,8,301,303,310,314,2644,2580,2766,2758,2361,362,363,2582,2772,2775,2773,2791,2865,2663,2825,2826,2842,2818,2752,2786,2845,2884,2863,2861,2873,2817,2817,2700,2934,2915,2888,2852,2871,2851,2823,2831,2950,2902,2880,2871,2881,2852,2848,2823,2936,564,2896,2887,2882,2882,2845,2873,518,521,542,568,2900,2880,2919,2885
TOF,8,301,304,314,306,2686,2579,2719,2762,2389,341,361,2639,2781,2773,2691,2809,2781,2694,2799,2832,2818,2825,2749,2789,2772,2871,2864,2859,2834,2850,2812,2717,2949,2889,2883,2881,2862,2838,2815,2788,2946,2912,2882,2888,2884,2851,2837,2860,2899,545,2893,2885,2875,2863,2856,2881,522,534,533,570,2910,2898,2895,2891
TOF,8,300,303,306,308,2575,2603,2740,2792,2362,345,380,2662,2793,2772,2702,2796,2833,2695,2801,2844,2847,2807,2772,2769,2807,2864,2869,2852,2831,2845,2793,2733,2922,2890,2896,2879,2850,2842,2821,2742,2900,2936,2892,2884,2891,2865,2831,2838,2922,2922,2913,2899,2879,2853,2872,2872,525,526,533,568,2887,2914,2876,2877
TOF,8,305,301,313,310,2741,2626,2751,2836,2382,358,385,384,2796,2790,2732,2793,2878,2689,2791,2842,2823,2835,2765,2791,2839,2875,2864,2866,2844,2828,2797,2752,2941,2889,2896,2875,2858,2841,2823,2769,2943,2881,2896,2872,2873,2865,2841,2845,2922,2958,2921,2910,2867,2868,2853,2852,533,526,547,570,2910,2898,2879,2912
TOF,8,293,301,309,299,2635,2607,2661,2786,342,335,368,2597,2790,2814,2793,2788,2751,2695,2768,2842,2814,2801,2729,2782,2755,2863,2864,2844,2845,2818,2810,2708,2910,2905,2861,2868,2839,2846,2820,2737,2944,2920,2898,2881,2869,2838,2857,2831,2947,2921,2914,2876,2875,2846,2876,2868,529,528,532,568,2887,2904,2897,2870
TOF,8,299,297,308,304,2740,2598,2775,2789,349,352,373,2592,2785,2775,2792,2804,2800,2654,2784,2837,2828,2814,2731,2788,2805,2879,2864,2865,2841,2827,2809,2740,2921,2886,2879,2877,2855,2851,2817,2789,2941,2866,2874,2877,2870,2873,2843,2846,517,2923,2899,2884,2895,2874,2855,2882,518,529,538,583,2887,2910,2881,2872
TOF,8,299,298,307,304,2672,2597,2730,2785,2367,325,368,2643,2815,2800,2739,2791,2875,2682,2787,2837,2820,2813,2711,2787,2827,2877,2859,2864,2851,2815,2821,2678,2905,2898,2899,2869,2859,2828,2829,2792,2938,2931,2910,2868,2852,2849,2847,2844,519,2904,2909,2893,2894,2844,2848,2842,523,540,532,574,2896,2895,2879,2892
TOF,8,304,303,305,303,2763,2581,2726,2787,2391,342,368,2668,2780,2784,2742,2785,2919,2661,2812,2827,2822,2807,2762,2803,2757,2896,2838,2849,2845,2848,2809,2675,2919,2889,2882,2860,2858,2844,2832,2815,2955,2898,2885,2896,2848,2861,2847,2853,2913,2913,2907,2902,2885,2874,2868,2854,529,538,546,578,2898,2886,2890,2893
TOF,8,300,302,312,302,2705,2585,2735,2776,2368,347,364,2622,2744,2792,2772,2771,2886,2659,2805,2831,2813,2801,2762,2802,2883,2879,2868,2859,2836,2831,2802,2757,2909,2896,2886,2868,2863,2835,2830,2803,2923,2862,2903,2886,2879,2842,2829,2826,501,2939,2896,2906,2877,2862,2871,2830,525,535,541,569,2887,2879,2921,2890
TOF,8,299,296,312,311,2782,2566,2730,2782,2383,347,372,2619,2787,2779,2726,2808,2828,2665,2774,2845,2826,2824,2748,2797,2750,2870,2860,2873,2847,2841,2812,2728,2955,2908,2897,2860,2855,2835,2826,2787,2950,2907,2892,2879,2852,2857,2839,2847,509,2938,2910,2926,2900,2847,2863,2853,527,550,550,569,2905,2891,2883,2904
TOF,8,301,308,309,306,2670,2606,2709,2785,2383,335,374,2615,2755,2797,2696,2814,2835,2670,2784,2845,2811,2804,2789,2796,2771,2910,2860,2843,2857,2823,2825,2757,2930,2930,2866,2864,2856,2851,2829,2784,2929,2914,2912,2872,2874,2841,2851,2825,2937,2960,2904,2911,2889,2873,2880,2847,526,535,542,579,2917,2894,2869,2889
TOF,8,297,300,309,310,2726,2601,2739,2771,2375,348,366,2646,2781,2782,2720,2797,2853,2670,2800,2826,2841,2834,2743,2781,2777,2879,2862,2871,2839,2827,2806,2736,2953,2904,2875,2867,2860,2830,2814,2836,2962,2904,2896,2875,2870,2860,2854,2794,2911,2935,2905,2909,2868,2865,2872,2861,528,547,551,577,2891,2906,2875,2908
TOF,8,296,298,306,305,2647,2565,2755,2776,2358,344,375,2636,2781,2809,2727,2806,2832,2674,2751,2852,2816,2819,2751,2815,2847,2866,2855,2867,2842,2856,2779,2805,2899,2852,2912,2870,2847,2833,2821,2808,2924,2900,2898,2884,2857,2847,2817,2820,2975,2946,2904,2890,2888,2857,2875,2860,535,548,553,573,2902,2886,2892,2879
TOF,8,301,303,315,307,2638,2571,2727,2773,2368,344,366,2663,2801,2793,2728,2762,2829,2684,2779,2845,2832,2822,2748,2783,2878,2893,2864,2862,2857,2847,2812,2722,2960,2911,2878,2864,2854,2854,2806,2801,2915,2888,2901,2878,2905,2855,2845,2845,2927,2906,2918,2879,2872,2864,2850,2861,528,554,559,570,2896,2886,2870,2897
TOF,8,299,300,309,303,2563,2585,2733,2793,2358,352,375,2619,2790,2798,2760,2771,2872,2675,2813,2837,2821,2810,2769,2813,2909,2872,2876,2867,2843,2849,2815,2726,2919,2924,2904,2862,2852,2839,2815,2779,2912,2872,2879,2881,2872,2862,2829,2803,2929,2958,2920,2878,2892,2858,2858,2859,528,535,544,560,2899,2879,2888,2861
TOF,8,301,304,307,306,363,2574,2749,2805,2343,348,382,2725,2767,2804,2764,2791,2805,2670,2840,2844,2841,2799,2778,2809,2767,2897,2874,2860,2861,2831,2825,2727,2933,2902,2870,2869,2865,2837,2831,2776,2919,2920,2886,2894,2864,2853,2845,2830,2941,2961,2890,2916,2871,2868,2893,2847,523,542,558,578,2907,2884,2894,2878
TOF,8,294,299,302,302,2681,2607,2713,2778,2390,343,365,2602,2783,2800,2710,2789,2774,2682,2801,2835,2832,2825,2756,2787,2787,2870,2884,2845,2842,2814,2810,2780,2897,2904,2870,2869,2861,2837,2831,2735,2923,2924,2896,2893,2869,2859,2839,2812,545,2924,2901,2879,2896,2861,2864,2846,533,550,552,583,2892,2895,2893,2878
TOF,8,299,300,308,302,2660,2613,2762,2758,2361,345,381,2656,2786,2774,2814,2781,2823,2661,2822,2857,2824,2818,2783,2800,2832,2874,2877,2863,2844,2820,2808,2735,2918,2910,2894,2878,2866,2852,2815,2775,2940,2903,2881,2879,2893,2840,2845,2833,2952,2933,2935,2887,2885,2852,2857,2874,522,548,556,569,2914,2878,2863,2878
TOF,8,294,303,305,301,2767,2560,2768,2795,2355,343,377,2643,2773,2777,2734,2812,2797,2686,2804,2842,2827,2816,2760,2785,2790,2890,2889,2888,2851,2810,2805,2790,2937,2898,2882,2890,2869,2853,2828,2811,2915,2925,2893,2871,2861,2869,2831,2811,2927,2924,2898,2899,2871,2863,2867,2865,537,534,544,573,2903,2899,2867,2880
TOF,8,307,300,308,312,2757,2586,2781,2801,2354,341,376,2637,2776,2781,2742,2778,2842,2668,2788,2857,2832,2804,2755,2792,2761,2875,2856,2855,2859,2837,2804,2718,2939,2913,2890,2861,2861,2839,2836,2754,2950,2921,2907,2884,2886,2857,2866,2820,2918,2922,2890,2896,2902,2865,2882,2843,531,548,554,581,2904,2892,2910,2902
TOF,8,296,299,306,309,2738,2594,2746,2787,2372,338,368,2665,2812,2772,2756,2831,2814,2682,2809,2827,2824,2795,2771,2784,2789,2879,2854,2860,2842,2834,2810,2710,2929,2927,2889,2871,2856,2829,2816,2805,2934,2907,2897,2874,2873,2842,2838,2832,2930,2958,2912,2897,2871,2857,2886,2839,526,547,551,568,2876,2881,2913,2874
TOF,8,299,298,306,306,2721,2633,2733,2798,2374,338,367,2665,2788,2768,2723,2797,2826,2783,2798,2850,2822,2831,2732,2765,2834,2872,2877,2854,2836,2851,2804,2748,2904,2880,2871,2868,2846,2839,2839,2817,2928,2919,2872,2878,2846,2863,2848,2802,2913,2946,2877,2915,2877,2868,2850,2840,527,538,553,573,2874,2901,2913,2893
TOF,8,298,304,310,302,2694,2573,2702,2785,2369,342,375,2629,2777,2807,2717,2790,2829,2659,2800,2833,2834,2833,2756,2791,2836,2895,2867,2859,2838,2826,2806,2717,2940,2919,2896,2873,2857,2828,2828,2747,2927,2914,2896,2882,2858,2846,2844,2833,2918,2947,2902,2876,2865,2860,2861,2857,531,535,548,567,2898,2912,2866,2868
TOF,8,300,300,313,311,2697,2590,2724,2744,2336,336,367,2627,2769,2789,2658,2793,2780,2668,2800,2849,2824,2821,2757,2782,2787,2854,2871,2850,2843,2841,2784,2711,2934,2895,2889,2861,2866,2846,2823,2728,2930,2891,2885,2868,2865,2859,2836,2855,2927,2968,2910,2887,2869,2874,2850,2854,532,543,555,597,2911,2874,2876,2881
TOF,8,298,299,310,301,2680,2628,2782,2751,2341,347,370,2625,2780,2792,2706,2813,2782,2666,2800,2851,2845,2808,2765,2813,2788,2891,2861,2855,2833,2827,2845,2725,2950,2896,2891,2868,2850,2846,2820,2791,2952,2903,2912,2897,2856,2856,2853,2827,2893,2911,2885,2889,2881,2848,2875,2843,529,545,547,554,2923,2890,2880,2912
TOF,8,299,301,305,303,2671,2607,2724,2789,2381,340,374,2586,2786,2797,2671,2795,2837,2684,2752,2830,2828,2823,2723,2784,2879,2894,2875,2867,2836,2815,2800,2776,2944,2887,2882,2865,2862,2830,2820,2829,2928,2902,2901,2883,2862,2862,2838,2820,2937,2945,2888,2884,2880,2837,2873,2846,533,535,540,583,2905,2882,2866,2844
TOF,8,297,300,303,307,2734,2563,2774,2807,2380,340,357,2679,2783,2807,2717,2798,2800,2685,2819,2852,2817,2798,2746,2810,2869,2868,2856,2843,2852,2830,2809,2761,2958,2893,2860,2856,2859,2837,2805,2793,2942,2912,2890,2864,2851,2853,2832,2833,2942,2931,2913,2906,2857,2884,2877,2861,532,547,547,573,2906,2898,2929,2862
TOF,8,295,303,311,310,2692,2585,2726,2778,2398,346,386,2672,2780,2803,2724,2815,2847,2682,2788,2845,2824,2813,2755,2772,2748,2879,2872,2862,2824,2806,2817,2716,2968,2897,2886,2871,2860,2841,2825,2774,2945,2919,2901,2879,2855,2885,2835,2829,2930,2959,2908,2893,2881,2883,2858,2867,536,532,555,565,2894,2890,2868,2903
TOF,8,294,301,310,309,2639,2595,2780,2775,2343,335,364,2625,2795,2793,2719,2824,2835,2685,2784,2821,2824,2831,2788,2795,2833,2871,2863,2845,2826,2821,2817,2797,2927,2916,2888,2885,2863,2844,2811,2837,2928,2907,2894,2869,2865,2856,2817,2814,2919,2909,2908,2894,2891,2867,2868,2881,530,538,535,581,2914,2895,2895,2888
TOF,8,297,298,311,309,2652,2589,2720,2776,354,339,378,2688,2778,2796,2724,2846,2853,2684,2815,2860,2828,2807,2716,2807,2825,2885,2876,2851,2857,2829,2815,2698,2945,2894,2878,2853,2860,2835,2829,2795,2933,2917,2887,2887,2884,2846,2845,2846,2929,2943,2903,2896,2869,2868,2856,2876,533,538,541,576,2919,2902,2876,2912
TOF,8,294,298,309,302,2659,2578,2795,2773,2349,339,368,2615,2791,2801,2726,2797,2889,2655,2779,2835,2843,2817,2662,2784,2763,2882,2853,2861,2849,2827,2822,2711,2928,2913,2884,2891,2842,2852,2820,2773,2936,2910,2885,2872,2869,2867,2865,2860,2927,2935,2906,2903,2877,2857,2867,2875,527,535,546,560,2914,2901,2900,2887
TOF,8,298,300,309,306,2775,2554,2725,2808,2348,351,373,2681,2799,2786,2748,2744,2808,2683,2850,2849,2824,2828,2729,2802,2743,2888,2853,2861,2834,2827,2814,2752,2905,2899,2874,2877,2865,2836,2835,2796,2932,2908,2892,2868,2880,2839,2847,2832,2926,2930,2892,2887,2892,2874,2859,2884,536,536,547,569,2895,2909,2868,2868
TOF,8,294,306,309,303,2777,2590,2724,2788,2373,343,364,2672,2825,2767,2687,2788,2866,2703,2837,2843,2818,2807,2798,2807,2779,2893,2882,2866,2837,2799,2810,2728,2950,2906,2898,2897,2851,2841,2839,2740,2932,2959,2876,2907,2872,2850,2845,2808,2910,2925,2894,2901,2876,2878,2840,2862,521,523,548,589,2892,2907,2893,2872
TOF,8,296,300,305,308,2671,2566,2763,2774,2389,335,360,2640,2793,2795,2695,2783,2824,2745,2807,2833,2850,2809,2750,2787,2846,2870,2874,2854,2840,2834,2801,2622,2946,2889,2869,2860,2869,2857,2803,2794,2927,2935,2889,2867,2848,2871,2848,2848,2927,2918,2904,2904,2869,2854,2852,2873,524,527,534,573,2920,2894,2895,2878
TOF,8,297,301,300,305,2729,2560,2769,2772,2405,340,381,372,2771,2803,2705,2802,2872,2643,2779,2843,2832,2794,2738,2787,2772,2874,2862,2849,2845,2842,2811,2733,2934,2924,2858,2869,2854,2841,2826,2759,2934,2947,2903,2880,2837,2880,2841,2864,2905,2936,2899,2897,2888,2860,2854,2878,527,526,544,583,2897,2856,2868,2934
TOF,8,299,298,305,312,2678,2604,2752,2805,352,347,366,2585,2803,2785,2761,2785,2819,2731,2799,2839,2854,2822,2741,2809,2821,2868,2863,2862,2841,2830,2811,2786,2916,2914,2869,2861,2866,2854,2828,2824,2921,2914,2926,2904,2854,2857,2831,2819,2941,2952,2908,2878,2888,2862,2863,2843,530,533,541,570,2911,2867,2896,2892
TOF,8,300,299,304,311,2738,2599,2764,2818,2373,348,359,2623,2770,2790,2780,2791,2824,2666,2776,2836,2830,2817,2744,2783,2838,2883,2856,2862,2857,2807,2816,2714,2934,2884,2872,2858,2850,2827,2820,2786,2925,2922,2911,2908,2851,2836,2857,2853,2907,578,2907,2873,2877,2845,2883,2846,529,519,544,565,2910,2890,2874,2862
TOF,8,300,305,304,312,2705,2582,2756,2791,2354,348,383,2641,2799,2788,2738,2761,2810,2661,2791,2827,2814,2812,2734,2822,2757,2877,2864,2860,2861,2832,2810,2786,2917,2917,2882,2879,2848,2835,2830,2770,2926,2920,2880,2889,2867,2842,2832,2846,2929,575,2903,2895,2868,2863,2862,2853,524,530,545,571,2923,2895,2874,2904
TOF,8,297,295,301,308,2621,2563,2716,2777,330,339,381,2635,2781,2787,2748,2803,2871,2613,2833,2829,2821,2828,2728,2801,2677,2868,2842,2859,2836,2841,2819,2765,2901,2902,2877,2859,2856,2839,2803,2813,2945,2910,2898,2874,2885,2864,2851,2819,2914,528,2902,2891,2874,2867,2855,2881,515,527,532,572,2909,2896,2891,2859
TOF,8,295,300,305,308,2690,2604,2788,2769,2372,338,375,2665,2748,2782,2719,2775,2806,2652,2820,2836,2831,2830,2807,2812,2795,2873,2876,2863,2845,2850,2820,2688,2920,2901,2881,2875,2872,2850,2830,2772,2928,2922,2881,2888,2869,2861,2840,2839,2929,2921,2885,2879,2884,2848,2885,2844,523,532,537,582,2899,2892,2860,2897
TOF,8,298,300,299,310,2756,2583,2744,2808,347,332,384,2629,2812,2797,2653,2776,2768,2663,2760,2858,2810,2820,2764,2805,2863,2871,2874,2842,2834,2827,2818,2704,2923,2898,2890,2889,2857,2848,2821,2767,2946,2911,2922,2882,2857,2840,2845,2843,2911,572,2896,2927,2864,2870,2867,2842,523,533,535,569,2912,2897,2886,2879
TOF,8,295,298,304,315,2720,2593,2765,2767,325,349,389,2603,2799,2799,2719,2793,2825,2653,2810,2854,2830,2810,2748,2798,2830,2861,2857,2862,2848,2831,2831,2739,2947,2898,2869,2866,2876,2835,2829,2782,2937,2916,2899,2910,2868,2862,2874,2808,2921,2949,2912,2872,2887,2858,2841,2845,528,532,537,567,2909,2877,2894,2912
TOF,8,299,300,303,313,2630,2584,2776,2784,2378,341,369,2677,2783,2777,2735,2788,2903,2657,2798,2846,2846,2826,2749,2788,2825,2889,2860,2864,2850,2803,2811,2711,2915,2889,2873,2843,2850,2819,2803,2797,2926,2917,2906,2899,2869,2845,2843,2831,2917,2936,2910,2908,2885,2874,2868,2883,528,532,533,572,2903,2877,2905,2886
TOF,8,298,296,300,310,2642,2594,2726,2782,2397,329,379,2584,2801,2790,2733,2790,2915,2670,2793,2842,2844,2821,2737,2781,2839,2887,2878,2854,2846,2844,2802,2714,2931,2894,2888,2886,2868,2839,2816,2770,2927,2911,2901,2871,2866,2842,2847,2824,2917,2922,2886,2901,2886,2870,2847,2859,534,531,535,564,2911,2886,2874,2898
TOF,8,295,297,299,308,2751,2603,2776,2799,2345,342,365,2610,2778,2809,2789,2786,2878,2669,2755,2836,2840,2809,2786,2806,2869,2864,2855,2842,2835,2817,2813,2739,2912,2882,2883,2834,2868,2819,2828,2745,2911,2917,2889,2897,2872,2854,2840,2843,515,2903,2892,2897,2886,2872,2855,2845,520,532,539,589,2941,2895,2844,2878
TOF,8,298,298,308,315,2787,2573,2719,2763,2383,336,367,2665,2805,2795,2733,2806,2877,2675,2827,2847,2849,2813,2798,2799,2831,2880,2872,2855,2839,2829,2814,2716,2911,2897,2905,2883,2861,2836,2825,2809,2955,2909,2898,2864,2853,2853,2834,2832,2934,2949,2899,2879,2888,2881,2869,2842,528,531,547,564,2891,2889,2885,2873
TOF,8,296,295,305,313,2748,2595,2703,2743,355,344,389,2661,2797,2780,2719,2774,2790,2690,2805,2851,2853,2826,2776,2790,2786,2881,2845,2854,2841,2818,2809,2691,2930,2914,2903,2872,2864,2845,2830,2772,2934,2893,2905,2876,2839,2854,2846,2831,2919,2928,2903,2914,2883,2882,2842,2877,522,540,544,570,2919,2887,2879,2930
TOF,8,297,302,304,307,2680,2592,2752,2780,347,349,370,2628,2800,2773,2690,2790,2831,2664,2825,2837,2816,2827,2764,2800,2808,2880,2874,2850,2835,2824,2822,2693,2926,2900,2889,2881,2867,2834,2817,2767,2922,2899,2886,2885,2892,2866,2848,2825,507,559,2894,2905,2890,2857,2856,2829,525,542,545,557,2907,2900,2906,2844
TOF,8,293,295,301,307,2720,2583,2760,2775,2390,338,372,2633,2821,2793,2754,2795,2781,2673,2771,2822,2837,2823,2736,2811,2797,2863,2871,2863,2871,2841,2831,2732,2920,2902,2895,2866,2842,2845,2815,2800,2917,2895,2905,2892,2864,2843,2838,2839,2894,2942,2918,2894,2874,2844,2853,2845,523,535,541,563,2907,2914,2893,2848
TOF,8,293,297,299,307,2732,2609,2742,2791,2406,346,382,2657,2797,2810,2763,2803,2827,2661,2788,2839,2838,2820,2785,2776,2829,2874,2867,2864,2846,2826,2811,2813,2900,2900,2892,2866,2859,2844,2844,2767,2923,2891,2926,2885,2855,2850,2827,2816,2929,2956,2910,2887,2872,2870,2834,2860,529,538,537,589,2895,2906,2903,2886
TOF,8,291,300,305,307,2654,2602,2747,2793,2393,348,369,2631,2761,2802,2708,2768,2857,2734,2787,2841,2838,2829,2762,2800,2790,2849,2865,2856,2853,2818,2810,2740,2902,2879,2887,2862,2861,2823,2836,2806,2906,2881,2888,2885,2885,2872,2851,2838,2921,2914,2925,2898,2878,2874,2853,2854,523,545,543,563,2917,2881,2897,2920
TOF,8,296,294,301,312,2593,2595,2742,2775,2358,339,366,2634,2791,2765,2730,2809,2825,2692,2808,2847,2825,2807,2721,2803,2776,2863,2879,2863,2866,2834,2810,2700,2911,2893,2869,2874,2840,2837,2827,2778,2916,2879,2902,2895,2872,2860,2826,2848,2889,2935,2909,2908,2866,2868,2881,2868,538,534,532,574,2908,2882,2869,2880
TOF,8,291,302,300,309,2530,2599,2740,2795,367,346,368,2608,2763,2803,2743,2812,2866,2699,2805,2835,2839,2792,2742,2821,2832,2866,2863,2853,2827,2829,2804,2763,2929,2892,2864,2857,2870,2845,2825,2811,2911,2877,2878,2876,2857,2851,2875,2842,533,2932,2920,2892,2872,2856,2843,2847,535,535,538,575,2880,2907,2872,2885
TOF,8,297,299,305,310,2593,2597,2718,2814,2373,349,376,2685,2783,2798,2732,2777,2855,2702,2790,2850,2832,2818,2741,2805,2805,2874,2868,2867,2823,2815,2824,2812,2941,2927,2876,2852,2851,2839,2809,2795,2945,2917,2905,2876,2865,2851,2864,2809,501,2936,2897,2905,2884,2868,2857,2880,525,535,551,557,2917,2878,2889,2901
TOF,8,299,296,300,303,2742,2595,2698,2799,2357,337,366,2639,2765,2796,2712,2795,2843,2716,2770,2843,2850,2829,2754,2750,2782,2882,2885,2867,2870,2841,2804,2752,2924,2901,2846,2874,2856,2829,2835,2766,2934,2920,2895,2886,2863,2843,2839,2841,2912,2942,2920,2876,2867,2855,2853,2844,531,530,545,566,2910,2896,2892,2874
TOF,8,300,299,304,305,2583,2599,2712,2809,2347,343,380,2618,2804,2785,2745,2800,2821,2696,2774,2847,2811,2829,2740,2759,2823,2880,2879,2864,2839,2820,2813,2730,2921,2892,2867,2858,2849,2832,2816,2784,2948,2929,2915,2882,2870,2864,2837,2827,2917,2954,2893,2896,2883,2872,2863,2854,521,542,554,577,2889,2908,2864,2911
TOF,8,298,295,303,301,2633,2611,2690,2769,347,339,381,2635,2795,2776,2709,2798,2772,2662,2781,2838,2839,2823,2725,2788,2772,2889,2857,2859,2855,2839,2812,2694,2939,2924,2883,2874,2849,2827,2824,2777,2957,2926,2899,2892,2873,2872,2834,2829,2920,2948,2890,2881,2869,2868,2848,2875,531,552,538,564,2894,2913,2873,2886
TOF,8,295,302,307,312,2574,2610,2760,2769,370,339,371,2718,2762,2799,2732,2785,2765,2651,2824,2825,2850,2815,2746,2802,2770,2875,2869,2861,2846,2829,2808,2724,2906,2909,2891,2875,2867,2835,2838,2758,2932,2874,2907,2887,2871,2865,2837,2806,2912,2946,2931,2901,2873,2863,2869,2845,521,545,546,580,2909,2919,2864,2862
TOF,8,294,294,302,306,2564,2591,2697,2787,2359,336,366,2689,2771,2776,2721,2778,2813,2688,2808,2843,2828,2831,2752,2793,2863,2869,2859,2853,2855,2850,2815,2762,2946,2906,2890,2904,2851,2827,2838,2848,2913,2920,2892,2878,2892,2858,2846,2803,2925,2969,2910,2884,2885,2879,2862,2872,531,548,545,577,2911,2890,2870,2877
TOF,8,294,295,304,307,2561,2595,2701,2778,2373,345,363,2636,2781,2785,2722,2798,2825,2680,2821,2857,2826,2819,2716,2792,2804,2870,2887,2857,2828,2828,2813,2656,2967,2898,2896,2870,2845,2842,2833,2771,2936,2910,2898,2884,2861,2843,2837,2836,2913,2951,2912,2873,2880,2873,2870,2851,543,556,559,590,2898,2886,2876,2907
TOF,8,299,297,301,304,2743,2610,2728,2747,332,338,369,2611,2792,2788,2639,2809,2868,2669,2781,2851,2844,2785,2760,2764,2792,2874,2880,2854,2844,2816,2830,2749,2937,2924,2900,2884,2860,2839,2834,2784,2970,2912,2895,2870,2874,2878,2846,2807,2946,2953,2890,2894,2874,2873,2846,2855,548,561,572,603,2903,2890,2920,2889
TOF,8,296,298,308,310,2707,2586,2812,2773,2381,344,365,2657,2771,2790,2616,2788,2868,2640,2771,2855,2834,2816,2783,2778,2782,2879,2857,2858,2839,2818,2817,2723,2945,2904,2900,2874,2868,2836,2837,2780,2930,2894,2907,2884,2860,2881,2836,2837,2977,2927,2919,2903,2906,2867,2875,2861,572,580,596,619,2923,2891,2867,2908
TOF,8,289,296,299,307,2710,2586,2749,2821,2366,338,361,2652,2755,2783,2717,2765,2864,2667,2816,2833,2833,2801,2813,2810,2736,2884,2878,2854,2836,2867,2800,2757,2949,2925,2885,2881,2854,2850,2827,2782,2948,2923,2892,2876,2892,2862,2867,2821,2948,2937,2900,2902,2864,2874,2878,2862,594,593,619,2892,2912,2869,2918,2857
TOF,8,297,300,297,304,2709,2560,2734,2768,2371,340,363,2612,2779,2796,2746,2811,2851,2660,2793,2835,2813,2807,2757,2797,2789,2879,2885,2857,2829,2848,2812,2816,2934,2898,2888,2875,2866,2863,2834,2802,2962,2932,2898,2880,2875,2852,2838,2836,2920,629,2930,2908,2888,2880,2862,2856,608,623,644,2928,2914,2879,2875,2876
TOF,8,294,299,302,308,2596,2596,2712,2798,2356,338,365,2636,2787,2786,2779,2783,2890,2675,2792,2850,2817,2796,2766,2767,2836,2867,2851,2855,2859,2843,2804,2726,2921,2920,2870,2872,2856,2835,2817,2822,2921,2936,2912,2883,2876,2881,2844,2820,2950,717,2914,2891,2890,2871,2864,2856,615,655,685,2937,2918,2897,2882,2867
TOF,8,293,298,303,307,2630,2594,2718,2787,2374,329,368,2558,2799,2770,2711,2771,2816,2678,2761,2842,2834,2797,2756,2800,2773,2893,2888,2865,2851,2848,2792,2749,2954,2919,2891,2870,2862,2837,2818,2773,2928,2917,2895,2896,2869,2864,2841,2837,2930,2905,2907,2903,2893,2865,2864,2872,642,689,733,2918,2917,2889,2875,2917
TOF,8,293,300,302,310,2689,2581,2742,2780,2380,332,381,2647,2782,2788,2651,2792,2787,2664,2791,2836,2818,2818,2743,2794,2768,2891,2877,2831,2852,2829,2809,2739,2938,2895,2888,2876,2869,2820,2824,2793,2957,2913,2895,2897,2856,2848,2836,2847,2905,2937,2898,2917,2870,2871,2842,2874,669,728,785,2930,2881,2892,2867,2902
TOF,8,291,300,306,306,2738,2599,2711,2779,2400,334,366,2655,2806,2780,2718,2814,2825,2657,2806,2842,2827,2794,2740,2752,2755,2876,2867,2831,2848,2835,2824,2701,2919,2906,2890,2867,2847,2834,2817,2793,2921,2914,2904,2891,2885,2843,2839,2823,2926,2938,2916,2875,2866,2858,2847,2843,706,775,2934,2930,2907,2887,2885,2884
TOF,8,290,296,307,304,2616,2580,2752,2786,2350,334,352,2663,2788,2793,2703,2785,2867,2639,2779,2828,2824,2802,2711,2791,2706,2902,2864,2855,2861,2824,2800,2720,2939,2897,2886,2869,2848,2840,2822,2751,2933,2918,2905,2868,2902,2862,2847,2834,2906,2950,2907,2921,2898,2850,2852,2845,726,812,2959,2899,2888,2901,2886,2831
TOF,8,294,297,310,307,2717,2591,2718,2785,2355,342,365,2662,2802,2776,2673,2781,2813,2702,2786,2848,2836,2791,2754,2806,2757,2891,2876,2875,2853,2835,2807,2722,2932,2910,2906,2879,2851,2835,2815,2758,2945,2910,2881,2880,2833,2859,2837,2830,2958,2949,2917,2885,2870,2850,2845,2865,768,856,2939,2908,2906,2900,2881,2865
TOF,8,294,293,308,298,2707,2596,2737,2814,2343,336,345,389,2759,2791,2705,2776,2798,2674,2767,2848,2804,2809,2746,2787,2760,2877,2886,2871,2871,2857,2827,2765,2908,2897,2892,2859,2850,2838,2831,2781,2933,2901,2917,2907,2881,2860,2834,2817,2906,2946,2907,2909,2880,2868,2861,2879,778,2949,2952,2921,2917,2913,2890,2887
TOF,8,292,301,307,306,2753,2571,2776,2803,2386,342,364,387,2789,2787,2578,2805,2828,2668,2757,2842,2825,2814,2731,2793,2855,2879,2875,2854,2824,2841,2812,2737,2958,2899,2907,2861,2867,2857,2809,2790,2970,2911,2887,2902,2864,2851,2861,2841,2978,2935,2913,2904,2872,2876,2860,2855,804,2983,2943,2954,2888,2886,2868,2908
TOF,8,294,295,305,299,2709,2561,2691,2794,2381,321,378,2625,2775,2798,2656,2775,2897,2673,2761,2848,2824,2831,2737,2826,2773,2876,2875,2867,2846,2839,2829,2691,2931,2926,2874,2861,2844,2831,2820,2774,2935,2892,2898,2880,2873,2870,2833,2840,2921,2971,2907,2893,2889,2858,2871,2853,810,2960,2950,2929,2931,2893,2887,2844
TOF,8,297,296,310,302,2600,2590,2717,2789,2366,336,365,2630,2786,2790,2663,2810,2844,2685,2787,2843,2823,2819,2782,2762,2792,2868,2850,2855,2831,2830,2820,2700,2936,2926,2877,2869,2876,2847,2852,2818,2942,2916,2907,2886,2884,2860,2841,2818,2927,2967,2902,2908,2873,2861,2855,2857,837,2949,2956,2945,2926,2905,2892,2855
TOF,8,291,297,305,306,2610,2583,2697,2775,2352,342,373,2617,2799,2777,2700,2803,2814,2684,2772,2835,2840,2794,2781,2775,2837,2884,2887,2875,2839,2809,2807,2704,2948,2893,2903,2873,2862,2844,2826,2792,2940,2915,2887,2874,2856,2844,2844,2830,2942,2922,2926,2906,2902,2852,2859,2868,866,2947,2968,2950,2908,2902,2835,2874
TOF,8,293,298,313,308,2709,2562,2740,2788,2330,342,370,2629,2795,2801,2703,2779,2826,2664,2817,2855,2817,2811,2761,2818,2751,2891,2873,2847,2845,2833,2818,2723,2898,2888,2888,2885,2859,2856,2842,2778,2940,2901,2901,2899,2876,2846,2842,2844,2902,2936,2906,2896,2877,2868,2838,2865,873,2962,2941,2922,2931,2920,2919,2893
TOF,8,291,295,302,299,2725,2540,2742,2763,2406,324,362,2583,2806,2777,2670,2792,2812,2695,2795,2846,2829,2814,2771,2759,2650,2867,2874,2848,2842,2815,2809,2731,2931,2914,2890,2867,2837,2847,2835,2816,2917,2894,2895,2896,2888,2855,2852,2831,2924,2928,2953,2898,2893,2863,2857,2854,872,2962,2985,2911,2910,2887,2897,2881
TOF,8,292,299,304,301,2830,2599,2734,2782,2368,330,357,2684,2797,2774,2676,2800,2794,2704,2803,2829,2832,2815,2754,2761,2802,2898,2877,2866,2843,2805,2796,2635,2915,2907,2888,2888,2847,2842,2837,2780,2947,2928,2905,2888,2873,2838,2838,2861,2903,2941,2919,2921,2878,2886,2865,2861,902,2958,2933,2954,2881,2908,2872,2892
TOF,8,289,295,298,304,2636,2599,2757,2788,2360,342,361,2715,2793,2781,2652,2800,2773,2679,2810,2842,2810,2826,2759,2797,2791,2877,2874,2865,2844,2839,2786,2732,2921,2916,2895,2877,2855,2834,2813,2854,2940,2899,2897,2873,2876,2855,2819,2813,2937,2962,2904,2891,2894,2872,2869,2858,941,2940,2937,2947,2898,2884,2881,2895
TOF,8,292,297,300,303,2540,2585,2690,2783,2348,330,352,2634,2777,2804,2670,2792,2808,2647,2820,2847,2825,2828,2771,2770,2793,2877,2871,2863,2844,2837,2830,2694,2935,2902,2887,2885,2850,2859,2805,2805,2941,2915,2908,2897,2841,2848,2853,2821,2926,2938,2934,2893,2870,2862,2843,2854,916,2988,2948,2913,2912,2888,2885,2927
TOF,8,290,293,302,297,2661,2550,2751,2789,2397,329,366,2612,2815,2789,2717,2792,2822,2675,2763,2843,2818,2809,2773,2786,2798,2863,2871,2853,2840,2833,2813,2757,2947,2927,2904,2862,2837,2842,2831,2773,2953,2914,2917,2908,2887,2849,2840,2828,2945,2949,2925,2908,2880,2865,2866,2848,2771,2938,2958,2932,2898,2887,2924,2891
TOF,8,294,299,304,301,2619,2610,2694,2742,2364,335,362,2663,2772,2770,2714,2794,2840,2668,2820,2851,2821,2800,2764,2812,2772,2881,2867,2844,2854,2818,2804,2718,2907,2858,2890,2880,2857,2832,2795,2834,2933,2917,2917,2906,2862,2852,2840,2862,2949,2926,2921,2918,2892,2858,2840,2864,2865,2933,2940,2925,2897,2899,2897,2876
TOF,8,289,294,303,302,2706,2589,2742,2799,2347,332,366,2644,2788,2788,2764,2769,2853,2650,2797,2855,2833,2822,2757,2782,2792,2890,2879,2864,2828,2856,2810,2801,2937,2906,2871,2877,2857,2843,2809,2792,2952,2956,2899,2876,2876,2855,2824,2802,2920,2952,2904,2916,2868,2839,2834,2861,2972,2972,2958,2938,2893,2904,2858,2858
TOF,8,290,299,307,304,2735,2572,2704,2772,2347,340,378,372,2769,2777,2672,2764,2914,2683,2765,2836,2823,2806,2729,2799,2749,2871,2877,2856,2843,2828,2810,2720,2930,2904,2904,2881,2869,2838,2820,2807,2943,2906,2879,2900,2856,2871,2838,2837,2955,2938,2933,2883,2879,2864,2859,2852,2993,2955,2938,2931,2904,2876,2882,2870
TOF,8,291,294,302,301,2587,2609,2724,2769,2365,330,363,2637,2781,2768,2686,2819,2804,2699,2795,2843,2863,2797,2777,2761,2806,2886,2887,2866,2847,2825,2804,2650,2935,2891,2866,2866,2856,2846,2816,2787,2941,2927,2896,2894,2886,2845,2841,2850,2947,2921,2918,2921,2878,2840,2854,2849,3009,2957,2954,2916,2925,2908,2874,2870
TOF,8,292,295,306,307,2725,2580,2726,2789,2398,340,366,2595,2768,2790,2683,2809,2837,2671,2828,2845,2827,2802,2761,2781,2806,2873,2863,2850,2858,2847,2821,2739,2954,2924,2876,2874,2833,2850,2829,2815,2923,2907,2882,2884,2896,2840,2839,2830,2929,2935,2892,2892,2890,2871,2875,2864,2921,2939,2953,2926,2924,2901,2887,2880
TOF,8,291,294,299,308,2637,2565,2719,2761,2365,334,362,2636,2794,2802,2721,2805,2830,2688,2765,2824,2827,2811,2764,2768,2727,2850,2873,2880,2829,2797,2785,2634,2913,2899,2884,2867,2865,2825,2823,2820,2941,2916,2882,2884,2879,2842,2863,2835,2918,2898,2923,2912,2876,2877,2848,2864,2997,2942,2939,2920,2894,2888,2902,2874
TOF,8,294,295,304,304,2603,2589,2716,2791,2372,338,366,2628,2791,2795,2711,2772,2827,2670,2764,2827,2815,2822,2740,2784,2788,2864,2869,2867,2841,2837,2828,2691,2924,2892,2887,2865,2847,2844,2837,2773,2922,2927,2901,2881,2879,2854,2843,2825,2924,2960,2912,2889,2886,2875,2859,2841,3013,2953,2924,2902,2905,2901,2900,2936
TOF,8,288,295,303,310,2789,2587,2709,2766,2350,346,355,2626,2776,2780,2737,2795,2774,2656,2780,2857,2835,2792,2746,2777,2730,2881,2878,2880,2843,2835,2810,2773,2927,2901,2882,2859,2865,2825,2844,2772,2954,2933,2910,2896,2878,2848,2864,2827,2923,2932,2916,2894,2878,2848,2831,2882,2952,2945,2950,2899,2899,2896,2856,2916
TOF,8,292,295,300,304,2757,2577,2735,2799,2387,335,368,2622,2788,2784,2700,2776,2860,2666,2791,2839,2825,2809,2766,2810,2787,2897,2856,2849,2843,2809,2818,2756,2955,2896,2885,2846,2858,2847,2817,2819,2954,2914,2915,2889,2863,2847,2836,2803,2939,2954,2910,2911,2905,2871,2853,2864,2910,2945,2934,2934,2901,2904,2888,2878
TOF,8,285,293,296,307,2735,2547,2739,2788,2384,338,352,2657,2799,2792,2705,2784,2805,2704,2813,2845,2831,2821,2743,2749,2779,2867,2868,2867,2860,2824,2793,2720,2887,2909,2887,2902,2853,2844,2816,2791,2929,2922,2900,2889,2869,2853,2850,2847,2931,2954,2924,2905,2872,2891,2855,2873,2939,2965,2977,2919,2919,2850,2899,2874
TOF,8,296,296,302,305,2810,2601,2703,2779,327,330,367,2616,2771,2794,2711,2753,2852,2680,2791,2839,2836,2818,2774,2776,2750,2885,2873,2870,2837,2830,2794,2691,2915,2924,2889,2889,2857,2840,2818,2755,2947,2917,2901,2880,2870,2860,2841,2841,2952,2954,2922,2885,2901,2868,2860,2865,2971,2965,2928,2931,2915,2896,2888,2906
TOF,8,290,296,303,307,2673,2624,2761,2765,2345,333,358,405,2787,2793,2731,2804,2798,2662,2754,2846,2815,2811,2728,2792,2742,2863,2866,2858,2846,2832,2831,2759,2946,2895,2875,2861,2850,2836,2840,2754,2945,2916,2917,2877,2871,2850,2830,2865,2958,2908,2926,2896,2889,2849,2854,2866,3028,2964,2954,2927,2914,2921,2885,2907
TOF,8,293,297,301,302,2678,2578,2717,2798,2321,336,362,2663,2776,2785,2705,2786,2826,2691,2801,2828,2818,2815,2737,2782,2797,2874,2864,2853,2849,2838,2796,2779,2942,2899,2895,2891,2871,2831,2827,2816,2935,2933,2879,2880,2846,2839,2824,2823,2941,2966,2926,2924,2857,2866,2848,2859,2914,2980,2967,2925,2890,2908,2918,2889
TOF,8,293,293,299,308,2730,2609,2747,2807,2370,335,353,2662,2792,2802,2707,2781,2858,2711,2779,2818,2834,2814,2764,2781,2747,2866,2876,2852,2854,2839,2812,2773,2913,2901,2870,2878,2848,2856,2806,2779,2919,2901,2912,2874,2880,2835,2845,2854,2931,2929,2929,2896,2891,2850,2873,2878,3016,2959,2945,2925,2905,2881,2872,2882
TOF,8,291,293,305,311,2712,2566,2712,2795,2382,337,374,2653,2792,2785,2741,2775,2851,2691,2820,2850,2825,2808,2752,2792,2777,2888,2881,2870,2830,2835,2808,2744,2937,2907,2897,2862,2868,2838,2853,2792,2919,2886,2891,2876,2881,2842,2842,2823,2939,2939,2912,2892,2884,2874,2870,2844,2917,2961,2939,2900,2922,2896,2878,2895
TOF,8,286,297,301,308,2759,2540,2729,2782,2362,331,354,394,2757,2811,2690,2769,2869,2669,2819,2844,2827,2824,2798,2783,2740,2891,2859,2855,2834,2827,2823,2685,2887,2900,2867,2872,2856,2836,2834,2783,2926,2887,2897,2865,2890,2865,2836,2840,2912,2942,2902,2885,2881,2876,2835,2862,2972,2976,2916,2915,2899,2901,2909,2898
TOF,8,291,295,302,303,2774,2612,2714,2789,2362,327,361,2603,2821,2788,2742,2790,2774,2683,2794,2844,2836,2812,2750,2763,2719,2878,2870,2851,2842,2819,2817,2758,2941,2902,2895,2874,2866,2849,2822,2769,2942,2939,2886,2898,2874,2845,2843,2826,2928,2947,2903,2898,2890,2875,2859,2862,2995,2968,2943,2922,2909,2882,2909,2865
TOF,8,290,297,299,304,2632,2580,2724,2794,2334,325,366,2635,2771,2798,2754,2793,2786,2689,2760,2841,2841,2802,2789,2797,2763,2884,2886,2876,2833,2818,2801,2707,2937,2906,2860,2884,2856,2835,2818,2774,2948,2913,2874,2892,2884,2847,2844,2824,2942,2949,2924,2903,2891,2844,2842,2885,3038,2927,2947,2907,2901,2888,2898,2918
TOF,8,297,298,308,310,2537,2578,2684,2740,332,340,387,352,2785,2789,2826,2808,2777,2696,2785,2848,2814,2775,2780,2790,2812,2865,2866,2877,2851,2817,2795,2700,2930,2927,2886,2875,2859,2848,2815,2790,2943,2905,2897,2890,2861,2876,2847,2823,2876,2929,2907,2907,2893,2878,2867,2859,2865,2935,2954,2928,2912,2881,2890,2881
TOF,8,288,293,303,306,2706,2608,2731,2739,2360,333,359,2633,2788,2791,2722,2776,2851,2656,2803,2839,2853,2809,2745,2800,2771,2873,2871,2871,2872,2821,2812,2760,2931,2921,2868,2846,2858,2835,2845,2794,2938,2920,2899,2885,2902,2843,2836,2834,2956,2958,2927,2908,2879,2850,2847,2873,2907,2967,2952,2940,2880,2885,2893,2850
TOF,8,289,297,309,307,2716,2586,2742,2803,2360,336,376,2620,2788,2795,2672,2790,2817,2643,2764,2852,2822,2818,2774,2797,2735,2873,2866,2869,2840,2834,2815,2734,2934,2901,2892,2901,2853,2834,2844,2800,2942,2930,2903,2890,2862,2867,2839,2848,2939,2957,2910,2889,2879,2870,2870,2870,2899,2970,2924,2929,2911,2889,2920,2885
TOF,8,292,295,303,301,2590,2597,2752,2805,2322,337,374,2640,2799,2770,2781,2783,2843,2661,2799,2851,2829,2814,2732,2777,2764,2875,2857,2857,2842,2836,2807,2728,2950,2942,2864,2879,2842,2852,2820,2811,2959,2946,2893,2887,2863,2846,2826,2847,2929,2924,2911,2882,2886,2867,2882,2842,2936,2958,2930,2944,2905,2890,2900,2869
TOF,8,293,301,306,312,2596,2589,2790,2782,2346,344,375,2638,2796,2789,2754,2800,2824,2648,2793,2826,2822,2839,2756,2775,2808,2882,2874,2851,2846,2830,2810,2739,2908,2890,2870,2854,2849,2845,2835,2755,2967,2921,2910,2890,2873,2860,2861,2818,2937,2968,2921,2887,2886,2855,2873,2864,2956,2922,2956,2910,2916,2891,2898,2856
TOF,8,292,300,301,304,2640,2553,2753,2802,2354,338,361,2629,2800,2824,2688,2785,2813,2680,2805,2822,2827,2814,2736,2767,2832,2878,2874,2869,2849,2827,2833,2727,2947,2921,2872,2859,2866,2830,2833,2788,2950,2905,2888,2887,2859,2873,2848,2849,2918,2940,2907,2912,2885,2875,2835,2845,2923,2954,2913,2929,2908,2903,2879,2880
TOF,8,288,297,307,303,2680,2603,2719,2798,2402,333,362,2657,2787,2790,2678,2794,2838,2663,2798,2844,2813,2812,2706,2810,2780,2860,2874,2878,2842,2827,2791,2735,2944,2912,2861,2859,2869,2833,2831,2798,2951,2907,2877,2917,2870,2866,2844,2833,2902,2954,2905,2896,2871,2857,2858,2842,2900,2965,2954,2925,2893,2880,2882,2898
TOF,8,291,296,306,301,2802,2584,2704,2732,2354,338,355,2652,2808,2783,2685,2778,2832,2691,2793,2831,2844,2803,2732,2789,2784,2880,2873,2870,2844,2819,2799,2709,2914,2924,2887,2890,2845,2839,2826,2816,2943,2927,2894,2886,2880,2833,2830,2815,2945,2925,2922,2929,2903,2874,2854,2863,2970,2981,2931,2931,2909,2897,2873,2888
TOF,8,290,302,307,310,2665,2587,2712,2805,2370,337,363,2660,2787,2801,2692,2770,2826,2674,2775,2846,2835,2810,2761,2828,2753,2880,2878,2856,2867,2829,2810,2750,2934,2894,2876,2873,2854,2851,2810,2805,2937,2928,2896,2903,2855,2851,2858,2824,2906,2944,2921,2874,2911,2862,2859,2858,2933,2935,2966,2918,2931,2893,2893,2870
TOF,8,291,294,305,300,2689,2585,2739,2740,2383,323,355,2608,2766,2775,2733,2775,2838,2653,2758,2849,2843,2796,2764,2773,2838,2891,2867,2862,2831,2820,2813,2751,2926,2871,2911,2872,2849,2839,2812,2788,2921,2909,2871,2890,2873,2837,2850,2836,2933,2946,2897,2887,2866,2880,2857,2846,2940,2948,2940,2917,2910,2879,2902,2896
TOF,8,292,293,301,305,2686,2575,2746,2748,2416,326,348,378,2786,2815,2713,2774,2855,2667,2802,2847,2840,2800,2748,2792,2756,2886,2873,2855,2844,2826,2804,2717,2970,2897,2898,2856,2852,2841,2819,2810,2926,2914,2899,2882,2875,2870,2854,2859,2910,2960,2912,2901,2917,2875,2845,2864,2867,2981,2947,2921,2905,2928,2915,2887
TOF,8,291,295,306,304,2641,2567,2729,2817,333,329,356,2594,2785,2774,2683,2814,2872,2704,2807,2853,2839,2820,2716,2749,2796,2875,2855,2843,2860,2816,2808,2722,2952,2885,2889,2855,2849,2850,2844,2747,2917,2912,2902,2883,2865,2839,2849,2847,2930,2939,2913,2881,2873,2859,2873,2858,2942,2954,2937,2916,2923,2902,2891,2898
TOF,8,290,295,303,308,2743,2582,2712,2780,2390,325,366,2628,2769,2789,2741,2776,2837,2660,2745,2832,2829,2808,2774,2783,2735,2861,2889,2856,2849,2850,2824,2743,2971,2906,2886,2865,2859,2836,2817,2799,2923,2900,2900,2889,2882,2847,2840,2809,2908,2955,2926,2896,2860,2854,2843,2855,2945,2953,2923,2926,2925,2900,2891,2877
TOF,8,286,291,301,306,2664,2591,2743,2815,315,339,368,2628,2779,2799,2715,2803,2860,2669,2770,2829,2831,2796,2747,2794,2811,2865,2861,2845,2837,2814,2799,2773,2933,2923,2893,2877,2859,2837,2812,2812,2940,2901,2894,2862,2877,2872,2855,2840,2947,2901,2924,2889,2899,2853,2844,2871,2935,2951,2937,2910,2892,2900,2866,2873
TOF,8,291,299,302,310,2757,2601,2731,2785,2355,336,369,2627,2796,2812,2719,2786,2832,2725,2775,2841,2824,2804,2762,2767,2764,2878,2876,2858,2849,2830,2826,2793,2930,2914,2873,2874,2861,2819,2817,2808,2941,2891,2912,2895,2880,2831,2820,2833,2930,2914,2915,2879,2911,2859,2850,2844,2839,2952,2954,2904,2913,2893,2885,2880
TOF,8,290,296,302,300,2753,2587,2723,2772,2375,343,365,2760,2820,2790,2730,2793,2780,2678,2776,2841,2835,2804,2793,2797,2769,2902,2862,2867,2846,2813,2796,2814,2915,2915,2868,2868,2844,2849,2823,2805,2930,2905,2889,2906,2870,2862,2855,2821,2904,2944,2920,2905,2870,2855,2860,2861,3035,2949,2932,2907,2882,2899,2869,2896
TOF,8,288,296,300,311,2690,2571,2710,2760,2386,340,366,2651,2766,2780,2700,2756,2772,2655,2753,2834,2830,2824,2721,2810,2737,2885,2882,2864,2840,2846,2816,2730,2922,2902,2879,2867,2851,2857,2826,2780,2959,2922,2902,2903,2900,2855,2828,2839,2950,2945,2920,2912,2869,2868,2874,2850,2914,2958,2952,2931,2901,2889,2855,2897
TOF,8,288,299,298,306,2631,2580,2729,2754,2374,338,349,2655,2817,2779,2794,2802,2821,2672,2818,2829,2833,2809,2737,2799,2845,2866,2868,2872,2845,2840,2790,2696,2916,2884,2885,2857,2866,2830,2811,2813,2926,2927,2906,2889,2879,2838,2839,2819,2932,2949,2916,2880,2880,2845,2862,2887,2864,2950,2949,2909,2919,2896,2902,2854
TOF,8,285,299,300,303,2661,2583,2739,2736,2391,336,359,2611,2798,2782,2647,2795,2772,2683,2838,2846,2825,2838,2722,2800,2794,2879,2865,2861,2833,2842,2813,2638,2921,2895,2901,2876,2883,2846,2821,2798,2940,2916,2886,2897,2860,2845,2826,2800,2916,2952,2912,2924,2875,2853,2897,2854,2869,2936,2943,2905,2895,2893,2885,2873
TOF,8,294,292,299,308,2726,2591,2714,2756,340,342,368,2618,2789,2765,2738,2785,2824,2673,2813,2835,2831,2835,2719,2778,2744,2874,2876,2868,2836,2834,2803,2755,2946,2874,2900,2872,2852,2834,2816,2805,2915,2956,2907,2873,2874,2861,2842,2850,2896,2939,2902,2895,2880,2843,2837,2847,2933,2934,2937,2944,2899,2897,2912,2911
TOF,8,292,307,304,313,2611,2550,2712,2794,2379,332,362,2636,2812,2798,2814,2807,2924,2647,2795,2851,2807,2806,2745,2779,2768,2893,2861,2841,2850,2823,2816,2658,2913,2894,2894,2872,2855,2841,2827,2816,2926,2906,2899,2882,2875,2881,2843,2833,2932,2946,2898,2887,2909,2864,2873,2867,2829,2946,2944,2898,2903,2924,2878,2886
TOF,8,291,302,308,314,2613,2582,2746,2798,2378,327,378,2614,2772,2774,2769,2800,2696,2664,2768,2845,2829,2830,2753,2765,2843,2884,2887,2849,2847,2838,2812,2737,2946,2914,2875,2855,2857,2832,2821,2811,2921,2936,2902,2875,2867,2848,2846,2835,2947,2968,2914,2931,2894,2861,2853,2837,2944,2907,2952,2912,2896,2896,2876,2873
TOF,8,298,298,312,324,2731,2562,2748,2755,2369,346,374,2636,2783,2781,2626,2796,2825,2659,2786,2840,2836,2817,2763,2790,2791,2880,2871,2857,2831,2840,2801,2724,2922,2924,2893,2881,2856,2838,2840,2791,2910,2894,2900,2890,2877,2857,2829,2837,2966,2944,2913,2906,2876,2859,2837,2856,2884,2909,2926,2919,2905,2912,2886,2887
TOF,8,304,306,319,323,2760,2577,2728,2782,2404,345,368,2662,2776,2770,2724,2787,2776,2664,2780,2860,2825,2829,2751,2789,2754,2869,2863,2868,2847,2837,2819,2770,2940,2877,2870,2883,2875,2830,2842,2791,2958,2884,2895,2891,2854,2862,2837,2840,2935,2945,2922,2915,2872,2867,2854,2861,2991,2943,2964,2922,2928,2900,2902,2857
TOF,8,319,320,323,360,2779,2556,2749,2785,2350,360,362,2655,2798,2786,2737,2798,2753,2657,2772,2844,2829,2820,2764,2791,2813,2883,2867,2859,2846,2825,2811,2750,2947,2911,2895,2890,2856,2855,2824,2827,2949,2928,2910,2893,2842,2853,2842,2830,2937,2932,2934,2891,2874,2871,2835,2845,3041,2970,2947,2925,2899,2919,2864,2852
TOF,8,321,325,332,346,2705,2575,2683,2786,2356,344,2641,2630,2812,2806,2718,2817,2831,2684,2809,2850,2833,2838,2773,2812,2851,2900,2878,2864,2853,2848,2811,2783,2934,2910,2864,2875,2848,2857,2817,2819,2960,2937,2899,2891,2862,2851,2831,2816,2906,2959,2912,2900,2881,2881,2869,2859,2871,2950,2952,2921,2921,2917,2900,2888
TOF,8,337,335,352,398,2658,2578,2752,2766,2362,2854,2720,2633,2767,2793,2700,2800,2841,2678,2793,2856,2827,2829,2769,2770,2767,2890,2855,2851,2843,2832,2824,2826,2948,2895,2883,2874,2875,2834,2822,2764,2941,2890,2897,2884,2869,2864,2844,2839,2913,2949,2900,2913,2892,2863,2852,2866,2966,2959,2943,2944,2890,2902,2858,2874
TOF,8,341,348,356,2785,2665,2593,2721,2788,2402,2776,2720,2617,2805,2769,2663,2765,2761,2683,2813,2848,2830,2794,2744,2790,2778,2886,2852,2861,2848,2817,2811,2711,2950,2918,2868,2879,2850,2820,2817,2777,2930,2904,2885,2855,2881,2832,2838,2835,2913,2958,2900,2886,2895,2869,2860,2850,2976,2952,2954,2949,2919,2892,2837,2870
TOF,8,352,367,404,2767,2618,2580,2755,2785,2374,2837,2688,2586,2805,2779,2611,2795,2873,2684,2773,2853,2832,2814,2754,2795,2759,2890,2870,2872,2841,2817,2811,2755,2950,2912,2878,2867,2875,2845,2825,2788,2933,2916,2899,2866,2892,2852,2833,2832,2929,2926,2909,2915,2887,2858,2855,2871,2974,2944,2982,2910,2900,2881,2894,2876
TOF,8,363,380,414,2713,2700,2596,2758,2772,2377,2811,2674,2645,2807,2779,2710,2800,2803,2618,2784,2843,2839,2832,2749,2797,2796,2876,2848,2845,2844,2831,2802,2737,2909,2893,2879,2870,2854,2831,2817,2809,2945,2924,2902,2877,2864,2863,2845,2828,2919,2955,2927,2882,2884,2866,2846,2846,3000,2965,2941,2887,2899,2896,2910,2882
TOF,8,371,401,419,2767,2580,2602,2737,2789,2356,2819,2682,2665,2801,2805,2690,2771,2789,2625,2806,2857,2823,2811,2754,2792,2803,2874,2863,2863,2841,2817,2814,2671,2948,2910,2887,2877,2864,2849,2816,2820,2948,2922,2896,2901,2850,2848,2839,2827,2935,2942,2918,2890,2865,2859,2867,2854,2951,2951,2942,2897,2924,2904,2901,2902
TOF,8,388,417,419,2804,2654,2563,2723,2800,2398,2715,2712,2641,2802,2774,2701,2802,2848,2655,2763,2844,2832,2806,2762,2787,2806,2888,2883,2861,2857,2814,2801,2745,2918,2912,2875,2852,2853,2840,2833,2820,2932,2933,2917,2888,2859,2843,2821,2828,2930,2924,2914,2897,2897,2874,2881,2859,2898,2954,2961,2910,2931,2874,2883,2856
TOF,8,404,2215,2356,2741,2560,2609,2701,2776,2328,2717,2690,2658,2799,2821,2720,2766,2827,2680,2823,2833,2827,2802,2775,2801,2727,2867,2869,2878,2846,2830,2807,2673,2909,2903,2886,2876,2868,2842,2817,2819,2937,2924,2881,2897,2817,2857,2843,2834,2906,2922,2912,2905,2902,2852,2852,2860,2783,2970,2935,2927,2912,2894,2861,2898
TOF,8,428,2294,2356,2807,2637,2615,2748,2801,2384,2641,2673,2632,2783,2806,2679,2781,2815,2703,2769,2839,2828,2809,2717,2780,2750,2871,2900,2869,2854,2830,2796,2749,2922,2895,2865,2880,2872,2838,2810,2760,2920,2935,2897,2901,2872,2857,2839,2809,2952,2939,2929,2889,2891,2855,2855,2878,2985,2970,2957,2902,2897,2903,2873,2882
TOF,8,472,2264,2335,2719,2677,2572,2717,2784,2379,2740,2711,2655,2774,2805,2662,2774,2848,2664,2791,2838,2810,2825,2775,2815,2802,2874,2873,2870,2845,2824,2824,2716,2927,2914,2872,2891,2856,2820,2828,2820,2931,2929,2920,2886,2887,2863,2851,2828,2945,2940,2915,2889,2870,2886,2853,2871,2997,2946,2956,2902,2900,2886,2883,2900
TOF,8,2066,2268,2370,2812,2625,2618,2697,2801,2396,2707,2727,2684,2791,2783,2712,2808,2856,2702,2791,2840,2829,2815,2750,2778,2838,2886,2858,2866,2840,2814,2816,2731,2965,2918,2870,2868,2854,2856,2825,2764,2921,2911,2905,2882,2866,2829,2869,2816,2917,2974,2922,2891,2877,2877,2854,2851,2919,2959,2938,2919,2914,2895,2915,2866
TOF,8,1953,2311,2362,2800,2687,2591,2754,2795,2371,2738,2688,2637,2834,2779,2737,2784,2722,2676,2777,2850,2825,2805,2754,2779,2777,2882,2856,2858,2839,2834,2804,2768,2913,2916,2882,2877,2847,2845,2820,2785,2943,2931,2897,2872,2880,2835,2835,2809,2952,2946,2918,2918,2896,2873,2870,2856,2880,2959,2953,2929,2890,2888,2874,2860
TOF,8,1887,2311,2343,2720,2647,2547,2737,2798,2349,2813,2645,2618,2819,2793,2644,2780,2769,2682,2787,2835,2834,2794,2747,2810,2727,2898,2874,2867,2847,2809,2815,2615,2926,2929,2888,2876,2866,2824,2848,2792,2944,2929,2905,2904,2844,2854,2838,2836,2907,2960,2932,2913,2885,2864,2849,2877,3040,2938,2981,2928,2900,2890,2861,2888
TOF,8,1887,2219,2343,2741,2628,2587,2713,2764,2386,2794,2707,2642,2786,2813,2743,2789,2829,2663,2824,2830,2850,2821,2761,2803,2809,2908,2859,2864,2842,2819,2806,2743,2939,2899,2892,2867,2845,2832,2824,2776,2961,2916,2886,2885,2883,2856,2852,2833,2943,2934,2906,2906,2872,2855,2839,2873,3051,2948,2954,2920,2911,2888,2885,2854
TOF,8,1922,2257,2343,2777,2675,2584,2713,2799,2348,2781,2670,2675,2762,2799,2733,2799,2840,2676,2795,2833,2826,2811,2714,2779,2809,2906,2852,2868,2836,2829,2805,2747,2958,2906,2881,2885,2853,2833,2810,2788,2965,2894,2899,2885,2867,2827,2815,2820,2951,2954,2913,2909,2888,2861,2866,2844,2992,2941,2952,2921,2897,2897,2871,2860
TOF,8,2237,2290,2403,2807,2663,2595,2755,2806,2353,2797,2715,2654,2793,2810,2711,2790,2851,2695,2783,2860,2842,2823,2758,2786,2844,2890,2868,2848,2862,2822,2808,2785,2971,2924,2881,2873,2857,2838,2842,2783,2902,2927,2893,2882,2892,2839,2842,2835,2927,2934,2917,2901,2880,2846,2873,2872,2859,2928,2941,2930,2918,2911,2900,2869
TOF,8,1948,2278,2374,2767,2699,2560,2726,2771,2361,2822,2739,2619,2818,2793,2686,2786,2820,2689,2808,2856,2820,2795,2742,2799,2778,2870,2876,2859,2853,2842,2810,2752,2944,2897,2886,2890,2873,2840,2848,2798,2963,2897,2904,2891,2856,2860,2828,2856,2950,2901,2911,2889,2900,2868,2853,2843,2909,2928,2934,2914,2887,2908,2888,2889
TOF,8,1912,2278,2378,2778,2714,2603,2727,2813,2379,2824,2724,2624,2821,2776,2808,2824,2789,2650,2749,2848,2830,2817,2766,2790,2795,2903,2859,2865,2841,2834,2824,2739,2895,2901,2882,2874,2865,2849,2812,2794,2922,2946,2904,2865,2902,2856,2829,2849,2932,2927,2920,2899,2900,2873,2873,2863,2820,2964,2957,2922,2890,2910,2877,2887
TOF,8,1955,2308,2350,2761,2727,2576,2742,2750,2365,2780,2702,2676,2808,2785,2717,2796,2874,2668,2821,2831,2825,2817,2718,2791,2741,2878,2887,2859,2838,2847,2814,2763,2907,2875,2859,2881,2852,2838,2816,2789,2945,2923,2906,2888,2875,2855,2850,2852,2895,2930,2907,2899,2870,2857,2872,2866,2807,2919,2957,2927,2908,2901,2847,2833
TOF,8,1944,2306,2393,2765,2656,2605,2736,2793,2357,2729,2684,2645,2795,2775,2701,2776,2784,2650,2779,2856,2845,2822,2764,2796,2828,2898,2868,2850,2835,2843,2797,2768,730,2916,2885,2867,2860,2836,2809,2803,2936,2926,2901,2890,2875,2857,2851,2854,2903,2931,2917,2889,2894,2873,2845,2845,2832,2976,2944,2914,2903,2892,2877,2860
TOF,8,2030,2245,2335,2789,2675,2579,2738,2790,2396,2733,2670,2639,2785,2790,2769,2790,2811,2670,2778,2850,2827,2825,2754,2793,729,2881,2877,2867,2839,2844,2809,2793,714,2879,2861,2882,2891,2841,2817,2782,2918,2911,2904,2866,2873,2851,2848,2838,2863,2912,2918,2923,2872,2881,2852,2879,2936,2957,2922,2907,2919,2890,2870,2900
TOF,8,1960,2234,2344,2753,2666,2580,2786,2787,2397,2764,2728,2636,2795,2794,2652,2788,2838,2655,2817,2827,2811,2784,2757,2782,713,2882,2855,2864,2836,2845,2811,2716,705,2913,2880,2874,2867,2853,2832,2777,2929,2899,2911,2888,2877,2851,2830,2816,2934,2949,2916,2910,2881,2864,2838,2868,2911,2942,2959,2919,2899,2890,2885,2868
TOF,8,1994,2231,2330,2807,2700,2588,2732,2789,2366,2828,2745,2632,2785,2776,2685,2765,733,2660,2716,2851,2821,2788,2738,2803,681,2890,2858,2877,2864,2838,2809,2682,700,2902,2867,2892,2848,2835,2825,2804,2924,2893,2909,2894,2836,2867,2827,2829,2917,2945,2897,2916,2875,2863,2841,2851,2853,2968,2930,2931,2899,2859,2902,2908
TOF,8,2003,2272,2421,2830,2634,2579,2705,2774,2404,2724,2690,2630,2784,2786,2639,2796,703,2688,2770,2849,2827,2819,2730,2762,681,2893,2890,2861,2862,2829,2791,2700,710,2880,2886,2875,2870,2829,2839,2733,2943,2874,2896,2891,2855,2855,2855,2814,2950,2953,2921,2904,2892,2868,2843,2835,2862,2966,2949,2924,2892,2908,2887,2826
TOF,8,1984,2321,2380,2767,2676,2575,2728,2781,2326,2839,2637,2652,2756,2782,2684,2793,684,2673,2800,2839,2813,2834,2761,2800,689,2870,2862,2866,2831,2820,2786,2804,716,2916,2857,2883,2861,2849,2828,2791,2943,2896,2916,2901,2876,2869,2845,2816,2951,2959,2938,2885,2886,2878,2858,2850,2982,2926,2950,2919,2893,2895,2893,2866
TOF,8,1957,2270,2404,2743,2573,2571,2759,2807,2396,2781,2688,2606,2781,2774,2685,2799,714,2661,2804,2844,2843,2799,2739,2759,665,2890,2885,2861,2831,2822,2799,2707,703,2908,2889,2870,2842,2823,2813,2786,2919,2904,2909,2862,2882,2865,2843,2830,2928,2950,2917,2912,2883,2872,2848,2867,2988,2972,2939,2910,2918,2897,2900,2893
TOF,8,1998,2230,2404,2789,2601,2571,2749,2820,2366,2816,2672,2669,2772,2807,2796,2803,681,2670,2791,2855,2836,2796,2757,2765,655,2874,2870,2868,2839,2847,2819,2748,673,2880,2890,2865,2837,2828,2817,2788,2945,2902,2930,2875,2870,2855,2843,2800,2943,2952,2893,2902,2883,2854,2858,2865,2837,2956,2958,2905,2912,2909,2882,2867
TOF,8,1955,2260,2355,2746,2607,2569,2738,2727,2347,2590,2661,2637,2792,2789,2718,2766,2786,2678,2752,2841,2832,2821,2732,2790,657,2893,2880,2871,2838,2836,2815,2760,651,2920,2899,2866,2849,2836,2840,2789,2931,2910,2891,2874,2864,2849,2838,2815,2934,2940,2916,2905,2879,2883,2854,2839,2892,2964,2964,2952,2905,2894,2902,2885
TOF,8,1916,2248,2324,2812,2631,2595,2760,2807,2345,2819,2711,2640,2785,2791,2679,2800,2840,2684,2790,2839,2830,2822,2742,2797,625,2869,2861,2844,2833,2838,2798,2626,619,2900,2884,2843,2848,2837,2820,2764,2946,2922,2902,2867,2898,2859,2842,2844,2930,2934,2895,2899,2865,2864,2850,2846,2978,2948,2939,2918,2902,2898,2903,2861
TOF,8,1936,2274,2338,2788,2616,2591,2733,2777,2340,2831,2695,2603,2793,2795,2675,2801,2859,2660,2757,2851,2819,2827,2744,2779,625,2860,2860,2857,2842,2823,2817,2658,606,2908,2898,2871,2856,2835,2813,2765,653,2900,2898,2889,2848,2861,2850,2836,2938,2911,2916,2891,2854,2846,2838,2882,3048,2941,2923,2910,2911,2908,2877,2880
TOF,8,2062,2309,2372,2791,2702,2556,2680,2818,2350,2768,2566,2627,2786,2780,2713,2793,2791,2682,2796,2837,2826,2819,2768,2778,601,2893,2864,2859,2826,2813,2818,2795,577,623,2918,2858,2843,2852,2814,2798,638,2928,2873,2881,2854,2838,2856,2832,2927,2936,2915,2885,2898,2879,2850,2865,3027,2939,2984,2923,2898,2906,2904,2911
TOF,8,1946,2309,2325,2803,2675,2594,2751,2786,2376,2798,2718,2664,2764,2782,2701,2812,2757,2701,2807,2833,2830,2825,2749,2791,584,2882,2845,2853,2844,2826,2813,2704,555,616,2896,2859,2859,2837,2826,2790,608,593,2916,2897,2864,2838,2840,2831,2922,2931,2916,2906,2890,2869,2871,2845,2935,2940,2964,2955,2912,2908,2897,2876
TOF,8,1974,2299,2370,2783,2705,2602,2735,2802,2345,2846,2685,2669,2798,2804,2686,2772,2883,2676,2771,2836,2823,2824,2786,2788,573,2853,2867,2853,2845,2826,2817,2722,536,608,2882,2869,2842,2836,2807,2771,559,621,2926,2892,2884,2853,2859,2849,2900,2961,2916,2885,2896,2879,2877,2864,2840,2933,2936,2941,2915,2868,2892,2874
TOF,8,2123,2246,2350,2824,2671,2582,2697,2786,2394,2804,2733,2633,2788,2807,2801,2769,2927,2666,2772,2837,2822,2811,2788,2771,561,2887,2889,2877,2866,2828,2829,2710,520,577,2890,2848,2850,2847,2823,2783,526,566,2898,2885,2874,2848,2829,2840,554,2945,2888,2875,2903,2870,2863,2880,2964,2958,2956,2892,2929,2896,2876,2873
TOF,8,1985,2258,2415,2773,2604,2608,2672,2736,2418,2765,2718,2669,2775,2792,2733,2789,2787,2681,2843,2847,2832,2773,2733,2793,547,2888,2886,2861,2843,2829,2814,2636,499,579,2901,2890,2854,2841,2820,2759,497,558,2897,2870,2860,2850,2834,2832,545,2927,2905,2898,2882,2866,2890,2859,3026,2937,2940,2897,2914,2897,2896,2902
TOF,8,433,2290,2340,2792,2671,2607,2736,2769,2379,2786,2701,2629,2799,2785,2777,2760,2880,2658,2773,2835,2830,2788,2766,2817,551,2895,2866,2864,2858,2821,2800,2685,495,565,2893,2879,2863,2843,2813,2755,498,549,2893,2874,2882,2843,2836,2825,543,532,2928,2905,2877,2870,2858,2854,2801,2960,2961,2927,2907,2911,2903,2878
TOF,8,406,2306,2442,2741,2647,2602,2845,2789,2379,2734,2604,2660,2803,2791,2726,2797,2877,2682,2810,2836,2861,2826,2785,2780,533,2854,2898,2844,2843,2828,2812,2743,492,559,2894,2891,2851,2843,2844,2803,477,559,2897,2889,2863,2848,2862,2834,532,532,2921,2897,2890,2866,2866,2876,2856,2960,2939,2915,2920,2889,2894,2889
TOF,8,413,416,2323,2801,2679,2570,2722,2774,2376,2826,2801,2623,2773,2789,2714,2790,2839,2679,2783,2842,2837,2797,2762,2801,534,2847,2866,2874,2848,2834,2810,2703,486,545,2890,2886,2862,2854,2822,2792,472,554,2906,2897,2862,2887,2865,2828,524,535,2919,2885,2874,2866,2837,2875,2869,2933,2954,2907,2907,2915,2921,2876
TOF,8,421,399,396,2780,2653,2618,2713,2788,2326,2699,2775,2630,2735,2800,2726,2794,2812,2677,2770,2834,2828,2795,2719,2784,508,554,2853,2845,2853,2790,2811,2726,477,536,2878,2852,2855,2845,2826,2773,462,531,2881,2878,2860,2858,2846,2837,510,589,2937,2901,2872,2854,2847,2843,2982,2954,2919,2898,2897,2903,2915,2880
TOF,8,428,421,416,2771,2631,2582,2729,2797,2353,2808,2653,2676,2790,2802,2727,2786,509,2673,2805,2844,2832,2809,2753,2802,488,549,2865,2852,2862,2838,2822,2691,462,521,2873,2875,2855,2839,2831,2751,473,536,2903,2898,2877,2832,2842,2844,522,2965,2900,2911,2880,2864,2872,2881,2850,2936,2918,2927,2898,2899,2882,2917
TOF,8,403,432,412,2769,2629,2581,2737,2789,2389,2822,2696,2635,2787,2804,2734,2790,510,2673,2756,2842,2838,2801,2759,2795,476,541,2866,2856,2846,2822,2820,2707,456,521,2882,2874,2882,2839,2812,2799,482,542,2894,2892,2864,2839,2867,2804,2923,2973,2914,2899,2863,2880,2862,2853,2925,2974,2954,2904,2900,2893,2881,2896
TOF,8,421,423,445,2798,2645,2591,2754,2780,2378,2833,2718,2616,2791,2796,2692,2775,517,2764,2754,2858,2833,2833,2748,2791,474,537,2849,2854,2852,2848,2796,2715,464,530,2867,2875,2856,2845,2826,2802,508,557,2908,2871,2864,2867,2838,2851,2912,2949,2900,2880,2879,2867,2857,2863,2822,2954,2952,2910,2904,2888,2920,2890
TOF,8,2074,411,407,2687,2622,2599,2697,2762,2395,2820,2759,2648,2813,2807,2704,2807,505,565,2829,2836,2817,2846,2692,2815,477,542,2874,2862,2833,2818,2803,2692,477,534,2893,2881,2859,2833,2832,2811,562,566,2911,2886,2844,2848,2844,2827,2942,2903,2903,2918,2892,2881,2866,2878,2965,2907,2957,2910,2898,2913,2882,2936
TOF,8,1958,412,432,2766,2677,2582,2703,2839,2346,2856,2641,2629,2778,2802,2692,2804,489,559,2816,2852,2824,2805,2734,2798,473,539,2885,2855,2857,2842,2822,2771,496,542,2894,2885,2859,2843,2820,2759,570,2927,2896,2873,2862,2859,2850,2863,2908,2953,2922,2912,2878,2892,2881,2859,2890,2947,2941,2889,2901,2885,2893,2889
TOF,8,1844,429,450,2762,2720,2576,2704,2766,2366,2830,2650,2625,2784,2790,2647,2769,481,563,2808,2823,2831,2808,2786,2798,470,520,587,2855,2854,2835,2807,2790,491,541,2900,2879,2837,2845,2832,2829,2945,568,2899,2899,2839,2853,2854,2856,2915,2915,2914,2878,2874,2860,2862,2847,3018,2951,2940,2940,2918,2896,2897,2920
TOF,8,404,416,430,2758,2674,2559,2719,2772,542,2803,2728,2662,2779,2791,2773,2801,460,527,2779,2859,2827,2817,2755,2792,453,501,592,2850,2828,2818,2802,2774,465,518,584,2887,2848,2836,2824,2771,567,508,2883,2892,2873,2836,2836,2854,2941,2951,2900,2881,2869,2877,2836,2867,2861,2962,2906,2916,2890,2882,2882,2894
TOF,8,2031,2285,2370,2776,2691,2639,202,189,519,2793,2738,2665,2773,2753,2715,2805,438,500,515,2841,2837,2794,2758,2819,426,468,548,2866,2848,2813,2817,2690,456,485,567,2876,2851,2831,2844,2774,2933,560,2901,2877,2865,2853,2850,2822,2916,2945,2881,2910,2889,2879,2885,2860,2927,2925,2936,2936,2917,2882,2892,2920
TOF,8,1941,2292,2368,2737,2621,2600,2746,2760,486,2807,2669,2663,2807,2782,2734,2794,435,484,527,2864,2852,2825,2719,2777,405,439,508,2862,2847,2846,2818,2757,400,454,510,2890,2857,2833,2819,2822,2946,509,2890,2891,2880,2850,2839,2833,2926,2946,2924,2897,2881,2866,2873,2859,2898,2939,2919,2921,2924,2885,2906,2879
TOF,8,1958,2315,2360,2801,2595,2630,2733,2790,2441,2702,2703,2655,2797,2799,2693,2788,426,477,513,2854,2839,2788,2741,2771,389,412,485,538,2860,2834,2819,2676,365,410,446,551,2860,2844,2802,2766,452,431,516,517,2869,2863,2836,2831,2949,2962,2910,2876,2878,2862,2868,2852,2944,2938,2925,2947,2922,2907,2907,2891
TOF,8,1905,2269,2337,2794,2679,2572,2740,2800,2349,2791,2664,2621,2803,2801,2688,2802,436,467,498,2837,2819,2817,2768,2775,390,390,445,494,2840,2816,2817,2801,368,370,413,478,2874,2838,2831,2777,373,371,445,473,2884,2880,2859,2820,2969,2963,2931,2895,2876,2866,2867,2856,2998,2964,2944,2919,2900,2897,2895,2890
TOF,8,1931,2203,2322,2794,2701,2618,2740,2737,2370,2789,2730,2639,2813,2755,2679,2804,424,459,481,2833,2838,2821,2747,2803,390,379,413,468,2838,2828,2810,2694,358,352,377,440,484,2839,2834,2768,351,326,384,398,2870,2887,2853,2854,346,361,399,2952,2888,2857,2836,2838,3011,2944,2939,2936,2924,2878,2890,2888
TOF,8,1946,2298,2335,2779,2706,2574,2756,2803,2370,2787,2738,2624,2793,2830,2716,2800,394,434,434,2851,2829,2806,2758,2766,392,379,399,440,2836,2820,2806,2734,347,338,353,403,462,2852,2799,2777,334,315,344,362,483,2878,2835,2829,346,317,328,388,439,2882,2857,2876,375,351,2934,2907,2906,2897,2890,2922
TOF,8,1976,2250,2336,2789,2654,2573,2719,2796,349,2830,2676,2639,2795,2802,2785,2744,359,399,425,2838,2828,2816,2756,2772,381,360,370,404,441,2816,2802,2767,336,318,331,362,402,452,2825,2827,321,297,302,329,420,436,2843,2860,328,306,286,334,361,2879,2878,2846,355,314,2971,390,2913,2894,2866,2891
TOF,8,361,2281,2408,2836,2578,2583,2765,2777,357,360,2641,2642,2803,2798,2843,2795,362,382,406,416,2826,2817,2758,2805,354,321,339,353,417,383,2798,2828,310,305,302,339,370,437,2835,2800,307,277,288,307,367,427,2828,2817,324,290,275,312,333,409,2889,2846,353,314,2997,2924,2919,2906,2893,2904
TOF,8,335,2272,2436,2804,2595,2589,2766,2798,338,338,2750,2636,2800,2772,2711,2781,354,363,377,396,404,2812,2770,2798,320,302,312,323,386,400,2826,2742,296,285,285,307,349,416,2835,2796,292,269,268,291,337,428,2837,2835,311,281,267,304,348,2873,2875,2867,328,2965,2970,2942,2919,2904,2895,2887
TOF,8,332,2272,2341,2773,2675,2637,2748,2791,339,355,377,389,2797,2803,2699,2784,324,311,320,367,403,2827,2766,2809,303,281,297,311,361,405,2809,2811,283,267,268,298,346,411,2831,2815,290,266,258,294,313,389,2847,2823,315,287,280,342,392,2864,2851,2889,325,2965,2926,2898,2904,2879,2914,2903
TOF,8,309,2286,2318,2751,2748,2601,2772,2787,347,346,368,394,2782,2789,2723,2777,302,292,300,337,392,2816,2721,2798,283,268,285,308,353,380,2844,2828,275,256,258,291,336,399,2818,2815,287,262,258,306,321,2848,2853,2844,318,309,318,2912,2890,2871,2874,2876,2873,2933,2950,2931,2923,2907,2874,2886
TOF,8,319,2269,2333,2805,2686,2584,2722,2800,346,342,369,385,2795,2821,2743,2788,288,284,302,341,394,2802,2776,2796,272,265,283,335,372,2811,2819,2783,264,253,266,301,367,2868,2824,2822,282,251,283,333,366,2874,2857,2840,314,325,2923,2913,2883,2864,2863,2852,3063,2992,2949,2931,2914,2875,2880,2917
TOF,8,345,2301,2383,2796,2676,2599,2713,2788,324,349,383,2670,2798,2775,2704,2786,273,285,314,366,2807,2808,2734,2786,260,264,289,345,426,2821,2807,2794,256,251,288,321,403,2846,2826,2794,263,252,293,318,2841,2859,2850,2827,2919,349,2901,2889,2904,2868,2876,2877,321,2958,2939,2896,2919,2896,2887,2909
TOF,8,325,2260,2354,2779,2656,2562,2707,2777,331,360,389,2647,2775,2799,2708,2783,275,293,352,396,2821,2804,2732,2793,260,283,311,391,404,2836,2809,2753,247,262,302,359,2848,2849,2840,2773,246,266,296,399,2890,2845,2835,2840,2893,331,386,2890,2894,2886,2862,2867,2895,2946,2933,2936,2904,2903,2884,2910
TOF,8,345,2262,2360,2783,2650,2577,2730,2789,348,360,2677,2664,2790,2790,2778,2787,284,323,378,2852,2813,2831,2791,2810,268,302,333,368,2858,2856,2798,2759,254,279,334,404,2847,2865,2836,2779,230,270,289,2873,2859,2840,2849,2846,269,334,365,2895,2895,2891,2840,2846,2807,2968,2936,2904,2895,2883,2904,2890
TOF,8,2024,2296,2396,2787,2604,2609,2734,2749,346,335,2681,2654,2772,2785,2713,2804,319,355,2786,2849,2839,2814,2723,2791,273,349,383,2865,2844,2834,2805,2787,277,312,392,2866,2868,2826,2818,2761,252,328,401,2879,2858,2879,2847,2807,282,334,2897,2882,2855,2861,2861,2842,2874,3000,2931,2922,2879,2921,2879,2952
TOF,8,1924,2268,2347,2733,2666,2598,2785,2801,2342,2740,2715,2678,2753,2780,2746,2771,353,361,2789,2859,2824,2808,2759,2782,305,376,2850,2821,2834,2811,2809,2750,314,378,2866,2883,2859,2853,2817,2810,280,375,2884,2888,2885,2842,2834,2821,344,2926,2918,2892,2871,2886,2867,2875,2855,2966,2960,2923,2924,2883,2906,2938
TOF,8,1906,2256,2427,2812,2656,2591,2756,2814,2396,2707,2618,2646,2777,2784,2741,2786,2786,2672,2781,2852,2821,2800,2763,2820,370,2891,2883,2866,2849,2818,2808,2732,382,2896,2870,2898,2851,2849,2828,2793,379,2923,2897,2882,2876,2866,2841,2825,384,2926,2898,2900,2889,2868,2864,2833,2909,2960,2967,2908,2896,2902,2886,2875
TOF,8,1965,2284,2364,2762,2645,2605,2774,2742,2326,2732,2662,2635,2793,2786,2752,2792,2765,2655,2816,2837,2817,2800,2757,2800,2723,2877,2862,2844,2835,2817,2793,2773,2922,2890,2875,2869,2852,2842,2832,2792,2970,2908,2894,2902,2853,2861,2832,2832,2923,2918,2931,2895,2889,2879,2858,2881,2974,2945,2900,2900,2902,2882,2909,2874
TOF,8,1986,2248,2329,2792,2692,2597,2743,2807,2363,2808,2721,2676,2793,2791,2789,2791,2782,2680,2780,2849,2815,2814,2758,2780,2839,2885,2860,2854,2850,2850,2801,2694,2914,2891,2892,2882,2865,2843,2830,2799,2942,2888,2898,2885,2881,2852,2866,2814,2930,2961,2900,2885,2880,2895,2879,2861,2848,2934,2926,2918,2918,2875,2889,2882
TOF,8,1895,2288,2343,2750,2650,2631,2738,2810,2374,2792,2641,2605,2785,2805,2678,2789,2779,2671,2767,2845,2826,2789,2721,2782,2795,2884,2865,2864,2863,2835,2818,2730,2925,2906,2882,2877,2872,2836,2820,2756,2926,2934,2919,2878,2854,2838,2855,2837,2891,2950,2887,2909,2902,2848,2865,2859,2936,2925,2929,2915,2912,2902,2879,2890
TOF,8,2152,2280,2390,2742,2678,2592,2723,2813,2372,2672,2683,2656,2750,2802,2706,2794,2798,2662,2788,2839,2843,2819,2767,2795,2763,2881,2875,2865,2856,2833,2799,2812,2901,2925,2881,2889,2855,2844,2828,2782,2947,2923,2899,2879,2857,2839,2857,2831,2942,2933,2910,2921,2895,2869,2871,2850,2846,2968,2984,2932,2924,2893,2900,2897
TOF,8,2056,2254,2393,2707,2670,2612,2688,2775,2379,2648,2753,2650,2782,2787,2686,2771,2795,2659,2766,2826,2825,2811,2740,2776,2823,2889,2877,2864,2851,2830,2808,2717,2938,2897,2890,2905,2844,2852,2844,2790,2959,2887,2903,2876,2920,2846,2859,2835,2931,2934,2899,2890,2881,2853,2850,2862,2927,2935,2921,2917,2901,2882,2872,2891
TOF,8,2095,2287,2301,2821,2594,2583,2718,2788,2368,2791,2694,2622,2789,2797,2707,2803,2873,2657,2820,2845,2820,2815,2755,2772,2761,2875,2870,2853,2849,2833,2798,2698,2921,2904,2870,2857,2863,2837,2818,2764,2947,2889,2909,2875,2883,2867,2850,2826,2942,2933,2911,2897,2891,2866,2843,2828,2842,2928,2934,2929,2926,2896,2882,2901
TOF,8,2001,2257,2385,2802,2642,2584,2747,2794,2357,2789,2603,2632,2779,2783,2712,2821,2766,2648,2787,2822,2817,2837,2759,2793,2757,2885,2854,2851,2860,2842,2792,2698,2944,2913,2877,2883,2846,2846,2814,2798,2941,2897,2897,2882,2886,2845,2872,2825,2934,2936,2923,2887,2866,2857,2861,2867,2955,2944,2956,2920,2941,2910,2859,2883
TOF,8,1952,2272,2325,2803,2655,2591,2745,2757,2330,2787,2697,2618,2781,2795,2734,2823,2802,2664,2784,2848,2841,2775,2733,2803,2802,2873,2870,2854,2850,2824,2814,2746,2934,2906,2890,2871,2842,2834,2840,2792,2919,2911,2899,2863,2877,2866,2853,2797,2971,2924,2920,2903,2870,2858,2867,2856,2842,2937,2943,2919,2894,2879,2904,2919
TOF,8,2013,2307,2360,2795,2642,2595,2751,2792,2383,2746,2675,2620,2796,2792,2687,2759,2784,2654,2765,2850,2809,2818,2716,2800,2826,2885,2858,2877,2864,2807,2818,2688,2950,2892,2890,2892,2859,2845,2835,2801,2946,2910,2894,2888,2848,2858,2842,2823,2937,2931,2913,2890,2877,2891,2857,2870,2895,2950,2960,2913,2903,2877,2884,2893
TOF,8,1936,2254,2396,2779,2619,2610,2759,2804,2417,2840,2713,2656,2801,2774,2695,2778,2786,2682,2806,2836,2828,2813,2775,2783,2770,2871,2888,2867,2857,2832,2817,2704,2955,2909,2868,2878,2852,2846,2832,2764,2971,2897,2892,2888,2874,2855,2843,2829,2933,2951,2916,2919,2887,2853,2852,2853,2958,2953,2963,2936,2927,2894,2901,2896
TOF,8,1936,2355,2315,2829,2688,2587,2743,2738,2363,2822,2669,2660,2805,2794,2774,2800,2799,2679,2808,2835,2840,2801,2783,2790,2755,2884,2871,2853,2835,2845,2821,2754,2929,2904,2889,2882,2848,2844,2828,2826,2924,2930,2899,2869,2869,2839,2839,2824,2919,2935,2937,2878,2880,2848,2855,2835,2932,2964,2930,2945,2935,2904,2884,2871
TOF,8,2013,2294,2416,2751,2716,2576,2747,2788,2384,2762,2702,2667,2818,2790,2730,2777,2835,2695,2806,2855,2842,2822,2744,2813,2791,2873,2873,2850,2840,2811,2808,2762,2959,2909,2877,2887,2873,2832,2828,2809,2920,2909,2890,2897,2873,2861,2864,2834,2900,2921,2892,2903,2872,2875,2849,2865,2778,2965,2914,2920,2927,2917,2900,2880
TOF,8,1924,2254,2323,2785,2631,2583,2715,2791,2370,2705,2632,2650,2766,2771,2712,2784,2861,2671,2806,2826,2833,2815,2713,2826,2742,2856,2866,2868,2836,2845,2820,2701,2917,2926,2895,2849,2852,2850,2818,2784,2959,2884,2909,2892,2885,2858,2845,2837,2938,2931,2899,2902,2886,2868,2837,2836,3003,2949,2933,2910,2909,2900,2900,2878
TOF,8,1980,2304,2340,2755,2789,2587,2740,2773,2402,2805,2675,2656,2765,2787,2766,2784,2806,2690,2785,2853,2824,2812,2739,2768,2794,2872,2867,2854,2846,2806,2827,2788,2944,2907,2903,2870,2857,2853,2833,2807,2953,2931,2907,2876,2868,2859,2842,2833,2921,2948,2921,2897,2867,2867,2852,2848,2944,2962,2928,2894,2893,2898,2928,2887
TOF,8,1980,2292,2369,2764,2634,2566,2789,2805,2369,2865,2720,2656,2807,2768,2805,2772,2791,2678,2764,2853,2823,2826,2756,2775,2787,2881,2878,2871,2837,2836,2832,2772,2921,2892,2868,2874,2856,2852,2811,2835,2968,2939,2883,2871,2884,2859,2842,2847,2918,2946,2900,2914,2898,2863,2855,2867,3037,2959,2923,2939,2909,2900,2902,2891
TOF,8,1964,2283,2391,2765,2659,2588,2748,2770,2358,2821,2690,2639,2773,2786,2666,2823,2781,2681,2799,2818,2834,2841,2750,2781,2794,2891,2881,2843,2853,2838,2813,2738,2900,2885,2881,2881,2861,2845,2828,2773,2970,2909,2920,2887,2865,2867,2857,2849,2937,2940,2924,2899,2901,2867,2866,2876,2896,2966,2965,2948,2923,2892,2878,2886
TOF,8,2068,2292,2360,2765,2621,2593,2744,2785,2352,2761,2698,2645,2780,2803,2702,2787,2772,2681,2759,2825,2829,2810,2758,2816,2735,2894,2857,2842,2848,2810,2799,2731,2937,2911,2903,2855,2866,2833,2806,2827,2948,2919,2919,2880,2881,2848,2844,2839,2941,2960,2909,2885,2889,2861,2845,2867,2914,2935,2961,2915,2925,2898,2870,2882
TOF,8,1896,2317,2389,2784,2598,2569,2741,2756,2365,2777,2621,2639,2808,2793,2699,2795,2763,2673,2825,2825,2810,2806,2751,2786,2773,2869,2852,2860,2838,2817,2813,2702,2914,2918,2889,2882,2865,2837,2815,2803,2924,2871,2915,2869,2883,2862,2827,2830,2912,2931,2900,2912,2894,2858,2855,2862,2905,2973,2924,2941,2898,2865,2874,2885
TOF,8,1932,2304,2389,2764,2660,2587,2696,2769,2325,2826,2699,2615,2790,2795,2738,2782,2818,2665,2856,2848,2841,2801,2715,2789,2775,2860,2867,2839,2856,2832,2805,2714,2943,2900,2898,2863,2852,2833,2832,2764,2946,2905,2894,2892,2855,2863,2818,2836,2916,2953,2916,2879,2879,2874,2860,2872,3076,2930,2936,2917,2911,2896,2896,2893
TOF,8,1932,2213,2317,2819,2702,2574,2760,2776,2347,2833,2686,2614,2792,2788,2757,2806,2806,2698,2787,2845,2835,2793,2778,2787,2769,2896,2865,2847,2844,2833,2813,2712,2908,2957,2880,2882,2847,2865,2820,2811,2936,2902,2879,2861,2862,2858,2838,2804,2942,2941,2928,2900,2875,2852,2851,2870,2977,2935,2962,2927,2925,2893,2909,2892
TOF,8,1892,2242,2285,2829,2699,2656,2733,2779,2371,2747,2659,2652,2792,2791,2729,2809,2829,2706,2786,2854,2813,2787,2771,2801,2793,2867,2865,2857,2850,2816,2816,2761,2912,2891,2882,2890,2852,2843,2832,2803,2955,2921,2912,2895,2854,2871,2846,2842,2915,2939,2892,2868,2890,2860,2881,2883,2897,2929,2933,2911,2890,2901,2910,2899
TOF,8,1993,2204,2320,2791,2745,2607,2793,2838,2360,2709,2681,2667,2800,2794,2738,2818,2769,2689,2771,2832,2835,2812,2776,2777,2787,2873,2874,2859,2846,2853,2799,2712,2919,2910,2884,2884,2852,2831,2819,2751,2929,2910,2898,2883,2887,2846,2831,2847,2921,2941,2892,2890,2904,2867,2890,2827,2902,2935,2963,2964,2915,2881,2892,2879
TOF,8,1997,2274,2483,2777,2631,2620,2741,2790,2395,2788,2683,2670,2772,2776,2700,2801,2761,2680,2797,2836,2831,2823,2717,2795,2818,2882,2906,2868,2847,2834,2819,2725,2922,2913,2887,2867,2870,2825,2832,2787,2930,2947,2891,2893,2882,2860,2841,2818,2945,2938,2919,2883,2890,2867,2845,2856,2914,2964,2915,2905,2901,2886,2889,2907
[0;32mI (42988) TOF_VL53L8CX: Sequence complete. Stopping ranging and powering down via LPn.[0m
