[0;32mI (95) esp_image: segment 0: paddr=00010020 vaddr=3c020020008ESP-ROM:esp32s3-20210327
Build:Mar 27 2021
rst:0x15 (USB_UART_CHIP_RESET),boot:0xa (SPI_FAST_FLASH_BOOT)
Saved PC:0x40048839
SPIWP:0xee
mode:DIO, clock div:1
load:0x3fce2810,len:0x1828
load:0x403c8700,len:0x4
load:0x403c8704,len:0xce8
load:0x403cb700,len:0x2eb8
entry 0x403c8918
[0;32mI (26) boot: ESP-IDF v5.3.4 2nd stage bootloader[0m
[0;32mI (27) boot: compile time Aug 18 2026 15:17:00[0m
[0;32mI (27) boot: Multicore bootloader[0m
[0;32mI (30) boot: chip revision: v0.2[0m
[0;32mI (33) boot: efuse block revision: v1.4[0m
[0;32mI (38) boot.esp32s3: Boot SPI Speed : 80MHz[0m
[0;32mI (43) boot.esp32s3: SPI Mode       : DIO[0m
[0;32mI (48) boot.esp32s3: SPI Flash Size : 2MB[0m
[0;32mI (52) boot: Enabling RNG early entropy source...[0m
[0;32mI (58) boot: Partition Table:[0m
[0;32mI (61) boot: ## Label            Usage          Type ST Offset   Length[0m
[0;32mI (69) boot:  0 nvs              WiFi data        01 02 00009000 00006000[0m
[0;32mI (76) boot:  1 phy_init         RF data          01 01 0000f000 00001000[0m
[0;32mI (83) boot:  2 factory          factory app      00 00 00010000 00100000[0m
[0;32mI (91) boot: End of partition table[0m
[0;32mI (95) esp_image: segment 0: paddr=00010020 vaddr=3c020020 size=21410h (136208) map[0m
[0;32mI (128) esp_image: segment 1: paddr=00031438 vaddr=3fc92c00 size=02acch ( 10956) load[0m
[0;32mI (131) esp_image: segment 2: paddr=00033f0c vaddr=40374000 size=0c10ch ( 49420) load[0m
[0;32mI (146) esp_image: segment 3: paddr=00040020 vaddr=42000020 size=1d088h (118920) map[0m
[0;32mI (168) esp_image: segment 4: paddr=0005d0b0 vaddr=4038010c size=02a3ch ( 10812) load[0m
[0;32mI (176) boot: Loaded app from partition at offset 0x10000[0m
[0;32mI (177) boot: Disabling RNG early entropy source...[0m
[0;32mI (188) cpu_start: Multicore app[0m
[0;32mI (197) cpu_start: Pro cpu start user code[0m
[0;32mI (198) cpu_start: cpu freq: 160000000 Hz[0m
[0;32mI (198) app_init: Application information:[0m
[0;32mI (200) app_init: Project name:     tof_VL53L8CX[0m
[0;32mI (206) app_init: App version:      1[0m
[0;32mI (210) app_init: Compile time:     Aug 18 2026 15:16:50[0m
[0;32mI (216) app_init: ELF file SHA256:  24b1e877a...[0m
[0;32mI (221) app_init: ESP-IDF:          v5.3.4[0m
[0;32mI (226) efuse_init: Min chip rev:     v0.0[0m
[0;32mI (231) efuse_init: Max chip rev:     v0.99 [0m
[0;32mI (236) efuse_init: Chip rev:         v0.2[0m
[0;32mI (241) heap_init: Initializing. RAM available for dynamic allocation:[0m
[0;32mI (248) heap_init: At 3FC96A98 len 00052C78 (331 KiB): RAM[0m
[0;32mI (254) heap_init: At 3FCE9710 len 00005724 (21 KiB): RAM[0m
[0;32mI (260) heap_init: At 3FCF0000 len 00008000 (32 KiB): DRAM[0m
[0;32mI (266) heap_init: At 600FE000 len 00001FE8 (7 KiB): RTCRAM[0m
[0;32mI (274) spi_flash: detected chip: gd[0m
[0;32mI (277) spi_flash: flash io: dio[0m
[0;33mW (281) spi_flash: Detected size(8192k) larger than the size in the binary image header(2048k). Using the size in the binary image header.[0m
[0;32mI (294) sleep: Configure to isolate all GPIO pins in sleep state[0m
[0;32mI (301) sleep: Enable automatic switching of GPIO sleep configuration[0m
[0;32mI (308) main_task: Started on CPU0[0m
[0;32mI (318) main_task: Calling app_main()[0m
[0;32mI (318) gpio: GPIO[5]| InputEn: 1| OutputEn: 1| OpenDrain: 1| Pullup: 1| Pulldown: 0| Intr:0 [0m
[0;32mI (328) gpio: GPIO[6]| InputEn: 1| OutputEn: 1| OpenDrain: 1| Pullup: 1| Pulldown: 0| Intr:0 [0m
[0;32mI (338) TOF_VL53L8CX: VL53L8CX detected, starting init (uploads firmware, ~1-2s)...[0m
[0;32mI (2598) TOF_VL53L8CX: Init OK[0m
TOF,2886,2854,0,2385,2348,2274,2199,1964,2892,2773,2675,2700,2869,2811,2787,2279,2914,2892,2873,2862,2807,2686,2647,2711,2894,2885,2884,2871,2849,2837,2748,2725,2904,2895,2847,2862,2845,2829,2691,2800,2888,2855,2858,2831,2822,2798,2773,2786,2896,2877,2847,2837,2828,2797,2797,2800,2926,2875,2897,2836,2823,2755,2815,2837
TOF,2858,2841,2747,2382,2344,2260,2200,1926,2889,2839,2703,2689,2731,2778,2753,2277,2896,2897,2864,2860,2811,2686,2616,2692,2888,2873,2870,2851,2832,2831,2732,2751,2914,2876,2855,2838,2846,2820,2702,2813,2914,2866,2851,2859,2842,2815,2784,2787,2883,2842,2853,2835,2817,2794,2811,2821,2892,2886,2850,2837,2808,2778,2791,2803
TOF,2799,2835,2846,2492,2339,2290,2224,1861,2883,2784,2673,2616,2739,2790,2820,2347,2940,2898,2877,2862,2776,2682,2598,2772,2893,2890,2847,2847,2833,2815,2734,2739,2869,2855,2858,2849,2847,2823,2679,2796,2914,2898,2858,2837,2828,2782,2711,2809,2883,2877,2837,2842,2818,2793,2791,2796,2896,2874,2835,2828,2806,2704,2816,2811
TOF,2770,2887,2867,2411,2318,2269,2164,1888,2850,2797,2657,2662,2775,2799,2631,2363,2906,2893,2891,2850,2785,2690,2633,2723,2903,2894,2862,2850,2840,2821,2755,2765,2885,2868,2856,2859,2839,2830,2615,2818,2881,2836,2862,2841,2848,2820,2720,2797,2885,2870,2856,2829,2827,2785,2801,2794,2905,2862,2888,2813,2827,2764,2807,2802
TOF,2917,2704,2778,2409,2344,2337,2202,1898,2845,2807,2677,2615,2722,2786,2764,2282,2884,2868,2875,2851,2759,2703,2644,2745,2904,2900,2867,2868,2837,2821,2758,2743,2893,2883,2869,2844,2821,2817,2709,2816,2862,2874,2860,2849,2840,2813,2731,2784,2886,2849,2839,2822,2819,2763,2749,2812,2908,2886,2867,2834,2825,2712,2805,2808
TOF,2864,2881,2585,2427,2393,2310,2195,1894,2868,2822,2697,2677,2801,2813,2768,2344,2915,2888,2884,2848,2825,2676,2611,2769,2901,2867,2871,2838,2841,2807,2749,2728,2916,2907,2858,2846,2823,2810,2742,2808,2893,2854,2847,2858,2852,2819,2742,2809,2896,2868,2875,2831,2802,2807,2800,2810,2913,2859,2861,2831,2814,2688,2804,2803
TOF,2973,2786,2785,2426,2345,2276,2113,1866,2887,2786,2677,2700,2750,2803,2765,2344,2943,2908,2873,2848,2778,2707,2646,2806,2918,2881,2869,2869,2838,2814,2732,2725,2915,2878,2861,2857,2837,2821,2745,2810,2898,2861,2862,2844,2838,2819,2724,2810,2884,2860,2846,2837,2826,2796,2804,2782,2919,2866,2841,2835,2808,2744,2785,2805
TOF,2868,2642,2800,2497,2355,2283,2065,1929,2880,2769,2653,2646,2839,2798,2798,2322,2938,2915,2857,2868,2816,2663,2609,2681,2910,2899,2873,2855,2867,2830,2720,2695,2910,2879,2861,2873,2837,2811,2704,2799,2887,2834,2863,2847,2850,2829,2747,2794,2876,2867,2870,2836,2816,2797,2821,2771,2876,2891,2874,2832,2827,2772,2786,2818
TOF,2868,2818,2838,2410,2345,2300,2234,1929,2847,2763,2709,2645,2701,2820,2772,2366,2892,2902,2884,2855,2835,2670,2601,2733,2894,2877,2867,2851,2839,2841,2725,2720,2898,2892,2854,2845,2849,2813,2712,2791,2889,2864,2863,2835,2803,2815,2750,2781,2907,2861,2840,2847,2820,2774,2797,2789,2919,2881,2864,2853,2824,2748,2798,2811
TOF,2906,2827,2771,2454,2338,2285,2217,1929,2895,2795,2753,2703,2776,2798,2710,2283,2944,2874,2887,2878,2778,2718,2636,2714,2893,2888,2874,2857,2828,2824,2757,2756,2902,2897,2863,2850,2846,2830,2719,2814,2907,2879,2870,2855,2848,2802,2751,2787,2891,2875,2850,2849,2812,2783,2795,2845,2919,2866,2873,2825,2842,2735,2785,2808
TOF,2886,2829,2771,2377,2344,2278,2106,1889,2913,2793,2683,2735,2815,2770,2789,2310,2891,2894,2875,2857,2757,2671,2626,2689,2900,2897,2858,2870,2854,2833,2720,2732,2911,2887,2853,2851,2845,2831,2669,2800,2895,2861,2855,2838,2854,2814,2712,2790,2894,2858,2831,2838,2823,2795,2789,2780,2915,2865,2857,2845,2828,2720,2802,2811
TOF,2768,2829,2756,2330,2354,2303,2220,1883,2900,2769,2659,2695,2720,2805,2742,2335,2929,2905,2850,2865,2763,2745,2616,2672,2902,2902,2865,2838,2854,2835,2736,2739,2897,2887,2858,2858,2835,2820,2668,2787,2892,2877,2860,2837,2815,2813,2738,2806,2901,2892,2865,2834,2811,2776,2761,2815,2909,2859,2874,2828,2830,2696,2808,2807
TOF,2695,2899,2869,2471,2354,2296,2200,2032,2847,2790,2626,2661,2724,2711,2674,2351,2888,2879,2882,2867,2812,2702,2596,2702,2915,2908,2870,2848,2824,2827,2766,2727,2905,2874,2858,2846,2844,2823,2698,2797,2921,2874,2855,2865,2829,2800,2719,2785,2906,2872,2850,2825,2833,2786,2795,2813,2905,2866,2842,2838,2804,2800,2824,2829
TOF,2832,2870,2782,2442,2333,2298,2123,1906,2915,2781,2697,2673,2760,2812,2791,2358,2910,2894,2859,2831,2807,2702,2608,2699,2865,2906,2875,2841,2857,2822,2737,2738,2889,2866,2863,2857,2855,2825,2720,2787,2901,2883,2869,2841,2841,2811,2697,2801,2899,2868,2848,2834,2819,2787,2805,2817,2908,2864,2856,2814,2839,2809,2809,2794
TOF,2829,2820,2861,2419,2330,2317,2121,2021,2907,2768,2687,2651,2779,2796,2576,2281,2910,2894,2876,2857,2778,2684,2648,2777,2904,2889,2855,2855,2836,2832,2779,2760,2888,2885,2869,2843,2840,2834,2719,2791,2921,2867,2852,2838,2824,2808,2709,2759,2907,2875,2857,2831,2845,2790,2807,2753,2909,2889,2837,2830,2812,2744,2801,135
TOF,2913,2831,2861,2338,2373,2249,2272,1959,2894,2818,2686,2670,2723,2771,2791,2306,2932,2894,2861,2855,2799,2704,2587,2619,2909,2898,2868,2870,2855,2823,2717,2761,2893,2880,2862,2818,2829,2822,2734,2793,2884,2894,2820,2821,2867,2812,2787,2791,2878,2876,2850,2834,2843,2774,2795,145,2920,2890,2833,2837,2808,2765,2795,139
TOF,2812,2874,2754,2338,2346,2290,2134,1933,2892,2769,2669,2640,2722,2805,2610,2340,2914,2894,2864,2847,2811,2691,2634,2724,2917,2897,2883,2852,2841,2805,2725,2775,2885,2895,2873,2847,2835,2820,2721,2830,2912,2867,2850,2853,2836,2795,2704,2812,2897,2859,2850,2836,2828,2783,2802,174,2905,2869,2871,2834,2826,2717,2784,156
TOF,2744,2804,2788,2394,2349,2284,2144,1942,2925,2810,2697,2663,2739,2769,2744,2369,2929,2888,2873,2865,2821,2658,2617,2711,2913,2883,2876,2858,2857,2836,2731,2716,2902,2852,2868,2849,2817,2806,2690,2799,2891,2860,2857,2846,2824,2787,2804,2791,2914,2865,2856,2840,2842,2770,2820,186,2882,2857,2875,2824,2819,2790,2784,154
TOF,2852,2804,2831,2490,2325,2282,2218,1939,2827,2753,2688,2662,2760,2761,2768,2339,2919,2887,2878,2862,2768,2714,2604,2708,2899,2890,2873,2872,2863,2808,2765,2754,2901,2876,2884,2842,2836,2832,2766,2814,2904,2870,2861,2834,2836,2795,2727,2773,2888,2882,2870,2813,2835,2790,2775,162,2913,2883,2866,2830,2835,2766,2802,149
TOF,2715,2763,2814,2409,2350,2307,2188,2000,2908,2796,2675,2648,2760,2817,2769,2295,2895,2914,2887,2859,2797,2677,2635,2767,2881,2883,2884,2857,2839,2816,2788,2727,2924,2880,2877,2844,2810,2830,2721,2810,2876,2861,2852,2832,2847,2794,2723,2744,2881,2852,2842,2841,2814,2768,2803,139,2891,2889,2877,2856,2815,2740,2793,134
TOF,2756,2864,2741,2481,2326,2296,2173,1994,2903,2798,2670,2689,2840,2785,2711,2322,2925,2888,2868,2860,2841,2667,2655,2693,2890,2893,2864,2859,2858,2818,2792,2725,2921,2892,2854,2863,2834,2813,2729,2733,2916,2873,2866,2842,2825,2808,2760,127,2919,2868,2850,2831,2811,2776,2791,130,2903,2873,2880,2814,2821,2724,144,124
TOF,2796,2870,2706,2389,2357,2286,2268,1913,2891,2809,2703,2674,2730,2828,2672,2393,2922,2887,2880,2870,2791,2676,2658,2664,2884,2884,2882,2858,2840,2839,2725,122,2910,2889,2862,2863,2848,2818,2692,124,2893,2900,2854,2840,2827,2794,2700,117,2869,2874,2814,2818,2830,2796,132,117,2944,2848,2858,2834,2817,2756,133,117
TOF,2767,2861,2786,2394,2388,2279,2265,2083,2853,2782,2643,2648,2719,2803,2742,127,2929,2902,2886,2848,2784,2706,2595,124,2927,2886,2860,2872,2865,2852,2743,118,2898,2871,2851,2847,2846,2818,2711,117,2874,2850,2855,2833,2832,2801,136,114,2913,2857,2837,2827,2819,2811,128,115,2911,2882,2876,2838,2842,2769,128,113
TOF,2948,2877,2815,2388,2366,2252,2196,133,2895,2763,2708,2629,2793,2848,2758,124,2914,2895,2881,2859,2777,2759,2587,120,2899,2883,2880,2877,2846,2809,2791,117,2925,2908,2863,2850,2840,2826,132,114,2900,2869,2855,2852,2817,2818,129,112,2880,2858,2835,2828,2815,2788,123,112,2888,2862,2876,2845,2851,141,118,112
TOF,2686,2827,2830,2395,2322,2287,2266,145,2878,2891,2689,2722,2797,2783,2724,2353,2914,2917,2896,2868,2781,2751,2638,128,2910,2886,2874,2855,2835,2813,2752,135,2882,2877,2869,2851,2838,2805,2694,120,2895,2886,2829,2859,2829,2822,132,122,2906,2891,2841,2822,2807,2790,133,115,2904,2877,2849,2845,2822,2760,125,117
TOF,2823,2838,2830,2454,2370,2287,2125,1910,2882,2754,2696,2707,2766,2777,2517,2346,2892,2896,2883,2878,2799,2711,2594,2648,2892,2903,2847,2869,2854,2813,2757,2780,2897,2875,2843,2841,2835,2816,2779,2787,2899,2900,2847,2845,2840,2815,2736,2793,2892,2884,2853,2829,2817,2808,2793,135,2903,2874,2859,2851,2811,2727,146,137
TOF,2804,2806,2874,2392,2335,2238,2316,1966,2848,2793,2662,2767,2709,2868,2545,2310,2922,2890,2878,2849,2815,2712,2598,2743,2904,2889,2870,2886,2839,2806,2777,2748,2918,2887,2863,2842,2851,2817,2760,2783,2902,2877,2865,2865,2844,2788,2721,2762,2860,2876,2856,2827,2832,2797,2785,2766,2910,2881,2880,2822,2824,2755,2805,137
TOF,2669,2835,2898,2343,2377,2273,2293,2026,2911,2837,2650,2648,2592,2786,2765,2286,2934,2883,2861,2846,2820,2735,2639,2705,2910,2894,2871,2846,2862,2823,2765,2648,2906,2899,2872,2860,2828,2825,2702,2744,2894,2881,2846,2829,2839,146,2693,132,2918,2867,2856,2846,152,148,137,130,2929,148,2853,147,2744,145,138,135
TOF,2869,2816,2841,2449,2329,2289,159,1913,2875,193,2687,173,2780,155,2383,141,2990,2900,181,154,158,152,149,139,2922,178,155,204,155,159,147,156,2908,186,197,182,170,148,151,142,174,2882,188,195,155,2824,147,2776,2905,161,182,185,180,161,2797,2805,2935,2867,177,2828,169,2781,2820,2813
TOF,2942,2724,233,224,219,183,210,182,2899,2774,2770,327,196,2778,181,2352,2933,2893,314,2861,2812,2678,2644,2743,2891,2875,2863,2864,2832,2825,2759,2764,2916,2894,2874,2870,2835,2814,2722,2814,2896,2882,2840,2858,2813,2826,2699,2785,2888,2874,2866,2830,2808,2829,2797,2818,2913,2885,2835,2844,2823,2765,2808,2783
TOF,2824,2671,2807,2399,2373,2278,2175,1940,2883,2802,2804,2691,2770,2782,2789,2312,2934,2904,2890,2869,2797,2650,2661,2761,2890,2901,2859,2853,2861,2839,2762,2745,2915,2890,2876,2872,2839,2812,2707,2806,2867,2873,2849,2850,2833,2811,2719,2815,2896,2871,2841,2837,2840,2818,2781,2809,2912,2874,2863,2839,2830,2730,2778,2808
TOF,2728,2671,2600,2347,2317,2290,2218,1968,2885,2788,2652,2679,2738,2790,2727,2312,2923,2881,2871,2834,2781,2693,2619,2684,2925,2906,2883,2844,2865,2802,2748,2744,2900,2897,2869,2853,2846,2815,2722,2796,2917,2847,2846,2847,2842,2805,2769,2802,2887,2892,2848,2845,2846,2800,2803,2800,2907,2877,2861,2833,2817,2814,2839,2785
TOF,2822,2719,2886,2360,2360,2293,2296,1994,2856,2809,2693,2709,2744,2807,2773,2409,2925,2883,2878,2848,2796,2636,2623,2569,2915,2887,2881,2873,2832,2809,2742,2757,2916,2883,2893,2845,2849,2821,2701,2823,2912,2848,2867,2841,2818,2822,2787,2836,2900,2890,2869,2818,2804,2810,2779,2822,2929,2873,2856,2836,2821,2733,2818,2814
TOF,2717,2735,2811,2413,2343,2283,2159,1952,2905,2794,2689,2673,2773,2766,2633,2490,2914,2889,2863,2844,2777,2677,2612,2712,2912,2878,2895,2854,2853,2813,2731,2757,2919,2887,2836,2844,2837,2819,2691,2773,2873,2860,2841,2849,2845,2798,2724,2758,2864,2865,2858,2845,2837,2779,2799,2796,2892,2892,2856,2818,2820,2737,2810,2795
TOF,2754,2906,2730,2424,2348,2340,2262,1891,2875,2792,2724,2735,2810,2794,2773,2288,2934,2905,2871,2876,2783,2693,2630,2654,2915,2886,2858,2876,2841,2825,2747,2763,2888,2884,2845,2842,2841,2829,2710,2810,2895,2874,2843,2846,2828,2822,2701,2799,2912,2880,2838,2845,2833,2790,2805,2797,2898,2861,2865,2847,2817,2721,2802,2790
TOF,2747,2906,2894,2461,2327,2296,2143,1904,2860,2735,2677,2637,2792,2821,2462,2350,2887,2893,2882,2859,2752,2708,2597,2762,2907,2887,2880,2853,2829,2820,2742,2753,2900,2881,2864,2843,2857,2809,2682,2806,2905,2837,2847,2864,2838,2810,2683,2793,2871,2884,2855,2863,2803,2789,2795,2776,2900,2862,2873,2840,2798,2777,2823,2824
TOF,2836,2844,2821,2424,2348,2282,2131,1978,2915,2809,2743,2707,2707,2789,2613,2321,2922,2903,2875,2857,2782,2674,2603,2694,2898,2889,2869,2855,2845,2818,2771,2713,2892,2877,2865,2854,2851,2844,2679,2830,2895,2866,2834,2862,2862,2833,2637,2805,2886,2860,2864,2839,2809,2797,2794,2827,2892,2875,2848,2843,2836,2764,2780,2845
TOF,2822,2877,2821,2417,2391,2292,2232,1960,2847,2799,2702,2655,2879,2802,2644,2321,2913,2894,2889,2854,2810,2703,2579,2683,2876,2878,2895,2869,2860,2841,2754,2757,2888,2875,2871,2844,2845,2826,2665,2803,2927,2859,2865,2847,2841,2828,2702,2802,2885,2860,2853,2831,2809,2815,2810,2818,2900,2882,2864,2836,2850,2740,2826,2820
TOF,2800,2890,2803,2536,2349,2273,2183,1862,2851,2790,2680,2688,2763,2811,2675,2313,2910,2919,2889,2867,2778,2673,2590,2693,2901,2891,2880,2867,2836,2823,2776,2730,2897,2891,2857,2862,2823,2828,2730,2796,2878,2868,2864,2841,2813,2812,2746,2819,2896,2868,2873,2850,2801,2810,2787,2795,2891,2884,2862,2828,2848,2763,2805,2803
TOF,2911,2795,2838,2448,2341,2285,2159,2002,2860,2772,2672,2634,2728,2807,2338,2371,2950,2896,2880,2868,2806,2691,2637,2639,2905,2881,2830,2870,2854,2848,2731,2722,2895,2883,2842,2852,2825,2823,2663,2775,2888,2884,2826,2855,2850,2803,2853,2783,2889,2873,2842,2850,2836,2799,2787,2790,2891,2880,2842,2827,2833,2732,2800,2812
TOF,2866,2855,2828,2373,2368,2302,2244,1965,2875,2779,2642,2665,2736,2768,2434,2368,2910,2908,2878,2856,2821,2686,2624,2791,2929,2903,2848,2852,2833,2838,2725,2751,2887,2874,2846,2869,2833,2837,2715,2792,2901,2865,2876,2848,2850,2821,2762,2798,2869,2870,2848,2856,2810,2800,2790,2780,2893,2875,2885,2836,2828,2728,2812,2818
TOF,2900,2900,2533,2429,2366,2303,2075,1871,2918,2842,2686,2681,2639,2784,2725,2325,2921,2896,2888,2866,2767,2670,2603,2678,2896,2862,2867,2872,2868,2825,2752,2747,2925,2879,2891,2869,2840,2816,2689,2818,2906,2881,2871,2827,2838,2819,2770,2800,2884,2881,2862,2820,2825,2793,2788,2800,2911,2898,2859,2824,2827,2742,2817,2804
TOF,2717,2804,2825,2536,2361,2290,2063,1924,2898,2812,2703,2726,2740,2847,2769,2342,2924,2913,2890,2861,2823,2671,2615,2672,2920,2890,2871,2860,2856,2845,2768,2731,2917,2914,2867,2855,2837,2830,2738,2805,2909,2875,2860,2829,2831,2806,2742,2817,2910,2885,2851,2824,2811,2785,2806,2781,2889,2877,2864,2824,2815,2759,2821,2793
TOF,2917,2723,2808,2437,2406,2279,2147,1892,2832,2796,2668,2684,2735,2812,2806,2284,2924,2896,2879,2844,2801,2672,2623,2782,2923,2909,2861,2857,2842,2842,2766,2752,2930,2872,2854,2859,2850,2818,2713,2784,2891,2865,2878,2848,2837,2810,2754,2775,2885,2871,2870,2822,2821,2774,2800,2786,2888,2875,2853,2820,2824,2781,2798,2799
TOF,2770,2767,2792,2402,2362,2300,2183,2010,2876,2804,2694,2660,2687,2779,2719,2378,2926,2902,2889,2859,2791,2677,2637,2702,2921,2886,2898,2857,2844,2818,2771,2731,2924,2881,2871,2845,2844,2840,2736,2801,2890,2868,2861,2843,2821,2836,2710,2795,2914,2877,2840,2847,2836,2801,2788,2808,2914,2899,2876,2851,2842,2801,2802,2796
TOF,2719,2799,2764,2441,2347,2266,2183,1898,2843,2796,2707,2659,2700,2790,2793,2327,2958,2891,2867,2858,2817,2667,2609,2713,2908,2898,2878,2855,2856,2809,2776,2720,2920,2883,2865,2854,2828,2819,2700,2810,2905,2899,2875,2846,2821,2830,2708,2782,2906,2886,2850,2823,2836,2807,2801,2780,2919,2867,2856,2848,2831,2733,2824,2789
TOF,2831,2800,2785,2416,2373,2302,2193,1945,2902,2843,2678,2658,2746,2778,2887,2329,2940,2889,2882,2866,2775,2648,2632,2754,2917,2892,2920,2867,2854,2821,2778,2763,2922,2900,2884,2846,2864,2808,2713,2800,2899,2869,2862,2843,2814,2790,2687,2817,2890,2897,2862,2841,2813,2807,2804,2802,2916,2889,2879,2824,2824,2779,2795,2778
TOF,2825,2814,2857,2388,2324,2295,2190,1945,2893,2836,2700,2679,2717,2768,2503,2289,2978,2920,2902,2870,2760,2724,2623,2689,2958,2900,2892,2863,2855,2818,2764,2681,2911,2884,2881,2853,2830,2820,2728,2807,2908,2878,2853,2854,2842,2821,2699,2801,2890,2888,2854,2824,2842,2791,2751,2789,2915,2897,2852,2824,2846,2757,2790,2801
TOF,2841,2828,2857,2458,2383,2288,2230,1962,2901,2834,2723,2654,2734,2814,2699,2336,2936,2908,2903,2860,2802,2697,2620,2656,2939,2906,2882,2880,2864,2827,2781,2678,2921,2921,2877,2835,2855,2821,2734,2781,2899,2855,2863,2841,2835,2812,2731,2781,2931,2896,2869,2850,2832,2807,2730,2808,2892,2914,2864,2819,2793,2819,2804,2782
TOF,2832,2822,2857,2407,2305,2322,2102,1950,2893,2822,2679,2714,2803,2797,2824,2341,2987,2906,2888,2876,2780,2686,2612,2709,2930,2914,2886,2868,2839,2824,2782,2701,2954,2868,2869,2840,2844,2804,2764,2750,2921,2853,2840,2846,2807,2802,2650,2768,2899,2867,2855,2839,2828,2823,2738,2777,2924,2875,2879,2847,2833,2789,2792,2792
TOF,2682,2830,2847,2444,2345,2313,2175,1950,2900,2848,2702,2730,2761,2831,2736,2280,2953,2918,2868,2851,2844,2682,2583,2674,2941,2894,2889,2851,2849,2813,2803,2700,2953,2912,2846,2851,2846,2811,2765,2803,2915,2889,2881,2847,2846,2807,2614,2776,2915,2879,2848,2847,2814,2805,2765,2798,2934,2904,2888,2848,2811,2770,2788,2783
TOF,2743,2816,2847,2444,2338,2273,2151,1927,2852,2829,2686,2686,2792,2832,2517,2347,2949,2898,2896,2854,2816,2697,2615,2708,2951,2899,2890,2866,2852,2832,2786,2647,2940,2897,2868,2861,2809,2799,2744,2786,2900,2899,2863,2848,2807,2824,2707,2768,2933,2888,2836,2830,2823,2811,2729,2769,2937,2916,2874,2828,2808,2792,2816,2801
TOF,2780,2919,2586,2423,2338,2279,2134,1877,2902,2828,2674,2666,2733,2799,2674,2318,2958,2954,2888,2876,2751,2690,2582,2693,2957,2915,2882,2882,2855,2833,2786,2635,2938,2902,2866,2862,2840,2822,2790,2786,2930,2872,2874,2862,2803,2816,2690,2770,2904,2865,2865,2851,2824,2795,2698,2766,2934,2899,2888,2854,2810,2787,2802,2796
TOF,2780,2919,2790,2447,2317,2279,2287,1910,2945,2807,2682,2681,2787,2819,2778,2343,2981,2911,2901,2865,2799,2693,2595,2752,2941,2917,2879,2871,2836,2817,2777,2584,2952,2889,2885,2862,2843,2811,2783,2816,2914,2891,2856,2848,2832,2803,2662,2767,2935,2890,2860,2843,2833,2785,2736,2777,2982,2860,2853,2839,2831,2781,2816,2768
TOF,2867,2838,2942,2455,2361,2324,2168,1929,2899,2812,2691,2671,2732,2799,2760,2302,2979,2915,2889,2876,2767,2712,2597,2680,2927,2903,2885,2875,2848,2817,2767,2680,2939,2903,2861,2866,2838,2821,2771,2777,2919,2887,2880,2862,2830,2802,2706,2787,2920,2890,2861,2867,2828,2788,2757,2768,2922,2885,2873,2829,2802,2778,2793,2782
TOF,2833,2838,2871,2702,2335,2319,2195,1967,2928,2886,2739,2717,2654,2831,2758,2286,2967,2930,2888,2859,2811,2638,2598,2676,2942,2928,2893,2864,2842,2823,2795,2697,2943,2916,2854,2880,2841,2813,2765,2790,2890,2903,2872,2850,2825,2787,2662,2752,2918,2895,2870,2833,2817,2783,2723,2766,2921,2903,2880,2825,2830,2780,2785,2775
TOF,2852,2910,2518,2467,2345,2302,2105,1913,2898,2843,2701,2634,2807,2780,2741,2337,2974,2938,2912,2850,2791,2698,2607,2668,2946,2921,2885,2856,2858,2819,2817,2639,2941,2880,2898,2869,2859,2814,2756,2784,2952,2891,2889,2843,2837,2794,2629,2784,2898,2901,2859,2826,2822,2811,2758,2748,2936,2891,2896,2838,2825,2785,2785,2781
TOF,2747,2914,2914,2610,2348,2246,2245,1875,2942,2824,2739,2692,2748,2810,2738,2326,2952,2923,2902,2870,2782,2686,2638,2726,2928,2908,2890,2880,2846,2827,2775,2634,2891,2910,2876,2872,2842,2815,2763,2800,2928,2886,2864,2837,2808,2797,2695,2781,2931,2904,2884,2860,2831,2801,2718,2771,2939,2884,2889,2840,2809,2786,2773,2802
TOF,2883,2952,2804,2418,2362,2283,2252,1974,2851,2816,2719,2674,2768,2761,2637,2292,2975,2926,2895,2875,2779,2661,2601,2615,2943,2904,2900,2878,2840,2818,2791,2665,2931,2917,2878,2850,2831,2839,2777,2762,2920,2912,2885,2852,2832,2838,2696,2785,2922,2884,2871,2834,2821,2776,2737,2767,2931,2879,2875,2825,2804,2785,2791,2777
TOF,2963,2858,2804,2417,2366,2324,2255,1911,2913,2849,2715,2723,2793,2791,2685,2289,2935,2952,2885,2867,2804,2667,2655,2658,2972,2928,2880,2871,2842,2832,2797,2631,2929,2912,2889,2870,2829,2818,2764,2778,2913,2906,2856,2842,2841,2801,2687,2780,2913,2895,2856,2818,2800,2808,2783,2768,2930,2891,2868,2842,2792,2771,2771,2772
TOF,2797,2858,2745,2583,2408,2264,2189,1949,2884,2825,2725,2676,2801,2783,2746,2295,2957,2932,2895,2849,2807,2665,2601,2651,2961,2913,2894,2872,2854,2828,2780,2683,2927,2880,2884,2872,2858,2819,2768,2770,2926,2869,2868,2832,2842,2839,2693,2805,2931,2896,2846,2839,2821,2792,2786,2762,2974,2909,2872,2842,2830,2769,2804,2782
TOF,2868,2909,2745,2390,2360,2313,2207,1988,2866,2856,2702,2685,2776,2801,2751,2336,2978,2932,2894,2866,2820,2677,2628,2631,2926,2904,2900,2867,2838,2844,2788,2671,2946,2922,2876,2857,2828,2813,2763,2788,2944,2875,2864,2834,2827,2809,2682,2740,2904,2887,2860,2829,2806,2802,2763,2797,2964,2903,2880,2826,2834,2780,2784,2763
TOF,2890,2934,2807,2392,2336,2317,2144,1876,2927,2824,2709,2656,2769,2807,2615,2312,2946,2935,2886,2856,2788,2686,2602,2587,2938,2915,2911,2861,2836,2836,2812,2636,2933,2912,2881,2873,2838,2800,2768,2769,2944,2897,2867,2837,2833,2795,2708,2759,2924,2874,2860,2827,2815,2809,2735,2775,2908,2880,2871,2854,2812,2776,2782,2768
TOF,2814,2934,2665,2387,2331,2280,2092,1886,2942,2844,2688,2675,2818,2804,2633,2329,2975,2924,2907,2868,2791,2662,2598,2634,2939,2907,2926,2881,2846,2824,2784,2631,2959,2918,2874,2862,2823,2815,2769,2803,2925,2885,2878,2846,2838,2798,2719,2773,2932,2912,2845,2837,2800,2781,2766,2779,2945,2872,2885,2853,2829,2769,2774,2767
TOF,2917,2934,2878,2407,2341,2305,2202,1890,2838,2837,2700,2701,2774,2778,2510,2333,2956,2937,2923,2850,2787,2690,2594,2642,2958,2916,2887,2881,2852,2835,2801,2653,2934,2911,2870,2874,2836,2819,2795,2769,2948,2901,2874,2837,2824,2795,2697,2762,2921,2895,2855,2837,2823,2807,2737,2774,2962,2884,2871,2823,2810,2768,2805,2743
TOF,2848,2958,2870,2465,2358,2293,2134,1982,2877,2807,2723,2661,2851,2798,2816,2280,2976,2927,2901,2874,2773,2642,2637,2803,2960,2915,2891,2865,2866,2847,2794,2615,2959,2896,2892,2863,2846,2827,2774,2772,2903,2921,2871,2823,2830,2798,2678,2766,2939,2905,2892,2843,2818,2799,2694,2777,2936,2910,2873,2843,2801,2749,2789,2772
TOF,3034,2903,2845,2438,2384,2290,2127,1904,2910,2817,2695,2668,2754,2760,2742,2324,2982,2917,2912,2864,2838,2696,2598,2661,2970,2934,2893,2878,2861,2840,2773,2692,2948,2879,2890,2869,2838,2817,2751,2802,2912,2900,2879,2849,2819,2791,2680,2755,2924,2899,2868,2840,2815,2784,2679,2764,2928,2887,2856,2853,2807,2774,2797,2746
TOF,2711,2942,2542,2393,2395,2299,2136,1926,2952,2772,2706,2636,2689,2790,2742,2313,2958,2902,2893,2879,2771,2658,2617,2651,2950,2916,2895,2860,2844,2798,2802,2690,2899,2934,2866,2863,2832,2830,2778,2796,2915,2918,2884,2845,2826,2822,2713,2768,2934,2900,2863,2847,2820,2797,2744,2772,2954,2890,2868,2852,2816,2786,2806,2762
TOF,2966,2938,2906,2411,2368,2266,2232,1946,2900,2807,2735,2682,2853,2815,2784,2303,2953,2903,2898,2849,2791,2691,2632,2685,2944,2911,2898,2868,2841,2825,2779,2649,2936,2904,2872,2866,2831,2810,2741,2754,2916,2881,2877,2853,2834,2806,2688,2763,2927,2894,2852,2838,2830,2799,2696,2785,2904,2890,2848,2814,2828,2772,2774,2763
TOF,2871,2881,2848,2497,2340,2282,2136,1955,2928,2838,2746,2663,2853,2771,2724,2303,2944,2931,2893,2878,2784,2710,2614,2694,2934,2922,2883,2869,2847,2833,2803,2652,2968,2901,2882,2858,2839,2817,2783,2756,2922,2880,2866,2851,2826,2812,2657,2796,2909,2905,2872,2817,2827,2784,2699,2765,2938,2926,2869,2854,2813,2768,2760,2766
TOF,2896,2881,2825,2474,2343,2255,2173,1985,2912,2799,2731,2665,2702,2801,2772,2250,2954,2926,2893,2867,2801,2678,2602,2725,2976,2916,2902,2877,2846,2825,2807,2630,2974,2914,2879,2840,2838,2818,2748,2785,2908,2915,2874,2854,2794,2801,2728,2779,2937,2881,2864,2848,2801,2803,2737,2758,2935,2909,2878,2849,2815,2777,2791,2795
TOF,2938,2798,2766,2422,2344,2321,2252,1985,2930,2777,2752,2710,2757,2789,2767,2364,2959,2922,2923,2860,2819,2745,2578,2665,2972,2907,2888,2887,2866,2835,2791,2625,2972,2903,2878,2872,2850,2810,2774,2786,2930,2877,2873,2865,2812,2831,2684,2770,2898,2880,2869,2851,2807,2808,2773,2793,2934,2864,2869,2824,2821,2785,2797,2789
TOF,3055,2890,2733,2444,2351,2300,2214,1871,2912,2840,2718,2648,2648,2795,2769,2306,2978,2943,2897,2865,2803,2672,2585,2586,2922,2924,2914,2877,2838,2818,2793,2664,2928,2912,2870,2878,2839,2812,2768,2759,2945,2908,2874,2868,2828,2824,2656,2783,2947,2898,2866,2840,2818,2799,2756,2778,2920,2918,2867,2850,2824,2780,2776,2775
TOF,2987,2832,2888,2437,2356,2280,2184,1871,2916,2841,2739,2665,2783,2810,2542,2396,2985,2935,2907,2849,2829,2674,2608,2689,2962,2934,2885,2871,2825,2830,2792,2595,2927,2887,2905,2855,2836,2832,2791,2793,2932,2879,2870,2848,2819,2797,2649,2787,2943,2885,2849,2846,2830,2802,2698,2758,2929,2912,2883,2821,2819,2786,2793,2764
TOF,2987,2832,2873,2453,2347,2326,2173,1929,2889,2811,2700,2675,2834,2792,2397,2306,2961,2937,2893,2874,2786,2640,2575,2633,2954,2915,2876,2886,2852,2818,2791,2632,2954,2918,2891,2842,2846,2829,2762,2795,2960,2878,2870,2858,2835,2809,2685,2764,2922,2885,2862,2823,2804,2788,2683,2780,2925,2930,2880,2829,2812,2768,2787,2754
TOF,2785,2934,2865,2362,2365,2305,2047,1874,2887,2824,2739,2646,2719,2777,2688,2310,2952,2944,2909,2849,2835,2664,2624,2649,2954,2930,2881,2883,2846,2828,2797,2660,2914,2898,2904,2856,2844,2817,2761,2792,2916,2897,2861,2844,2822,2822,2691,2764,2924,2894,2867,2831,2817,2774,2691,2775,2942,2882,2850,2850,2809,2773,2792,2747
TOF,2794,2766,2708,2472,2383,2350,2241,1957,2923,2828,2718,2689,2744,2797,2851,2331,2950,2906,2906,2865,2837,2729,2577,2666,2980,2917,2883,2868,2848,2834,2792,2657,2954,2908,2865,2854,2841,2819,2770,2788,2956,2894,2888,2831,2855,2812,2688,2778,2908,2891,2863,2850,2824,2801,2646,2773,2922,2924,2856,2851,2820,2771,2756,2801
TOF,2818,2867,2788,2499,2345,2305,2157,1972,2946,2758,2734,2673,2733,2781,2632,2261,2960,2929,2886,2850,2756,2681,2597,2665,2963,2915,2882,2865,2835,2808,2795,2641,2969,2907,2888,2884,2850,2819,2770,2779,2940,2878,2884,2842,2804,2811,2708,2775,2923,2871,2857,2817,2829,2800,2736,2744,2917,2880,2882,2856,2836,2786,2778,2766
TOF,2797,2965,2883,2437,2334,2313,2183,1972,2888,2770,2709,2665,2741,2825,2576,2351,2954,2931,2888,2872,2807,2666,2612,2748,2946,2913,2885,2868,2846,2829,2776,2644,2904,2901,2906,2865,2833,2809,2772,2778,2926,2904,2873,2837,2817,2828,2699,2770,2932,2896,2866,2844,2822,2792,2709,2776,2944,2912,2873,2865,2816,2776,2790,2746
TOF,2860,2871,2727,2393,2369,2314,2170,2035,2908,2865,2698,2772,2683,2774,2765,2279,2962,2928,2889,2876,2756,2687,2598,2676,2962,2921,2894,2906,2869,2806,2798,2650,2944,2889,2879,2875,2842,2823,2780,2780,2946,2902,2880,2860,2800,2829,2740,2777,2928,2891,2857,2847,2837,2783,2664,2760,2955,2932,2884,2854,2808,2778,2787,2769
TOF,2669,2910,2744,2432,2371,2294,2091,2126,2909,2878,2704,2695,2740,2782,2761,2320,2965,2952,2917,2871,2820,2692,2586,2632,2957,2919,2899,2864,2836,2811,2797,2693,2957,2937,2868,2861,2853,2812,2777,2760,2929,2890,2880,2859,2847,2793,2708,2777,2926,2882,2864,2860,2813,2798,2706,2752,2927,2891,2859,2840,2800,2783,2803,2771
TOF,2622,2878,2895,2384,2329,2280,2165,1954,2924,2835,2734,2683,2729,2808,2640,2297,2966,2918,2900,2852,2824,2738,2584,2673,2936,2916,2880,2866,2838,2825,2794,2700,2947,2926,2884,2844,2844,2826,2770,2754,2913,2918,2868,2865,2824,2815,2741,2806,2921,2885,2869,2839,2821,2810,2702,2775,2971,2904,2866,2848,2843,2764,2783,2782
TOF,2839,2878,2670,2433,2363,2301,2165,1954,2934,2855,2701,2690,2873,2780,2479,2343,2976,2906,2895,2867,2806,2660,2600,2690,2954,2911,2875,2879,2840,2808,2795,2669,2955,2912,2903,2859,2833,2792,2774,2771,2943,2873,2878,2843,2835,2786,2689,2790,2924,2900,2871,2847,2824,2801,2745,2768,2924,2910,2844,2814,2815,2786,2783,2791
TOF,2794,2892,2833,2433,2384,2336,2106,1931,2909,2820,2702,2708,2838,2805,2786,2303,2975,2937,2879,2868,2800,2696,2641,2714,2951,2917,2887,2869,2837,2820,2787,2672,2973,2902,2885,2877,2866,2803,2748,2750,2922,2907,2888,2847,2858,2821,2749,2768,2927,2891,2879,2838,2836,2817,2705,2765,2956,2888,2870,2851,2807,2800,2804,2773
TOF,2886,2931,2808,2441,2343,2297,2162,1876,2899,2810,2724,2672,2697,2813,2791,2331,2960,2934,2887,2868,2772,2695,2627,2632,2961,2902,2906,2879,2875,2827,2793,2644,2934,2909,2875,2881,2831,2822,2792,2774,2932,2898,2874,2875,2840,2803,2719,2760,2917,2907,2866,2854,2808,2772,2743,2783,2937,2905,2893,2849,2784,2776,2816,2776
TOF,2838,2942,2808,2399,2360,2316,2188,1882,2873,2814,2739,2669,2680,2777,2778,2357,2979,2935,2934,2880,2792,2694,2583,2650,2973,2924,2901,2860,2843,2832,2736,2656,2928,2922,2905,2858,2829,2812,2744,2766,2918,2910,2874,2863,2829,2805,2686,2806,2912,2900,2863,2834,2819,2807,2721,2779,2907,2897,2867,2871,2833,2760,2800,2786
TOF,2733,2908,2728,2461,2368,2310,2203,1919,2910,2808,2723,2652,2835,2762,2764,2335,2984,2929,2884,2847,2815,2706,2597,2658,2957,2914,2884,2881,2842,2827,2796,2661,2941,2911,2894,2864,2837,2806,2774,2778,2929,2912,2863,2856,2841,2804,2698,2764,2931,2888,2884,2846,2817,2795,2705,2746,2966,2914,2866,2832,2824,2773,2805,2754
TOF,2818,2902,2728,2530,2379,2323,2226,1924,2930,2785,2729,2660,2744,2765,2787,2321,2977,2926,2895,2863,2782,2715,2592,2652,2931,2911,2898,2872,2847,2831,2789,2613,2944,2901,2874,2859,2849,2819,2788,2759,2926,2889,2849,2869,2825,2803,2705,2780,2915,2881,2871,2855,2809,2811,2707,2764,2952,2917,2883,2829,2803,2775,2759,2766
TOF,2874,2902,2860,2409,2400,2307,2226,1957,2905,2803,2703,2745,2780,2826,2691,2331,2980,2905,2900,2858,2787,2694,2636,2667,2936,2912,2895,2868,2860,2821,2763,2679,2948,2932,2888,2858,2852,2832,2794,2764,2916,2902,2873,2851,2811,2816,2659,2764,2908,2906,2864,2838,2811,2799,2768,2760,2938,2882,2878,2830,2811,2772,2794,2751
TOF,2893,2892,2789,2479,2330,2306,2196,1941,2939,2857,2713,2659,2783,2808,2750,2314,2958,2910,2889,2878,2838,2692,2610,2675,2942,2910,2889,2878,2856,2842,2785,2639,2906,2927,2870,2848,2841,2825,2764,2787,2919,2902,2876,2845,2814,2794,2717,2764,2928,2879,2880,2816,2834,2797,2689,2783,2922,2910,2871,2853,2814,2768,2769,2767
TOF,2922,2892,2774,2387,2353,2299,2200,2028,2916,2846,2722,2676,2876,2802,2749,2316,2969,2941,2925,2869,2806,2632,2597,2666,2934,2919,2895,2877,2851,2818,2789,2591,2946,2902,2896,2879,2820,2827,2768,2800,2916,2902,2853,2833,2820,2803,2711,2773,2916,2894,2851,2860,2818,2800,2757,2769,2932,2872,2884,2829,2829,2794,2770,2769
TOF,2907,2688,2832,2440,2322,2258,2168,2036,2912,2829,2693,2656,2751,2795,2747,2405,2980,2928,2902,2872,2746,2702,2612,2650,2961,2926,2900,2852,2843,2830,2790,2694,2943,2915,2909,2877,2829,2824,2770,2771,2919,2889,2871,2855,2828,2804,2719,2769,2932,2924,2867,2861,2835,2812,2657,2788,2937,2912,2901,2847,2837,2763,2824,2796
TOF,2958,2872,2653,2360,2358,2314,2152,1924,2905,2847,2738,2678,2787,2785,2740,2357,2950,2935,2905,2877,2779,2661,2626,2617,2931,2928,2900,2869,2848,2842,2804,2667,2943,2932,2877,2876,2861,2797,2761,2783,2938,2898,2863,2876,2822,2809,2710,2786,2903,2881,2864,2853,2815,2777,2700,2776,2926,2879,2881,2855,2828,2777,2785,2783
TOF,2857,2847,2366,2508,2333,2285,2115,1924,2858,2821,2701,2700,2765,2801,2610,2355,2952,2924,2909,2874,2807,2671,2632,2654,2934,2923,2867,2877,2844,2816,2801,2650,2931,2896,2884,2861,2837,2814,2774,2792,2905,2897,2875,2875,2825,2814,2697,2783,2921,2899,2868,2862,2830,2782,2748,2781,2943,2890,2858,2840,2822,2764,2770,2756
TOF,2928,2900,2877,2409,2381,2292,2110,1920,2889,2832,2715,2675,2846,2789,2598,2329,2964,2923,2905,2866,2829,2663,2615,2649,2940,2929,2885,2844,2834,2818,2787,2644,2938,2913,2887,2868,2839,2826,2790,2788,2929,2902,2837,2852,2834,2804,2670,2773,2944,2889,2849,2837,2808,2788,2662,2777,2947,2883,2868,2846,2828,2775,2797,2771
TOF,3083,2896,2845,2428,2370,2304,2190,1920,2862,2856,2704,2697,2773,2799,2666,2346,2979,2919,2931,2875,2816,2697,2603,2626,2903,2936,2877,2867,2866,2845,2784,2676,2960,2897,2873,2847,2848,2827,2785,2797,2914,2946,2863,2840,2802,2818,2713,2779,2901,2914,2874,2832,2851,2791,2761,2755,2960,2892,2864,2841,2807,2783,2805,2751
TOF,2835,2839,2788,2404,2367,2276,2263,2026,2873,2834,2691,2693,2757,2825,2636,2351,2953,2941,2893,2866,2791,2686,2593,2679,2934,2917,2877,2886,2850,2801,2795,2641,2955,2908,2879,2861,2843,2812,2733,2795,2930,2868,2861,2849,2838,2816,2679,2768,2945,2916,2866,2845,2825,2802,2677,2745,2950,2914,2864,2841,2816,2777,2789,2777
TOF,3014,2854,2791,2402,2331,2316,2246,2026,2939,2821,2703,2689,2719,2812,2786,2306,2941,2935,2892,2881,2789,2682,2625,2740,2960,2929,2892,2876,2861,2808,2784,2655,2951,2900,2877,2860,2835,2803,2772,2787,2942,2879,2874,2866,2847,2795,2732,2772,2893,2899,2862,2837,2815,2802,2637,2767,2920,2907,2897,2850,2811,2774,2809,2767
TOF,3004,2785,2782,2416,2382,2299,2234,1882,2920,2790,2692,2667,2693,2782,2763,2381,2968,2925,2893,2859,2768,2706,2614,2684,2930,2922,2895,2861,2844,2822,2786,2632,2939,2894,2877,2840,2831,2811,2754,2787,2893,2902,2881,2851,2822,2789,2646,2779,2923,2894,2858,2850,2810,2770,2677,2787,2951,2912,2874,2835,2836,2795,2766,2776
TOF,2952,2861,2827,2410,2368,2263,2165,1876,2867,2813,2739,2670,2658,2802,2716,2288,2948,2948,2895,2870,2801,2653,2618,2632,2944,2928,2885,2868,2851,2810,2783,2678,2928,2910,2880,2849,2833,2833,2764,2784,2928,2899,2887,2844,2825,2784,2693,2774,2943,2899,2852,2845,2822,2772,2746,2772,2933,2906,2895,2823,2825,2797,2789,2750
TOF,2793,2913,2782,2417,2339,2294,2264,1955,2919,2853,2674,2667,2778,2803,2749,2288,2957,2944,2906,2866,2840,2685,2632,2627,2943,2909,2868,2865,2860,2811,2808,2641,2938,2919,2877,2876,2841,2830,2761,2789,2924,2909,2873,2861,2831,2818,2676,2773,2950,2876,2859,2848,2804,2807,2739,2793,2942,2904,2844,2851,2845,2764,2771,2773
TOF,2842,2913,2779,2493,2355,2297,2139,1904,2900,2825,2735,2657,2756,2797,2739,2340,2963,2923,2901,2862,2805,2678,2636,2704,2941,2917,2901,2866,2851,2848,2766,2667,2917,2918,2883,2851,2841,2836,2783,2754,2941,2890,2864,2847,2823,2815,2710,2797,2931,2868,2865,2817,2815,2795,2744,2765,2949,2893,2876,2840,2835,2800,2756,2790
TOF,2927,2947,2898,2774,2357,2320,2232,1990,2893,2848,2673,2678,2706,2812,2734,2317,2987,2934,2904,2861,2790,2693,2614,2761,2966,2929,2905,2868,2841,2812,2792,2667,2929,2934,2853,2860,2851,2821,2766,2745,2936,2871,2877,2860,2814,2799,2670,2766,2927,2889,2856,2836,2827,2785,2747,2764,2926,2882,2860,2846,2808,2799,2779,2764
TOF,2874,2947,2897,2714,2358,2284,2097,1985,2918,2880,2693,2704,2760,2748,2760,2316,2975,2928,2912,2856,2757,2687,2603,2621,2959,2922,2888,2874,2851,2794,2778,2653,2925,2928,2875,2884,2827,2822,2761,2750,2932,2890,2875,2844,2834,2786,2680,2765,2925,2853,2840,2845,2815,2793,2765,2775,2950,2897,2865,2842,2826,2767,2763,2782
TOF,2842,2926,2515,2422,2394,2305,2166,1996,2907,2802,2724,2669,2748,2816,2719,2316,2965,2896,2910,2864,2805,2658,2609,2642,2957,2920,2918,2863,2857,2812,2798,2662,2921,2904,2873,2889,2851,2835,2767,2783,2931,2896,2869,2854,2842,2809,2696,2765,2930,2887,2879,2841,2819,2797,2755,2771,2918,2910,2876,2848,2820,2801,2801,2793
TOF,2842,2896,2882,2503,2334,2303,2217,2065,2903,2848,2657,2671,2815,2788,2669,2332,2955,2919,2896,2871,2790,2694,2653,2768,2932,2900,2880,2878,2857,2835,2796,2651,2959,2926,2869,2895,2845,2815,2772,2773,2926,2909,2880,2840,2836,2811,2728,2810,2938,2899,2852,2840,2824,2801,2778,2786,2925,2864,2871,2845,2831,2782,2819,2763
TOF,2818,2921,2875,2416,2360,2289,2179,1902,2869,2840,2719,2655,2732,2839,2774,2317,2974,2908,2904,2896,2800,2700,2654,2728,2964,2907,2902,2887,2860,2816,2807,2602,2957,2896,2891,2860,2835,2833,2784,2786,2914,2899,2870,2860,2820,2815,2702,2762,2905,2902,2868,2837,2816,2798,2691,2788,2957,2910,2864,2858,2821,2766,2805,2798
TOF,2833,2921,2908,2422,2345,2282,2096,1940,2949,2776,2687,2702,2783,2819,2796,2301,2943,2928,2913,2867,2790,2674,2660,2619,2971,2933,2906,2858,2836,2825,2806,2650,2964,2893,2888,2883,2842,2805,2798,2763,2939,2891,2887,2855,2820,2807,2678,2751,2918,2898,2857,2846,2808,2788,2738,2762,2963,2893,2855,2835,2839,2775,2787,2756
TOF,2881,2921,2854,2431,2363,2331,2219,1940,2929,2812,2681,2704,2728,2794,2791,2277,2955,2918,2902,2883,2789,2685,2606,2584,2953,2940,2893,2873,2868,2817,2802,2663,2955,2910,2879,2859,2859,2802,2759,2763,2969,2886,2880,2858,2839,2823,2704,2777,2918,2887,2900,2848,2828,2795,2682,2781,2931,2894,2876,2841,2841,2784,2773,2775
TOF,2760,2946,2854,2506,2338,2299,2220,1934,2939,2775,2677,2663,2754,2783,2663,2336,2968,2943,2876,2876,2770,2702,2608,2678,2959,2914,2904,2864,2846,2826,2790,2652,2968,2895,2884,2840,2837,2824,2767,2773,2935,2877,2882,2879,2844,2807,2707,2769,2917,2904,2853,2868,2810,2808,2788,2769,2943,2883,2873,2855,2799,2775,2791,2783
TOF,2836,2864,2708,2428,2362,2236,2091,1959,2960,2813,2671,2673,2670,2781,2664,2305,2968,2915,2910,2876,2799,2667,2636,2719,2930,2933,2888,2861,2838,2827,2780,2625,2957,2918,2879,2874,2839,2818,2741,2786,2941,2891,2859,2855,2860,2817,2692,2778,2934,2886,2876,2841,2803,2775,2741,2746,2957,2885,2858,2831,2818,2796,2783,2761
TOF,2820,2825,2631,2399,2360,2311,2186,1959,2897,2821,2732,2698,2768,2810,2713,2309,2979,2921,2896,2864,2777,2677,2598,2769,2938,2910,2911,2870,2843,2833,2791,2640,2954,2902,2874,2858,2841,2817,2752,2780,2935,2888,2872,2835,2827,2808,2662,2766,2930,2893,2879,2850,2847,2797,2698,2756,2951,2908,2859,2836,2820,2784,2759,2789
TOF,2710,2825,2849,2458,2392,2305,2204,2006,2956,2812,2720,2667,2763,2776,2705,2334,2966,2922,2888,2867,2821,2649,2632,2635,2981,2928,2887,2878,2871,2817,2793,2636,2944,2908,2893,2853,2819,2811,2785,2786,2914,2898,2861,2868,2817,2807,2691,2755,2922,2911,2882,2824,2817,2777,2754,2759,2955,2888,2890,2845,2823,2799,2771,2769
TOF,2821,2697,2502,2417,2356,2289,2292,2121,2935,2826,2683,2661,2882,2784,2705,2337,2958,2945,2941,2863,2833,2688,2637,2609,2954,2922,2887,2869,2844,2814,2789,2655,2948,2927,2870,2872,2862,2826,2761,2775,2946,2904,2864,2841,2806,2811,2725,2751,2916,2894,2861,2839,2817,2788,2783,2768,2955,2885,2880,2867,2822,2753,2762,2767
TOF,2840,2697,2914,2432,2372,2303,2219,2121,2920,2836,2673,2652,2781,2779,2704,2349,2973,2926,2886,2861,2799,2671,2606,2668,2925,2922,2885,2877,2850,2835,2797,2675,2933,2927,2877,2848,2838,2819,2763,2780,2935,2916,2872,2845,2827,2814,2698,2778,2952,2890,2868,2839,2804,2802,2738,2769,2946,2899,2867,2840,2824,2771,2814,2764
TOF,2931,2908,2921,2467,2367,2309,2186,1832,2874,2834,2672,2672,2764,2812,2796,2318,2981,2920,2890,2850,2797,2697,2597,2677,2947,2924,2873,2862,2864,2825,2797,2647,2908,2927,2880,2863,2839,2819,2762,2779,2929,2876,2886,2858,2823,2794,2658,2763,2918,2887,2879,2833,2845,2789,2710,2747,2937,2909,2856,2835,2814,2783,2787,2788
TOF,2919,2884,2921,2410,2354,2285,2222,1923,2913,2805,2699,2671,2808,2823,2760,2293,2980,2918,2896,2846,2785,2696,2596,2663,2951,2942,2908,2876,2854,2817,2798,2649,2979,2939,2891,2881,2837,2814,2785,2771,2926,2898,2864,2850,2834,2821,2670,2779,2904,2901,2856,2853,2835,2796,2643,2770,2906,2882,2860,2862,2831,2813,2822,2777
TOF,2813,2903,2849,2451,2334,2311,2083,1908,2890,2841,2710,2644,2737,2803,2476,2293,2970,2937,2869,2843,2762,2712,2593,2679,2942,2912,2898,2884,2843,2807,2785,2691,2919,2920,2890,2867,2836,2821,2779,2755,2920,2874,2865,2835,2832,2809,2707,2788,2949,2889,2885,2844,2810,2799,2648,2770,2934,2874,2881,2848,2832,2779,2789,2786
TOF,2948,2903,2712,2446,2331,2337,2152,1834,2880,2831,2700,2666,2754,2798,2590,2358,2973,2928,2916,2872,2795,2706,2614,2658,2940,2903,2859,2853,2847,2825,2783,2652,2930,2911,2892,2892,2840,2826,2781,2777,2941,2893,2862,2862,2835,2813,2744,2740,2899,2881,2864,2868,2833,2791,2665,2758,2930,2895,2840,2834,2816,2757,2792,2763
TOF,2929,2705,2712,2428,2381,2291,2208,1834,2918,2817,2720,2699,2790,2776,2434,2303,2959,2943,2892,2854,2823,2651,2612,2688,2976,2934,2901,2876,2851,2836,2793,2655,2938,2911,2877,2846,2853,2825,2762,2758,2916,2903,2864,2857,2850,2799,2676,2755,2932,2901,2885,2837,2809,2806,2592,2775,2972,2911,2881,2871,2833,2786,2774,2779
TOF,2775,2923,2612,2392,2374,2326,2184,1918,2924,2825,2725,2700,2758,2802,2696,2347,2969,2930,2930,2862,2764,2697,2598,2591,2967,2920,2875,2890,2864,2828,2805,2639,2946,2927,2902,2892,2846,2824,2766,2765,2943,2905,2896,2836,2848,2798,2699,2783,2938,2921,2859,2838,2826,2793,2685,2758,2929,2884,2868,2839,2821,2762,2808,2751
TOF,2780,2872,2859,2433,2357,2262,2158,1979,2903,2810,2730,2651,2755,2783,2717,2350,2955,2908,2898,2848,2799,2693,2619,2659,2930,2894,2917,2856,2848,2813,2799,2639,2935,2913,2868,2891,2834,2820,2777,2802,2962,2886,2852,2865,2841,2805,2673,2742,2902,2881,2866,2861,2811,2794,2734,2781,2939,2900,2868,2848,2820,2777,2788,2746
TOF,2843,2916,2917,2481,2357,2303,2154,1964,2914,2815,2716,2717,2806,2765,2415,2296,2977,2951,2903,2859,2792,2686,2575,2671,2971,2929,2896,2896,2869,2821,2777,2637,2933,2892,2893,2868,2822,2829,2780,2764,2918,2913,2878,2868,2844,2824,2683,2772,2936,2903,2868,2824,2823,2816,2738,2770,2933,2903,2861,2860,2838,2768,2796,2752
TOF,2832,2724,2803,2542,2330,2306,2119,1884,2913,2805,2733,2676,2753,2748,2607,2355,2957,2922,2906,2878,2780,2714,2629,2749,2936,2910,2900,2890,2839,2833,2791,2660,2960,2897,2870,2860,2826,2813,2776,2784,2938,2897,2856,2849,2800,2792,2684,2768,2917,2879,2879,2870,2820,2790,2755,2764,2963,2887,2872,2842,2802,2802,2766,2802
TOF,2917,2921,2722,2444,2348,2274,2171,1890,2877,2810,2728,2684,2705,2768,2647,2358,2981,2941,2894,2897,2779,2672,2610,2589,2966,2919,2893,2860,2842,2815,2795,2661,2944,2904,2909,2850,2845,2804,2734,2773,2926,2885,2893,2855,2848,2813,2705,2776,2912,2903,2853,2833,2831,2789,2752,2760,2943,2902,2884,2826,2817,2769,2789,2774
TOF,3040,2881,2898,2669,2350,2314,2153,1931,2946,2858,2695,2672,2781,2764,2825,2305,2962,2941,2900,2878,2735,2696,2621,2691,2968,2908,2883,2887,2846,2826,2778,2606,2969,2894,2906,2883,2838,2805,2766,2789,2939,2897,2866,2859,2789,2791,2725,2773,2909,2891,2864,2854,2814,2818,2729,2764,2959,2902,2850,2852,2828,2765,2800,2774
TOF,2805,2847,2898,2784,2328,2280,2228,1995,2865,2841,2691,2690,2810,2791,2683,2351,2958,2935,2899,2865,2769,2643,2639,2774,2968,2910,2887,2873,2869,2811,2796,2653,2928,2931,2870,2875,2847,2819,2788,2767,2911,2894,2871,2845,2825,2795,2704,2760,2915,2867,2887,2867,2832,2793,2739,2761,2939,2917,2874,2817,2795,2787,2805,2773
TOF,2919,2916,2873,2426,2364,2323,2197,1960,2912,2837,2656,2712,2769,2793,2741,2342,2952,2940,2896,2864,2788,2663,2691,2750,2934,2911,2900,2874,2842,2828,2800,2656,2939,2906,2892,2860,2846,2801,2773,2772,2951,2890,2888,2849,2834,2805,2734,2756,2910,2887,2848,2837,2828,2808,2827,2756,2940,2877,2865,2842,2822,2800,2776,2790
TOF,2915,2908,2859,2462,2331,2286,2188,1845,2875,2826,2677,2721,2747,2799,2753,2329,2954,2933,2900,2864,2789,2686,2600,2633,2935,2927,2896,2887,2833,2826,2802,2646,2926,2872,2865,2876,2852,2831,2791,2772,2927,2886,2831,2854,2836,2816,2703,2784,2946,2895,2852,2828,2814,2786,2725,2767,2927,2879,2880,2835,2815,2764,2765,2748
TOF,2979,2858,2851,2633,2355,2311,2188,1997,2907,2847,2702,2696,2784,2807,2753,2334,2965,2920,2901,2869,2778,2695,2626,2701,2939,2916,2900,2858,2854,2819,2812,2670,2952,2919,2882,2867,2833,2822,2760,2760,2911,2907,2885,2861,2835,2778,2690,2785,2933,2896,2868,2843,2815,2801,2735,2758,2902,2910,2876,2836,2829,2793,2785,2791
TOF,2873,2979,2851,2448,2367,2261,2241,1898,2950,2805,2709,2677,2802,2809,2783,2329,2971,2934,2892,2869,2795,2694,2588,2678,2944,2929,2894,2866,2847,2812,2787,2636,2931,2936,2881,2892,2842,2821,2759,2760,2933,2914,2876,2833,2791,2805,2657,2780,2931,2893,2861,2852,2829,2782,2749,2779,2927,2900,2859,2824,2824,2783,2793,2786
TOF,2983,2949,2809,2411,2377,2266,2078,1932,2992,2859,2716,2705,2777,2784,2556,2273,2950,2971,2894,2875,2843,2698,2697,2684,3011,2902,2876,2879,2839,2832,2781,2600,2922,2902,2876,2864,2841,2850,2767,2783,2937,2887,2870,2841,2838,2831,2701,2754,2928,2900,2847,2841,2801,2813,2730,2759,2901,2906,2884,2854,2814,2764,2793,2792
TOF,2792,2949,2856,2438,2352,2266,2275,1921,2921,2769,2707,2682,2781,2781,2714,2360,2969,2924,2906,2865,2793,2658,2631,2708,2956,2925,2904,2857,2850,2821,2765,2626,2968,2905,2904,2874,2837,2821,2773,2772,2949,2919,2870,2851,2797,2821,2656,2795,2915,2888,2875,2861,2813,2797,2778,2771,2940,2899,2878,2852,2790,2770,2791,2804
TOF,2829,2845,2866,2389,2378,2286,2316,1921,2879,2821,2688,2680,2673,2824,2784,2345,2968,2932,2891,2864,2826,2736,2628,2674,2956,2903,2896,2889,2842,2823,2802,2629,2936,2917,2876,2871,2817,2825,2789,2799,2915,2915,2881,2858,2832,2802,2696,2779,2918,2885,2875,2838,2817,2781,2788,2759,2892,2883,2905,2859,2823,2792,2805,2760
TOF,2726,2956,2914,2394,2375,2279,2246,1951,2881,2858,2712,2677,2696,2752,2734,2349,2973,2928,2889,2873,2779,2674,2593,2771,2945,2923,2876,2874,2856,2818,2782,2607,2938,2920,2891,2867,2843,2808,2786,2796,2917,2891,2892,2845,2835,2806,2650,2753,2923,2916,2874,2826,2841,2801,2683,2788,2914,2915,2871,2854,2813,2774,2775,2768
TOF,2919,2956,2828,2387,2315,2306,2149,1958,2887,2839,2690,2703,2808,2788,2720,2302,2966,2938,2904,2861,2788,2693,2595,2646,2924,2899,2898,2873,2851,2822,2790,2690,2941,2905,2877,2845,2833,2808,2785,2803,2918,2896,2880,2836,2829,2811,2715,2771,2941,2894,2846,2843,2819,2807,2679,2778,2969,2887,2885,2856,2804,2790,2780,2778
TOF,2965,2810,2848,2378,2338,2293,2255,1955,2911,2779,2703,2639,2757,2841,2762,2299,2962,2923,2920,2883,2778,2697,2635,2627,2952,2928,2876,2877,2860,2828,2791,2645,2917,2909,2886,2872,2849,2817,2776,2787,2909,2879,2868,2852,2828,2799,2718,2787,2917,2883,2869,2825,2803,2792,2731,2775,2960,2912,2894,2830,2813,2792,2796,2768
TOF,2907,2968,2865,2414,2343,2304,2255,1976,2949,2826,2688,2715,2720,2789,2685,2299,2965,2920,2909,2859,2785,2692,2630,2684,2955,2909,2911,2869,2844,2827,2788,2652,2927,2907,2862,2858,2859,2807,2781,2792,2958,2903,2876,2847,2816,2831,2720,2768,2900,2915,2857,2826,2823,2807,2757,2776,2942,2904,2881,2855,2835,2782,2832,2774
TOF,2923,2968,2874,2446,2350,2291,2229,1921,2897,2817,2752,2707,2776,2777,2767,2367,2960,2931,2878,2864,2850,2681,2601,2690,2954,2908,2890,2867,2849,2832,2776,2619,2960,2899,2861,2862,2848,2818,2773,2758,2896,2916,2874,2831,2818,2812,2680,2756,2911,2885,2884,2859,2813,2796,2657,2769,2924,2924,2881,2847,2802,2772,2789,2815
TOF,2929,2932,2874,2398,2373,2304,2229,1913,2929,2842,2710,2689,2748,2786,2763,2328,2963,2916,2889,2862,2775,2705,2596,2704,2961,2927,2892,2871,2847,2807,2776,2655,2956,2914,2873,2852,2854,2822,2777,2782,2936,2895,2880,2863,2833,2798,2698,2778,2903,2892,2865,2838,2821,2797,2728,2772,2960,2890,2867,2850,2828,2790,2789,2787
TOF,2862,2907,2746,2468,2354,2305,2264,2062,2911,2805,2704,2694,2782,2763,2787,2325,2964,2934,2910,2880,2797,2683,2566,2726,2931,2939,2895,2867,2832,2834,2777,2687,2940,2935,2889,2862,2863,2833,2772,2799,2926,2897,2886,2849,2850,2815,2665,2761,2926,2894,2876,2857,2819,2804,2700,2775,2929,2909,2884,2856,2822,2780,2754,2766
TOF,2747,2866,2852,2373,2368,2319,2056,1979,2910,2807,2694,2675,2732,2798,2366,2300,2979,2937,2903,2880,2807,2670,2619,2772,2938,2931,2884,2868,2863,2851,2800,2650,2947,2916,2903,2854,2839,2808,2759,2777,2931,2908,2872,2871,2822,2795,2698,2804,2938,2883,2871,2840,2823,2801,2720,2782,2917,2884,2865,2843,2832,2774,2817,2772
TOF,2741,2866,2886,2424,2378,2315,2144,1898,2924,2827,2723,2658,2803,2846,2670,2376,2971,2919,2878,2838,2794,2714,2648,2614,2952,2912,2908,2891,2858,2831,2782,2647,2923,2901,2918,2880,2844,2826,2764,2765,2937,2916,2875,2865,2836,2803,2666,2781,2932,2896,2863,2825,2809,2797,2763,2761,2937,2900,2887,2853,2810,2793,2775,2781
TOF,2562,2913,2876,2454,2339,2315,2209,1989,2903,2881,2723,2695,2772,2793,2670,2273,2968,2929,2899,2892,2821,2665,2627,2693,2939,2915,2883,2872,2847,2834,2795,2649,2927,2914,2894,2876,2842,2818,2759,2763,2937,2877,2858,2858,2821,2800,2642,2797,2941,2896,2869,2843,2819,2795,2682,2763,2923,2900,2890,2848,2825,2765,2764,2753
TOF,3002,2913,2857,2430,2345,2302,2157,1890,2919,2808,2707,2715,2793,2771,2807,2437,2964,2899,2905,2874,2808,2683,2577,2755,2961,2921,2899,2879,2855,2816,2787,2641,2971,2913,2879,2850,2839,2805,2765,2782,2922,2891,2878,2836,2823,2806,2674,2766,2962,2896,2865,2841,2822,2811,2718,2762,2934,2874,2844,2845,2826,2786,2805,2742
TOF,2896,2857,2857,2355,2380,2254,2192,1914,2875,2880,2694,2699,2786,2795,2620,2313,2978,2925,2889,2890,2814,2609,2621,2636,2968,2923,2907,2879,2861,2828,2791,2655,2971,2933,2875,2874,2846,2811,2755,2783,2915,2909,2892,2848,2854,2808,2665,2767,2920,2870,2844,2836,2838,2784,2716,2769,2936,2907,2881,2851,2807,2768,2765,2804
TOF,2991,2809,2854,2391,2303,2297,2134,1984,2880,2838,2718,2749,2717,2756,2774,2361,2970,2925,2902,2880,2767,2693,2619,2737,2963,2925,2890,2874,2842,2825,2784,2607,2938,2932,2885,2861,2853,2790,2761,2793,2905,2889,2871,2844,2831,2814,2649,2783,2911,2890,2871,2823,2828,2792,2699,2764,2926,2885,2864,2845,2799,2776,2767,2789
TOF,2708,2993,2833,2399,2394,2245,2241,1876,2901,2817,2679,2667,2736,2777,2714,2308,2960,2942,2918,2899,2802,2709,2608,2759,2945,2912,2898,2881,2837,2832,2787,2675,2928,2916,2892,2842,2845,2843,2803,2787,2933,2899,2898,2860,2818,2817,2658,2785,2912,2891,2863,2843,2830,2811,2730,2773,2919,2908,2868,2830,2811,2763,2807,2814
TOF,3005,2896,2887,2444,2389,2309,2200,1965,2902,2848,2723,2723,2711,2818,2812,2345,2961,2928,2924,2870,2802,2681,2629,2671,2970,2926,2917,2869,2858,2817,2779,2648,2938,2892,2886,2875,2837,2823,2750,2787,2953,2895,2864,2854,2829,2807,2693,2787,2917,2914,2862,2855,2809,2797,2749,2768,2964,2903,2874,2871,2839,2771,2785,2787
TOF,2962,2896,2960,2393,2357,2267,2161,1965,2952,2815,2702,2710,2759,2784,2727,2315,2964,2916,2922,2870,2790,2700,2659,2654,2948,2939,2885,2860,2865,2840,2804,2655,2943,2912,2882,2860,2846,2813,2784,2792,2934,2869,2868,2845,2840,2810,2680,2762,2915,2886,2846,2843,2816,2794,2673,2777,2947,2901,2857,2839,2831,2773,2802,2775
TOF,3003,2619,2462,2423,2341,2230,2130,1927,2953,2783,2699,2679,2769,2785,2715,2284,2989,2915,2923,2872,2770,2679,2624,2697,2967,2928,2903,2881,2851,2844,2788,2622,2949,2920,2898,2868,2833,2814,2764,2781,2922,2920,2871,2850,2842,2812,2731,2783,2910,2886,2873,2857,2820,2761,2676,2765,2926,2908,2852,2843,2814,2774,2807,2784
TOF,2816,2863,2840,2529,2369,2202,1994,1973,2917,2817,2664,2697,2667,2815,2773,2325,2993,2940,2917,2876,2804,2691,2592,2624,2937,2899,2893,2851,2839,2843,2789,2608,2928,2897,2886,2854,2852,2812,2762,2776,2956,2908,2879,2853,2825,2815,2700,2751,2924,2895,2860,2821,2811,2796,2638,2773,2924,2895,2858,2828,2837,2782,2802,2809
TOF,2794,2924,2840,2447,2370,2339,2176,1879,2907,2844,2730,2697,2697,2836,2700,2281,2969,2919,2882,2859,2831,2712,2593,2679,2976,2901,2887,2873,2856,2838,2794,2641,2943,2918,2908,2869,2858,2818,2797,2773,2932,2902,2876,2835,2834,2803,2668,2775,2923,2891,2852,2822,2842,2799,2688,2761,2916,2892,2854,2844,2804,2774,2776,2803
TOF,2805,2847,2603,2404,2336,2298,2223,1936,2891,2817,2719,2713,2734,2827,2705,2287,2938,2928,2904,2898,2815,2668,2611,2637,2953,2920,2877,2896,2859,2857,2802,2655,2945,2916,2892,2856,2844,2811,2814,2747,2920,2892,2869,2866,2859,2809,2703,2746,2912,2907,2853,2853,2827,2798,2770,2791,2915,2901,2845,2834,2822,2800,2772,2791
TOF,3002,2898,2604,2420,2340,2335,2137,1934,2914,2837,2696,2685,2766,2801,2692,2325,2959,2918,2910,2858,2745,2673,2631,2724,2956,2910,2892,2872,2859,2823,2777,2636,2975,2907,2874,2858,2820,2821,2777,2745,2949,2901,2875,2858,2835,2812,2705,2775,2946,2898,2874,2837,2798,2789,2730,2766,2976,2910,2889,2864,2832,2765,2795,2771
TOF,2786,2865,2798,2512,2375,2264,2204,1934,2906,2821,2666,2736,2826,2781,2594,2276,2971,2933,2901,2865,2762,2629,2651,2655,2949,2926,2895,2887,2833,2820,2776,2618,2925,2934,2871,2867,2834,2827,2751,2768,2935,2884,2900,2861,2806,2788,2676,2765,2929,2899,2865,2842,2835,2796,2688,2774,2942,2889,2868,2849,2836,2772,2766,2768
TOF,2719,2970,2915,2480,2351,2301,2246,1968,2908,2830,2665,2684,2770,2845,2791,2314,2991,2927,2902,2880,2758,2677,2630,2642,2939,2916,2872,2888,2848,2834,2780,2657,2950,2913,2899,2853,2837,2819,2789,2767,2910,2886,2865,2849,2839,2801,2693,2767,2936,2901,2856,2825,2808,2810,2755,2768,2921,2869,2856,2853,2805,2783,2781,2760
TOF,2949,2977,2776,2426,2325,2327,2167,1958,2898,2830,2708,2658,2806,2773,2670,2305,2950,2904,2884,2860,2786,2708,2648,2671,2959,2893,2879,2865,2883,2827,2784,2635,2965,2925,2884,2859,2833,2806,2768,2776,2922,2864,2880,2861,2835,2789,2685,2776,2886,2904,2869,2841,2818,2794,2691,2771,2887,2886,2870,2845,2809,2790,2782,2781
TOF,2876,2808,2929,2509,2369,2286,2134,1904,2924,2826,2704,2698,2723,2806,2772,2323,2979,2913,2925,2877,2820,2677,2600,2642,2966,2915,2883,2865,2856,2818,2785,2659,2913,2906,2877,2852,2857,2814,2750,2768,2925,2902,2875,2860,2830,2808,2718,2769,2945,2906,2874,2850,2820,2784,2676,2783,2902,2897,2880,2864,2836,2789,2774,2808
TOF,2844,2790,2793,2433,2342,2318,2173,1897,2890,2839,2663,2717,2742,2751,2763,2282,2987,2915,2902,2883,2821,2677,2641,2717,2945,2910,2909,2862,2845,2829,2806,2660,2945,2908,2873,2858,2858,2819,2771,2779,2937,2878,2887,2833,2830,2803,2654,2765,2931,2906,2886,2831,2819,2811,2735,2777,2925,2913,2876,2842,2822,2783,2807,2778
TOF,3012,2836,2762,2456,2359,2298,2122,1916,2889,2833,2724,2670,2797,2776,2742,2328,2956,2934,2888,2868,2790,2678,2656,2745,2977,2908,2909,2874,2839,2813,2798,2634,2935,2909,2884,2879,2827,2822,2795,2781,2940,2921,2882,2862,2809,2810,2698,2778,2924,2916,2873,2836,2814,2787,2796,2776,2910,2898,2863,2850,2835,2775,2799,2765
TOF,2798,2978,2856,2395,2361,2329,2229,1991,2869,2782,2682,2740,2789,2803,2829,2303,2997,2931,2910,2869,2785,2701,2634,2652,2970,2907,2893,2871,2849,2826,2785,2633,2930,2883,2890,2864,2836,2821,2765,2788,2921,2902,2855,2861,2831,2810,2701,2766,2937,2891,2873,2829,2827,2778,2721,2795,2973,2871,2877,2861,2806,2783,2758,2760
TOF,2742,2992,2814,2409,2355,2282,2218,1982,2891,2798,2669,2663,2759,2825,2833,2322,2956,2937,2883,2883,2759,2701,2602,2650,2957,2913,2884,2866,2855,2811,2785,2701,2963,2889,2881,2854,2854,2793,2767,2773,2935,2879,2880,2849,2828,2806,2698,2790,2943,2936,2879,2858,2808,2789,2725,2776,2925,2893,2880,2840,2824,2788,2761,2764
TOF,2863,2836,2911,2460,2355,2299,2061,2096,2879,2830,2723,2734,2756,2782,2760,2324,2968,2928,2921,2858,2790,2730,2583,2684,2937,2891,2886,2882,2827,2818,2782,2724,2965,2917,2885,2853,2823,2822,2766,2798,2937,2905,2866,2851,2836,2822,2682,2760,2938,2901,2845,2834,2822,2808,2752,2773,2969,2891,2848,2841,2814,2790,2803,2774
TOF,2910,2908,2911,2417,2354,2327,2214,1892,2900,2777,2721,2673,2764,2788,2767,2390,2977,2925,2899,2873,2821,2678,2599,2681,2947,2919,2907,2868,2842,2838,2784,2676,2967,2910,2878,2858,2832,2809,2793,2780,2922,2913,2888,2863,2849,2811,2670,2765,2918,2918,2869,2826,2823,2800,2735,2774,2955,2919,2851,2851,2836,2760,2799,2788
TOF,2715,2908,2904,2426,2369,2273,2216,1884,2888,2842,2667,2633,2700,2810,2734,2437,2956,2911,2904,2886,2783,2752,2610,2623,2985,2904,2890,2877,2856,2822,2774,2692,2935,2906,2883,2867,2839,2838,2778,2779,2943,2938,2878,2855,2860,2802,2698,2767,2905,2908,2862,2852,2815,2790,2730,2789,2943,2921,2876,2847,2810,2779,2832,2774
TOF,2837,2471,2855,2372,2363,2313,2224,2040,2871,2758,2698,2674,2785,2766,2742,2379,2966,2917,2896,2881,2806,2708,2621,2704,2960,2912,2881,2854,2842,2824,2785,2718,2930,2915,2884,2872,2837,2808,2757,2771,2926,2912,2881,2837,2832,2818,2763,2789,2906,2889,2890,2836,2792,2810,2753,2797,2936,2887,2856,2843,2823,2803,2806,2793
TOF,2761,2875,2744,2382,2385,2285,2255,2048,2846,2815,2684,2655,2766,2759,2728,2396,2969,2921,2888,2869,2813,2725,2609,2633,2973,2889,2887,2865,2863,2823,2800,2753,2953,2910,2894,2863,2855,2831,2747,2781,2893,2889,2850,2856,2824,2792,2696,2762,2921,2889,2867,2837,2830,2818,2834,2814,2952,2898,2877,2843,2832,2784,2839,2822
TOF,2874,2854,2744,2424,2343,2306,2238,1916,2839,2794,2690,2724,2775,2812,2791,2412,2940,2918,2895,2853,2764,2739,2617,2669,2938,2901,2891,2870,2847,2819,2796,2760,2911,2899,2874,2849,2865,2824,2751,2800,2911,2890,2868,2859,2818,2824,2686,2770,2930,2919,2874,2819,2833,2803,2743,2783,2947,2919,2854,2822,2810,2807,2811,2748
TOF,2931,2833,2744,2458,2345,2287,2236,2021,2836,2808,2715,2677,2766,2768,2764,2312,2961,2928,2901,2849,2813,2693,2593,2673,2919,2907,2873,2876,2859,2815,2787,2761,2931,2909,2868,2860,2813,2828,2743,2785,2932,2895,2855,2856,2827,2824,2660,2773,2898,2879,2850,2849,2810,2801,2778,2781,2927,2877,2856,2862,2811,2769,2798,2803
TOF,2937,2932,2731,2350,2314,2295,2224,1969,2848,2797,2650,2658,2759,2759,2816,2404,2963,2915,2900,2857,2814,2639,2621,2621,2947,2906,2875,2847,2858,2822,2808,2746,2906,2891,2872,2858,2835,2823,2756,2771,2909,2882,2864,2857,2828,2825,2677,2777,2931,2891,2849,2826,2810,2782,2775,2785,2928,2903,2868,2850,2825,2792,2790,2776
TOF,2825,2835,2897,2400,2378,2310,2260,1910,2827,2824,2713,2726,2733,2721,2762,2342,2954,2899,2873,2888,2819,2684,2615,2608,2918,2925,2887,2878,2840,2832,2795,2735,2926,2898,2876,2886,2838,2809,2722,2769,2932,2873,2870,2851,2826,2822,2634,2793,2920,2861,2866,2855,2817,2795,2788,2783,2891,2863,2854,2822,2843,2812,2799,2829
TOF,2778,2854,2823,2426,2359,2312,2184,2016,2817,2812,2669,2768,2751,2766,2773,2339,2954,2920,2882,2862,2792,2694,2599,2692,2926,2892,2887,2858,2837,2845,2799,2760,2930,2899,2888,2860,2853,2816,2751,2775,2928,2864,2882,2844,2814,2815,2717,2761,2921,2888,2868,2826,2819,2823,2800,2794,2935,2893,2878,2832,2823,2795,2822,2794
TOF,2855,2854,2872,2446,2362,2297,2105,1873,2870,2767,2672,2686,2739,2785,2749,2339,2936,2935,2891,2860,2807,2716,2599,2739,2943,2893,2865,2866,2845,2828,2779,2733,2897,2879,2870,2865,2850,2820,2761,2791,2903,2873,2868,2841,2817,2822,2680,2789,2886,2900,2848,2848,2843,2801,2850,2795,2927,2905,2876,2858,2836,2795,2799,2805
TOF,2939,2804,2840,2403,2343,2309,2216,2096,2871,2759,2684,2694,2695,2797,2756,2348,2965,2924,2897,2872,2800,2705,2608,2679,2941,2910,2896,2868,2842,2823,2794,2751,2919,2909,2869,2878,2845,2811,2744,2821,2928,2891,2882,2860,2821,2817,2699,2791,2923,2898,2866,2841,2818,2795,2733,2774,2906,2890,2850,2838,2817,2786,2827,2803
TOF,2925,2804,2670,2435,2325,2311,2166,1902,2864,2753,2699,2729,2750,2771,2803,2348,2978,2882,2888,2851,2794,2702,2599,2611,2903,2914,2865,2867,2845,2848,2780,2715,2920,2904,2881,2842,2839,2821,2744,2778,2929,2886,2872,2863,2842,2816,2684,2775,2922,2910,2872,2856,2817,2810,2726,2802,2934,2905,2874,2826,2816,2777,2795,2784
TOF,2857,2799,2670,2436,2359,2259,2259,1902,2850,2806,2673,2671,2788,2796,2737,2755,2935,2929,2891,2854,2819,2707,2591,2685,2921,2898,2878,2867,2852,2804,2787,2754,2929,2887,2893,2883,2844,2803,2719,2770,2955,2900,2870,2858,2842,2820,2651,2797,2943,2883,2873,2833,2811,2799,2769,2762,2934,2899,2886,2834,2818,2790,2780,2769
TOF,2847,2925,2518,2464,2387,2287,2236,1927,2840,2755,2709,2724,2766,2826,2753,2403,2970,2921,2889,2862,2810,2653,2610,2721,2965,2902,2877,2889,2838,2826,2792,2783,2945,2915,2878,2868,2835,2827,2726,2804,2927,2872,2868,2842,2824,2812,2679,2777,2927,2891,2862,2836,2830,2813,2802,2788,2907,2910,2854,2822,2800,2825,2797,2810
TOF,2734,2855,2565,2384,2361,2323,2266,2090,2831,2768,2715,2738,2828,2769,2745,2383,2957,2919,2909,2861,2838,2691,2588,2640,2930,2891,2883,2858,2857,2826,2775,2769,2906,2906,2843,2841,2846,2809,2748,2776,2908,2903,2862,2854,2843,2817,2678,2769,2911,2894,2879,2851,2836,2787,2767,2792,2949,2916,2877,2846,2821,2794,2804,2773
TOF,2859,2851,2840,2424,2349,2264,2220,1998,2834,2812,2685,2654,2726,2821,2703,2282,2941,2914,2885,2886,2812,2739,2605,2601,2910,2903,2885,2879,2853,2840,2788,2739,2911,2883,2888,2843,2826,2814,2760,2812,2908,2896,2864,2863,2824,2820,2643,2758,2899,2888,2870,2859,2803,2788,2731,2784,2910,2880,2839,2833,2838,2787,2805,2791
TOF,2664,2634,2840,2385,2382,2320,2259,1998,2848,2772,2663,2735,2781,2794,2690,2282,2949,2899,2893,2854,2819,2711,2606,2674,2937,2909,2866,2864,2847,2828,2780,2802,2927,2907,2864,2840,2852,2829,2733,2782,2924,2891,2885,2864,2803,2799,2692,2777,2914,2898,2869,2828,2805,2789,2765,2788,2929,2865,2842,2837,2833,2776,2794,2770
TOF,2999,2634,2840,2390,2350,2283,2229,2020,2843,2797,2695,2691,2736,2765,2787,2395,2926,2906,2907,2864,2812,2674,2593,2604,2934,2916,2883,2872,2853,2832,2774,2748,2932,2913,2886,2865,2870,2839,2773,2780,2942,2894,2874,2849,2834,2814,2712,2792,2909,2884,2868,2844,2837,2809,2778,2779,2939,2906,2891,2831,2819,2803,2822,2775
TOF,2984,2792,2772,2449,2345,2333,2234,2066,2810,2737,2680,2631,2743,2732,2777,2329,2948,2905,2884,2853,2804,2605,2598,2581,2935,2918,2880,2856,2849,2845,2778,2765,2909,2895,2894,2863,2826,2824,2740,2773,2910,2893,2874,2861,2843,2823,2690,2798,2929,2887,2866,2844,2832,2813,2763,2782,2922,2890,2886,2815,2827,2794,2806,2825
TOF,2940,2744,2772,2409,2352,2315,2217,2100,2841,2761,2673,2690,2798,2807,2718,2365,2948,2910,2910,2859,2806,2723,2604,2640,2924,2897,2868,2874,2839,2813,2783,2815,2944,2895,2900,2860,2844,2804,2706,2803,2909,2905,2874,2846,2829,2818,2676,2769,2917,2884,2864,2866,2831,2779,2783,2812,2924,2891,2872,2834,2822,2791,2832,2803
TOF,2943,2744,2779,2411,2345,2307,2231,2117,2816,2716,2719,2725,2732,2750,2804,2340,2922,2904,2882,2866,2809,2704,2644,2668,2937,2907,2890,2867,2850,2846,2789,2763,2950,2897,2872,2865,2834,2816,2740,2785,2915,2888,2853,2859,2854,2805,2666,2780,2893,2882,2855,2856,2836,2802,2714,2796,2929,2900,2874,2867,2835,2785,2791,2831
TOF,2874,2822,2779,2362,2359,2314,2224,2092,2827,2767,2704,2698,2725,2753,2828,2350,2962,2922,2877,2876,2811,2749,2581,2615,2917,2901,2883,2876,2836,2830,2787,2773,2955,2895,2856,2858,2841,2827,2731,2819,2936,2878,2871,2840,2836,2813,2695,2795,2900,2898,2865,2858,2831,2826,2735,2784,2917,2891,2875,2852,2803,2785,2800,2796
TOF,2938,2831,2709,2464,2373,2285,2250,2080,2836,2740,2651,2718,2769,2771,2803,2408,2921,2918,2904,2863,2800,2655,2626,2593,2912,2902,2879,2875,2853,2844,2787,2765,2965,2903,2904,2891,2863,2822,2726,2767,2921,2877,2860,2846,2830,2832,2681,2780,2924,2895,2849,2865,2836,2801,2785,2768,2908,2903,2860,2841,2824,2755,2798,2781
TOF,2773,2931,2709,2399,2304,2291,2236,2080,2835,2738,2681,2719,2711,2777,2733,2322,2959,2896,2875,2856,2818,2718,2599,2614,2922,2892,2901,2845,2861,2821,2770,2791,2941,2932,2860,2855,2845,2830,2753,2778,2912,2885,2871,2853,2827,2801,2695,2770,2927,2898,2855,2818,2819,2814,2698,2772,2934,2924,2875,2864,2819,2778,2804,2824
TOF,2795,2931,2547,2421,2364,2285,2198,2106,2864,2768,2705,2759,2694,2828,2771,2322,2938,2894,2892,2855,2798,2696,2603,2625,2926,2910,2891,2873,2840,2826,2782,2738,2913,2876,2874,2852,2846,2804,2773,2803,2897,2870,2873,2842,2841,2813,2712,2792,2918,2900,2859,2844,2832,2797,2792,2772,2933,2909,2884,2845,2840,2791,2798,2787
TOF,2926,2897,2650,2406,2408,2264,2187,2123,2822,2761,2662,2810,2745,2795,2771,2322,2955,2889,2899,2858,2778,2718,2634,2644,2955,2900,2871,2870,2866,2839,2763,2771,2926,2904,2879,2843,2823,2807,2732,2789,2917,2914,2865,2833,2825,2828,2666,2779,2899,2886,2857,2857,2820,2795,2813,2807,2919,2877,2857,2814,2826,2806,2840,2760
TOF,2915,2868,2650,2383,2322,2297,2240,2035,2791,2777,2699,2720,2692,2772,2775,2354,2930,2933,2894,2852,2813,2687,2649,2613,2929,2898,2888,2878,2861,2817,2785,2741,2931,2895,2878,2849,2839,2822,2732,2823,2940,2869,2858,2854,2831,2814,2650,2786,2909,2882,2862,2855,2825,2802,2760,2796,2931,2912,2849,2844,2825,2781,2816,2790
TOF,2879,2803,2727,2372,2361,2297,2228,1959,2844,2774,2664,2691,2723,2862,2764,2347,2918,2909,2893,2857,2814,2692,2618,2624,2935,2918,2884,2864,2837,2838,2788,2771,2931,2901,2874,2876,2829,2828,2735,2770,2906,2899,2864,2872,2833,2804,2605,2768,2903,2897,2874,2835,2833,2836,2750,2783,2932,2885,2869,2868,2818,2788,2789,2820
TOF,2893,2805,2530,2361,2351,2296,2149,2031,2837,2771,2682,2669,2746,2804,2786,2348,2936,2908,2905,2859,2792,2710,2611,2633,2946,2916,2884,2860,2848,2816,2782,2768,2904,2902,2884,2871,2831,2805,2715,2808,2958,2877,2845,2845,2859,2836,2685,2769,2919,2876,2876,2872,2824,2831,2753,2786,2924,2881,2872,2854,2828,2773,2768,2794
TOF,2846,2900,2426,2386,2370,2285,2193,2003,2837,2720,2702,2736,2684,2820,2817,2368,2935,2933,2875,2871,2800,2708,2614,2691,2965,2902,2874,2862,2839,2836,2771,2786,2944,2912,2848,2858,2841,2840,2706,2791,2927,2894,2862,2834,2827,2836,2675,2770,2932,2895,2858,2845,2832,2805,2795,2781,2944,2881,2862,2851,2818,2790,2785,2801
TOF,2922,2915,2449,2340,2367,2308,2220,1995,2853,2764,2681,2679,2727,2822,2761,2426,2940,2914,2876,2868,2823,2749,2651,2574,2940,2901,2879,2856,2823,2808,2793,2769,2939,2895,2882,2862,2833,2831,2772,2777,2907,2881,2868,2863,2840,2805,2685,2817,2901,2880,2865,2832,2820,2811,2797,2792,2949,2906,2859,2852,2830,2775,2796,2816
TOF,2877,2832,2865,2399,2387,2298,2200,2099,2865,2784,2709,2664,2746,2744,2785,2353,2954,2925,2891,2857,2771,2719,2595,2622,2939,2910,2891,2848,2830,2818,2753,2784,2907,2883,2878,2860,2843,2811,2717,2801,2914,2880,2868,2879,2819,2801,2704,2789,2920,2884,2859,2846,2830,2801,2777,2787,2932,2891,2867,2823,2825,2772,2813,2785
TOF,3026,2880,2812,2416,2364,2337,2259,1883,2866,2745,2711,2683,2704,2780,2783,2329,2943,2915,2897,2867,2803,2715,2594,2620,2923,2879,2870,2877,2850,2810,2780,2758,2930,2894,2877,2845,2837,2818,2710,2779,2908,2887,2874,2880,2831,2811,2703,2784,2903,2871,2855,2859,2828,2816,2751,2779,2898,2894,2884,2842,2836,2793,2809,2810
TOF,2944,2826,2848,2411,2341,2302,2247,2121,2795,2731,2697,2698,2785,2777,2796,2329,2937,2926,2901,2860,2813,2721,2643,2631,2903,2912,2894,2864,2865,2840,2793,2756,2920,2913,2861,2845,2851,2831,2732,2790,2918,2882,2868,2848,2844,2811,2661,2805,2934,2905,2865,2856,2829,2793,2746,2778,2896,2903,2872,2828,2820,2789,2774,2770
TOF,2771,2850,2819,2437,2318,2318,2230,1898,2814,2769,2701,2682,2751,2781,2747,2350,2950,2915,2895,2873,2801,2688,2603,2692,2918,2903,2873,2876,2858,2831,2799,2776,2933,2892,2872,2866,2837,2813,2715,2789,2930,2901,2867,2846,2842,2822,2670,2783,2913,2903,2863,2840,2833,2804,2784,2794,2950,2896,2878,2852,2838,2796,2788,2782
TOF,2880,2850,2468,2396,2352,2276,2204,2169,2790,2750,2741,2724,2692,2771,2804,2356,2939,2916,2884,2871,2768,2663,2608,2630,2929,2902,2866,2863,2864,2808,2773,2797,2931,2893,2891,2872,2858,2815,2721,2793,2902,2897,2865,2847,2829,2834,2648,2787,2927,2899,2852,2838,2842,2789,2752,2794,2924,2910,2884,2837,2814,2800,2815,2785
TOF,2973,2901,2877,2385,2358,2279,2290,1979,2815,2776,2723,2653,2724,2746,2801,2311,2964,2918,2898,2861,2807,2687,2629,2674,2907,2896,2902,2876,2850,2835,2758,2780,2940,2892,2873,2854,2838,2821,2755,2795,2930,2894,2888,2836,2847,2808,2672,2775,2918,2873,2847,2841,2819,2808,2761,2780,2943,2902,2865,2832,2826,2779,2813,2807
TOF,2905,2849,2877,2400,2349,2296,2269,1941,2821,2733,2666,2687,2757,2718,2797,2702,2916,2914,2882,2871,2804,2687,2640,2581,2935,2931,2896,2874,2848,2815,2773,2763,2903,2890,2859,2865,2834,2813,2730,2802,2933,2899,2859,2872,2821,2807,2642,2755,2921,2881,2858,2836,2837,2792,2788,2777,2927,2892,2871,2852,2812,2800,2798,2785
TOF,2917,2849,2869,2369,2355,2310,2248,2091,2845,2715,2710,2742,2663,2807,2766,2372,2941,2921,2893,2849,2761,2703,2582,2601,2949,2902,2878,2874,2857,2847,2780,2758,2947,2898,2882,2848,2862,2808,2770,2790,2916,2901,2873,2859,2828,2800,2653,2785,2920,2893,2846,2853,2812,2810,2793,2791,2900,2891,2869,2842,2831,2816,2802,2809
TOF,2953,2691,2725,2430,2347,2318,2271,1984,2835,2755,2693,2708,2737,2768,2766,2355,2981,2909,2889,2865,2781,2692,2628,2613,2975,2912,2878,2888,2845,2823,2768,2752,2946,2909,2884,2866,2830,2825,2726,2784,2913,2889,2877,2828,2865,2812,2673,2790,2911,2911,2854,2840,2805,2802,2770,2803,2960,2880,2874,2860,2847,2787,2797,2786
TOF,2804,2938,2653,2430,2331,2306,2190,1945,2832,2716,2683,2708,2729,2775,2765,2359,2972,2889,2885,2855,2776,2727,2611,2629,2956,2890,2875,2862,2852,2855,2791,2786,2949,2882,2868,2866,2820,2814,2715,2771,2929,2897,2870,2839,2844,2825,2643,2796,2910,2904,2867,2840,2822,2791,2825,2769,2944,2871,2880,2859,2838,2790,2817,2817
TOF,2940,2632,2611,2401,2376,2300,2259,1945,2774,2805,2700,2719,2724,2740,2772,2344,2900,2924,2904,2863,2786,2707,2622,2622,2902,2882,2885,2860,2851,2837,2775,2764,2925,2899,2883,2846,2850,2828,2744,2809,2929,2893,2863,2871,2832,2830,2711,2782,2912,2895,2859,2831,2805,2796,2802,2809,2919,2860,2863,2849,2814,2764,2823,2798
TOF,2878,2801,2636,2403,2328,2291,2224,2045,2867,2764,2681,2731,2736,2771,2768,2350,2925,2884,2881,2868,2808,2729,2619,2660,2935,2892,2882,2875,2858,2821,2763,2754,2930,2902,2884,2851,2843,2829,2753,2769,2899,2864,2860,2856,2825,2829,2692,2780,2897,2863,2851,2846,2823,2772,2773,2796,2937,2873,2888,2827,2829,2800,2798,2805
TOF,2760,2746,2455,2373,2325,2308,2294,1965,2842,2761,2693,2716,2770,2813,2831,2343,2950,2920,2891,2861,2775,2712,2621,2615,2923,2893,2877,2865,2845,2833,2799,2758,2932,2907,2893,2867,2847,2824,2768,2800,2967,2880,2859,2843,2839,2790,2692,2779,2936,2887,2867,2845,2813,2800,2775,2802,2939,2879,2881,2820,2846,2789,2803,2771
TOF,2907,2854,2625,2372,2339,2312,2197,1958,2874,2746,2674,2669,2755,2734,2806,2378,2956,2905,2885,2843,2811,2698,2612,2632,2961,2913,2888,2885,2858,2835,2739,2753,2934,2889,2852,2856,2841,2821,2768,2810,2894,2877,2862,2849,2830,2807,2672,2795,2883,2882,2873,2820,2818,2807,2818,2789,2936,2886,2873,2839,2844,2778,2804,2808
TOF,2940,2616,2625,2405,2344,2303,2241,1918,2796,2759,2692,2717,2700,2744,2782,2422,2928,2917,2908,2840,2833,2731,2610,2665,2935,2899,2888,2859,2851,2819,2789,2776,2928,2903,2897,2858,2838,2824,2720,2792,2932,2894,2876,2840,2829,2823,2664,2816,2911,2888,2870,2837,2829,2802,2783,2785,2922,2893,2884,2842,2840,2773,2805,2816
TOF,2918,2835,2426,2400,2342,2314,2220,1932,2808,2793,2694,2724,2712,2786,2788,2422,2927,2902,2891,2878,2778,2684,2654,2595,2951,2905,2873,2866,2861,2836,2747,2776,2918,2891,2873,2867,2834,2830,2702,2814,2910,2916,2877,2880,2854,2815,2675,2784,2918,2890,2881,2851,2827,2803,2745,2773,2915,2889,2887,2857,2814,2793,2842,2812
TOF,2999,2752,2605,2430,2328,2282,2265,1966,2859,2768,2668,2677,2716,2819,2772,2679,2940,2915,2872,2870,2823,2685,2601,2627,2904,2914,2895,2882,2858,2817,2758,2760,2907,2880,2860,2840,2835,2833,2722,2793,2923,2886,2864,2849,2833,2831,2615,2811,2896,2898,2864,2852,2820,2805,2776,2802,2936,2864,2857,2846,2824,2748,2792,2826
TOF,2999,2752,2826,2428,2375,2306,2172,2006,2827,2791,2707,2697,2721,2811,2750,2365,2946,2915,2875,2859,2814,2749,2659,2561,2950,2892,2876,2864,2844,2838,2763,2749,2927,2897,2899,2849,2837,2814,2751,2786,2905,2867,2865,2856,2826,2809,2670,2796,2912,2909,2854,2857,2820,2822,2770,2770,2937,2888,2879,2879,2823,2772,2815,2819
TOF,2935,2817,2505,2421,2376,2353,2235,2006,2839,2757,2696,2690,2721,2812,2731,2313,2945,2921,2885,2883,2805,2668,2649,2575,2945,2915,2877,2864,2847,2815,2772,2776,2922,2900,2872,2849,2834,2829,2715,2791,2931,2880,2876,2858,2843,2819,2668,2791,2893,2907,2859,2832,2814,2793,2814,2784,2914,2866,2849,2848,2822,2746,2796,2820
TOF,2960,2747,2416,2351,2348,2323,2224,1919,2885,2775,2687,2726,2819,2801,2698,2315,2963,2895,2873,2864,2815,2705,2615,2646,2923,2900,2879,2862,2861,2840,2778,2745,2927,2897,2868,2844,2843,2823,2727,2791,2928,2897,2887,2842,2827,2821,2680,2774,2913,2906,2872,2852,2823,2805,2740,2777,2895,2931,2881,2827,2818,2786,2807,2809
TOF,2878,2897,2767,2418,2355,2328,2243,2054,2802,2740,2679,2739,2755,2803,2688,2371,2951,2918,2875,2864,2790,2745,2644,2610,2916,2898,2892,2869,2852,2830,2790,2774,2940,2872,2871,2856,2837,2830,2755,2801,2916,2885,2883,2883,2839,2816,2698,2797,2914,2880,2861,2826,2834,2808,2776,2787,2934,2889,2863,2842,2824,2794,2817,2804
TOF,2860,2804,2828,2373,2338,2332,2244,1971,2808,2787,2705,2719,2711,2828,2696,2303,2952,2918,2904,2860,2798,2748,2604,2720,2937,2893,2878,2860,2847,2844,2793,2748,2903,2894,2880,2847,2857,2828,2768,2780,2911,2881,2864,2853,2858,2817,2659,2788,2922,2892,2853,2827,2824,2817,2758,2780,2923,2886,2857,2848,2843,2818,2795,2795
TOF,2751,2770,2882,2406,2331,2285,2216,1999,2797,2800,2714,2652,2745,2782,2726,2352,2950,2905,2891,2861,2812,2668,2592,2664,2946,2888,2866,2863,2842,2821,2793,2782,2935,2907,2883,2843,2854,2823,2727,2787,2916,2906,2876,2830,2828,2822,2665,2795,2920,2896,2867,2837,2830,2807,2705,2775,2909,2897,2871,2839,2826,2803,2808,2808
TOF,2878,2770,2835,2388,2342,2283,2227,1880,2835,2779,2671,2676,2745,2772,2767,2299,2947,2908,2886,2855,2802,2710,2614,2639,2926,2913,2897,2860,2859,2831,2801,2774,2903,2892,2872,2854,2844,2835,2720,2780,2907,2901,2870,2844,2837,2830,2649,2793,2907,2862,2852,2843,2811,2809,2754,2769,2915,2890,2872,2834,2823,2791,2832,2773
TOF,2878,2577,2548,2391,2329,2296,2243,2189,2780,2752,2681,2672,2777,2730,2768,2337,2931,2904,2898,2872,2798,2701,2596,2627,2958,2897,2895,2865,2867,2835,2793,2796,2910,2908,2884,2848,2850,2831,2721,2795,2928,2879,2862,2859,2822,2811,2677,2759,2915,2896,2865,2852,2815,2802,2803,2769,2920,2919,2865,2845,2821,2815,2807,2791
TOF,2911,2577,2873,2419,2375,2268,2228,1912,2863,2749,2701,2700,2728,2843,2786,2278,2936,2918,2898,2865,2828,2683,2610,2681,2920,2903,2886,2857,2835,2821,2784,2758,2916,2905,2896,2870,2835,2832,2763,2828,2914,2896,2866,2850,2850,2813,2683,2782,2925,2888,2846,2849,2840,2806,2770,2797,2944,2871,2878,2842,2832,2793,2792,2800
TOF,2815,2932,2873,2444,2332,2292,2223,2052,2878,2771,2678,2674,2747,2840,2765,2323,2955,2909,2906,2880,2811,2712,2603,2669,2946,2888,2880,2855,2864,2861,2757,2783,2967,2877,2875,2847,2845,2827,2776,2804,2898,2897,2854,2868,2833,2793,2690,2785,2921,2885,2867,2838,2834,2803,2782,2781,2911,2877,2871,2851,2809,2775,2786,2795
TOF,2919,2932,2757,2457,2369,2283,2165,2073,2813,2776,2696,2724,2764,2779,2449,2323,2953,2904,2881,2858,2852,2736,2606,2681,2950,2902,2872,2861,2855,2833,2799,2805,2920,2910,2897,2877,2830,2805,2714,2762,2924,2880,2841,2851,2848,2820,2695,2777,2933,2896,2857,2852,2824,2798,2743,2789,2904,2914,2891,2843,2843,2790,2797,2779
TOF,2866,2854,2757,2424,2343,2308,2235,2219,2908,2700,2671,2690,2812,2793,2763,2302,2963,2913,2899,2866,2778,2778,2617,2612,2937,2917,2885,2874,2855,2818,2783,2772,2915,2888,2885,2852,2843,2824,2686,2795,2929,2890,2850,2865,2834,2813,2652,2797,2933,2894,2857,2844,2804,2801,2775,2792,2943,2923,2876,2832,2828,2792,2787,2804
TOF,2922,2854,2757,2481,2393,2285,2156,1979,2845,2712,2663,2700,2811,2786,2771,2410,2958,2931,2894,2872,2820,2725,2592,2651,2929,2910,2890,2859,2848,2820,2797,2785,2921,2907,2882,2870,2845,2821,2732,2785,2916,2905,2867,2859,2841,2798,2684,2798,2900,2887,2867,2854,2830,2807,2785,2799,2938,2877,2872,2844,2822,2797,2818,2762
TOF,2941,2911,2757,2371,2317,2252,2275,2029,2861,2724,2691,2705,2676,2848,2731,2344,2955,2912,2900,2868,2804,2687,2592,2670,2895,2911,2882,2883,2830,2814,2807,2789,2944,2886,2890,2847,2851,2824,2723,2779,2924,2879,2869,2856,2830,2810,2750,2780,2905,2877,2878,2851,2829,2804,2763,2795,2915,2879,2884,2843,2806,2797,2782,2793
TOF,2934,2911,2430,2381,2358,2341,2234,2093,2834,2757,2740,2659,2694,2813,2797,2291,2953,2911,2894,2855,2799,2692,2616,2640,2911,2892,2887,2869,2856,2833,2789,2760,2936,2898,2887,2870,2847,2825,2704,2771,2898,2889,2857,2862,2838,2801,2673,2781,2925,2885,2846,2843,2819,2783,2747,2798,2939,2876,2881,2847,2837,2781,2816,2782
TOF,2987,2912,2430,2406,2361,2276,2219,2055,2856,2799,2697,2673,2770,2793,2713,2412,2925,2921,2888,2858,2829,2688,2609,2726,2961,2907,2880,2871,2849,2830,2797,2774,2932,2892,2874,2869,2836,2835,2758,2799,2904,2897,2872,2863,2841,2816,2661,2787,2910,2889,2842,2853,2830,2802,2776,2777,2927,2896,2883,2855,2817,2773,2811,2794
TOF,2853,2912,2430,2418,2364,2311,2256,2161,2833,2746,2652,2723,2743,2751,2742,2412,2946,2915,2892,2856,2804,2705,2629,2639,2948,2921,2871,2866,2842,2818,2799,2776,2939,2890,2863,2901,2853,2822,2762,2774,2938,2875,2883,2845,2816,2793,2681,2773,2916,2902,2841,2835,2835,2811,2765,2785,2921,2903,2876,2831,2837,2787,2787,2808
TOF,2853,2912,2430,2354,2352,2351,2210,1938,2865,2765,2670,2718,2787,2758,2746,2419,2961,2918,2895,2881,2832,2705,2616,2607,2953,2891,2895,2879,2862,2825,2786,2778,2936,2896,2890,2855,2837,2825,2724,2786,2921,2858,2872,2840,2833,2831,2630,2805,2907,2880,2857,2819,2828,2798,2735,2778,2913,2894,2861,2845,2825,2782,2793,2808
TOF,2822,2847,2519,2401,2335,2295,2170,1985,2858,2788,2739,2647,2804,2639,2820,2284,2962,2919,2882,2879,2786,2722,2595,2622,2933,2883,2885,2860,2834,2807,2815,2767,2920,2901,2885,2863,2871,2824,2741,2799,2887,2915,2879,2853,2812,2819,2710,2769,2928,2886,2875,2852,2826,2788,2824,2801,2924,2875,2882,2853,2810,2779,2815,2812
TOF,2961,2847,2519,2365,2337,2294,2164,1924,2837,2764,2702,2704,2737,2758,2798,2387,2948,2919,2879,2866,2800,2709,2629,2615,2922,2868,2874,2890,2862,2839,2779,2785,2932,2911,2865,2845,2849,2803,2729,2800,2932,2871,2879,2865,2845,2818,2664,2787,2913,2893,2876,2842,2832,2802,2823,2772,2923,2892,2880,2847,2839,2758,2785,2782
TOF,2942,2847,2803,2359,2341,2287,2070,2042,2858,2786,2693,2720,2800,2772,2810,2387,2937,2912,2873,2847,2824,2682,2639,2637,2956,2903,2866,2873,2847,2831,2774,2764,2933,2904,2884,2874,2843,2823,2724,2796,2901,2905,2861,2854,2823,2832,2653,2793,2905,2884,2842,2853,2832,2814,2756,2776,2899,2890,2885,2859,2824,2790,2804,2795
TOF,2931,2847,2803,2421,2362,2308,2240,2042,2875,2759,2697,2670,2772,2837,2745,2368,2953,2915,2888,2848,2821,2682,2633,2639,2941,2905,2860,2875,2871,2827,2764,2721,2934,2901,2868,2851,2856,2821,2724,2823,2933,2888,2864,2855,2826,2817,2656,2773,2914,2901,2856,2835,2846,2796,2779,2795,2923,2898,2889,2856,2798,2790,2809,2814
TOF,2852,2515,2487,2409,2360,2322,2256,1921,2788,2738,2703,2734,2698,2819,2659,2736,2948,2911,2889,2861,2816,2678,2615,2576,2906,2905,2881,2865,2842,2826,2785,2731,2953,2902,2888,2848,2857,2810,2737,2789,2928,2871,2882,2839,2831,2816,2671,2807,2924,2883,2872,2854,2824,2810,2738,2784,2894,2881,2866,2841,2828,2786,2791,2781
TOF,2801,2547,2930,2470,2309,2277,2200,2035,2807,2755,2682,2632,2751,2783,2767,2505,2930,2934,2874,2859,2770,2723,2628,2644,2934,2916,2887,2866,2852,2828,2785,2769,2929,2892,2875,2833,2819,2813,2790,2793,2947,2893,2864,2854,2845,2816,2713,2767,2919,2889,2859,2849,2828,2803,2766,2777,2934,2894,2868,2836,2820,2790,2824,2783
TOF,2912,2918,2859,2381,2352,2300,2211,2052,2817,2732,2699,2721,2755,2731,2812,2408,2957,2915,2878,2867,2818,2695,2602,2634,2961,2915,2869,2872,2859,2815,2785,2789,2892,2918,2890,2854,2816,2821,2758,2797,2926,2893,2875,2833,2824,2814,2675,2756,2927,2898,2870,2854,2819,2790,2751,2798,2914,2892,2888,2836,2828,2831,2811,2798
TOF,2888,2918,2832,2377,2382,2304,2228,2063,2742,2758,2694,2662,2773,2824,2797,2343,2960,2933,2887,2828,2804,2699,2620,2615,2923,2899,2880,2850,2850,2830,2773,2768,2928,2894,2863,2868,2845,2817,2735,2789,2947,2876,2878,2850,2846,2816,2652,2780,2940,2894,2873,2851,2830,2813,2726,2799,2939,2906,2865,2847,2839,2792,2812,2802
TOF,2921,2918,2797,2403,2385,2280,2286,1979,2860,2781,2711,2701,2773,2780,2800,2381,2948,2898,2904,2847,2813,2671,2582,2598,2938,2912,2895,2867,2868,2828,2771,2745,2888,2904,2872,2860,2841,2819,2736,2763,2922,2915,2877,2867,2849,2840,2700,2787,2921,2897,2852,2881,2838,2790,2798,2794,2933,2907,2865,2850,2830,2790,2831,2798
TOF,2867,2918,2831,2453,2374,2279,2287,2076,2806,2767,2695,2717,2820,2818,2747,2340,2958,2918,2897,2848,2815,2711,2621,2647,2940,2914,2881,2862,2837,2841,2760,2771,2938,2911,2872,2856,2852,2823,2719,2793,2908,2882,2852,2860,2833,2832,2677,2785,2925,2882,2860,2825,2841,2818,2788,2775,2964,2895,2879,2856,2818,2811,2796,2826
TOF,2810,2805,2831,2465,2340,2270,2193,2076,2850,2754,2692,2731,2803,2803,2802,2284,2909,2918,2898,2856,2814,2719,2592,2613,2930,2919,2892,2874,2865,2834,2770,2740,2920,2896,2892,2863,2848,2816,2754,2805,2900,2886,2888,2847,2831,2819,2672,2782,2921,2909,2878,2845,2820,2811,2788,2777,2951,2897,2894,2851,2826,2770,2814,2767
TOF,2874,2447,2491,2415,2350,2312,2214,2083,2830,2743,2692,2684,2666,2830,2817,2298,2950,2892,2894,2867,2823,2683,2632,2691,2920,2899,2895,2872,2847,2852,2783,2742,2910,2905,2883,2827,2845,2831,2756,2775,2909,2914,2871,2848,2818,2827,2699,2787,2904,2873,2849,2843,2828,2799,2762,2785,2952,2885,2887,2837,2835,2797,2811,2795
TOF,2929,2914,2491,2386,2361,2307,2215,2062,2762,2713,2672,2748,2725,2760,2789,2371,2950,2920,2889,2846,2797,2672,2596,2705,2934,2899,2886,2858,2838,2838,2767,2775,2906,2904,2863,2839,2839,2828,2744,2780,2940,2909,2869,2865,2841,2799,2673,2802,2899,2888,2872,2834,2824,2804,2719,2789,2924,2909,2885,2850,2828,2768,2788,2794
TOF,2901,2914,2726,2370,2341,2298,2223,2017,2851,2734,2678,2711,2666,2766,2708,2401,2942,2909,2872,2876,2795,2704,2614,2593,2936,2903,2913,2867,2846,2838,2793,2779,2919,2896,2850,2862,2849,2823,2702,2780,2913,2913,2873,2846,2849,2791,2693,2792,2907,2878,2850,2839,2834,2794,2662,2786,2929,2872,2866,2828,2837,2787,2783,2791
TOF,2925,2804,2726,2372,2329,2305,2175,2155,2849,2760,2657,2659,2719,2812,2768,2370,2964,2916,2893,2857,2790,2689,2620,2607,2928,2928,2866,2845,2851,2817,2780,2761,2919,2883,2872,2872,2837,2818,2755,2790,2920,2914,2869,2854,2819,2815,2675,2783,2927,2856,2860,2850,2827,2812,2760,2788,2926,2888,2890,2853,2804,2804,2800,2813
TOF,2844,2852,2500,2464,2346,2331,2120,2094,2765,2758,2661,2739,2808,2747,2776,2402,2946,2922,2903,2845,2801,2689,2638,2656,2912,2893,2869,2875,2844,2822,2779,2781,2937,2906,2882,2872,2841,2836,2721,2781,2917,2906,2851,2857,2801,2819,2671,2790,2938,2891,2865,2839,2832,2794,2710,2778,2935,2886,2877,2862,2822,2786,2835,2803
TOF,2880,2735,2864,2410,2368,2332,2236,2058,2848,2768,2702,2778,2745,2723,2726,2262,2944,2894,2888,2856,2809,2711,2620,2669,2934,2918,2889,2880,2869,2835,2774,2767,2939,2899,2867,2853,2855,2821,2765,2799,2938,2895,2884,2858,2837,2814,2651,2812,2938,2896,2853,2846,2841,2791,2787,2773,2927,2908,2877,2854,2817,2779,2776,2804
TOF,2968,2735,2864,2417,2370,2322,2236,1949,2833,2751,2642,2642,2921,2829,2795,2366,2942,2913,2898,2891,2801,2688,2644,2652,2924,2912,2892,2862,2860,2838,2776,2762,2928,2892,2869,2858,2845,2834,2716,2796,2905,2899,2875,2846,2830,2808,2700,2784,2913,2892,2861,2848,2824,2809,2795,2780,2941,2899,2861,2838,2833,2811,2788,2794
TOF,2902,2607,2734,2383,2381,2282,2097,1974,2828,2754,2659,2695,2704,2773,2809,2415,2953,2910,2919,2850,2806,2726,2637,2719,2943,2913,2869,2864,2854,2807,2784,2754,2955,2887,2876,2862,2844,2826,2752,2787,2921,2901,2869,2839,2840,2814,2710,2796,2909,2866,2845,2836,2829,2802,2730,2796,2895,2911,2892,2851,2816,2765,2788,2785
TOF,2903,2806,2824,2412,2374,2315,2191,1974,2864,2733,2678,2701,2757,2760,2738,2571,2925,2914,2900,2870,2799,2675,2579,2606,2935,2904,2874,2863,2824,2834,2791,2750,2948,2894,2863,2834,2849,2818,2723,2800,2901,2881,2891,2851,2841,2827,2705,2800,2932,2877,2866,2832,2799,2799,2799,2781,2954,2893,2858,2837,2841,2793,2807,2786
TOF,2861,2806,2913,2441,2353,2256,2209,1980,2848,2779,2712,2672,2762,2814,2720,2571,2945,2914,2902,2857,2789,2708,2628,2576,2921,2905,2876,2880,2850,2817,2772,2757,2909,2900,2890,2865,2850,2820,2726,2777,2930,2892,2861,2855,2835,2824,2671,2790,2914,2889,2873,2846,2847,2807,2780,2798,2922,2893,2890,2856,2825,2779,2816,2797
TOF,2807,2873,2452,2377,2371,2307,2223,1945,2829,2790,2678,2712,2720,2733,2807,2283,2934,2898,2912,2853,2795,2678,2618,2609,2930,2919,2897,2869,2844,2828,2791,2738,2901,2903,2855,2862,2834,2826,2760,2787,2925,2867,2859,2842,2835,2805,2666,2786,2916,2924,2877,2839,2839,2796,2779,2795,2969,2903,2858,2846,2832,2797,2819,2824
TOF,2733,2758,2489,2392,2365,2285,2200,1945,2831,2765,2706,2705,2711,2829,2762,2362,2950,2893,2880,2862,2816,2681,2662,2647,2926,2887,2889,2875,2838,2823,2775,2746,2918,2911,2885,2853,2862,2823,2743,2774,2921,2875,2867,2854,2826,2847,2665,2766,2904,2876,2871,2842,2834,2816,2760,2769,2910,2897,2895,2832,2824,2774,2798,2803
TOF,2733,2758,2822,2412,2311,2304,2237,1945,2796,2742,2679,2683,2748,2816,2691,2429,2963,2923,2874,2849,2812,2681,2647,2590,2920,2909,2862,2878,2846,2811,2783,2768,2939,2905,2880,2860,2823,2824,2740,2807,2923,2876,2864,2849,2827,2818,2595,2787,2920,2862,2826,2842,2839,2794,2797,2804,2902,2886,2892,2851,2829,2786,2799,2797
TOF,2865,2832,2822,2416,2340,2322,2183,1945,2813,2777,2700,2731,2716,2719,2791,2764,2944,2923,2876,2851,2770,2683,2633,2611,2934,2906,2893,2876,2845,2810,2759,2764,2932,2902,2877,2848,2838,2838,2734,2766,2922,2879,2871,2853,2854,2814,2672,2794,2925,2898,2842,2838,2813,2814,2720,2788,2907,2884,2884,2856,2826,2774,2822,2804
TOF,2906,2832,2822,2416,2375,2278,2208,2004,2881,2763,2718,2708,2748,2787,2778,2367,2956,2922,2879,2894,2773,2667,2643,2639,2983,2887,2874,2863,2872,2813,2773,2746,2924,2895,2873,2866,2841,2804,2754,2788,2941,2878,2856,2832,2832,2820,2678,2770,2903,2895,2893,2839,2832,2812,2785,2777,2932,2917,2866,2855,2817,2780,2811,2786
TOF,2907,2832,2808,2378,2330,2278,2234,2090,2827,2755,2716,2695,2815,2820,2743,2383,2940,2906,2886,2868,2795,2755,2620,2606,2928,2920,2886,2875,2836,2841,2773,2741,2915,2893,2869,2859,2847,2810,2749,2816,2910,2882,2866,2859,2821,2816,2663,2776,2910,2889,2874,2857,2833,2804,2750,2782,2936,2890,2866,2822,2825,2801,2812,2806
TOF,2676,2926,2964,2460,2382,2300,2261,2090,2879,2729,2736,2697,2722,2791,2805,2351,2964,2902,2893,2863,2810,2733,2598,2644,2960,2929,2884,2867,2848,2828,2796,2744,2930,2892,2870,2871,2837,2813,2721,2792,2911,2895,2878,2861,2849,2812,2661,2806,2911,2904,2861,2838,2834,2815,2771,2769,2920,2900,2860,2845,2813,2785,2808,2778
TOF,2680,2891,2782,2428,2377,2328,2216,1984,2836,2808,2676,2668,2749,2774,2775,2403,2970,2919,2899,2866,2794,2721,2630,2617,2932,2915,2898,2864,2858,2836,2782,2771,2934,2904,2890,2869,2840,2822,2749,2790,2918,2874,2884,2866,2818,2824,2603,2756,2885,2883,2861,2854,2825,2814,2789,2775,2934,2882,2879,2847,2825,2783,2787,2779
TOF,2908,2761,2782,2409,2338,2282,2206,2071,2817,2778,2712,2737,2753,2677,2720,2298,2963,2910,2897,2852,2834,2715,2619,2697,2929,2915,2895,2879,2863,2830,2758,2760,2920,2888,2898,2873,2829,2828,2741,2815,2906,2867,2866,2853,2820,2809,2689,2794,2924,2891,2861,2849,2819,2797,2757,2783,2945,2903,2872,2852,2849,2779,2815,2816
TOF,2884,2761,2637,2536,2341,2309,2219,2071,2864,2739,2718,2714,2762,2772,2794,2364,2954,2873,2908,2849,2768,2661,2622,2640,2926,2923,2892,2870,2850,2826,2769,2754,2938,2892,2887,2879,2842,2822,2743,2786,2911,2881,2865,2845,2837,2815,2688,2766,2955,2904,2871,2857,2832,2813,2778,2788,2902,2880,2853,2860,2843,2806,2787,2795
TOF,2953,2644,2637,2364,2357,2283,2240,1978,2812,2753,2705,2682,2788,2751,2744,2334,2934,2909,2898,2851,2807,2690,2628,2648,2927,2920,2876,2868,2857,2795,2764,2749,2939,2909,2846,2857,2855,2812,2718,2797,2917,2918,2888,2854,2850,2819,2693,2790,2922,2871,2878,2837,2830,2809,2758,2775,2932,2880,2875,2841,2836,2803,2818,2810
TOF,2883,2644,2682,2389,2340,2304,2290,1974,2861,2758,2681,2704,2692,2780,2783,2271,2922,2906,2867,2849,2820,2723,2595,2585,2967,2913,2887,2871,2845,2826,2785,2770,2939,2898,2888,2875,2852,2818,2708,2787,2909,2863,2882,2836,2838,2814,2694,2770,2905,2902,2856,2823,2812,2808,2796,2783,2927,2907,2873,2838,2843,2781,2797,2787
TOF,2966,2909,2682,2394,2384,2308,2251,1929,2851,2725,2716,2643,2813,2782,2774,2300,2949,2919,2909,2858,2796,2713,2580,2583,2962,2897,2871,2858,2850,2831,2794,2763,2893,2882,2877,2867,2850,2829,2779,2794,2896,2906,2869,2845,2818,2830,2738,2782,2927,2884,2883,2841,2826,2825,2703,2798,2949,2884,2860,2837,2835,2775,2816,2789
TOF,2924,2856,2497,2385,2354,2283,2217,2055,2827,2788,2712,2690,2758,2770,2800,2468,2955,2919,2884,2875,2779,2690,2640,2634,2938,2902,2892,2851,2846,2809,2781,2761,2942,2905,2878,2852,2844,2819,2731,2799,2908,2884,2876,2855,2838,2821,2674,2769,2902,2875,2856,2822,2807,2821,2765,2774,2904,2911,2872,2840,2832,2769,2819,2777
TOF,2864,2884,2620,2384,2369,2328,2182,2055,2828,2757,2688,2693,2732,2786,2811,2468,2960,2913,2889,2846,2830,2729,2601,2678,2928,2902,2888,2863,2841,2848,2766,2780,2929,2899,2862,2870,2838,2816,2693,2783,2906,2905,2865,2854,2854,2817,2668,2801,2928,2902,2859,2855,2821,2804,2748,2800,2906,2910,2877,2856,2819,2781,2785,2808
TOF,2896,2884,2896,2416,2335,2282,2195,2064,2850,2705,2673,2723,2751,2771,2800,2413,2961,2926,2882,2857,2763,2708,2620,2644,2923,2905,2919,2869,2868,2842,2800,2771,2924,2894,2873,2859,2855,2812,2740,2773,2917,2888,2878,2851,2839,2826,2658,2782,2918,2872,2869,2844,2832,2808,2767,2803,2941,2885,2869,2843,2837,2798,2817,2788
TOF,2854,2659,2433,2520,2357,2288,2189,1898,2849,2812,2671,2762,2759,2768,2745,2330,2924,2919,2876,2845,2791,2682,2635,2605,2918,2889,2900,2873,2837,2832,2809,2751,2903,2906,2849,2871,2845,2812,2705,2769,2920,2885,2871,2848,2820,2819,2660,2793,2914,2890,2874,2852,2818,2793,2786,2797,2905,2886,2869,2827,2838,2784,2794,2805
TOF,2889,2659,2433,2409,2327,2290,2227,1977,2857,2731,2665,2714,2803,2710,2802,2343,2963,2898,2869,2860,2842,2666,2628,2618,2919,2910,2877,2878,2851,2832,2778,2775,2938,2893,2904,2850,2841,2810,2751,2794,2919,2895,2884,2849,2830,2803,2700,2797,2912,2896,2857,2854,2833,2797,2779,2772,2900,2902,2855,2824,2828,2789,2805,2801
TOF,2954,2905,2739,2369,2375,2326,2256,1977,2822,2773,2703,2731,2766,2699,2780,2385,2950,2935,2891,2877,2803,2639,2600,2672,2934,2898,2908,2866,2853,2832,2780,2770,2942,2898,2868,2865,2854,2829,2719,2809,2917,2897,2879,2855,2860,2809,2706,2792,2923,2867,2864,2842,2836,2804,2832,2784,2951,2863,2887,2836,2839,2815,2796,2825
TOF,2899,2788,2869,2376,2347,2309,2232,1860,2842,2765,2693,2681,2781,2797,2804,2363,2945,2907,2894,2874,2784,2701,2608,2643,2947,2901,2892,2877,2858,2830,2783,2759,2914,2907,2858,2851,2829,2833,2708,2791,2925,2889,2891,2862,2818,2818,2704,2794,2905,2886,2856,2833,2836,2814,2725,2783,2949,2905,2885,2861,2833,2787,2804,2805
TOF,2852,2788,2539,2474,2348,2313,2208,1913,2882,2747,2662,2693,2769,2778,2724,2324,2954,2934,2876,2874,2840,2702,2638,2682,2944,2882,2873,2858,2846,2815,2764,2736,2943,2894,2893,2877,2834,2814,2727,2774,2912,2901,2870,2862,2836,2801,2659,2778,2911,2895,2854,2818,2828,2809,2766,2769,2908,2896,2859,2841,2815,2771,2827,2790
TOF,2866,2613,2583,2431,2340,2314,2189,1913,2805,2719,2699,2672,2826,2790,2793,2324,2929,2925,2888,2844,2830,2674,2606,2646,2925,2920,2894,2875,2850,2831,2805,2716,2930,2901,2867,2855,2856,2822,2696,2796,2901,2881,2861,2851,2848,2819,2712,2774,2908,2891,2870,2830,2826,2785,2737,2784,2914,2890,2860,2836,2825,2786,2797,2773
TOF,2928,2613,2699,2392,2358,2338,2269,2016,2832,2785,2695,2709,2749,2755,2789,2324,2948,2920,2882,2867,2790,2727,2606,2583,2915,2886,2858,2866,2833,2816,2772,2795,2938,2886,2882,2877,2843,2820,2740,2806,2946,2870,2865,2847,2841,2807,2681,2786,2902,2892,2863,2843,2831,2811,2793,2790,2914,2893,2850,2828,2835,2770,2796,2796
TOF,2848,2613,2450,2373,2339,2325,2215,2016,2871,2758,2710,2667,2754,2753,2766,2441,2950,2928,2881,2885,2796,2743,2596,2651,2928,2893,2892,2865,2860,2837,2796,2736,2913,2887,2877,2872,2839,2810,2747,2783,2954,2914,2882,2836,2836,2818,2692,2774,2894,2903,2855,2857,2814,2799,2763,2782,2932,2883,2861,2867,2835,2790,2787,2829
TOF,2848,2911,2450,2476,2349,2325,2231,2058,2862,2750,2713,2740,2769,2721,2794,2424,2965,2926,2875,2853,2799,2727,2630,2688,2907,2912,2871,2867,2850,2815,2773,2792,2945,2903,2886,2833,2840,2828,2730,2794,2909,2888,2865,2862,2832,2821,2669,2776,2892,2898,2860,2851,2825,2783,2739,2773,2924,2894,2867,2840,2825,2787,2815,2794
TOF,2923,2911,2450,2349,2359,2315,2262,2039,2835,2754,2714,2703,2770,2769,2747,2421,2961,2933,2897,2856,2814,2767,2590,2682,2954,2899,2873,2875,2852,2840,2780,2783,2940,2905,2875,2875,2846,2827,2782,2822,2907,2871,2859,2858,2843,2822,2676,2789,2918,2882,2858,2827,2818,2788,2764,2789,2899,2889,2890,2838,2812,2804,2818,2793
TOF,2850,2911,2509,2399,2361,2290,2168,1993,2823,2740,2726,2724,2765,2777,2801,2318,2952,2926,2889,2847,2819,2675,2598,2645,2888,2900,2891,2870,2864,2835,2813,2767,2951,2906,2882,2863,2847,2818,2701,2771,2909,2896,2867,2857,2823,2799,2576,2794,2909,2894,2863,2843,2844,2809,2765,2788,2939,2875,2873,2859,2817,2782,2797,2774
TOF,2919,2704,2731,2373,2362,2309,2262,1907,2877,2750,2778,2718,2784,2797,2771,2335,2943,2910,2881,2882,2804,2688,2585,2612,2920,2910,2904,2866,2860,2831,2778,2760,2928,2884,2871,2853,2838,2828,2741,2788,2936,2912,2872,2865,2799,2822,2681,2777,2916,2893,2862,2852,2832,2814,2759,2798,2924,2890,2861,2840,2824,2804,2791,2803
TOF,2960,2546,2501,2409,2332,2333,2202,1892,2858,2777,2709,2678,2814,2775,2750,2402,2927,2909,2921,2839,2802,2724,2619,2606,2934,2894,2877,2861,2834,2818,2783,2772,2927,2919,2885,2880,2839,2807,2723,2804,2932,2862,2868,2843,2853,2840,2696,2787,2917,2866,2861,2858,2793,2818,2771,2786,2939,2864,2888,2833,2834,2778,2808,2788
TOF,2806,2650,2438,2402,2360,2306,2255,1914,2893,2751,2700,2717,2735,2785,2794,2538,2926,2903,2882,2849,2780,2703,2625,2599,2937,2894,2867,2871,2848,2828,2795,2770,2951,2918,2888,2861,2852,2826,2745,2786,2914,2904,2868,2846,2853,2809,2666,2783,2927,2887,2848,2850,2846,2795,2820,2793,2971,2909,2874,2869,2826,2799,2798,2799
TOF,2615,2626,2679,2351,2333,2312,2234,1983,2792,2696,2666,2661,2707,2771,2766,2341,2930,2932,2889,2842,2787,2704,2638,2741,2947,2894,2885,2868,2854,2822,2787,2777,2927,2890,2878,2877,2825,2825,2697,2810,2926,2905,2856,2848,2810,2824,2651,2763,2904,2886,2838,2861,2807,2812,2760,2804,2934,2901,2855,2879,2834,2768,2802,2801
TOF,2913,2884,2444,2397,2343,2267,2196,2013,2820,2790,2685,2716,2701,2762,2798,2349,2963,2908,2860,2863,2782,2692,2643,2771,2936,2905,2872,2853,2840,2820,2774,2765,2935,2899,2884,2862,2838,2829,2696,2782,2945,2882,2863,2853,2843,2813,2699,2803,2910,2909,2862,2840,2822,2780,2766,2776,2900,2895,2878,2863,2837,2767,2826,2794
TOF,2931,2900,2548,2459,2350,2339,2232,1973,2808,2721,2670,2716,2803,2790,2779,2448,2940,2901,2882,2863,2781,2709,2607,2593,2956,2904,2878,2852,2857,2831,2798,2777,2941,2895,2868,2886,2845,2827,2745,2797,2942,2896,2861,2850,2824,2819,2704,2802,2905,2867,2887,2867,2860,2810,2697,2811,2925,2878,2886,2843,2831,2775,2832,2799
TOF,2832,2838,2548,2424,2341,2304,2253,1966,2795,2744,2684,2709,2829,2791,2709,2342,2947,2907,2874,2856,2784,2721,2613,2613,2922,2901,2895,2870,2858,2812,2777,2751,2914,2902,2880,2841,2849,2830,2740,2781,2921,2886,2861,2850,2837,2827,2655,2815,2900,2891,2857,2879,2842,2800,2817,2781,2916,2870,2855,2848,2822,2786,2811,2811
TOF,3071,2876,2603,2329,2346,2302,2250,2213,2799,2724,2663,2708,2770,2825,2773,2342,2959,2904,2888,2860,2815,2681,2654,2621,2934,2915,2875,2893,2832,2842,2763,2778,2951,2908,2887,2845,2839,2801,2724,2818,2912,2889,2867,2836,2817,2818,2708,2808,2920,2879,2862,2848,2841,2817,2795,2790,2912,2903,2883,2838,2834,2811,2814,2781
TOF,2945,2807,2531,2382,2345,2325,2252,1962,2816,2745,2721,2718,2738,2788,2771,2269,2942,2923,2896,2871,2813,2717,2627,2615,2940,2909,2894,2864,2837,2823,2778,2770,2964,2911,2858,2862,2857,2838,2769,2787,2920,2909,2864,2854,2851,2824,2708,2780,2924,2897,2886,2845,2821,2820,2747,2764,2901,2899,2882,2850,2856,2795,2808,2777
TOF,2873,2875,2578,2371,2344,2248,2221,1980,2938,2762,2699,2661,2706,2782,2809,2363,2939,2922,2905,2848,2803,2692,2585,2669,2941,2922,2904,2881,2844,2836,2808,2760,2917,2899,2867,2881,2836,2813,2756,2772,2922,2893,2879,2837,2839,2793,2692,2781,2909,2886,2867,2845,2836,2790,2738,2794,2926,2931,2898,2818,2833,2785,2828,2794
TOF,2889,2936,2580,2438,2354,2282,2270,2021,2802,2780,2718,2761,2764,2760,2759,2327,2956,2912,2910,2855,2797,2702,2610,2652,2913,2902,2880,2882,2841,2817,2798,2765,2937,2915,2889,2858,2844,2807,2780,2776,2912,2868,2871,2866,2823,2804,2660,2781,2926,2898,2877,2845,2836,2810,2741,2786,2937,2882,2865,2843,2839,2788,2799,2785
TOF,2936,2936,2626,2423,2332,2289,2263,2043,2864,2723,2708,2682,2779,2800,2805,2300,2944,2919,2908,2855,2802,2715,2605,2607,2939,2929,2885,2877,2858,2804,2800,2728,2948,2918,2881,2883,2858,2822,2754,2798,2906,2923,2873,2879,2829,2807,2716,2753,2906,2887,2861,2839,2806,2796,2709,2805,2909,2906,2855,2854,2802,2801,2788,2795
TOF,2861,2799,2626,2421,2367,2330,2252,2043,2842,2779,2708,2800,2739,2803,2749,2344,2972,2904,2899,2864,2813,2658,2606,2578,2934,2903,2889,2865,2861,2813,2773,2709,2939,2883,2867,2863,2839,2830,2761,2786,2933,2903,2864,2866,2815,2808,2693,2785,2900,2889,2856,2858,2809,2804,2768,2771,2927,2931,2871,2841,2827,2805,2815,2804
TOF,2797,2916,2626,2415,2371,2306,2217,2012,2830,2740,2702,2764,2773,2789,2735,2321,2979,2936,2895,2871,2827,2672,2602,2632,2960,2895,2891,2869,2852,2785,2776,2758,2943,2915,2866,2846,2828,2822,2715,2775,2911,2888,2865,2845,2815,2817,2693,2780,2906,2898,2870,2840,2814,2804,2745,2769,2934,2890,2864,2842,2816,2794,2810,2801
TOF,2747,2827,2450,2390,2360,2290,2236,2012,2848,2784,2696,2745,2780,2797,2749,2356,2974,2915,2899,2870,2776,2660,2623,2628,2933,2902,2873,2874,2855,2814,2784,2742,2963,2911,2883,2864,2837,2826,2742,2784,2917,2904,2863,2856,2847,2815,2662,2778,2925,2874,2856,2831,2839,2801,2709,2773,2902,2888,2863,2877,2829,2787,2772,2821
TOF,2881,2827,2450,2355,2379,2316,2161,2012,2847,2726,2696,2749,2721,2789,2771,2345,2967,2925,2889,2843,2779,2735,2639,2639,2955,2910,2912,2866,2876,2819,2798,2741,2913,2907,2866,2844,2815,2829,2745,2777,2910,2916,2861,2837,2838,2813,2644,2751,2912,2895,2850,2853,2828,2775,2764,2768,2939,2907,2860,2860,2838,2801,2797,2801
TOF,2893,2878,2530,2405,2352,2301,2205,1952,2785,2778,2709,2710,2713,2762,2545,2443,2964,2931,2885,2873,2787,2712,2629,2620,2945,2915,2897,2876,2845,2838,2791,2744,2949,2915,2861,2877,2841,2825,2743,2784,2918,2921,2873,2853,2813,2804,2680,2781,2923,2916,2887,2862,2812,2809,2788,2788,2950,2886,2864,2842,2834,2757,2819,2770
TOF,2811,2878,2792,2392,2367,2344,2194,1952,2859,2745,2699,2723,2788,2804,2780,2443,2961,2929,2891,2869,2827,2692,2640,2585,2934,2921,2894,2884,2825,2838,2783,2756,2959,2894,2892,2854,2841,2812,2670,2776,2908,2915,2858,2831,2859,2835,2663,2786,2917,2898,2852,2871,2820,2807,2829,2789,2928,2890,2872,2849,2836,2781,2807,2780
TOF,2919,2878,2878,2371,2369,2317,2251,2106,2801,2777,2659,2712,2849,2825,2770,2353,2954,2917,2906,2865,2825,2735,2628,2597,2925,2935,2887,2871,2852,2830,2801,2771,2942,2895,2881,2872,2849,2820,2727,2785,2927,2890,2886,2845,2845,2823,2702,2780,2907,2902,2875,2863,2828,2798,2755,2791,2912,2907,2872,2846,2827,2787,2792,2773
TOF,2925,2878,2454,2384,2326,2313,2303,2159,2779,2692,2673,2674,2849,2720,2769,2706,2932,2905,2891,2885,2813,2762,2607,2589,2947,2891,2903,2849,2865,2824,2783,2788,2900,2883,2904,2875,2842,2814,2657,2780,2914,2880,2875,2845,2823,2850,2708,2777,2939,2867,2879,2858,2833,2810,2802,2778,2958,2908,2870,2852,2841,2788,2780,2811
TOF,2446,2469,2399,2362,2328,2320,2272,2214,2732,2723,2671,2720,2702,2756,2715,2706,2927,2887,2870,2835,2840,2779,2621,2639,2931,2901,2872,2878,2845,2832,2721,2792,2909,2893,2884,2860,2850,2818,2722,2785,2904,2887,2865,2845,2860,2819,2664,2776,2916,2898,2860,2839,2831,2813,2788,2816,2905,2905,2856,2857,2856,2807,2841,2799
TOF,2476,2469,2464,2291,2396,2330,2261,2245,2739,2716,2643,2705,2728,2754,2759,2686,2914,2897,2876,2854,2819,2720,2619,2640,2908,2899,2864,2855,2847,2832,2706,2811,2924,2894,2855,2872,2838,2826,2677,2828,2928,2877,2853,2840,2812,2810,2667,2795,2895,2877,2860,2846,2837,2813,2801,2812,2929,2888,2874,2864,2820,2818,2835,2798
TOF,2826,2469,2413,2385,2352,2331,2234,2211,2735,2682,2664,2738,2666,2764,2689,2800,2915,2904,2873,2870,2785,2748,2663,2600,2947,2901,2870,2874,2833,2837,2742,2822,2931,2872,2871,2869,2850,2827,2701,2817,2906,2864,2857,2840,2822,2811,2644,2792,2897,2892,2871,2844,2848,2820,2806,2784,2932,2896,2871,2850,2835,2792,2795,2830
TOF,2813,2469,2523,2410,2340,2292,2244,2225,2771,2699,2672,2710,2640,2789,2797,2668,2936,2897,2860,2876,2818,2719,2635,2581,2934,2892,2880,2873,2849,2837,2751,2796,2905,2881,2844,2858,2842,2825,2716,2788,2927,2856,2872,2864,2832,2823,2703,2779,2909,2877,2879,2847,2821,2815,2808,2786,2901,2893,2877,2847,2834,2792,2836,2783
TOF,2813,2805,2389,2448,2362,2305,2257,2179,2741,2741,2679,2759,2754,2827,2767,2735,2932,2895,2876,2872,2829,2768,2644,2629,2914,2903,2870,2858,2852,2822,2729,2813,2922,2866,2877,2863,2854,2812,2718,2794,2910,2890,2867,2863,2848,2815,2613,2798,2914,2895,2887,2846,2843,2829,2786,2800,2921,2893,2887,2846,2834,2791,2822,2819
TOF,2892,143,129,2418,2375,104,103,100,2787,2750,2689,2694,2768,101,96,97,2936,2911,2879,2863,2787,88,99,87,2918,2907,2875,2878,2835,93,70,92,2927,2877,2886,2840,2830,2842,89,2856,2919,2910,2845,2845,2819,2764,2599,2647,2899,2864,2871,2842,2835,2814,79,2805,2912,2898,2883,2850,2839,2835,2810,2880
TOF,120,117,2434,2533,101,97,97,97,2782,2718,2717,2711,106,94,101,94,2971,2920,2887,2858,98,96,99,94,2874,2875,2887,2876,104,96,100,92,2903,2881,2869,2857,99,95,97,95,2905,2892,2864,2852,99,96,96,94,2906,2884,2872,2864,2690,93,95,92,2932,2886,2869,2855,2832,94,90,92
TOF,97,98,2459,90,83,85,81,83,2804,2711,2679,84,88,87,92,81,2930,2901,2869,89,84,90,85,89,2912,2906,2877,85,90,87,86,86,2920,2892,2860,89,89,90,85,87,2926,2883,2894,84,92,85,90,82,2902,2899,2866,89,90,89,88,87,2910,2886,2873,86,90,83,93,80
TOF,83,81,75,73,73,71,73,73,2778,77,81,71,78,74,79,69,2952,82,75,78,76,79,75,72,2918,73,80,79,88,75,81,69,84,82,75,83,78,76,80,73,2915,74,82,80,82,72,83,68,2975,81,78,84,76,81,74,71,2914,75,81,74,81,75,79,70
TOF,65,63,60,61,63,62,59,62,70,59,65,58,65,60,67,60,62,63,60,61,61,65,62,61,68,60,73,61,68,61,61,59,61,66,67,68,66,66,56,59,66,65,74,62,68,59,68,58,61,69,68,63,66,69,62,61,65,68,69,60,67,62,63,55
TOF,50,52,50,49,53,52,51,53,55,51,53,53,59,51,56,53,49,52,54,55,52,55,52,53,55,50,56,51,59,52,54,49,51,53,53,55,55,55,52,51,59,50,56,51,56,51,53,47,57,59,55,56,53,53,53,51,59,54,57,51,62,49,54,50
TOF,38,40,40,40,44,42,42,45,44,40,43,43,45,41,47,48,42,42,43,43,43,44,45,41,48,42,46,43,48,44,45,43,43,44,45,45,45,44,44,44,44,42,46,43,46,44,45,42,42,45,45,45,44,44,42,44,49,42,46,43,47,43,44,41
TOF,36,38,38,35,42,39,40,42,40,37,40,41,40,40,45,47,38,40,41,41,40,42,43,41,45,42,44,44,45,45,44,44,42,42,44,43,45,44,43,44,43,42,44,43,44,43,45,42,44,42,43,43,45,45,45,44,44,44,44,42,47,43,43,44
TOF,31,35,35,33,38,36,38,40,35,34,35,37,39,38,42,43,34,35,36,38,37,39,40,40,43,37,40,39,42,42,43,44,41,40,41,43,44,43,42,44,40,40,42,41,41,40,44,41,42,41,40,42,43,41,43,42,43,40,41,42,45,44,43,43
TOF,31,34,34,32,36,36,36,39,36,33,33,35,37,36,41,43,35,34,35,36,36,37,40,42,40,35,40,39,39,39,41,43,40,40,41,40,40,40,42,43,42,41,42,41,43,40,43,41,41,41,41,41,42,43,42,43,44,40,40,40,45,42,42,43
TOF,26,29,30,27,32,32,31,37,31,28,29,30,32,32,36,40,29,29,29,31,31,32,34,34,36,31,35,33,34,33,37,37,34,34,34,33,35,36,37,40,38,34,38,37,37,34,40,35,37,36,37,35,37,37,38,35,39,35,37,34,41,38,41,39
TOF,25,29,29,27,31,31,30,33,29,28,27,29,31,30,35,37,28,28,29,31,31,31,33,35,33,29,33,32,34,34,36,37,32,33,34,34,34,34,37,38,36,33,37,36,37,34,38,34,36,36,36,35,37,36,36,37,38,34,36,34,40,37,39,38
TOF,21,26,25,23,28,28,27,30,26,24,24,26,28,28,31,36,23,24,25,27,26,28,31,31,28,28,30,28,30,29,32,34,29,29,30,29,31,31,31,34,32,30,32,32,34,30,35,33,33,32,32,32,34,33,34,34,35,32,32,32,35,33,34,36
TOF,21,25,24,23,27,28,28,30,25,23,23,25,28,26,31,35,22,23,25,27,26,27,29,31,29,25,29,27,28,30,31,33,27,28,29,29,30,30,30,35,30,28,31,30,32,28,35,32,32,32,32,31,32,32,34,34,35,32,32,30,35,33,34,35
TOF,19,21,20,19,25,24,24,27,21,19,19,21,24,23,27,32,19,20,20,23,22,23,26,27,25,22,23,24,25,25,28,30,23,24,27,24,26,26,27,31,27,26,26,26,26,25,31,30,28,27,28,29,28,29,31,31,32,29,30,28,32,31,31,33
TOF,19,21,21,20,25,23,25,27,22,20,19,22,24,23,28,33,20,19,21,23,23,24,26,28,24,22,23,26,25,25,27,31,24,23,25,25,26,25,28,32,26,27,27,27,26,26,30,30,28,28,28,27,29,28,31,32,33,29,29,29,32,31,31,34
TOF,16,19,20,18,23,21,24,26,20,19,16,21,21,23,26,30,18,18,18,20,22,21,24,26,21,20,22,24,21,24,24,29,22,20,22,24,23,24,27,31,22,25,26,26,24,25,28,31,28,26,27,24,27,27,31,30,31,27,26,28,31,30,29,33
TOF,19,23,22,20,25,24,26,27,23,22,21,23,24,26,28,33,20,21,23,23,23,24,27,28,25,23,23,27,25,27,28,31,25,23,26,26,27,27,29,30,28,27,29,28,29,27,31,32,29,29,29,28,29,30,32,32,33,31,30,29,34,33,33,35
TOF,18,21,21,19,24,23,25,27,21,21,19,21,24,24,27,32,19,20,21,21,22,23,25,28,24,21,22,24,25,25,26,30,24,22,23,25,26,25,27,29,26,26,27,27,25,26,30,32,29,28,28,25,29,29,30,32,32,29,29,29,32,30,31,35
TOF,20,22,23,21,26,24,28,30,23,23,21,23,25,25,30,34,22,23,22,23,24,26,28,28,26,23,24,26,28,27,28,32,25,24,26,27,29,27,30,32,28,28,29,29,29,27,32,31,31,30,30,28,31,32,34,34,34,32,31,30,34,32,33,35
TOF,19,22,22,19,24,23,25,27,22,21,20,22,23,24,28,30,20,20,21,21,22,25,27,26,25,23,23,24,26,26,26,30,26,23,23,26,27,27,28,31,27,25,27,28,28,26,30,31,29,28,29,28,29,29,31,34,32,30,29,30,33,32,33,33
TOF,20,23,23,21,25,24,27,29,23,23,22,24,24,25,29,33,22,23,23,24,22,24,29,28,27,25,23,25,26,29,27,31,27,25,26,27,29,28,29,32,27,27,30,29,29,27,32,33,32,31,30,28,31,32,33,35,34,32,30,31,34,33,34,37
TOF,19,22,22,20,24,22,25,28,22,21,21,22,21,24,27,32,21,22,22,21,20,24,27,28,26,23,22,25,25,27,26,31,25,22,23,25,28,26,26,29,26,26,29,29,28,27,30,32,30,30,30,28,29,30,33,33,33,31,30,30,33,32,32,35
TOF,23,24,24,21,27,25,28,29,24,24,23,24,25,27,30,33,23,24,24,23,24,27,29,30,28,25,25,26,27,30,29,33,27,26,27,28,30,28,30,33,29,28,32,31,30,28,33,34,32,32,31,30,31,33,34,36,35,34,32,32,36,34,35,36
TOF,22,22,23,22,25,24,27,29,23,24,22,23,24,25,30,33,23,22,23,24,23,25,28,28,26,24,24,26,26,27,27,32,28,24,27,27,29,27,29,32,27,27,30,29,29,27,31,34,31,32,30,30,31,31,34,34,34,32,32,31,35,33,35,36
TOF,24,26,26,23,27,26,27,30,26,25,24,27,26,27,32,35,24,25,26,25,25,29,30,30,30,27,27,27,29,31,30,35,29,28,28,29,31,30,31,33,31,30,31,32,32,32,34,35,34,33,32,31,34,34,35,36,35,34,34,34,37,36,36,38
TOF,27,27,29,25,30,28,29,29,26,30,26,30,27,30,30,37,29,27,28,27,27,28,31,31,32,32,29,31,28,33,30,35,33,30,32,29,33,30,33,34,30,33,33,37,31,31,34,36,37,34,37,33,35,34,36,37,37,36,33,35,36,37,36,37
TOF,44,42,43,36,41,36,37,39,39,45,36,42,36,40,39,44,45,41,42,37,37,38,40,37,44,45,40,43,38,43,38,44,51,43,44,40,42,39,42,40,44,46,42,46,39,42,40,43,52,45,47,42,44,42,43,42,47,47,42,45,43,44,40,43
TOF,54,53,53,47,50,46,43,43,59,60,45,54,44,46,46,48,63,54,51,47,48,45,47,44,68,66,49,51,45,47,43,47,69,54,53,48,48,45,47,44,67,57,50,54,48,48,45,45,65,56,58,49,50,48,47,47,56,57,50,50,50,50,44,48
TOF,62,67,64,56,56,51,53,49,61,69,60,60,54,55,51,53,69,71,63,56,54,52,52,49,78,73,64,62,55,54,49,52,82,76,68,59,55,52,52,53,78,80,59,61,54,54,52,52,72,67,63,59,59,55,56,51,64,65,55,60,56,55,51,53
TOF,2927,62,66,60,60,56,51,51,2845,68,66,63,58,57,57,57,63,77,69,63,58,55,55,52,69,77,70,68,58,56,53,51,82,80,75,63,58,56,54,53,83,80,66,65,57,53,54,52,71,77,65,61,60,57,55,53,65,68,63,59,61,58,52,55
TOF,2836,64,67,62,64,57,54,57,2795,73,69,64,60,60,60,56,2947,80,73,64,60,58,58,53,76,80,77,65,61,59,58,56,85,85,75,64,63,57,56,54,84,84,75,63,61,59,57,52,67,78,69,64,62,59,59,57,64,71,64,62,62,59,57,56
TOF,2864,67,70,60,64,59,56,56,2885,78,71,70,63,61,60,59,72,82,75,66,62,58,60,54,82,84,75,67,61,60,58,55,88,86,74,65,61,58,60,55,84,83,71,66,60,58,59,57,66,71,67,61,62,59,59,55,65,69,63,62,61,59,55,57
TOF,74,77,81,71,76,68,66,65,2854,90,80,76,69,72,65,68,84,89,88,73,70,65,67,65,90,96,82,76,68,72,63,68,100,96,82,73,70,67,66,65,79,84,75,76,66,68,66,64,76,77,75,70,70,67,66,61,74,80,68,69,69,68,61,63
TOF,2948,90,94,83,80,75,73,77,2820,101,90,91,76,82,77,83,97,103,102,84,80,77,81,76,104,109,92,87,79,84,73,81,102,104,90,85,84,82,81,74,82,94,83,88,80,83,73,78,2960,90,90,80,82,77,78,70,84,91,83,91,78,79,69,72
TOF,2931,110,113,99,101,95,96,96,2771,121,108,112,98,103,96,104,2943,123,123,107,103,101,101,97,124,135,116,112,98,107,96,105,2943,119,114,105,108,101,99,92,2902,121,101,109,98,104,93,95,2926,111,109,103,104,97,95,90,106,115,101,111,99,101,86,95
TOF,2890,132,133,119,117,114,114,114,2836,143,128,128,113,122,111,121,2951,140,142,124,120,118,120,114,142,155,138,134,120,128,115,118,2918,142,136,122,125,119,117,109,2920,147,127,132,118,125,109,113,2900,133,131,127,127,115,117,108,131,138,123,128,118,119,108,113
TOF,2888,2855,158,138,136,131,131,131,2824,164,147,146,137,142,136,136,2919,161,159,145,144,140,139,132,2897,174,157,156,142,150,137,137,2923,165,158,149,149,139,136,131,2907,167,150,157,140,141,129,137,2898,157,156,149,147,135,141,129,2947,160,145,151,136,140,131,136
TOF,2922,2885,170,147,145,144,147,142,2815,2712,159,155,148,155,149,146,2947,174,170,159,156,155,153,143,2945,188,170,169,160,158,149,148,2933,190,170,163,163,153,151,144,2907,179,165,174,157,158,148,148,2912,174,172,160,161,151,152,144,2919,175,165,168,153,163,147,167
TOF,2910,195,175,157,156,152,158,152,2814,200,171,165,159,163,160,154,2952,181,177,170,167,167,165,154,2921,189,184,176,171,171,161,158,2922,2880,183,176,177,167,164,156,2936,193,178,181,172,170,162,163,2922,186,181,176,171,168,166,172,2958,184,179,176,165,174,165,181
TOF,2911,2752,168,157,155,155,157,156,2860,193,171,161,161,162,161,153,2931,175,173,172,166,167,163,155,2929,168,184,175,174,170,165,158,2934,193,177,178,173,167,163,162,2919,185,180,177,176,167,168,165,2914,182,177,173,169,170,166,171,2900,177,176,171,170,171,170,2841
TOF,182,181,155,150,145,153,152,152,2825,166,161,153,161,158,161,149,2942,162,159,164,162,165,160,155,198,153,169,164,170,163,162,152,176,166,169,169,167,163,159,160,2903,168,170,167,172,159,165,154,2938,170,167,165,159,162,161,169,2947,164,170,160,162,159,165,170
TOF,2936,149,139,137,137,143,140,140,2841,146,150,138,150,146,149,135,175,145,150,151,149,153,148,141,166,142,159,151,158,150,152,140,149,152,154,157,154,150,144,144,170,153,157,155,157,146,154,141,2928,155,152,151,150,151,147,149,2958,149,156,148,149,144,151,143
TOF,148,137,125,126,129,135,131,130,157,132,137,131,140,138,138,126,142,134,140,140,140,142,138,133,140,138,148,142,149,140,141,131,138,144,143,147,143,140,136,135,149,144,149,143,146,135,142,132,150,145,145,146,142,139,136,137,154,139,145,137,138,132,141,134
TOF,131,120,114,116,121,127,121,120,130,122,121,120,129,130,127,117,125,127,125,130,128,132,126,121,127,131,135,131,136,130,130,119,126,137,133,135,133,130,126,124,137,133,135,132,132,126,128,124,136,131,134,132,130,128,127,125,140,127,135,127,127,120,129,123
TOF,123,116,111,113,118,124,118,117,121,117,116,117,125,128,124,116,119,124,121,125,126,127,125,120,124,129,130,126,133,127,127,119,125,134,129,131,131,127,123,121,131,130,130,130,131,120,124,120,130,129,131,130,126,124,126,121,132,126,129,125,127,119,125,120
TOF,114,108,108,108,114,117,113,112,117,112,113,115,121,122,119,110,114,122,119,121,122,124,120,113,119,126,124,125,128,124,120,115,122,129,125,125,124,120,117,115,125,127,125,125,125,118,118,115,126,125,129,125,122,120,120,117,126,121,127,122,121,116,120,116
TOF,113,107,106,108,115,116,110,110,114,113,112,113,120,120,119,109,113,121,119,120,121,122,119,113,118,124,125,124,127,122,120,113,124,127,125,127,125,121,116,115,127,125,124,125,123,116,117,115,122,124,128,127,121,119,118,115,120,122,124,120,117,114,120,115
TOF,109,104,102,103,110,114,111,106,110,110,110,110,116,119,115,110,109,118,115,116,119,118,115,113,113,122,120,119,123,120,116,112,119,125,121,121,121,117,113,111,125,123,121,124,120,114,115,112,121,120,123,122,119,115,116,112,120,119,120,116,117,111,115,112
TOF,107,107,105,106,113,115,113,106,107,115,111,116,119,121,116,112,110,121,124,121,122,119,115,111,117,129,124,125,125,123,119,114,127,128,124,125,123,120,115,111,127,126,124,127,122,116,118,114,129,122,125,122,123,117,117,114,121,119,124,117,120,110,119,115
TOF,102,108,114,114,117,117,117,110,105,117,120,125,118,123,119,113,113,125,127,123,125,120,114,115,125,125,125,127,124,116,114,115,134,125,123,124,121,117,111,114,126,119,126,116,127,108,113,115,122,119,120,114,119,108,106,111,122,115,117,107,116,97,110,105
TOF,106,110,123,124,122,120,115,112,114,119,130,123,124,119,115,108,2939,125,121,123,112,117,103,109,133,116,123,110,117,104,107,93,2931,120,112,111,105,103,90,98,119,105,117,94,113,79,97,90,112,109,99,99,89,89,82,102,115,105,101,85,91,70,91,100
TOF,118,2854,106,109,104,100,84,92,2847,2744,109,87,101,63,97,55,2927,103,91,94,74,65,56,66,2962,2903,97,73,84,2779,65,2806,2917,2904,86,73,73,62,71,69,2931,2931,79,2849,79,101,64,2785,2909,2903,2842,2887,2842,2831,87,2788,2904,2878,2910,2881,2821,109,2798,2819
TOF,2948,2854,106,2417,2381,76,84,129,2846,2764,2704,2763,2714,63,2805,55,2944,2897,91,2831,2786,2857,56,66,2939,2911,2825,2871,2842,2816,65,2791,2931,2918,2870,73,2828,62,2720,2776,2941,2897,2844,2846,2826,2842,64,2793,2914,2900,2862,2845,2806,2800,2772,2785,2923,2890,2863,2882,2833,2802,2810,2807
TOF,2885,2854,106,2417,2320,2292,2157,2061,2787,2807,2685,2679,2731,2813,2785,55,2928,2885,2874,2872,2832,2732,2598,2598,2928,2910,2868,2861,2847,2824,2785,2792,2918,2876,2862,2844,2839,2836,2739,2787,2903,2872,2857,2853,2853,2820,2660,2767,2932,2897,2880,2865,2829,2803,2766,2794,2905,2900,2865,2842,2828,2799,2831,2800
TOF,2987,2854,2425,2350,2345,2309,2210,2012,2742,2739,2718,2704,2751,2781,2778,2736,2931,2928,2873,2854,2821,2727,2616,2613,2909,2901,2880,2852,2864,2823,2756,2791,2921,2900,2887,2853,2843,2835,2758,2809,2889,2889,2851,2834,2839,2820,2603,2813,2940,2901,2876,2859,2830,2805,2782,2779,2946,2886,2864,2845,2824,2805,2825,2799
TOF,2886,2724,2444,2362,2342,2299,2216,1871,2805,2710,2720,2664,2753,2769,2785,2654,2950,2904,2856,2830,2780,2720,2623,2579,2939,2896,2909,2871,2867,2817,2756,2782,2890,2892,2890,2849,2829,2833,2760,2802,2909,2891,2865,2834,2825,2826,2675,2780,2896,2905,2859,2849,2843,2816,2776,2805,2913,2886,2887,2837,2822,2789,2808,2799
TOF,2854,2581,2622,2402,2379,2296,2229,2071,2785,2758,2663,2657,2766,2744,2713,2824,2951,2901,2869,2867,2803,2704,2600,2571,2933,2904,2870,2848,2854,2827,2765,2795,2926,2865,2878,2856,2836,2811,2706,2807,2899,2868,2862,2857,2844,2816,2656,2795,2913,2902,2857,2851,2841,2795,2799,2787,2926,2890,2870,2850,2848,2798,2831,2780
TOF,2944,2581,2847,2467,2320,2297,2241,2117,2833,2700,2719,2677,2668,2767,2753,2328,2929,2895,2901,2875,2790,2710,2637,2578,2941,2907,2879,2858,2863,2839,2759,2790,2926,2912,2856,2855,2839,2830,2750,2803,2916,2871,2884,2838,2823,2813,2594,2762,2918,2863,2855,2843,2844,2791,2797,2783,2916,2887,2859,2855,2842,2794,2792,2832
TOF,2840,2853,2456,2428,2345,2299,2263,2153,2778,2808,2637,2656,2748,2780,2764,2369,2938,2906,2878,2860,2785,2676,2609,2588,2918,2911,2894,2875,2864,2820,2767,2804,2919,2894,2876,2871,2832,2828,2758,2799,2926,2887,2866,2860,2837,2812,2716,2781,2903,2892,2881,2854,2845,2830,2819,2804,2943,2886,2898,2844,2839,2794,2799,2812
TOF,2944,2853,2456,2366,2386,2285,2227,2150,2834,2740,2629,2694,2660,2782,2789,2874,2973,2905,2886,2868,2807,2727,2634,2625,2925,2877,2870,2865,2851,2822,2765,2802,2938,2908,2865,2877,2830,2824,2724,2836,2894,2888,2876,2849,2821,2828,2679,2809,2898,2900,2854,2858,2835,2814,2777,2776,2905,2887,2889,2855,2834,2763,2816,2810
TOF,2866,2870,2473,2464,2380,2296,2171,2150,2799,2730,2695,2717,2778,2775,2613,2356,2929,2919,2888,2835,2797,2740,2618,2672,2930,2909,2859,2871,2841,2827,2754,2786,2899,2906,2897,2854,2857,2814,2702,2801,2930,2898,2874,2865,2829,2815,2709,2801,2905,2902,2863,2834,2835,2813,2805,2790,2939,2875,2873,2867,2832,2818,2802,2776
TOF,2948,2871,2653,2409,2347,2287,2166,1900,2804,2746,2666,2708,2776,2798,2792,2405,2934,2905,2908,2860,2805,2726,2618,2608,2929,2897,2874,2857,2847,2827,2761,2775,2934,2889,2871,2852,2844,2824,2695,2797,2926,2888,2873,2835,2850,2795,2707,2783,2899,2889,2851,2841,2829,2811,2807,2797,2915,2902,2859,2855,2820,2796,2840,2819
TOF,2945,2871,2764,2433,2355,2293,2267,2218,2739,2746,2725,2681,2795,2767,2772,2422,2957,2912,2890,2881,2796,2706,2602,2614,2946,2894,2878,2868,2861,2800,2759,2774,2913,2904,2877,2862,2854,2824,2772,2785,2898,2885,2863,2851,2840,2838,2684,2801,2935,2876,2854,2868,2836,2814,2793,2816,2927,2895,2871,2842,2839,2795,2810,2804
TOF,2846,2871,2764,2414,2330,2282,2249,2205,2795,2708,2698,2691,2782,2807,2787,2616,2923,2924,2886,2863,2822,2719,2644,2633,2943,2897,2881,2871,2861,2828,2818,2778,2914,2881,2862,2861,2819,2817,2734,2785,2928,2834,2869,2843,2831,2805,2735,2787,2887,2891,2873,2859,2831,2802,2817,2813,2933,2906,2869,2851,2837,2792,2784,2805
TOF,2878,2799,2787,2414,2336,2286,2228,2071,2824,2773,2667,2778,2842,2779,2779,2470,2962,2908,2873,2867,2778,2712,2589,2683,2906,2904,2887,2871,2852,2835,2784,2770,2935,2929,2879,2871,2831,2817,2730,2786,2913,2895,2869,2858,2828,2834,2673,2772,2894,2901,2865,2841,2837,2804,2785,2793,2957,2883,2879,2840,2825,2780,2812,2814
TOF,2821,2801,2505,2342,2322,2304,2139,2167,2802,2728,2649,2696,2778,2809,2761,2320,2940,2915,2882,2846,2794,2760,2586,2647,2920,2884,2904,2874,2845,2837,2772,2766,2927,2914,2890,2855,2859,2823,2768,2772,2907,2880,2872,2853,2847,2810,2656,2796,2889,2886,2867,2840,2823,2808,2784,2773,2956,2886,2875,2843,2825,2804,2813,2783
TOF,2857,2801,2452,2432,2354,2290,2153,2026,2831,2759,2742,2706,2764,2806,2805,2797,2951,2919,2884,2858,2784,2718,2623,2674,2914,2909,2888,2869,2867,2837,2797,2794,2933,2904,2882,2844,2838,2802,2745,2774,2922,2908,2889,2849,2822,2826,2747,2780,2912,2894,2869,2847,2819,2800,2732,2805,2935,2910,2873,2836,2846,2799,2807,2804
TOF,2927,2824,2585,2441,2311,2313,2209,2110,2818,2754,2777,2723,2730,2810,2793,2485,2953,2913,2897,2870,2836,2720,2597,2648,2920,2895,2875,2849,2849,2823,2778,2806,2935,2899,2865,2853,2849,2813,2736,2765,2902,2887,2886,2864,2848,2820,2646,2773,2901,2877,2854,2862,2836,2812,2765,2812,2954,2904,2873,2862,2837,2774,2776,2809
TOF,2931,2824,2585,2379,2318,2299,2249,2110,2802,2768,2658,2693,2762,2814,2759,2392,2936,2909,2878,2857,2814,2677,2635,2647,2944,2895,2891,2858,2852,2830,2808,2768,2935,2899,2868,2854,2860,2827,2756,2805,2943,2890,2854,2849,2849,2824,2695,2794,2898,2907,2852,2866,2833,2793,2785,2797,2937,2915,2882,2847,2845,2779,2819,2798
TOF,2918,2824,2569,2409,2399,2335,2296,2106,2813,2729,2688,2685,2724,2861,2781,2325,2968,2936,2884,2877,2804,2709,2592,2607,2957,2895,2852,2874,2845,2828,2779,2795,2910,2884,2861,2863,2853,2824,2768,2807,2918,2898,2867,2868,2792,2826,2690,2774,2924,2903,2857,2847,2840,2799,2759,2771,2937,2904,2866,2840,2847,2807,2779,2812
TOF,2899,2767,2784,2424,2358,2327,2205,1988,2830,2735,2710,2701,2751,2812,2793,2410,2946,2909,2872,2859,2778,2686,2606,2628,2919,2900,2874,2868,2839,2834,2801,2787,2952,2889,2868,2868,2831,2823,2715,2778,2897,2902,2873,2849,2844,2814,2673,2771,2923,2894,2854,2861,2833,2826,2766,2794,2931,2923,2862,2821,2822,2820,2799,2803
TOF,2924,2806,2799,2408,2332,2278,2211,2173,2813,2745,2693,2718,2790,2784,2793,2348,2934,2900,2883,2862,2806,2717,2634,2597,2945,2915,2897,2891,2865,2821,2771,2795,2937,2932,2878,2866,2838,2848,2730,2789,2920,2888,2861,2853,2849,2826,2605,2770,2896,2910,2869,2818,2830,2823,2781,2784,2914,2939,2873,2855,2815,2784,2784,2794
TOF,2851,2655,2782,2395,2430,2296,2272,2076,2804,2733,2681,2782,2758,2844,2801,2377,2974,2910,2881,2852,2840,2666,2624,2614,2913,2885,2895,2868,2846,2811,2784,2787,2938,2901,2879,2853,2831,2833,2740,2799,2937,2869,2876,2846,2837,2831,2709,2780,2932,2897,2868,2838,2805,2820,2763,2781,2935,2925,2853,2848,2825,2807,2810,2793
TOF,2922,2655,2782,2368,2334,2322,2156,2076,2869,2721,2698,2707,2725,2834,2807,2445,2948,2919,2893,2861,2769,2740,2624,2632,2959,2899,2872,2876,2848,2857,2768,2790,2936,2915,2892,2868,2840,2827,2684,2781,2937,2906,2869,2843,2834,2807,2673,2782,2923,2887,2851,2852,2828,2814,2799,2777,2953,2901,2875,2831,2813,2794,2810,2788
TOF,2862,2655,2486,2380,2360,2293,2270,2060,2792,2760,2676,2667,2757,2787,2704,2741,2961,2919,2871,2868,2774,2698,2607,2607,2926,2889,2877,2863,2864,2829,2780,2799,2923,2899,2886,2838,2859,2827,2756,2780,2914,2881,2872,2851,2827,2804,2665,2784,2889,2892,2877,2841,2821,2799,2779,2809,2929,2902,2887,2848,2835,2797,2809,2823
TOF,2899,2655,2464,2343,2353,2286,2267,2034,2805,2791,2649,2704,2760,2720,2816,2337,2934,2902,2892,2862,2799,2709,2650,2628,2932,2902,2872,2875,2852,2846,2776,2794,2961,2890,2870,2864,2844,2852,2734,2781,2926,2922,2851,2856,2830,2824,2648,2752,2910,2919,2874,2835,2847,2801,2773,2809,2917,2925,2884,2834,2829,2807,2801,2813
TOF,2936,2881,2464,2394,2351,2300,2276,2034,2758,2730,2650,2695,2702,2746,2798,2508,2950,2917,2877,2849,2822,2727,2606,2595,2910,2910,2886,2855,2852,2840,2780,2781,2940,2896,2888,2850,2832,2827,2759,2799,2909,2882,2872,2841,2844,2817,2675,2797,2924,2881,2858,2854,2832,2831,2788,2799,2924,2903,2881,2856,2819,2788,2811,2798
TOF,2936,2870,2516,2355,2354,2278,2246,1957,2797,2732,2661,2701,2726,2773,2741,2425,2928,2901,2916,2865,2824,2738,2629,2711,2966,2904,2870,2858,2862,2815,2759,2787,2940,2910,2891,2867,2845,2828,2684,2828,2961,2921,2867,2855,2822,2810,2672,2776,2899,2892,2841,2840,2828,2813,2739,2806,2904,2906,2845,2861,2812,2784,2824,2789
TOF,2836,2953,2764,2432,2374,2298,2221,2059,2805,2743,2679,2711,2722,2775,2740,2368,2950,2920,2904,2865,2790,2657,2605,2587,2937,2925,2872,2858,2846,2827,2794,2780,2930,2892,2888,2862,2834,2822,2673,2769,2922,2888,2852,2871,2833,2809,2656,2800,2914,2876,2869,2862,2837,2820,2800,2789,2929,2906,2893,2838,2836,2778,2795,2784
TOF,2898,2953,2645,2356,2335,2306,2237,2009,2819,2754,2686,2675,2679,2760,2767,2368,2944,2907,2891,2835,2813,2660,2642,2579,2947,2901,2892,2872,2859,2840,2795,2775,2924,2907,2866,2884,2849,2824,2798,2787,2920,2862,2871,2871,2817,2810,2678,2792,2915,2889,2850,2826,2835,2816,2738,2779,2948,2898,2892,2850,2838,2792,2795,2815
TOF,2824,2873,2645,2373,2328,2277,2275,1971,2812,2741,2684,2675,2738,2755,2752,2490,2967,2910,2895,2874,2807,2777,2612,2626,2917,2912,2883,2861,2857,2793,2775,2773,2916,2902,2876,2859,2836,2836,2720,2802,2948,2923,2876,2852,2849,2815,2673,2789,2895,2892,2867,2849,2842,2803,2758,2784,2909,2873,2885,2846,2829,2785,2838,2816
TOF,2824,2579,2388,2458,2360,2293,2193,2045,2829,2726,2694,2663,2717,2766,2771,2410,2924,2902,2890,2869,2811,2725,2609,2610,2937,2913,2891,2861,2846,2826,2784,2793,2929,2919,2857,2859,2836,2832,2717,2793,2946,2889,2899,2851,2848,2791,2660,2781,2929,2897,2870,2840,2827,2807,2759,2816,2931,2905,2862,2853,2838,2791,2800,2798
TOF,2898,2579,2650,2387,2358,2296,2243,2053,2785,2762,2728,2682,2689,2814,2777,2400,2961,2921,2879,2868,2829,2730,2619,2645,2937,2917,2878,2848,2862,2808,2794,2775,2919,2890,2879,2876,2829,2823,2747,2796,2907,2889,2875,2854,2836,2808,2670,2789,2917,2873,2864,2833,2834,2791,2770,2777,2940,2896,2884,2865,2839,2779,2811,2782
TOF,2754,2804,2455,2429,2370,2294,2250,2227,2834,2771,2681,2731,2742,2789,2812,2405,2974,2908,2884,2873,2819,2737,2600,2585,2940,2911,2859,2867,2831,2838,2774,2770,2922,2927,2866,2855,2864,2826,2711,2770,2928,2877,2878,2851,2825,2813,2645,2809,2910,2905,2857,2858,2845,2800,2750,2787,2944,2870,2876,2850,2841,2799,2796,2801
TOF,2754,2892,2431,2432,2343,2280,2256,2026,2832,2713,2689,2688,2743,2820,2757,2324,2950,2919,2891,2855,2796,2708,2646,2569,2945,2895,2885,2867,2857,2822,2777,2769,2935,2888,2861,2869,2833,2824,2735,2793,2930,2895,2867,2852,2846,2818,2685,2813,2891,2896,2867,2847,2831,2786,2753,2799,2954,2899,2867,2848,2822,2794,2840,2764
TOF,2830,2671,2431,2436,2319,2289,2199,2093,2768,2741,2693,2695,2739,2816,2827,2295,2975,2902,2870,2868,2785,2717,2635,2610,2928,2896,2866,2864,2852,2815,2772,2784,2915,2901,2892,2844,2846,2823,2753,2787,2917,2902,2870,2843,2848,2825,2639,2806,2929,2876,2868,2851,2804,2794,2753,2818,2952,2887,2862,2841,2843,2777,2787,2782
TOF,2886,2889,2419,2375,2378,2334,2222,2176,2803,2747,2685,2665,2705,2745,2786,2655,2951,2915,2887,2853,2771,2721,2620,2621,2934,2890,2883,2882,2852,2818,2799,2782,2953,2875,2890,2879,2848,2827,2743,2815,2895,2901,2860,2850,2822,2818,2688,2783,2926,2867,2872,2849,2837,2815,2714,2777,2928,2884,2877,2878,2830,2779,2829,2812
TOF,2963,2889,2466,2407,2345,2301,2214,2050,2791,2744,2673,2726,2792,2699,2781,2329,2958,2924,2885,2863,2757,2703,2619,2576,2944,2897,2898,2873,2819,2806,2785,2775,2928,2899,2891,2867,2836,2817,2691,2790,2922,2885,2871,2854,2848,2800,2693,2783,2914,2868,2866,2826,2833,2796,2776,2774,2938,2888,2862,2860,2812,2777,2798,2771
TOF,2904,2889,2696,2397,2365,2315,2246,2114,2835,2748,2702,2709,2732,2783,2837,2381,2958,2928,2880,2867,2797,2728,2624,2595,2920,2918,2862,2874,2858,2831,2782,2789,2923,2898,2862,2852,2846,2835,2747,2802,2899,2892,2875,2851,2859,2813,2661,2781,2907,2893,2858,2830,2808,2815,2797,2803,2936,2909,2869,2849,2840,2779,2828,2779
TOF,2935,2889,2696,2412,2338,2311,2199,2114,2782,2747,2677,2676,2730,2786,2807,2458,2939,2905,2876,2854,2842,2695,2643,2582,2941,2893,2899,2861,2850,2819,2747,2791,2938,2909,2872,2883,2840,2810,2750,2811,2902,2880,2874,2842,2874,2830,2704,2794,2927,2901,2882,2816,2828,2794,2770,2785,2942,2922,2896,2890,2837,2781,2811,2791
TOF,2959,2824,2696,2415,2368,2309,2250,2107,2813,2788,2724,2752,2722,2812,2755,2371,2930,2925,2891,2876,2817,2699,2653,2575,2920,2893,2885,2882,2852,2837,2765,2779,2933,2905,2876,2871,2843,2818,2738,2784,2914,2896,2851,2846,2836,2815,2678,2765,2912,2868,2870,2842,2838,2801,2784,2799,2943,2878,2882,2859,2849,2801,2805,2779
TOF,2855,2824,2447,2384,2327,2329,2224,2060,2807,2701,2733,2709,2729,2785,2785,2326,2918,2914,2873,2851,2822,2730,2647,2561,2922,2910,2868,2872,2835,2854,2778,2757,2901,2893,2865,2864,2853,2813,2702,2796,2954,2884,2887,2857,2866,2803,2665,2832,2895,2900,2864,2860,2860,2819,2790,2798,2921,2877,2865,2842,2824,2807,2830,2805
TOF,2855,2709,2809,2380,2334,2291,2236,1996,2818,2735,2710,2711,2808,2818,2813,2347,2930,2916,2880,2860,2811,2731,2661,2582,2936,2892,2891,2872,2850,2811,2768,2782,2947,2885,2863,2864,2860,2817,2723,2806,2913,2899,2872,2855,2848,2806,2703,2804,2904,2890,2865,2841,2819,2808,2780,2800,2942,2919,2882,2847,2847,2786,2799,2802
TOF,2799,2897,2809,2395,2332,2304,2287,1996,2777,2742,2693,2693,2736,2855,2608,2732,2942,2918,2871,2837,2795,2716,2648,2645,2961,2906,2888,2863,2863,2832,2772,2786,2947,2905,2877,2859,2841,2821,2702,2788,2918,2862,2866,2842,2859,2807,2748,2789,2899,2877,2877,2857,2813,2809,2757,2788,2946,2870,2877,2872,2815,2803,2837,2792
TOF,2903,2897,2441,2402,2375,2323,2236,2046,2809,2702,2661,2671,2752,2769,2815,2679,2960,2927,2898,2856,2804,2722,2614,2607,2946,2899,2885,2862,2841,2787,2786,2780,2926,2902,2871,2860,2846,2820,2744,2791,2914,2917,2856,2852,2834,2831,2768,2762,2910,2882,2883,2862,2830,2817,2783,2805,2941,2915,2878,2832,2833,2782,2790,2804
TOF,2903,2897,2513,2372,2376,2302,2256,2158,2839,2703,2712,2728,2831,2837,2831,2652,2949,2881,2882,2874,2799,2719,2628,2597,2948,2911,2876,2865,2847,2829,2784,2790,2935,2902,2862,2861,2854,2824,2721,2795,2940,2891,2877,2852,2834,2808,2734,2779,2934,2891,2871,2840,2854,2803,2824,2809,2915,2891,2898,2834,2836,2783,2822,2819
TOF,2903,2763,2446,2400,2353,2308,2277,2014,2807,2754,2718,2732,2791,2797,2790,2602,2939,2908,2908,2861,2807,2730,2622,2584,2956,2894,2873,2876,2856,2817,2758,2756,2954,2902,2862,2840,2850,2826,2733,2780,2901,2880,2864,2843,2825,2799,2648,2788,2912,2883,2865,2833,2824,2810,2800,2794,2932,2907,2869,2837,2820,2808,2796,2804
TOF,2847,2848,2446,2394,2369,2257,2170,2105,2813,2748,2700,2690,2751,2805,2825,2340,2946,2920,2882,2878,2766,2721,2593,2605,2901,2914,2892,2871,2844,2830,2768,2769,2929,2915,2863,2846,2850,2819,2761,2780,2908,2892,2862,2871,2841,2808,2676,2788,2912,2913,2860,2836,2837,2828,2811,2784,2902,2915,2887,2867,2844,2809,2831,2790
TOF,2884,2848,2841,2416,2348,2323,2184,2029,2832,2715,2696,2697,2684,2777,2830,2736,2923,2911,2893,2878,2795,2729,2661,2646,2954,2905,2878,2876,2861,2840,2775,2776,2912,2900,2875,2861,2846,2796,2720,2776,2911,2883,2859,2857,2822,2816,2720,2806,2910,2906,2854,2846,2835,2820,2748,2773,2958,2852,2882,2841,2837,2785,2793,2821
TOF,2848,2796,2436,2415,2383,2305,2156,1981,2835,2731,2673,2751,2803,2762,2772,2500,2933,2920,2879,2861,2826,2711,2621,2596,2948,2919,2862,2878,2853,2810,2803,2752,2933,2914,2881,2847,2854,2807,2722,2787,2926,2880,2868,2852,2806,2821,2677,2822,2933,2868,2857,2868,2829,2791,2755,2778,2933,2888,2840,2843,2842,2821,2790,2814
TOF,2886,2796,2501,2400,2368,2275,2244,1981,2839,2734,2690,2771,2767,2772,2775,2361,2953,2926,2873,2871,2816,2715,2622,2624,2940,2896,2888,2865,2843,2835,2781,2758,2943,2898,2889,2861,2847,2825,2698,2805,2934,2879,2875,2851,2808,2808,2700,2777,2928,2876,2879,2873,2841,2824,2779,2815,2928,2930,2884,2856,2837,2800,2845,2823
TOF,2877,2834,2465,2391,2370,2315,2265,2086,2842,2730,2680,2637,2732,2808,2784,2496,2958,2934,2887,2859,2817,2716,2639,2618,2951,2900,2886,2853,2857,2833,2768,2772,2936,2904,2859,2869,2839,2820,2763,2779,2936,2887,2874,2847,2818,2827,2668,2802,2912,2879,2850,2871,2833,2794,2800,2785,2917,2894,2864,2843,2843,2797,2820,2810
TOF,3007,2852,2756,2406,2334,2269,2296,2173,2811,2726,2684,2683,2836,2759,2787,2371,2930,2919,2899,2859,2816,2683,2640,2550,2922,2906,2875,2881,2852,2806,2756,2807,2913,2903,2866,2850,2838,2813,2718,2800,2924,2891,2863,2858,2830,2843,2705,2773,2902,2909,2864,2861,2830,2806,2782,2807,2950,2900,2853,2841,2827,2802,2818,2816
TOF,2857,2775,2756,2361,2357,2301,2219,2080,2869,2707,2695,2716,2772,2749,2791,2328,2944,2922,2887,2867,2775,2736,2601,2599,2935,2895,2887,2856,2861,2801,2767,2778,2935,2918,2884,2863,2833,2803,2705,2803,2925,2879,2876,2868,2837,2807,2740,2824,2917,2892,2872,2836,2833,2787,2811,2811,2946,2874,2868,2856,2831,2772,2789,2817
TOF,2928,2775,2555,2407,2359,2290,2191,2080,2810,2736,2704,2692,2758,2711,2785,2335,2944,2909,2898,2857,2794,2723,2634,2637,2918,2917,2875,2861,2849,2828,2771,2804,2934,2887,2868,2848,2830,2813,2763,2806,2923,2895,2884,2862,2814,2830,2715,2804,2924,2892,2875,2841,2826,2814,2816,2797,2915,2909,2876,2847,2817,2803,2833,2773
TOF,3007,2815,2353,2376,2358,2320,2288,2241,2849,2755,2678,2690,2788,2766,2712,2391,2972,2894,2894,2853,2789,2733,2625,2636,2953,2905,2874,2859,2882,2845,2765,2774,2937,2882,2892,2859,2835,2837,2712,2782,2923,2883,2871,2860,2833,2820,2627,2794,2917,2870,2884,2848,2848,2810,2713,2810,2935,2889,2880,2845,2823,2813,2788,2808
TOF,2925,2911,2353,2436,2371,2285,2248,2026,2883,2777,2687,2626,2783,2744,2757,2391,2937,2908,2880,2872,2816,2722,2604,2593,2917,2887,2888,2865,2847,2840,2771,2760,2902,2911,2890,2880,2851,2815,2711,2789,2901,2843,2872,2849,2839,2812,2610,2803,2923,2896,2872,2849,2842,2815,2664,2791,2929,2894,2865,2848,2845,2800,2814,2821
TOF,2670,2828,2478,2395,2387,2291,2282,2148,2758,2737,2736,2709,2760,2853,2753,2652,2953,2914,2899,2855,2824,2666,2638,2620,2950,2908,2886,2870,2844,2822,2748,2793,2925,2918,2885,2878,2828,2823,2700,2812,2915,2879,2887,2857,2844,2834,2661,2800,2923,2887,2878,2833,2818,2794,2790,2780,2924,2896,2850,2851,2825,2796,2787,2810
TOF,2806,2674,2628,2410,2349,2279,2272,2148,2752,2744,2679,2767,2802,2777,2773,2751,2933,2905,2906,2854,2798,2707,2654,2634,2932,2917,2890,2847,2837,2818,2765,2777,2924,2880,2894,2870,2860,2812,2783,2802,2916,2893,2853,2856,2822,2834,2690,2791,2900,2887,2860,2855,2833,2817,2770,2799,2937,2917,2909,2859,2832,2789,2825,2808
TOF,2768,2699,2556,2388,2364,2287,2180,2010,2867,2721,2685,2727,2728,2730,2781,2556,2964,2904,2892,2871,2797,2692,2621,2587,2909,2917,2888,2865,2839,2817,2779,2789,2926,2910,2874,2841,2836,2825,2717,2793,2952,2869,2877,2840,2823,2824,2684,2780,2918,2886,2873,2849,2840,2778,2756,2790,2955,2894,2850,2844,2829,2788,2791,2777
TOF,2905,2834,2537,2364,2331,2318,2243,2064,2772,2763,2679,2686,2701,2645,2768,2556,2945,2920,2890,2870,2813,2697,2621,2640,2925,2897,2888,2871,2855,2838,2775,2775,2942,2905,2896,2874,2839,2828,2713,2765,2933,2894,2887,2848,2840,2811,2674,2810,2916,2894,2864,2867,2829,2804,2794,2801,2926,2908,2897,2861,2842,2812,2810,2829
TOF,2971,2649,2537,2458,2348,2303,2216,2064,2766,2764,2661,2753,2776,2816,2784,2443,2942,2927,2868,2871,2821,2657,2630,2628,2915,2930,2882,2866,2862,2840,2784,2779,2933,2893,2873,2856,2845,2798,2753,2792,2940,2906,2853,2858,2824,2819,2699,2797,2941,2892,2856,2833,2822,2814,2803,2802,2950,2880,2884,2847,2826,2781,2768,2786
TOF,2971,2893,2459,2409,2369,2269,2273,2027,2781,2706,2681,2655,2716,2802,2753,2452,2953,2909,2885,2840,2795,2695,2611,2625,2921,2891,2887,2856,2851,2853,2778,2784,2936,2915,2885,2850,2852,2827,2729,2796,2919,2887,2873,2860,2833,2805,2649,2788,2916,2902,2850,2843,2828,2822,2806,2797,2951,2884,2868,2841,2827,2805,2801,2787
TOF,2971,2893,2577,2377,2365,2308,2236,2184,2821,2779,2683,2695,2754,2669,2722,2353,2946,2901,2874,2864,2808,2736,2631,2654,2925,2895,2884,2877,2838,2833,2782,2766,2913,2910,2853,2846,2838,2831,2725,2810,2953,2909,2867,2843,2836,2820,2659,2810,2933,2890,2866,2857,2833,2793,2786,2781,2926,2912,2884,2844,2837,2813,2804,2806
TOF,2870,2893,2604,2380,2335,2311,2179,1998,2775,2747,2660,2712,2711,2785,2719,2644,2952,2914,2878,2867,2823,2731,2637,2597,2930,2885,2880,2866,2851,2808,2795,2774,2927,2904,2884,2852,2839,2817,2698,2789,2920,2911,2862,2861,2825,2813,2636,2778,2924,2874,2889,2857,2828,2823,2809,2801,2921,2897,2871,2853,2839,2809,2797,2791
TOF,2934,2893,2604,2420,2343,2285,2213,2176,2783,2708,2684,2633,2764,2793,2759,2389,2944,2917,2900,2864,2822,2713,2649,2625,2911,2928,2890,2874,2847,2845,2807,2781,2913,2886,2885,2838,2844,2840,2713,2781,2905,2908,2877,2860,2846,2823,2684,2796,2937,2891,2876,2832,2825,2799,2721,2784,2916,2910,2877,2838,2828,2793,2826,2813
TOF,2957,2503,2454,2366,2341,2279,2259,2143,2787,2739,2670,2714,2772,2777,2782,2389,2918,2909,2886,2871,2773,2696,2582,2592,2942,2901,2864,2863,2841,2834,2748,2777,2937,2885,2864,2858,2837,2832,2726,2801,2946,2862,2872,2871,2845,2818,2653,2770,2904,2891,2876,2858,2816,2806,2789,2798,2925,2912,2894,2841,2840,2787,2802,2822
TOF,2791,2763,2707,2424,2324,2327,2249,2013,2797,2711,2709,2686,2795,2774,2794,2535,2942,2919,2887,2849,2819,2665,2633,2612,2910,2906,2877,2874,2844,2803,2775,2775,2929,2894,2881,2864,2846,2814,2750,2805,2911,2883,2868,2844,2840,2819,2629,2769,2935,2907,2858,2851,2824,2799,2742,2794,2947,2894,2867,2858,2815,2802,2828,2775
TOF,2943,2856,2477,2430,2349,2293,2252,1996,2842,2749,2700,2692,2816,2787,2768,2669,2951,2913,2889,2861,2787,2711,2639,2598,2924,2907,2873,2880,2853,2846,2775,2785,2932,2893,2870,2850,2847,2821,2709,2789,2920,2900,2836,2852,2833,2808,2697,2774,2912,2909,2864,2857,2827,2812,2821,2799,2941,2896,2871,2846,2823,2789,2829,2817
TOF,2906,2896,2477,2424,2337,2293,2249,1973,2748,2764,2709,2712,2765,2822,2750,2669,2949,2902,2873,2845,2803,2651,2602,2649,2903,2911,2901,2853,2857,2827,2766,2769,2935,2894,2861,2861,2862,2844,2754,2801,2897,2909,2864,2857,2841,2801,2665,2778,2891,2910,2858,2853,2839,2804,2740,2809,2904,2900,2886,2870,2834,2780,2804,2799
TOF,2963,2896,2771,2371,2372,2309,2218,2117,2743,2762,2668,2671,2767,2784,2854,2669,2961,2894,2872,2856,2821,2732,2619,2601,2915,2901,2886,2881,2841,2804,2798,2788,2922,2916,2873,2868,2845,2812,2726,2806,2932,2909,2887,2855,2850,2833,2688,2813,2930,2904,2881,2878,2831,2809,2748,2794,2946,2873,2860,2870,2833,2776,2818,2798
TOF,2936,2866,2771,2370,2340,2273,2276,2098,2819,2748,2680,2667,2734,2809,2725,2319,2959,2900,2904,2874,2808,2642,2610,2654,2964,2925,2870,2869,2859,2812,2767,2801,2922,2892,2883,2864,2842,2821,2719,2793,2918,2864,2880,2854,2841,2802,2679,2803,2926,2902,2857,2854,2846,2793,2769,2782,2918,2906,2875,2870,2852,2808,2821,2774
TOF,2943,2866,2771,2469,2304,2303,2274,2016,2806,2723,2703,2670,2795,2763,2751,2487,2948,2939,2909,2889,2757,2677,2629,2593,2925,2909,2883,2878,2859,2817,2786,2771,2927,2909,2876,2858,2839,2826,2735,2803,2928,2889,2885,2836,2844,2828,2686,2787,2932,2891,2862,2852,2811,2793,2800,2777,2914,2872,2870,2847,2843,2798,2836,2788
TOF,2885,2866,2571,2393,2380,2294,2282,2068,2795,2742,2646,2668,2794,2783,2767,2758,2935,2905,2903,2874,2749,2697,2622,2604,2933,2893,2861,2846,2839,2828,2769,2775,2892,2889,2887,2857,2848,2811,2723,2803,2922,2878,2860,2862,2835,2767,2654,2781,2920,2879,2863,2841,2867,2787,2814,2794,2922,2910,2875,2855,2819,2790,2832,2799
TOF,2956,2866,2595,2407,2354,2294,2233,2068,2821,2717,2709,2663,2818,2809,2786,2368,2963,2894,2901,2875,2804,2705,2606,2647,2940,2903,2880,2867,2862,2835,2767,2765,2907,2917,2883,2869,2853,2833,2715,2782,2935,2908,2875,2851,2824,2835,2690,2791,2929,2889,2845,2863,2831,2800,2736,2786,2940,2893,2859,2862,2851,2814,2809,2787
TOF,2862,2866,2595,2375,2303,2258,2233,2194,2825,2721,2730,2737,2779,2806,2754,2323,2955,2915,2895,2862,2790,2672,2611,2617,2952,2913,2891,2878,2837,2840,2764,2778,2954,2922,2875,2862,2840,2819,2737,2775,2914,2868,2867,2848,2850,2843,2739,2787,2920,2899,2869,2863,2822,2799,2722,2787,2926,2873,2870,2852,2829,2806,2776,2826
TOF,2972,2866,2595,2354,2338,2306,2206,2098,2779,2747,2731,2756,2736,2825,2705,2430,2957,2928,2881,2865,2808,2690,2609,2644,2938,2922,2899,2860,2867,2834,2755,2774,2946,2899,2894,2885,2859,2832,2745,2786,2936,2875,2869,2857,2860,2823,2663,2753,2925,2866,2857,2859,2827,2812,2716,2808,2918,2883,2871,2856,2832,2801,2789,2792
TOF,2871,2790,2595,2388,2338,2299,2140,2098,2818,2721,2680,2754,2743,2784,2727,2430,2949,2915,2880,2849,2798,2707,2592,2639,2910,2902,2883,2887,2851,2828,2790,2791,2933,2903,2903,2866,2838,2821,2745,2778,2917,2884,2870,2869,2834,2813,2657,2801,2924,2894,2857,2860,2829,2820,2770,2773,2938,2896,2858,2842,2825,2817,2785,2816
TOF,2871,2790,2857,2367,2336,2325,2302,1993,2791,2722,2711,2673,2765,2821,2786,2739,2921,2913,2876,2858,2816,2720,2592,2614,2918,2897,2875,2839,2848,2829,2760,2800,2934,2891,2888,2861,2852,2842,2735,2818,2892,2881,2879,2854,2872,2805,2668,2801,2944,2879,2861,2840,2834,2806,2760,2781,2890,2882,2863,2862,2843,2792,2808,2777
TOF,2950,2790,2857,2390,2365,2293,2244,1999,2822,2760,2667,2668,2697,2764,2746,2331,2920,2920,2883,2850,2804,2691,2674,2569,2914,2876,2898,2858,2839,2826,2801,2798,2912,2910,2865,2842,2851,2829,2730,2793,2924,2911,2878,2857,2822,2834,2659,2785,2915,2882,2878,2827,2820,2814,2794,2777,2928,2904,2880,2844,2808,2779,2796,2792
TOF,2950,2790,2476,2355,2355,2307,2236,2191,2799,2765,2688,2684,2772,2779,2828,2334,2978,2889,2912,2873,2828,2721,2654,2617,2936,2896,2872,2865,2851,2827,2752,2780,2917,2903,2881,2849,2823,2818,2765,2774,2920,2875,2873,2868,2828,2831,2676,2767,2927,2899,2859,2847,2849,2800,2811,2796,2921,2897,2889,2858,2832,2812,2826,2809
TOF,2689,2823,2476,2383,2381,2319,2257,2048,2828,2773,2693,2729,2800,2781,2683,2736,2952,2894,2889,2885,2822,2716,2609,2584,2908,2901,2874,2879,2860,2831,2750,2787,2932,2917,2875,2860,2852,2826,2753,2769,2916,2909,2887,2854,2849,2801,2708,2776,2940,2916,2857,2847,2827,2820,2749,2796,2938,2893,2871,2868,2843,2803,2816,2799
TOF,2887,2849,2441,2412,2341,2298,2199,2088,2809,2692,2681,2719,2717,2832,2805,2790,2978,2908,2881,2852,2796,2693,2631,2573,2948,2907,2890,2868,2842,2829,2757,2754,2937,2894,2881,2873,2840,2827,2736,2795,2922,2887,2854,2863,2834,2832,2638,2761,2906,2902,2862,2847,2832,2802,2828,2788,2979,2884,2881,2821,2831,2813,2799,2815
TOF,2932,2782,2614,2417,2360,2308,2284,2118,2813,2775,2690,2677,2789,2737,2745,2790,2963,2924,2873,2848,2811,2757,2629,2614,2904,2913,2880,2864,2847,2811,2761,2790,2930,2914,2883,2859,2864,2827,2719,2809,2913,2876,2850,2846,2826,2831,2678,2784,2915,2906,2868,2842,2822,2799,2789,2798,2940,2903,2877,2848,2824,2789,2834,2797
TOF,2808,2806,2807,2368,2361,2302,2158,2024,2802,2727,2719,2715,2717,2717,2742,2358,2973,2922,2871,2850,2801,2722,2587,2617,2935,2904,2879,2877,2857,2838,2770,2777,2955,2886,2871,2859,2846,2818,2728,2789,2926,2928,2877,2860,2843,2833,2680,2796,2899,2903,2863,2843,2802,2807,2825,2772,2929,2912,2894,2871,2814,2783,2850,2797
TOF,2874,2724,2835,2369,2321,2279,2168,2015,2765,2730,2721,2753,2737,2741,2751,2358,2950,2900,2882,2847,2791,2682,2616,2618,2967,2919,2877,2875,2840,2848,2781,2796,2943,2893,2863,2870,2844,2829,2776,2769,2945,2911,2879,2843,2854,2806,2644,2799,2921,2900,2855,2847,2816,2818,2797,2767,2922,2896,2879,2830,2810,2790,2816,2825
TOF,2804,2881,2430,2365,2327,2294,2251,2015,2771,2736,2634,2697,2753,2806,2741,2340,2925,2915,2894,2846,2818,2724,2651,2681,2929,2886,2881,2870,2844,2813,2784,2776,2939,2916,2867,2866,2839,2820,2749,2779,2932,2885,2883,2847,2861,2824,2698,2809,2913,2885,2873,2849,2835,2799,2808,2816,2927,2905,2867,2859,2822,2810,2800,2800
TOF,2905,2881,2402,2473,2332,2334,2204,1998,2754,2715,2690,2741,2798,2794,2766,2340,2971,2918,2877,2862,2773,2703,2616,2605,2935,2908,2896,2869,2860,2845,2755,2763,2923,2875,2871,2884,2841,2812,2763,2813,2937,2868,2879,2847,2849,2803,2632,2788,2941,2897,2868,2856,2843,2794,2789,2794,2937,2911,2877,2851,2810,2779,2808,2807
TOF,2932,2884,2469,2477,2346,2296,2246,2135,2799,2704,2675,2685,2895,2783,2703,2340,2983,2902,2879,2874,2822,2732,2587,2644,2948,2894,2891,2873,2847,2829,2789,2797,2909,2899,2851,2870,2861,2827,2727,2776,2919,2886,2863,2842,2816,2831,2616,2788,2941,2917,2859,2852,2830,2809,2782,2786,2917,2901,2885,2848,2823,2797,2805,2770
TOF,2837,2884,2556,2375,2373,2325,2246,1973,2792,2734,2680,2729,2731,2765,2772,2340,2951,2906,2893,2837,2831,2738,2628,2649,2933,2927,2867,2861,2850,2859,2772,2802,2920,2890,2860,2866,2843,2827,2737,2781,2915,2872,2860,2853,2820,2826,2634,2793,2917,2899,2890,2834,2828,2776,2746,2801,2946,2900,2877,2853,2819,2764,2778,2813
TOF,2924,2444,2561,2431,2348,2279,2187,1973,2776,2708,2656,2766,2700,2777,2758,2342,2968,2927,2899,2839,2841,2687,2608,2627,2962,2905,2872,2860,2862,2815,2784,2795,2925,2924,2877,2867,2847,2839,2763,2798,2937,2904,2871,2850,2831,2793,2620,2778,2906,2879,2880,2860,2829,2806,2809,2762,2960,2906,2867,2874,2819,2786,2800,2788
TOF,2987,2899,2704,2389,2338,2294,2249,1973,2776,2744,2655,2787,2732,2765,2772,2509,2967,2907,2873,2873,2783,2690,2612,2631,2934,2914,2885,2871,2874,2799,2789,2772,2916,2916,2891,2879,2829,2826,2731,2806,2932,2877,2868,2837,2852,2817,2700,2774,2892,2862,2871,2853,2835,2816,2836,2792,2939,2889,2880,2858,2831,2806,2760,2792
TOF,2966,2881,2686,2461,2363,2328,2299,1973,2804,2762,2703,2720,2733,2831,2742,2509,2945,2904,2894,2865,2778,2716,2635,2641,2930,2902,2883,2847,2844,2842,2746,2783,2934,2902,2867,2839,2845,2836,2748,2806,2931,2871,2863,2852,2816,2810,2657,2799,2893,2885,2863,2835,2840,2820,2784,2807,2919,2915,2887,2856,2838,2769,2822,2792
TOF,2969,2888,2686,2463,2355,2283,2259,1973,2845,2710,2661,2757,2780,2809,2797,2509,2951,2913,2905,2854,2804,2660,2637,2593,2957,2911,2888,2867,2838,2846,2772,2795,2921,2883,2865,2855,2858,2815,2738,2790,2930,2904,2865,2832,2846,2809,2679,2786,2934,2878,2866,2855,2839,2788,2774,2816,2930,2906,2883,2874,2840,2811,2807,2776
TOF,2825,2825,2615,2386,2371,2328,2230,1973,2856,2730,2707,2678,2750,2754,2775,2509,2948,2936,2868,2868,2843,2736,2620,2606,2917,2895,2896,2872,2834,2838,2769,2791,2919,2906,2891,2879,2822,2825,2740,2800,2911,2884,2867,2842,2835,2804,2693,2802,2903,2898,2870,2833,2826,2813,2794,2789,2913,2898,2856,2850,2826,2808,2778,2788
TOF,2825,2825,2386,2378,2372,2290,2232,2069,2821,2736,2746,2721,2855,2718,2798,2509,2955,2907,2893,2853,2783,2658,2663,2587,2939,2902,2880,2859,2845,2816,2787,2782,2932,2918,2869,2871,2828,2810,2683,2768,2938,2897,2867,2853,2832,2792,2661,2760,2931,2873,2858,2834,2825,2790,2772,2784,2916,2893,2846,2837,2852,2791,2770,2822
TOF,2857,2902,2386,2400,2335,2313,2209,2203,2792,2746,2729,2686,2742,2772,2728,2846,2931,2928,2901,2853,2798,2741,2578,2604,2938,2899,2891,2861,2842,2842,2782,2785,2917,2886,2876,2863,2839,2827,2724,2787,2929,2876,2866,2843,2859,2811,2605,2793,2922,2885,2892,2850,2824,2801,2756,2783,2949,2930,2871,2840,2823,2803,2823,2821
TOF,2968,2902,2386,2386,2343,2292,2164,2064,2719,2768,2685,2695,2771,2721,2761,2353,2946,2917,2882,2852,2794,2737,2608,2639,2921,2903,2898,2862,2860,2822,2785,2795,2932,2896,2878,2865,2840,2827,2727,2779,2915,2904,2882,2857,2834,2807,2680,2799,2908,2904,2871,2853,2825,2824,2763,2797,2923,2892,2847,2828,2814,2781,2797,2813
TOF,2967,2766,2386,2389,2352,2317,2230,2064,2851,2736,2663,2748,2710,2741,2808,2533,2956,2923,2909,2873,2812,2727,2622,2588,2920,2898,2886,2872,2838,2813,2771,2763,2951,2913,2884,2866,2839,2812,2729,2788,2936,2890,2869,2844,2823,2803,2637,2793,2925,2886,2863,2859,2836,2815,2754,2802,2945,2899,2861,2860,2823,2813,2806,2796
TOF,2901,2861,2622,2389,2341,2275,2270,2043,2779,2721,2681,2690,2780,2827,2725,2377,2949,2918,2876,2851,2811,2706,2639,2574,2916,2911,2862,2851,2857,2828,2758,2788,2903,2906,2883,2852,2849,2832,2717,2807,2916,2884,2851,2854,2839,2809,2655,2801,2903,2893,2871,2858,2835,2816,2765,2798,2922,2885,2877,2832,2843,2785,2782,2807
TOF,2928,2861,2518,2380,2378,2295,2252,2217,2771,2804,2710,2716,2827,2729,2797,2377,2978,2904,2871,2856,2811,2710,2597,2560,2927,2904,2892,2870,2847,2828,2785,2774,2919,2917,2870,2850,2823,2830,2721,2813,2928,2903,2883,2867,2841,2820,2672,2774,2930,2901,2863,2861,2827,2808,2742,2782,2956,2906,2888,2843,2820,2798,2810,2821
TOF,2882,2897,2518,2392,2372,2275,2216,2217,2774,2728,2672,2678,2669,2782,2763,2377,2949,2925,2899,2884,2806,2717,2613,2578,2954,2908,2863,2865,2853,2812,2779,2796,2930,2879,2895,2878,2845,2826,2769,2795,2873,2868,2853,2855,2834,2834,2717,2790,2942,2899,2875,2861,2826,2834,2722,2811,2932,2892,2874,2849,2824,2784,2800,2798
TOF,2882,2919,2782,2430,2328,2317,2234,2123,2814,2771,2678,2736,2696,2789,2720,2377,2951,2905,2880,2879,2795,2731,2617,2574,2962,2919,2877,2861,2852,2834,2791,2758,2951,2881,2888,2868,2833,2809,2732,2815,2930,2869,2875,2868,2827,2811,2658,2796,2917,2887,2868,2831,2840,2809,2778,2783,2921,2909,2884,2854,2831,2790,2782,2798
TOF,2882,2741,2782,2426,2317,2304,2218,2076,2796,2730,2657,2786,2736,2750,2785,2377,2949,2889,2884,2866,2816,2711,2637,2621,2927,2888,2886,2850,2848,2826,2789,2777,2903,2884,2879,2873,2850,2822,2735,2803,2954,2903,2853,2839,2832,2832,2692,2773,2904,2890,2856,2843,2833,2798,2779,2773,2924,2895,2878,2851,2832,2790,2816,2815
TOF,2854,2740,2746,2404,2349,2284,2280,2076,2817,2757,2683,2719,2745,2784,2754,2449,2933,2939,2883,2851,2784,2696,2590,2634,2935,2906,2872,2872,2859,2834,2778,2793,2938,2890,2875,2878,2849,2829,2713,2811,2887,2879,2864,2868,2841,2814,2647,2801,2900,2891,2859,2839,2827,2826,2762,2782,2963,2901,2873,2844,2836,2807,2800,2824
TOF,2854,2867,2746,2411,2372,2319,2229,2076,2819,2781,2648,2662,2736,2761,2754,2383,2965,2914,2906,2858,2798,2745,2647,2618,2913,2907,2881,2869,2860,2850,2771,2784,2938,2889,2877,2847,2840,2813,2711,2785,2888,2876,2865,2855,2839,2829,2704,2788,2951,2871,2861,2868,2829,2796,2758,2820,2914,2908,2865,2850,2808,2771,2806,2794
TOF,2760,2713,2746,2409,2346,2319,2256,2025,2739,2725,2689,2685,2741,2777,2791,2787,2935,2907,2900,2839,2770,2700,2615,2590,2967,2888,2871,2858,2856,2835,2784,2779,2913,2903,2883,2847,2845,2839,2732,2780,2917,2909,2887,2867,2840,2834,2670,2775,2913,2880,2862,2831,2837,2818,2812,2782,2953,2900,2875,2853,2832,2771,2824,2789
TOF,2760,2887,2478,2398,2335,2308,2194,2057,2847,2695,2721,2718,2713,2834,2842,2343,2966,2909,2877,2841,2832,2744,2612,2600,2934,2902,2889,2869,2847,2832,2772,2801,2909,2892,2872,2857,2847,2817,2742,2789,2915,2908,2871,2866,2820,2818,2650,2789,2912,2887,2851,2865,2845,2809,2807,2783,2920,2876,2880,2859,2855,2794,2823,2788
TOF,2844,2883,2413,2439,2333,2299,2232,2136,2839,2725,2700,2686,2760,2763,2782,2337,2963,2905,2895,2863,2777,2695,2628,2611,2921,2900,2885,2879,2855,2832,2794,2774,2942,2900,2876,2851,2828,2833,2717,2776,2888,2896,2874,2860,2866,2850,2669,2778,2923,2900,2890,2840,2847,2809,2806,2809,2916,2930,2879,2860,2835,2793,2780,2804
TOF,2838,2883,2440,2375,2359,2326,2250,2136,2759,2723,2685,2707,2747,2804,2838,2506,2929,2912,2883,2852,2774,2663,2627,2616,2935,2885,2886,2876,2860,2810,2780,2768,2907,2901,2878,2841,2860,2829,2745,2784,2885,2865,2866,2855,2798,2811,2649,2783,2915,2893,2870,2856,2817,2786,2810,2799,2924,2888,2880,2840,2846,2787,2783,2798
TOF,2908,2883,2452,2373,2335,2279,2264,2035,2766,2692,2723,2693,2753,2758,2783,2437,2944,2921,2905,2879,2792,2697,2644,2636,2932,2895,2881,2861,2841,2820,2778,2777,2916,2896,2877,2842,2842,2818,2725,2805,2931,2902,2878,2842,2843,2805,2690,2797,2905,2901,2862,2855,2832,2812,2774,2809,2931,2902,2875,2874,2826,2787,2785,2803
TOF,2835,2908,2566,2430,2356,2279,2275,1962,2852,2747,2662,2740,2794,2753,2831,2629,2949,2912,2896,2855,2822,2737,2690,2610,2945,2889,2892,2874,2842,2838,2798,2794,2936,2899,2871,2882,2830,2820,2700,2784,2916,2904,2884,2843,2853,2838,2635,2768,2912,2872,2870,2850,2834,2793,2741,2809,2937,2886,2865,2841,2845,2796,2813,2766
TOF,2743,2908,2566,2396,2357,2293,2255,2195,2833,2749,2693,2721,2725,2807,2760,2629,2963,2909,2881,2859,2813,2728,2621,2607,2914,2920,2885,2881,2841,2825,2779,2793,2919,2887,2884,2869,2839,2831,2764,2797,2905,2894,2895,2864,2856,2834,2678,2777,2910,2912,2856,2848,2814,2800,2789,2808,2926,2919,2886,2844,2843,2781,2846,2786
TOF,2867,2908,2492,2409,2365,2292,2286,1998,2803,2693,2668,2714,2757,2782,2753,2306,2942,2894,2886,2856,2839,2722,2594,2570,2963,2888,2887,2877,2843,2824,2802,2797,2905,2910,2870,2865,2839,2829,2718,2787,2910,2861,2840,2844,2862,2821,2657,2762,2926,2874,2876,2823,2821,2823,2789,2810,2931,2912,2869,2875,2848,2805,2823,2821
TOF,2867,2908,2492,2436,2367,2321,2232,2020,2806,2725,2733,2689,2777,2778,2768,2553,2953,2908,2879,2872,2770,2711,2589,2643,2940,2917,2876,2874,2863,2832,2753,2790,2914,2915,2882,2885,2851,2818,2700,2788,2914,2907,2887,2848,2822,2831,2673,2797,2934,2885,2860,2857,2857,2801,2745,2775,2933,2920,2886,2874,2829,2786,2825,2831
TOF,2938,2742,2722,2438,2333,2343,2289,1913,2769,2724,2679,2643,2724,2780,2779,2619,2928,2899,2895,2874,2783,2691,2628,2602,2922,2916,2873,2869,2840,2838,2792,2775,2905,2882,2884,2873,2832,2826,2708,2795,2915,2913,2867,2842,2850,2833,2685,2779,2925,2890,2849,2834,2837,2806,2782,2792,2953,2906,2885,2850,2812,2766,2819,2775
TOF,2886,2742,2489,2423,2344,2317,2254,2023,2808,2719,2695,2726,2704,2813,2795,2350,2921,2899,2897,2855,2799,2704,2621,2581,2928,2891,2888,2864,2855,2836,2760,2798,2930,2882,2848,2851,2847,2827,2751,2769,2908,2885,2882,2833,2849,2824,2682,2786,2941,2886,2875,2864,2818,2799,2771,2779,2908,2891,2884,2845,2828,2793,2780,2794
TOF,2890,2889,2489,2386,2346,2276,2276,2127,2807,2735,2655,2716,2781,2815,2747,2350,2925,2935,2879,2862,2804,2725,2634,2625,2903,2908,2887,2865,2852,2794,2788,2797,2922,2904,2883,2862,2838,2819,2735,2792,2899,2877,2860,2846,2839,2828,2663,2790,2920,2901,2867,2844,2803,2800,2800,2789,2922,2893,2900,2858,2828,2775,2833,2792
TOF,2909,2580,2501,2313,2375,2276,2298,2098,2813,2702,2682,2686,2724,2793,2722,2470,2946,2898,2891,2850,2789,2674,2660,2619,2912,2913,2873,2873,2869,2848,2777,2755,2959,2863,2879,2850,2831,2820,2722,2803,2904,2906,2856,2858,2803,2793,2653,2791,2906,2896,2867,2858,2857,2803,2784,2799,2923,2881,2855,2868,2834,2809,2812,2808
TOF,2920,2779,2501,2348,2336,2308,2294,2243,2773,2734,2720,2715,2776,2787,2801,2561,2956,2929,2856,2853,2824,2688,2647,2593,2921,2906,2888,2875,2853,2825,2778,2799,2916,2886,2880,2874,2859,2821,2749,2814,2923,2888,2872,2864,2844,2815,2677,2792,2915,2877,2866,2831,2835,2824,2774,2799,2946,2902,2874,2847,2821,2774,2851,2784
TOF,2930,2779,2509,2448,2368,2352,2173,2124,2767,2712,2717,2719,2785,2780,2734,2383,2959,2903,2899,2858,2838,2722,2608,2590,2924,2889,2882,2857,2852,2817,2777,2791,2937,2917,2864,2877,2876,2836,2708,2804,2938,2910,2867,2834,2825,2825,2707,2766,2904,2874,2876,2846,2829,2815,2766,2791,2955,2897,2871,2835,2840,2803,2816,2798
TOF,2899,2875,2509,2467,2353,2304,2260,2090,2783,2721,2717,2712,2707,2806,2814,2359,2973,2917,2880,2874,2764,2696,2638,2592,2921,2921,2872,2883,2877,2799,2758,2768,2933,2907,2880,2866,2863,2828,2707,2805,2949,2870,2882,2850,2834,2816,2753,2799,2934,2888,2867,2852,2827,2820,2782,2765,2934,2894,2851,2851,2825,2790,2827,2780
TOF,2874,2875,2438,2397,2341,2309,2241,1981,2804,2723,2672,2728,2759,2750,2776,2471,2954,2921,2889,2867,2818,2739,2609,2624,2945,2909,2884,2868,2846,2829,2746,2787,2934,2921,2882,2848,2838,2824,2729,2833,2899,2904,2881,2837,2821,2816,2686,2786,2912,2907,2868,2858,2847,2799,2816,2775,2905,2907,2862,2834,2832,2801,2796,2824
TOF,2769,2613,2438,2385,2348,2326,2226,2043,2754,2707,2706,2713,2781,2790,2787,2381,2943,2908,2864,2859,2816,2728,2579,2658,2934,2898,2859,2881,2835,2854,2776,2769,2932,2894,2895,2851,2842,2826,2768,2780,2928,2906,2866,2857,2814,2832,2665,2777,2920,2888,2871,2838,2823,2814,2776,2793,2904,2917,2903,2866,2819,2806,2843,2801
TOF,2913,2613,2509,2369,2367,2324,2264,2043,2802,2783,2708,2707,2743,2799,2800,2381,2940,2889,2897,2857,2789,2707,2632,2619,2933,2899,2886,2875,2855,2825,2779,2784,2938,2901,2883,2846,2835,2815,2734,2777,2936,2890,2878,2872,2839,2810,2648,2777,2910,2904,2865,2856,2823,2797,2789,2790,2948,2876,2871,2865,2852,2784,2803,2792
TOF,2977,2613,2574,2442,2350,2346,2246,2043,2828,2827,2714,2707,2741,2849,2791,2458,2909,2910,2905,2864,2797,2755,2596,2689,2937,2907,2886,2853,2848,2834,2762,2763,2953,2895,2868,2866,2840,2801,2728,2777,2945,2901,2896,2855,2848,2808,2674,2787,2919,2906,2867,2837,2827,2810,2708,2789,2933,2912,2890,2883,2819,2809,2809,2787
TOF,2977,2613,2835,2382,2364,2297,2234,2070,2832,2719,2724,2659,2722,2800,2789,2458,2941,2900,2893,2839,2815,2695,2637,2576,2950,2910,2874,2847,2822,2830,2814,2745,2901,2901,2888,2857,2846,2830,2724,2775,2941,2870,2879,2859,2834,2813,2663,2796,2911,2889,2880,2848,2845,2800,2801,2785,2944,2897,2878,2835,2834,2783,2801,2782
TOF,2912,2613,2835,2407,2386,2293,2281,2070,2796,2771,2697,2666,2770,2822,2780,2440,2963,2901,2883,2869,2820,2666,2618,2549,2931,2919,2857,2862,2849,2835,2769,2786,2920,2901,2882,2869,2854,2826,2739,2794,2913,2897,2866,2839,2850,2833,2703,2794,2944,2891,2861,2829,2832,2826,2763,2772,2958,2912,2897,2860,2848,2805,2820,2803
TOF,2724,2479,2835,2407,2392,2279,2243,2143,2757,2735,2680,2625,2762,2775,2785,2447,2939,2918,2871,2863,2797,2696,2628,2598,2927,2914,2892,2874,2841,2816,2784,2780,2912,2916,2881,2862,2836,2818,2742,2821,2912,2896,2876,2872,2850,2789,2672,2787,2901,2879,2878,2852,2823,2809,2703,2775,2951,2902,2859,2841,2851,2832,2812,2784
TOF,2902,2884,2835,2433,2360,2266,2270,2143,2787,2732,2699,2642,2731,2776,2751,2356,2934,2932,2888,2866,2808,2738,2682,2605,2915,2910,2881,2872,2847,2827,2782,2799,2894,2913,2879,2873,2852,2827,2744,2787,2950,2891,2859,2867,2861,2791,2722,2771,2929,2883,2873,2849,2831,2810,2819,2804,2976,2916,2876,2827,2846,2813,2815,2804
TOF,2830,2830,2802,2370,2344,2289,2238,2153,2818,2771,2689,2664,2715,2798,2765,2387,2947,2908,2903,2874,2864,2699,2602,2648,2941,2891,2895,2890,2842,2834,2776,2783,2930,2895,2860,2861,2857,2815,2730,2782,2931,2892,2853,2847,2816,2831,2655,2765,2916,2876,2861,2857,2845,2803,2792,2765,2936,2864,2901,2862,2857,2788,2826,2817
TOF,2832,2830,2419,2445,2380,2301,2208,2081,2783,2711,2673,2724,2760,2798,2738,2400,2951,2894,2876,2870,2779,2671,2652,2611,2931,2908,2899,2876,2846,2840,2785,2788,2941,2916,2889,2860,2841,2839,2723,2771,2869,2902,2872,2853,2855,2813,2663,2779,2898,2886,2854,2839,2806,2816,2791,2796,2903,2877,2873,2868,2827,2794,2804,2809
TOF,2832,2865,2451,2512,2329,2303,2228,2113,2787,2738,2749,2709,2698,2763,2757,2400,2940,2925,2899,2871,2768,2728,2646,2620,2925,2908,2872,2873,2846,2831,2777,2775,2932,2909,2876,2875,2838,2831,2767,2807,2921,2902,2888,2866,2837,2819,2619,2786,2912,2885,2872,2842,2836,2822,2749,2794,2919,2890,2863,2836,2821,2794,2810,2798
TOF,2819,2769,2471,2372,2332,2304,2286,2192,2762,2749,2662,2717,2701,2812,2751,2373,2911,2899,2889,2862,2789,2745,2629,2629,2936,2914,2865,2872,2852,2821,2778,2779,2926,2929,2886,2863,2829,2824,2740,2800,2941,2915,2875,2864,2861,2811,2668,2792,2910,2883,2861,2848,2843,2793,2796,2795,2907,2895,2864,2850,2820,2801,2815,2801
TOF,2819,2769,2474,2406,2356,2288,2283,2192,2732,2775,2705,2706,2781,2744,2821,2329,2953,2917,2890,2853,2784,2748,2624,2589,2946,2894,2893,2882,2852,2830,2772,2775,2958,2895,2868,2862,2838,2840,2734,2788,2924,2877,2863,2856,2826,2804,2635,2794,2902,2900,2874,2872,2829,2828,2802,2771,2914,2905,2876,2851,2797,2797,2796,2800
TOF,2907,2863,2461,2454,2338,2326,2156,2128,2821,2698,2730,2659,2772,2814,2828,2361,2949,2917,2895,2851,2776,2723,2596,2571,2942,2905,2881,2865,2884,2822,2780,2753,2929,2906,2860,2870,2856,2834,2780,2820,2931,2871,2886,2845,2848,2816,2700,2794,2900,2896,2836,2849,2826,2796,2783,2766,2897,2882,2901,2857,2834,2797,2814,2802
TOF,2717,2735,2461,2383,2373,2309,2245,2046,2848,2733,2696,2748,2768,2753,2823,2562,2912,2906,2876,2873,2810,2688,2618,2611,2924,2910,2872,2860,2852,2811,2780,2768,2954,2899,2863,2860,2836,2843,2742,2810,2916,2894,2869,2846,2823,2804,2650,2780,2928,2901,2872,2838,2835,2809,2750,2778,2925,2906,2871,2864,2837,2789,2810,2782
TOF,2935,2557,2874,2384,2322,2266,2294,2174,2814,2706,2701,2774,2842,2819,2738,2412,2946,2904,2882,2843,2794,2734,2616,2611,2937,2889,2898,2887,2852,2831,2784,2789,2935,2926,2864,2890,2839,2811,2742,2805,2936,2899,2867,2855,2820,2843,2716,2789,2892,2891,2869,2846,2822,2806,2792,2786,2927,2896,2864,2860,2839,2762,2823,2788
TOF,2832,2612,2775,2420,2359,2305,2230,2001,2805,2710,2677,2767,2723,2815,2805,2412,2930,2916,2895,2852,2814,2739,2648,2577,2927,2904,2880,2901,2859,2813,2784,2765,2906,2888,2896,2872,2863,2841,2752,2813,2918,2925,2872,2848,2851,2823,2683,2796,2901,2888,2860,2829,2811,2805,2834,2759,2931,2919,2880,2851,2833,2795,2805,2815
TOF,2878,2612,2775,2433,2342,2261,2217,2097,2764,2753,2657,2679,2767,2790,2738,2412,2974,2909,2886,2856,2804,2717,2676,2603,2952,2909,2865,2885,2845,2811,2760,2786,2917,2895,2880,2860,2848,2831,2745,2807,2905,2887,2886,2864,2835,2823,2681,2793,2907,2861,2859,2847,2828,2805,2804,2781,2926,2907,2873,2864,2824,2794,2777,2794
TOF,2816,2903,2416,2380,2386,2299,2227,2155,2759,2723,2692,2666,2706,2769,2791,2632,2954,2903,2882,2871,2795,2717,2597,2643,2983,2903,2876,2880,2865,2851,2792,2777,2920,2872,2856,2879,2837,2817,2738,2805,2919,2908,2855,2854,2841,2829,2679,2789,2913,2914,2857,2850,2805,2806,2830,2775,2926,2878,2874,2849,2844,2797,2811,2815
TOF,2828,2873,2425,2381,2350,2313,2214,2181,2802,2717,2684,2732,2724,2795,2753,2632,2944,2913,2896,2875,2772,2674,2617,2627,2898,2922,2877,2875,2849,2816,2760,2774,2929,2909,2867,2859,2838,2826,2748,2787,2915,2895,2853,2857,2842,2813,2693,2785,2898,2888,2860,2862,2821,2802,2758,2787,2929,2900,2855,2850,2845,2789,2831,2823
TOF,2926,2873,2639,2367,2339,2314,2300,2001,2807,2717,2670,2729,2722,2759,2772,2342,2929,2928,2885,2866,2791,2729,2633,2597,2898,2905,2884,2873,2853,2844,2762,2779,2928,2905,2882,2862,2837,2836,2747,2802,2939,2885,2875,2867,2832,2814,2700,2802,2904,2903,2832,2855,2841,2799,2803,2789,2904,2934,2875,2831,2834,2785,2814,2837
TOF,2925,2873,2497,2420,2370,2291,2193,2001,2841,2703,2716,2708,2726,2781,2811,2303,2951,2911,2869,2854,2805,2707,2620,2620,2923,2902,2877,2864,2851,2806,2792,2773,2898,2897,2873,2843,2842,2821,2680,2775,2899,2881,2826,2859,2819,2819,2683,2780,2909,2891,2864,2853,2860,2771,2831,2803,2917,2898,2856,2847,2824,2784,2833,2798
TOF,2925,2563,2513,2392,2356,2315,2250,2370,2832,2774,2653,2703,2725,2815,2784,2492,2949,2895,2902,2872,2808,2747,2606,2584,2931,2894,2887,2873,2854,2823,2785,2788,2939,2884,2863,2865,2844,2821,2746,2788,2932,2893,2879,2861,2829,2816,2693,2755,2906,2886,2878,2853,2825,2825,2742,2790,2917,2866,2879,2823,2818,2805,2825,2799
TOF,2925,2504,2513,2381,2394,2253,2219,2140,2848,2793,2667,2689,2708,2736,2745,2719,2932,2918,2887,2890,2783,2720,2631,2594,2932,2890,2890,2882,2852,2821,2738,2778,2937,2903,2853,2876,2830,2834,2769,2776,2894,2870,2861,2873,2833,2839,2664,2771,2910,2918,2866,2813,2831,2813,2779,2791,2901,2876,2877,2824,2828,2778,2796,2782
TOF,2934,2837,2426,2418,2340,2324,2297,2104,2798,2741,2658,2745,2694,2740,2750,2302,2957,2911,2894,2880,2824,2706,2621,2585,2948,2910,2878,2856,2857,2836,2763,2803,2950,2894,2890,2857,2839,2819,2740,2780,2916,2884,2883,2851,2847,2827,2661,2791,2926,2881,2856,2848,2819,2799,2727,2800,2906,2895,2884,2829,2812,2803,2815,2796
TOF,2890,2528,2528,2383,2360,2264,2247,2104,2768,2708,2670,2722,2732,2807,2764,2751,2944,2906,2894,2854,2810,2726,2619,2592,2928,2917,2880,2875,2842,2837,2800,2773,2909,2898,2867,2850,2836,2807,2742,2800,2935,2867,2857,2849,2821,2817,2584,2781,2899,2888,2859,2839,2830,2788,2767,2770,2947,2867,2906,2847,2828,2803,2823,2802
TOF,2919,2662,2730,2469,2316,2278,2246,2149,2804,2706,2723,2736,2767,2811,2732,2371,2928,2915,2901,2854,2795,2727,2633,2649,2941,2912,2891,2865,2838,2846,2769,2780,2904,2892,2887,2863,2831,2827,2715,2793,2907,2892,2871,2841,2832,2818,2678,2793,2933,2891,2853,2857,2833,2794,2700,2771,2951,2866,2880,2840,2830,2790,2795,2762
TOF,2865,2552,2537,2388,2346,2327,2255,2010,2829,2733,2672,2703,2800,2779,2756,2371,2921,2899,2888,2869,2784,2699,2617,2629,2948,2919,2864,2861,2825,2840,2748,2773,2930,2899,2900,2863,2840,2819,2716,2780,2928,2911,2861,2858,2837,2822,2648,2772,2936,2881,2865,2851,2844,2799,2606,2760,2928,2877,2870,2854,2833,2783,2768,2811
TOF,2919,2905,2469,2433,2362,2317,2261,2029,2802,2732,2673,2741,2684,2753,2794,2382,2941,2912,2886,2868,2809,2700,2649,2575,2938,2887,2882,2864,2848,2844,2763,2772,2945,2880,2883,2865,2846,2829,2745,2769,2928,2891,2870,2859,2855,2832,2645,2789,2897,2893,2887,2839,2841,2816,2770,2806,2968,2900,2891,2851,2845,2807,2827,2782
TOF,2959,2906,2454,2393,2360,2245,2261,2029,2873,2715,2726,2696,2696,2826,2775,2412,2969,2919,2881,2851,2784,2724,2638,2609,2920,2912,2883,2871,2846,2836,2810,2774,2910,2905,2876,2858,2841,2833,2775,2803,2931,2905,2854,2869,2848,2832,2640,2755,2915,2880,2868,2854,2833,2799,2730,2798,2941,2889,2875,2846,2823,2811,2827,2795
TOF,2873,2868,2429,2360,2327,2290,2266,1910,2811,2756,2651,2727,2749,2769,2743,2412,2935,2908,2892,2866,2830,2735,2630,2612,2928,2924,2895,2869,2847,2837,2769,2760,2919,2903,2883,2870,2855,2825,2737,2763,2918,2883,2853,2858,2839,2827,2661,2771,2908,2916,2849,2847,2837,2812,2822,2795,2911,2875,2867,2845,2825,2792,2817,2784
TOF,2907,2868,2412,2442,2324,2292,2227,2087,2819,2753,2705,2657,2750,2742,2810,2413,2964,2905,2878,2856,2784,2698,2592,2613,2932,2895,2863,2864,2844,2835,2757,2776,2951,2904,2882,2868,2852,2832,2715,2796,2920,2882,2860,2836,2838,2832,2681,2799,2898,2910,2873,2844,2824,2793,2785,2767,2954,2906,2867,2856,2812,2808,2802,2818
TOF,3017,2868,2810,2398,2340,2312,2252,2165,2814,2736,2712,2750,2736,2756,2785,2390,2949,2918,2889,2870,2784,2712,2637,2632,2934,2916,2888,2894,2844,2838,2729,2769,2929,2922,2878,2867,2849,2830,2739,2796,2908,2913,2871,2869,2825,2811,2626,2793,2891,2872,2866,2846,2835,2814,2753,2788,2932,2886,2883,2840,2834,2801,2819,2802
TOF,2680,2620,2810,2410,2342,2305,2193,2128,2732,2748,2717,2693,2773,2779,2761,2390,2904,2919,2880,2850,2795,2769,2609,2649,2932,2890,2872,2881,2854,2837,2777,2806,2935,2910,2868,2864,2842,2813,2722,2795,2907,2886,2868,2859,2822,2820,2675,2772,2904,2919,2880,2848,2853,2824,2755,2772,2914,2899,2865,2855,2816,2799,2812,2808
TOF,2581,2620,2566,2397,2382,2313,2237,2237,2797,2707,2686,2682,2715,2757,2748,2410,2949,2895,2874,2855,2786,2721,2583,2651,2946,2903,2903,2883,2860,2811,2821,2758,2931,2917,2884,2861,2823,2820,2718,2801,2945,2901,2849,2856,2819,2816,2659,2779,2934,2889,2857,2846,2835,2804,2776,2775,2905,2890,2876,2847,2836,2814,2784,2849
TOF,2825,2620,2473,2392,2347,2285,2244,2015,2783,2752,2696,2655,2767,2745,2753,2410,2962,2910,2922,2852,2797,2719,2623,2585,2912,2903,2895,2876,2852,2816,2780,2760,2937,2890,2893,2872,2838,2808,2723,2794,2926,2880,2877,2849,2804,2831,2664,2787,2932,2893,2865,2838,2826,2826,2774,2767,2938,2890,2865,2851,2859,2801,2792,2788
TOF,2857,2855,2407,2478,2325,2318,2285,1967,2797,2757,2710,2735,2767,2762,2744,2370,2982,2908,2876,2851,2813,2692,2638,2679,2941,2907,2888,2869,2851,2838,2748,2779,2931,2888,2885,2874,2840,2832,2710,2811,2911,2909,2892,2846,2821,2823,2665,2796,2906,2898,2881,2836,2835,2775,2780,2797,2923,2900,2858,2858,2834,2809,2811,2776
TOF,2857,2866,2795,2412,2357,2292,2235,2010,2797,2711,2727,2769,2716,2829,2793,2370,2928,2900,2875,2844,2785,2702,2613,2592,2929,2888,2878,2880,2846,2825,2782,2763,2936,2895,2881,2865,2841,2820,2731,2810,2899,2891,2871,2841,2857,2829,2706,2750,2913,2871,2851,2860,2847,2800,2772,2785,2918,2887,2888,2839,2825,2780,2786,2818
TOF,2953,2866,2437,2427,2368,2320,2244,2080,2818,2752,2693,2716,2765,2779,2760,2370,2955,2896,2890,2850,2802,2761,2615,2601,2911,2910,2888,2861,2852,2845,2735,2778,2906,2893,2887,2856,2840,2833,2759,2790,2927,2895,2862,2850,2836,2829,2659,2774,2925,2904,2863,2840,2828,2812,2750,2798,2958,2868,2860,2843,2821,2806,2799,2808
TOF,2918,2866,2537,2361,2353,2342,2240,2047,2797,2745,2696,2699,2718,2782,2685,2355,2956,2918,2878,2863,2821,2705,2624,2613,2929,2917,2903,2871,2844,2842,2764,2747,2925,2914,2871,2870,2839,2822,2736,2770,2923,2871,2874,2863,2847,2819,2681,2787,2874,2893,2867,2866,2833,2799,2753,2789,2929,2912,2871,2814,2818,2782,2805,2801
TOF,2888,2767,2376,2406,2349,2317,2166,2060,2807,2705,2674,2683,2761,2789,2635,2796,2957,2928,2887,2851,2798,2721,2634,2655,2942,2913,2889,2866,2858,2833,2757,2773,2910,2876,2886,2858,2842,2827,2742,2793,2920,2918,2853,2851,2839,2804,2727,2796,2886,2883,2842,2842,2840,2822,2805,2792,2929,2919,2868,2847,2832,2783,2829,2798
TOF,3016,2767,2376,2406,2329,2344,2156,2060,2788,2728,2686,2726,2774,2788,2813,2755,2951,2893,2887,2860,2798,2697,2655,2585,2923,2879,2877,2875,2848,2833,2775,2791,2928,2886,2871,2856,2831,2832,2732,2785,2921,2880,2866,2850,2834,2817,2665,2763,2922,2879,2854,2857,2831,2820,2770,2770,2933,2893,2872,2868,2823,2830,2810,2803
TOF,2924,2516,2447,2370,2375,2310,2191,2115,2740,2701,2699,2732,2790,2793,2798,2354,2926,2894,2892,2856,2816,2707,2614,2553,2917,2901,2890,2882,2858,2807,2758,2787,2920,2891,2884,2858,2834,2826,2717,2795,2906,2898,2865,2852,2835,2817,2664,2793,2899,2895,2865,2856,2843,2804,2786,2806,2935,2891,2900,2843,2837,2802,2798,2776
TOF,2876,2516,2447,2365,2350,2288,2248,2115,2774,2750,2653,2703,2766,2795,2650,2555,2961,2905,2923,2851,2800,2721,2594,2620,2931,2912,2874,2874,2851,2805,2749,2764,2936,2896,2890,2877,2846,2813,2732,2776,2894,2876,2865,2848,2816,2845,2653,2785,2930,2882,2867,2865,2844,2798,2739,2788,2911,2889,2892,2861,2832,2807,2783,2785
TOF,2884,2516,2461,2392,2377,2311,2285,2043,2797,2773,2690,2775,2716,2833,2773,2330,2916,2923,2885,2876,2795,2707,2617,2630,2933,2912,2850,2881,2857,2824,2777,2789,2931,2903,2856,2842,2836,2838,2713,2816,2940,2893,2893,2865,2853,2801,2645,2788,2914,2878,2874,2859,2826,2812,2757,2780,2899,2897,2879,2847,2842,2790,2799,2790
TOF,2779,2567,2376,2389,2348,2303,2266,1988,2852,2731,2633,2673,2774,2806,2817,2357,2966,2908,2880,2870,2823,2700,2616,2622,2936,2899,2873,2880,2851,2834,2776,2785,2913,2889,2876,2873,2851,2837,2705,2813,2920,2887,2890,2848,2809,2801,2659,2790,2909,2894,2846,2838,2834,2809,2751,2793,2940,2899,2872,2840,2823,2805,2799,2795
TOF,2906,2762,2439,2369,2349,2299,2230,2232,2717,2710,2655,2665,2798,2745,2761,2318,2941,2907,2906,2862,2819,2708,2606,2633,2916,2887,2886,2882,2876,2837,2794,2779,2947,2883,2877,2853,2856,2815,2740,2800,2949,2894,2872,2854,2824,2834,2712,2786,2917,2897,2870,2826,2822,2799,2768,2797,2923,2897,2856,2839,2841,2779,2808,2796
TOF,2906,2842,2735,2439,2347,2332,2219,2174,2794,2767,2691,2669,2826,2750,2753,2352,2956,2925,2892,2858,2783,2710,2634,2655,2945,2907,2904,2873,2869,2829,2775,2764,2921,2933,2853,2878,2841,2833,2769,2798,2907,2902,2873,2872,2841,2793,2752,2788,2900,2891,2878,2847,2806,2804,2761,2810,2944,2915,2843,2835,2832,2811,2804,2784
TOF,2958,2555,2540,2403,2359,2309,2276,2174,2826,2748,2696,2733,2779,2787,2775,2403,2927,2925,2881,2849,2807,2731,2589,2594,2915,2925,2897,2850,2838,2855,2758,2794,2933,2897,2880,2860,2825,2827,2717,2812,2941,2904,2873,2863,2824,2814,2640,2779,2919,2889,2841,2844,2819,2810,2746,2771,2929,2881,2855,2871,2851,2814,2800,2809
TOF,2834,2843,2462,2382,2356,2344,2218,2160,2816,2731,2690,2735,2774,2810,2805,2398,2961,2911,2881,2880,2809,2751,2621,2635,2956,2899,2887,2857,2864,2846,2782,2776,2935,2877,2881,2859,2837,2808,2721,2781,2964,2886,2870,2831,2831,2794,2677,2789,2914,2898,2850,2862,2813,2821,2825,2792,2932,2897,2875,2852,2857,2785,2807,2805
TOF,2989,2871,2569,2404,2355,2340,2259,1900,2776,2765,2705,2706,2772,2820,2780,2213,2966,2934,2887,2857,2765,2703,2602,2624,2942,2890,2874,2870,2841,2813,2745,2785,2921,2902,2895,2860,2854,2830,2735,2813,2907,2901,2867,2874,2817,2831,2620,2793,2916,2904,2860,2870,2826,2818,2744,2798,2939,2906,2867,2869,2846,2802,2791,2798
TOF,2866,2834,2641,2378,2371,2304,2209,1987,2795,2739,2725,2707,2736,2773,2749,2337,2920,2912,2881,2876,2802,2680,2615,2594,2954,2911,2874,2883,2847,2817,2802,2774,2919,2897,2884,2870,2829,2814,2710,2784,2880,2886,2888,2857,2841,2812,2697,2781,2931,2893,2875,2847,2817,2816,2785,2761,2937,2881,2865,2857,2834,2806,2835,2826
TOF,2777,2831,2884,2430,2370,2276,2254,1994,2817,2739,2685,2663,2724,2732,2807,2381,2939,2905,2876,2851,2795,2715,2624,2659,2924,2897,2903,2867,2860,2827,2753,2814,2931,2905,2858,2857,2834,2815,2717,2795,2930,2893,2871,2857,2862,2825,2688,2811,2893,2905,2866,2838,2834,2801,2767,2771,2933,2897,2869,2837,2810,2816,2807,2809
TOF,2678,2719,2884,2442,2359,2317,2270,2093,2819,2719,2660,2720,2696,2818,2780,2381,2953,2913,2914,2865,2782,2741,2677,2709,2938,2920,2903,2880,2857,2861,2768,2772,2913,2900,2860,2866,2856,2824,2724,2803,2910,2889,2868,2855,2839,2837,2699,2769,2884,2852,2863,2852,2808,2814,2708,2799,2941,2868,2881,2879,2831,2783,2863,2764
TOF,2818,2806,2529,2412,2384,2278,2225,2082,2809,2721,2696,2676,2699,2797,2769,2713,2937,2899,2904,2857,2806,2737,2615,2702,2916,2911,2890,2887,2851,2826,2781,2788,2923,2909,2880,2845,2845,2828,2710,2793,2920,2889,2892,2856,2836,2822,2629,2780,2935,2881,2878,2840,2833,2786,2783,2789,2943,2889,2877,2842,2840,2798,2806,2811
TOF,2959,2806,2532,2423,2409,2315,2305,2030,2798,2726,2661,2671,2744,2827,2825,2382,2933,2901,2891,2872,2797,2752,2631,2608,2927,2922,2877,2845,2856,2843,2781,2797,2963,2915,2871,2876,2846,2815,2734,2786,2920,2884,2868,2838,2856,2818,2628,2798,2922,2909,2843,2839,2838,2803,2787,2791,2907,2898,2897,2845,2822,2800,2806,2788
TOF,2959,2806,2685,2423,2358,2303,2220,1906,2836,2762,2665,2717,2696,2782,2781,2384,2939,2907,2882,2879,2782,2720,2601,2613,2958,2911,2865,2872,2859,2835,2763,2772,2932,2905,2871,2866,2842,2823,2704,2790,2923,2891,2881,2858,2841,2832,2703,2778,2918,2876,2869,2853,2829,2822,2797,2784,2954,2887,2888,2839,2817,2806,2823,2811
TOF,2903,2907,2685,2431,2351,2271,2204,1948,2819,2741,2714,2772,2757,2803,2794,2397,2962,2878,2874,2856,2804,2685,2611,2634,2921,2917,2882,2874,2848,2827,2786,2793,2900,2903,2885,2850,2851,2828,2718,2777,2916,2908,2877,2855,2821,2796,2670,2791,2908,2875,2891,2859,2838,2811,2779,2783,2908,2897,2871,2836,2824,2808,2818,2787
TOF,2903,2801,2446,2360,2372,2319,2231,1968,2755,2755,2673,2834,2731,2813,2783,2469,2940,2910,2908,2861,2812,2716,2622,2595,2929,2918,2899,2868,2867,2845,2772,2780,2954,2878,2869,2881,2849,2836,2742,2792,2936,2898,2885,2868,2836,2827,2676,2793,2928,2887,2858,2840,2812,2806,2837,2808,2922,2891,2859,2847,2825,2774,2788,2789
TOF,2825,2801,2423,2460,2388,2322,2278,2084,2848,2735,2708,2722,2798,2818,2720,2747,2954,2917,2891,2856,2802,2715,2624,2649,2903,2917,2891,2885,2850,2820,2791,2764,2949,2924,2867,2883,2848,2797,2705,2780,2923,2890,2866,2851,2831,2798,2714,2799,2945,2879,2868,2841,2826,2794,2787,2793,2914,2901,2885,2871,2840,2781,2799,2828
TOF,2729,2801,2528,2439,2366,2299,2227,2118,2777,2740,2670,2713,2733,2724,2762,2624,2939,2920,2872,2847,2776,2751,2627,2650,2916,2913,2864,2864,2855,2813,2786,2785,2921,2910,2888,2865,2825,2832,2717,2815,2933,2878,2883,2863,2851,2829,2712,2787,2935,2908,2868,2831,2826,2811,2763,2781,2919,2899,2856,2856,2835,2778,2788,2790
TOF,2796,2873,2528,2373,2358,2294,2217,2052,2769,2693,2672,2751,2728,2778,2786,2489,2956,2918,2900,2852,2796,2722,2639,2570,2918,2925,2898,2871,2859,2834,2803,2760,2915,2900,2899,2852,2846,2818,2740,2804,2926,2914,2873,2852,2828,2807,2724,2786,2919,2899,2877,2840,2835,2804,2710,2774,2971,2908,2890,2833,2826,2797,2797,2790
TOF,2942,2847,2579,2413,2353,2287,2205,2019,2759,2734,2690,2679,2812,2826,2720,2335,2953,2918,2877,2859,2846,2734,2625,2623,2933,2913,2886,2889,2856,2832,2766,2780,2945,2887,2877,2865,2836,2833,2735,2805,2894,2865,2884,2841,2843,2816,2684,2801,2929,2876,2845,2863,2833,2823,2739,2805,2908,2912,2883,2855,2811,2812,2800,2792
TOF,2942,2847,2474,2412,2348,2287,2231,1984,2826,2786,2671,2717,2804,2768,2761,2316,2960,2889,2886,2887,2830,2709,2621,2603,2975,2908,2885,2863,2854,2821,2766,2776,2915,2917,2872,2850,2841,2814,2708,2793,2901,2896,2874,2850,2811,2810,2657,2821,2915,2933,2862,2854,2829,2827,2780,2790,2881,2919,2868,2866,2831,2801,2785,2789
TOF,2950,2586,2508,2390,2328,2342,2249,2066,2765,2734,2669,2680,2633,2781,2714,2316,2962,2917,2898,2877,2774,2666,2633,2653,2939,2912,2887,2875,2844,2831,2787,2804,2914,2889,2890,2847,2847,2814,2724,2804,2918,2917,2858,2851,2827,2810,2687,2802,2897,2908,2864,2870,2832,2795,2751,2791,2914,2889,2863,2842,2825,2811,2793,2799
TOF,2893,2714,2508,2411,2328,2310,2242,2121,2798,2773,2697,2695,2705,2809,2774,2590,2933,2914,2876,2852,2796,2721,2596,2668,2935,2916,2907,2872,2854,2809,2786,2772,2935,2878,2868,2856,2837,2830,2705,2790,2945,2880,2854,2863,2852,2818,2678,2796,2903,2906,2865,2853,2828,2805,2768,2802,2959,2889,2876,2849,2810,2781,2829,2783
TOF,2867,2826,2400,2391,2367,2257,2204,2121,2770,2766,2712,2709,2701,2759,2756,2657,2931,2919,2886,2863,2805,2707,2605,2586,2927,2914,2907,2861,2868,2850,2772,2796,2966,2893,2868,2860,2842,2827,2732,2790,2942,2898,2862,2854,2828,2803,2643,2792,2909,2904,2859,2831,2821,2806,2762,2808,2890,2891,2883,2849,2829,2810,2825,2791
TOF,2977,2755,2400,2442,2355,2296,2258,1910,2756,2724,2675,2731,2758,2758,2668,2508,2957,2904,2899,2835,2799,2705,2649,2667,2955,2892,2891,2866,2853,2836,2767,2789,2917,2912,2895,2856,2847,2831,2746,2795,2903,2922,2842,2866,2851,2814,2646,2786,2915,2885,2856,2862,2840,2779,2826,2788,2954,2898,2854,2852,2826,2820,2827,2794
TOF,2977,2799,2420,2375,2357,2285,2252,1910,2809,2698,2694,2666,2832,2803,2742,2635,2964,2900,2887,2857,2780,2705,2622,2614,2929,2896,2875,2886,2864,2832,2778,2779,2945,2903,2883,2863,2846,2815,2758,2796,2948,2881,2866,2872,2840,2834,2710,2793,2902,2877,2872,2839,2851,2798,2780,2788,2920,2895,2878,2852,2823,2787,2810,2819
TOF,2977,2856,2798,2399,2353,2308,2258,1910,2796,2755,2668,2780,2764,2804,2754,2495,2928,2900,2896,2859,2779,2696,2608,2635,2950,2922,2871,2865,2856,2835,2787,2800,2912,2886,2858,2864,2849,2829,2714,2799,2905,2911,2881,2847,2835,2813,2681,2777,2926,2885,2861,2841,2835,2831,2819,2797,2906,2886,2880,2837,2813,2766,2814,2796
TOF,2977,2870,2427,2418,2372,2346,2214,2028,2778,2735,2687,2712,2762,2774,2766,2495,2973,2941,2889,2859,2823,2681,2625,2608,2942,2896,2877,2849,2844,2828,2804,2768,2937,2901,2858,2881,2840,2814,2690,2791,2908,2883,2859,2871,2842,2803,2697,2787,2937,2891,2864,2846,2825,2811,2791,2802,2917,2892,2911,2848,2825,2797,2838,2805
TOF,2960,2870,2475,2364,2391,2330,2116,2028,2811,2726,2696,2692,2783,2770,2768,2354,2919,2899,2876,2843,2793,2716,2613,2607,2938,2886,2874,2877,2856,2829,2773,2781,2937,2883,2872,2866,2832,2809,2687,2785,2916,2894,2889,2852,2809,2798,2664,2807,2930,2910,2870,2841,2846,2811,2785,2801,2956,2882,2853,2864,2841,2818,2818,2776
TOF,2935,2870,2463,2394,2353,2336,2284,2028,2804,2774,2669,2677,2757,2826,2806,2316,2942,2911,2891,2855,2802,2699,2591,2599,2924,2894,2884,2889,2846,2833,2770,2786,2960,2902,2892,2842,2830,2832,2754,2777,2948,2898,2888,2857,2832,2829,2669,2771,2927,2900,2865,2852,2833,2816,2754,2794,2949,2908,2872,2842,2834,2778,2799,2821
TOF,3002,2868,2465,2394,2370,2323,2270,2046,2799,2693,2707,2751,2772,2797,2754,2316,3007,2911,2884,2831,2768,2695,2621,2609,2944,2908,2898,2877,2846,2849,2754,2772,2940,2878,2895,2866,2844,2848,2730,2788,2929,2889,2867,2861,2813,2822,2701,2800,2909,2900,2867,2853,2839,2818,2765,2797,2937,2903,2866,2847,2829,2776,2782,2786
TOF,2869,2784,2465,2395,2372,2308,2280,2079,2775,2760,2644,2785,2776,2767,2765,2422,2969,2904,2881,2876,2815,2730,2611,2647,2943,2917,2871,2863,2849,2830,2796,2789,2914,2912,2882,2880,2845,2830,2715,2803,2914,2881,2876,2857,2833,2818,2655,2775,2892,2883,2867,2850,2831,2814,2767,2779,2943,2891,2884,2846,2843,2809,2814,2809
TOF,2869,2784,2378,2485,2390,2319,2269,2058,2812,2740,2689,2757,2790,2807,2771,2402,2937,2908,2870,2877,2792,2724,2596,2702,2941,2896,2878,2857,2844,2813,2806,2758,2928,2876,2849,2867,2848,2808,2722,2794,2941,2880,2853,2849,2843,2819,2623,2798,2892,2891,2886,2846,2830,2799,2797,2796,2941,2869,2869,2853,2834,2780,2823,2785
TOF,2914,2901,2378,2423,2363,2324,2189,2194,2848,2699,2651,2753,2808,2805,2806,2322,2942,2932,2888,2867,2817,2791,2636,2642,2943,2906,2899,2876,2867,2827,2745,2793,2948,2884,2869,2864,2847,2833,2737,2782,2937,2894,2879,2867,2852,2805,2642,2806,2904,2895,2883,2861,2839,2812,2791,2781,2925,2910,2888,2841,2822,2798,2808,2791
TOF,2930,2877,2807,2387,2375,2323,2258,2014,2796,2710,2662,2691,2781,2820,2805,2391,2919,2901,2897,2856,2767,2687,2598,2626,2894,2903,2884,2857,2843,2836,2757,2790,2938,2919,2877,2859,2835,2834,2749,2785,2920,2886,2865,2846,2834,2834,2661,2827,2943,2881,2874,2858,2828,2815,2829,2781,2888,2882,2879,2836,2860,2792,2844,2814
TOF,2930,2722,2831,2394,2326,2285,2235,2039,2749,2745,2701,2718,2770,2827,2744,2351,2932,2917,2890,2858,2765,2704,2630,2617,2937,2912,2905,2851,2842,2832,2765,2803,2958,2881,2887,2864,2843,2824,2729,2794,2920,2899,2878,2866,2808,2810,2706,2773,2911,2881,2864,2873,2836,2804,2809,2784,2930,2882,2874,2842,2849,2798,2810,2790
TOF,2938,2639,2831,2373,2339,2323,2227,2051,2729,2748,2676,2646,2812,2759,2792,2612,2948,2914,2895,2876,2761,2700,2600,2567,2927,2914,2874,2878,2842,2828,2734,2770,2909,2900,2878,2871,2852,2821,2707,2849,2904,2859,2877,2865,2848,2829,2692,2794,2913,2887,2871,2851,2834,2815,2779,2800,2930,2908,2890,2836,2807,2789,2828,2804
TOF,2909,2523,2831,2408,2348,2299,2286,2051,2789,2755,2654,2756,2697,2745,2779,2379,2955,2899,2882,2866,2790,2700,2631,2635,2913,2921,2883,2884,2855,2823,2796,2803,2895,2913,2884,2872,2844,2837,2739,2779,2933,2899,2876,2860,2817,2813,2667,2780,2922,2888,2880,2821,2833,2811,2765,2784,2916,2902,2875,2852,2839,2810,2843,2805
TOF,2941,2523,2542,2417,2349,2324,2212,2036,2819,2686,2637,2706,2772,2780,2793,2326,2952,2892,2864,2874,2778,2731,2642,2594,2928,2923,2863,2857,2843,2824,2765,2782,2891,2900,2877,2862,2856,2830,2720,2789,2922,2894,2860,2852,2844,2816,2710,2814,2917,2898,2869,2849,2829,2805,2793,2820,2929,2880,2871,2828,2824,2796,2781,2766
TOF,2941,2523,2708,2398,2378,2340,2268,2120,2797,2786,2676,2708,2796,2780,2819,2368,2931,2937,2894,2850,2792,2687,2630,2693,2925,2902,2880,2873,2834,2808,2789,2773,2958,2904,2887,2860,2843,2809,2747,2801,2934,2891,2858,2840,2845,2815,2658,2782,2938,2896,2858,2845,2838,2801,2809,2792,2937,2880,2886,2831,2828,2781,2783,2783
TOF,2941,2523,2482,2389,2346,2282,2259,2120,2826,2779,2707,2720,2742,2816,2792,2357,2936,2903,2887,2861,2773,2739,2645,2630,2948,2887,2878,2868,2852,2844,2755,2807,2931,2890,2904,2869,2838,2815,2763,2814,2926,2872,2865,2847,2834,2810,2699,2777,2934,2874,2872,2878,2843,2808,2790,2813,2933,2916,2892,2814,2848,2807,2799,2815
TOF,2923,2808,2482,2384,2344,2302,2226,2183,2768,2751,2752,2683,2662,2820,2743,2337,2927,2911,2873,2879,2807,2688,2628,2655,2931,2915,2901,2867,2853,2818,2786,2789,2927,2905,2867,2859,2848,2819,2703,2796,2931,2889,2855,2862,2836,2818,2708,2794,2912,2883,2877,2817,2828,2803,2781,2791,2915,2901,2874,2858,2844,2773,2813,2786
TOF,2923,2663,2846,2373,2362,2291,2241,2094,2841,2748,2682,2669,2694,2804,2703,2337,2971,2894,2887,2862,2815,2701,2623,2606,2909,2905,2888,2862,2874,2831,2767,2785,2943,2883,2857,2842,2846,2816,2733,2773,2907,2903,2846,2863,2857,2835,2653,2794,2914,2923,2833,2849,2822,2817,2782,2795,2947,2894,2872,2853,2834,2797,2814,2790
TOF,2880,2663,2817,2393,2343,2289,2252,2094,2818,2718,2672,2698,2776,2793,2739,2354,2917,2925,2878,2852,2803,2677,2619,2617,2946,2896,2888,2869,2855,2821,2781,2760,2950,2909,2863,2850,2860,2840,2727,2803,2938,2896,2890,2863,2837,2818,2659,2795,2897,2903,2869,2846,2828,2824,2774,2794,2965,2893,2873,2849,2844,2792,2781,2797
TOF,2870,2680,2817,2443,2357,2298,2237,2010,2750,2762,2684,2676,2855,2793,2742,2369,2938,2945,2872,2839,2810,2728,2635,2601,2934,2925,2873,2864,2866,2840,2783,2777,2917,2915,2880,2854,2848,2840,2745,2786,2922,2881,2878,2862,2806,2819,2703,2785,2923,2899,2870,2866,2831,2817,2800,2798,2940,2905,2878,2857,2828,2785,2774,2826
TOF,2922,2833,2412,2378,2368,2279,2240,2010,2789,2769,2715,2638,2669,2756,2683,2354,2953,2925,2897,2877,2826,2725,2629,2598,2904,2922,2900,2877,2849,2833,2790,2801,2940,2892,2895,2848,2848,2826,2752,2794,2910,2902,2859,2836,2824,2810,2696,2786,2903,2892,2870,2854,2827,2808,2820,2777,2943,2892,2859,2854,2826,2793,2811,2814
TOF,2922,2836,2412,2365,2387,2272,2254,2135,2839,2714,2670,2628,2688,2775,2756,2728,2963,2904,2913,2871,2783,2670,2646,2629,2938,2902,2875,2872,2856,2813,2785,2796,2978,2890,2895,2841,2840,2829,2718,2789,2931,2845,2873,2850,2862,2837,2728,2784,2913,2905,2856,2824,2847,2826,2805,2802,2921,2896,2868,2862,2842,2770,2847,2806
TOF,2860,2819,2670,2380,2334,2305,2265,2135,2776,2716,2690,2684,2760,2782,2782,2633,2929,2909,2888,2861,2822,2669,2636,2607,2960,2923,2871,2873,2862,2817,2760,2779,2932,2890,2875,2865,2848,2839,2719,2779,2922,2916,2877,2849,2846,2814,2696,2775,2921,2883,2855,2847,2811,2821,2784,2794,2930,2910,2859,2849,2821,2779,2794,2800
TOF,2922,2795,2658,2395,2350,2318,2194,2162,2777,2750,2655,2693,2794,2805,2768,2758,2942,2917,2881,2863,2800,2772,2642,2668,2937,2908,2892,2873,2856,2818,2785,2751,2914,2887,2881,2855,2855,2822,2721,2774,2904,2913,2870,2866,2834,2818,2691,2792,2904,2900,2896,2851,2828,2814,2753,2809,2957,2884,2855,2848,2822,2802,2794,2770
TOF,2888,2879,2511,2370,2317,2287,2230,2130,2821,2700,2729,2717,2768,2843,2785,2483,2951,2899,2869,2839,2799,2698,2620,2609,2925,2914,2868,2880,2855,2827,2767,2786,2940,2888,2867,2850,2846,2834,2718,2803,2938,2882,2878,2852,2827,2822,2705,2807,2899,2900,2880,2833,2835,2817,2814,2801,2939,2905,2875,2870,2808,2804,2801,2827
TOF,2886,2879,2407,2424,2355,2291,2282,2045,2810,2766,2725,2687,2734,2793,2781,2405,2974,2876,2867,2871,2809,2690,2590,2590,2921,2921,2873,2866,2859,2833,2799,2795,2915,2910,2874,2854,2846,2839,2721,2800,2918,2873,2856,2860,2838,2839,2667,2780,2917,2893,2891,2850,2842,2826,2737,2787,2939,2888,2884,2846,2845,2797,2791,2783
TOF,2886,2879,2407,2414,2394,2317,2179,2045,2787,2742,2728,2671,2690,2815,2778,2405,2945,2920,2884,2849,2817,2686,2629,2610,2948,2912,2876,2896,2858,2829,2764,2790,2935,2886,2886,2865,2839,2823,2693,2795,2926,2906,2878,2844,2834,2819,2698,2790,2904,2904,2859,2861,2827,2820,2771,2807,2952,2915,2879,2869,2843,2791,2805,2779
TOF,2809,2774,2523,2416,2327,2303,2269,2075,2818,2784,2682,2718,2696,2795,2802,2368,2957,2902,2887,2855,2848,2723,2600,2650,2936,2900,2875,2869,2876,2819,2744,2794,2917,2937,2899,2866,2835,2826,2746,2784,2912,2876,2861,2850,2833,2821,2652,2778,2917,2906,2861,2831,2824,2814,2758,2779,2957,2887,2881,2856,2825,2804,2811,2792
TOF,2951,2510,2762,2373,2351,2270,2194,2117,2828,2759,2667,2782,2742,2831,2778,2385,2938,2918,2861,2869,2780,2737,2607,2638,2907,2915,2885,2870,2843,2812,2782,2786,2931,2911,2857,2846,2858,2832,2739,2817,2927,2877,2862,2858,2855,2809,2669,2784,2911,2886,2847,2843,2823,2808,2781,2796,2913,2895,2852,2848,2831,2793,2804,2782
TOF,2876,2513,2402,2449,2321,2329,2128,2117,2804,2740,2684,2811,2749,2780,2657,2385,2947,2901,2890,2868,2794,2715,2622,2658,2927,2908,2891,2869,2844,2832,2758,2779,2932,2905,2887,2869,2844,2820,2709,2800,2914,2896,2881,2871,2840,2790,2679,2795,2890,2887,2873,2839,2820,2811,2805,2822,2928,2893,2882,2839,2846,2786,2794,2799
TOF,2895,2513,2402,2402,2326,2321,2231,2138,2838,2728,2678,2707,2811,2810,2804,2534,2940,2909,2891,2855,2815,2738,2616,2618,2939,2929,2893,2867,2872,2838,2763,2770,2936,2905,2885,2847,2847,2822,2734,2795,2916,2905,2881,2859,2839,2826,2689,2807,2916,2899,2868,2845,2819,2804,2742,2809,2932,2883,2882,2854,2820,2800,2793,2796
TOF,2841,2513,2509,2422,2342,2290,2269,2016,2776,2779,2666,2699,2777,2786,2798,2753,2943,2914,2900,2871,2814,2724,2613,2630,2933,2891,2893,2854,2844,2844,2788,2799,2919,2900,2882,2843,2857,2820,2716,2801,2919,2885,2884,2865,2858,2801,2658,2803,2914,2884,2860,2826,2842,2798,2775,2765,2931,2912,2867,2852,2841,2791,2813,2777
TOF,2841,2913,2509,2430,2365,2292,2274,2132,2822,2760,2705,2702,2735,2759,2768,2750,2950,2919,2912,2874,2776,2713,2609,2618,2929,2894,2878,2875,2846,2824,2772,2765,2940,2894,2847,2852,2837,2848,2793,2801,2948,2866,2873,2859,2839,2823,2678,2783,2916,2907,2858,2851,2835,2817,2773,2773,2909,2883,2896,2867,2813,2807,2791,2798
TOF,2957,2902,2482,2375,2357,2301,2275,2132,2826,2734,2661,2746,2760,2769,2737,2377,2967,2914,2896,2847,2794,2661,2639,2627,2948,2890,2878,2863,2854,2830,2760,2773,2887,2912,2890,2883,2821,2821,2735,2782,2929,2889,2872,2854,2861,2793,2684,2795,2902,2884,2872,2843,2839,2818,2793,2787,2944,2864,2880,2842,2839,2811,2821,2809
TOF,2836,2849,2827,2352,2354,2266,2217,1967,2851,2764,2733,2733,2766,2787,2806,2377,2958,2925,2900,2873,2770,2724,2620,2655,2960,2908,2906,2873,2822,2823,2755,2772,2922,2907,2856,2878,2854,2829,2759,2792,2916,2891,2880,2848,2829,2819,2696,2787,2898,2881,2860,2863,2814,2804,2765,2784,2932,2891,2853,2852,2822,2784,2801,2805
TOF,2818,2811,2557,2338,2370,2299,2242,2048,2841,2742,2698,2712,2690,2741,2782,2377,2952,2893,2919,2860,2833,2675,2642,2581,2935,2900,2862,2868,2846,2821,2776,2779,2924,2888,2889,2878,2856,2827,2755,2799,2913,2911,2868,2869,2835,2818,2686,2793,2907,2876,2864,2864,2828,2815,2775,2806,2938,2912,2848,2813,2824,2807,2826,2822
TOF,2886,2875,2428,2461,2344,2291,2216,2191,2889,2759,2679,2672,2739,2682,2762,2635,2910,2929,2877,2856,2798,2703,2632,2607,2922,2893,2880,2868,2833,2832,2766,2797,2936,2917,2890,2853,2828,2834,2733,2802,2910,2891,2871,2863,2861,2835,2695,2813,2925,2885,2856,2852,2838,2799,2770,2809,2937,2876,2866,2850,2847,2799,2820,2786
TOF,2919,2897,2490,2401,2373,2273,2214,2191,2767,2761,2646,2797,2772,2795,2831,2820,2921,2898,2874,2854,2815,2642,2613,2640,2949,2917,2904,2872,2831,2814,2750,2768,2908,2884,2884,2840,2848,2830,2713,2819,2905,2862,2883,2842,2844,2823,2569,2792,2918,2888,2851,2850,2821,2813,2757,2780,2924,2873,2881,2859,2831,2781,2792,2830
TOF,2897,2897,2490,2406,2357,2313,2242,2080,2752,2761,2690,2704,2760,2764,2794,2330,2936,2893,2890,2844,2822,2740,2630,2606,2906,2922,2887,2878,2859,2813,2781,2779,2895,2925,2896,2859,2849,2810,2756,2785,2885,2906,2889,2858,2854,2816,2669,2781,2928,2892,2849,2852,2831,2796,2722,2783,2903,2909,2871,2839,2837,2806,2819,2805
TOF,2959,2821,2449,2382,2340,2302,2213,2172,2779,2744,2633,2687,2716,2825,2727,2371,2943,2933,2902,2868,2818,2743,2640,2595,2919,2910,2866,2880,2844,2826,2768,2774,2916,2897,2877,2831,2845,2815,2753,2791,2948,2893,2902,2847,2828,2813,2608,2766,2910,2892,2860,2850,2839,2813,2781,2789,2907,2922,2880,2837,2824,2816,2794,2748
TOF,2776,2764,2588,2382,2344,2292,2252,2043,2779,2741,2714,2771,2677,2714,2761,2422,2942,2927,2909,2862,2822,2717,2619,2651,2939,2923,2900,2896,2870,2826,2762,2791,2939,2891,2880,2857,2840,2823,2717,2798,2923,2875,2874,2864,2835,2828,2666,2779,2899,2886,2857,2850,2833,2803,2768,2787,2951,2892,2875,2845,2818,2787,2813,2799
TOF,2936,2877,2422,2378,2362,2302,2250,2043,2782,2720,2695,2737,2782,2740,2719,2422,2918,2929,2870,2858,2824,2736,2639,2658,2946,2898,2879,2869,2846,2808,2773,2805,2919,2905,2880,2886,2844,2834,2723,2788,2910,2897,2857,2863,2854,2811,2656,2795,2899,2893,2872,2830,2826,2794,2805,2823,2937,2915,2858,2852,2824,2785,2831,2796
TOF,2864,2793,2765,2404,2361,2315,2199,1996,2835,2723,2681,2716,2683,2779,2777,2823,2973,2910,2884,2873,2799,2706,2619,2627,2914,2909,2889,2856,2848,2825,2776,2780,2909,2890,2879,2882,2854,2816,2733,2799,2900,2876,2866,2876,2825,2794,2721,2785,2927,2883,2864,2852,2815,2833,2794,2781,2928,2885,2860,2854,2847,2773,2823,2791
TOF,2864,2623,2432,2404,2331,2297,2275,2097,2860,2714,2661,2773,2819,2770,2811,2538,2949,2918,2879,2854,2775,2712,2612,2600,2951,2885,2891,2869,2839,2836,2775,2765,2935,2900,2882,2865,2853,2827,2739,2801,2897,2881,2872,2866,2848,2797,2696,2792,2908,2887,2867,2848,2829,2825,2795,2794,2937,2912,2878,2848,2807,2797,2802,2793
TOF,2936,2623,2501,2427,2330,2296,2230,2012,2805,2710,2720,2715,2795,2800,2794,2337,2944,2903,2879,2866,2777,2715,2616,2574,2941,2917,2902,2881,2868,2852,2765,2788,2916,2911,2868,2876,2862,2813,2722,2795,2922,2906,2865,2849,2851,2817,2648,2789,2930,2896,2881,2843,2824,2796,2732,2789,2934,2887,2882,2852,2845,2810,2813,2805
TOF,2936,2623,2620,2426,2360,2324,2247,2071,2770,2762,2671,2689,2833,2764,2755,2337,2942,2897,2886,2855,2794,2728,2595,2619,2916,2912,2887,2887,2854,2842,2777,2780,2914,2905,2874,2867,2827,2835,2703,2777,2935,2888,2866,2860,2829,2813,2692,2811,2914,2904,2871,2859,2821,2798,2801,2792,2917,2901,2862,2862,2839,2815,2829,2788
TOF,2936,2853,2507,2422,2374,2311,2274,1941,2814,2772,2665,2698,2762,2807,2741,2689,2947,2920,2860,2873,2801,2723,2618,2641,2931,2908,2895,2863,2845,2835,2752,2804,2916,2888,2872,2860,2823,2819,2689,2808,2934,2909,2881,2856,2825,2812,2599,2783,2926,2909,2850,2848,2836,2814,2729,2770,2920,2926,2869,2856,2841,2808,2804,2799
TOF,2936,2853,2412,2319,2336,2283,2244,2210,2801,2731,2681,2690,2843,2771,2741,2368,2954,2905,2871,2876,2771,2682,2598,2619,2917,2905,2863,2867,2858,2831,2787,2808,2932,2879,2872,2852,2840,2810,2735,2811,2924,2896,2881,2857,2823,2823,2634,2799,2913,2876,2857,2867,2826,2804,2750,2798,2954,2906,2879,2870,2816,2789,2832,2778
TOF,2968,2853,2561,2427,2339,2253,2251,2100,2816,2741,2675,2745,2853,2764,2769,2443,2947,2900,2882,2873,2792,2714,2592,2657,2913,2904,2900,2898,2863,2843,2780,2798,2920,2899,2873,2855,2850,2836,2722,2792,2919,2914,2867,2851,2858,2817,2628,2788,2921,2892,2872,2861,2839,2811,2783,2778,2916,2899,2878,2838,2804,2779,2813,2774
TOF,2956,2853,2464,2406,2346,2325,2243,2102,2762,2713,2706,2671,2816,2797,2773,2443,2950,2893,2879,2867,2754,2706,2625,2678,2897,2888,2877,2878,2849,2830,2780,2772,2925,2921,2871,2871,2842,2821,2698,2778,2904,2888,2849,2845,2852,2822,2578,2768,2893,2895,2876,2846,2847,2799,2765,2793,2941,2908,2864,2875,2839,2786,2776,2804
TOF,2954,2853,2740,2393,2375,2296,2211,2102,2850,2726,2679,2708,2730,2815,2768,2443,2944,2922,2869,2862,2796,2717,2648,2655,2945,2925,2883,2870,2870,2844,2746,2757,2938,2861,2887,2864,2860,2814,2699,2793,2905,2896,2879,2851,2829,2811,2651,2818,2914,2892,2857,2860,2832,2819,2788,2780,2953,2892,2889,2870,2851,2812,2798,2803
TOF,2876,2743,2454,2415,2353,2285,2212,2218,2800,2749,2718,2733,2776,2785,2849,2443,2971,2909,2889,2863,2809,2724,2595,2585,2930,2902,2886,2863,2855,2830,2788,2747,2932,2902,2869,2865,2861,2840,2703,2796,2920,2914,2872,2846,2833,2838,2623,2750,2894,2905,2834,2858,2831,2793,2817,2789,2943,2899,2887,2846,2814,2799,2836,2794
TOF,2943,2774,2454,2403,2353,2302,2230,2012,2768,2768,2705,2748,2856,2793,2759,2578,2964,2883,2888,2879,2805,2668,2620,2618,2927,2915,2863,2861,2842,2830,2777,2782,2958,2897,2871,2873,2847,2819,2723,2792,2937,2913,2869,2834,2838,2819,2677,2798,2902,2884,2857,2850,2828,2810,2750,2797,2908,2914,2883,2872,2827,2786,2782,2789
TOF,3007,2655,2448,2363,2323,2269,2225,2172,2822,2744,2640,2657,2761,2778,2803,2440,2958,2903,2892,2873,2853,2766,2621,2621,2923,2903,2898,2863,2851,2834,2770,2775,2906,2901,2886,2852,2845,2834,2679,2818,2916,2885,2877,2840,2836,2818,2628,2790,2923,2895,2885,2842,2820,2806,2799,2787,2962,2904,2869,2852,2815,2788,2817,2810
TOF,2853,2655,2814,2413,2317,2292,2267,1985,2772,2733,2705,2690,2772,2772,2750,2433,2941,2904,2912,2870,2765,2733,2639,2594,2927,2909,2891,2869,2851,2826,2785,2800,2909,2901,2873,2873,2846,2826,2751,2812,2929,2894,2869,2855,2861,2800,2659,2784,2920,2854,2847,2856,2828,2798,2800,2802,2910,2874,2891,2836,2853,2785,2827,2799
TOF,2893,2655,2814,2371,2338,2291,2250,1998,2781,2742,2701,2749,2780,2802,2726,2552,2941,2933,2907,2872,2812,2732,2584,2609,2931,2900,2891,2871,2863,2823,2759,2791,2927,2888,2908,2854,2837,2839,2742,2793,2907,2879,2877,2859,2843,2817,2664,2797,2897,2881,2858,2863,2828,2800,2788,2823,2941,2910,2876,2841,2857,2824,2773,2818
TOF,2854,2655,2491,2419,2353,2300,2230,1900,2822,2734,2741,2730,2750,2760,2772,2405,2942,2904,2885,2857,2809,2705,2592,2635,2917,2905,2893,2862,2826,2824,2769,2771,2935,2905,2870,2873,2849,2825,2747,2794,2921,2901,2867,2857,2848,2811,2722,2805,2936,2906,2870,2843,2815,2820,2735,2782,2913,2887,2882,2847,2826,2796,2806,2812
TOF,2876,2914,2455,2416,2372,114,2259,2133,2768,2743,2678,2720,2821,114,2769,2367,2932,2921,2885,2885,2821,2731,2596,2614,2938,2902,2889,2870,2843,2836,2797,2774,2938,2909,2890,2864,2834,2820,2716,2783,2914,2883,2870,2875,2837,2820,2698,2781,2914,2885,2881,2851,2835,2791,2699,2829,2974,2899,2859,2866,2817,2779,2825,2796
TOF,3025,197,2801,2411,95,99,2220,2094,2866,2846,2740,2767,2804,103,2747,164,2969,2921,2871,2902,103,108,2608,2610,2937,2894,2869,2865,2851,2862,2786,2809,2926,2897,2855,2868,2835,2814,2781,2793,2897,2886,2867,2852,2847,2819,2738,2788,2909,2881,2862,2847,2836,2808,2789,2793,2947,2912,2850,2842,2830,2795,2795,2816
TOF,2979,2781,2624,78,75,2280,2226,2067,2812,2763,2692,2666,84,2826,2782,101,2963,2917,2894,2895,80,2720,2613,2639,2931,2903,2869,77,94,2820,2785,2785,2910,2902,2877,2930,88,2825,2734,2809,2903,2882,2874,84,104,2812,2676,2763,2936,2895,2849,2850,2841,2798,2818,2801,2920,2891,2872,2869,2842,2816,2847,2826
TOF,2917,2947,2810,58,58,2299,2224,2111,2799,2736,2716,60,66,2782,2789,2374,2949,2908,2908,63,67,2706,2637,2597,2936,2920,2903,65,77,2829,2785,2794,2927,2886,2898,70,70,2823,2765,2796,2924,2916,2861,70,2848,2827,2639,2795,2907,2907,2741,75,2819,2797,2799,2780,2939,2944,2928,2960,2847,2787,2796,2808
TOF,51,2806,41,36,30,38,43,2290,2830,2727,54,43,53,45,2683,2326,2969,2905,53,54,51,2751,2583,2671,2904,2902,57,53,61,2837,2776,2766,2939,2885,55,56,56,2838,2723,2773,2919,2916,59,58,2894,2791,2666,2787,2985,2944,61,63,2829,2794,2753,2807,2973,59,66,58,2839,2816,2816,2791
TOF,37,33,29,29,37,40,39,39,2805,33,43,38,34,2761,2793,2603,2990,2919,46,49,2799,2740,2636,2608,2929,2916,51,46,2842,2829,2776,2786,2975,3043,52,52,2829,2820,2749,2793,2922,42,55,43,2848,2832,2697,2793,2931,2889,56,54,2827,2804,2803,2791,2919,50,58,48,2826,2788,2830,2820
TOF,40,38,36,47,58,44,2229,46,34,49,37,2656,53,2807,2744,2728,43,43,48,46,2814,2743,2599,2578,2855,33,52,2890,2870,2823,2786,2807,48,37,52,2903,2842,2829,2753,2800,43,42,42,2856,2819,2832,2653,2783,44,46,53,2847,2838,2815,2765,2826,2814,50,49,2845,2851,2795,2832,2787
TOF,26,41,2421,2405,2361,2307,2282,44,48,26,2651,2716,2817,2799,2833,38,32,2916,2886,2872,2815,2702,2664,2598,36,32,2873,2883,2853,2823,2752,2786,39,2898,2883,2857,2846,2837,2757,2783,41,38,2865,2833,2829,2808,2615,2801,40,2914,2878,2836,2830,2815,2792,2803,57,43,2861,2854,2828,2808,2843,2820
TOF,42,41,2476,2411,2366,2207,2128,40,2775,46,40,2703,16,2782,43,36,42,2902,2886,2863,2820,14,26,42,2946,32,2903,2878,2814,2810,2710,40,43,2917,2876,2865,2840,2926,31,2869,2961,49,2874,2827,35,2970,2666,43,47,2904,2856,2862,2826,36,2782,2808,2939,45,2905,2840,39,2653,2816,48
TOF,54,2890,2512,2384,44,44,42,41,2810,2768,54,2603,52,48,31,48,2969,2923,2882,50,46,46,47,44,2960,2899,51,2859,54,50,32,47,2907,2893,2897,55,51,48,50,2751,2908,2888,58,50,47,56,41,52,2925,2890,2873,2878,54,53,55,2831,2950,2906,51,2877,58,63,2895,2840
TOF,58,49,62,2419,89,71,73,79,2820,2958,50,80,2784,48,62,100,3017,57,2899,2879,81,73,47,77,2993,2801,59,76,2865,50,88,2767,68,66,2867,2891,83,75,76,2785,2969,2867,67,50,2826,87,74,2784,2952,2853,2835,2846,54,74,2725,2815,2917,2897,2866,2877,2820,2809,50,2807
TOF,76,70,77,2403,2357,2316,2240,2104,74,84,71,2721,2798,2813,2670,207,82,76,2853,2871,2795,2736,2628,2593,80,92,105,2852,2838,2829,2761,2790,68,95,2888,2863,2846,2831,2766,2795,114,2891,109,2864,2852,2816,2714,2787,2936,2885,2868,2857,2831,2808,2826,2793,2953,2895,2876,2837,2835,2784,2811,2812
TOF,2945,97,102,95,2360,2293,2182,2104,145,84,94,110,2727,2783,2746,207,2938,76,2883,2846,2795,2744,2635,2622,80,2878,2894,2873,2857,2858,2775,2759,2909,2928,2859,2867,2858,2825,2711,2792,2939,2897,2860,2848,2835,2799,2793,2790,2927,2889,2862,2837,2830,2808,2764,2799,2947,2908,2879,2840,2822,2806,2800,2805
TOF,2945,2856,2446,2412,2405,2287,2277,2104,2789,2742,94,2710,2756,2775,2757,2355,2946,2919,2878,2864,2803,2701,2624,2686,2951,2914,2885,2868,2870,2819,2803,2795,2927,2901,2910,2874,2843,2845,2747,2789,2937,2906,2881,2885,2830,2824,2626,2781,2921,2899,2856,2864,2813,2816,2753,2812,2940,2864,2887,2857,2828,2800,2784,2793
TOF,2926,2856,2828,2386,2393,2258,2162,2183,2848,2789,2686,2694,2727,2784,2775,2403,2958,2917,2872,2863,2808,2721,2610,2614,2911,2899,2893,2875,2867,2844,2764,2781,2931,2913,2865,2847,2855,2825,2728,2784,2929,2869,2882,2851,2836,2826,2699,2796,2949,2892,2865,2846,2807,2798,2796,2782,2957,2900,2884,2832,2844,2800,2828,2786
TOF,2926,2891,2828,2447,2364,2292,2274,2183,2818,2811,2703,2684,2709,2766,2782,2411,2948,2914,2861,2842,2804,2737,2618,2606,2949,2886,2873,2881,2860,2834,2773,2783,2938,2917,2880,2864,2839,2819,2722,2798,2916,2867,2863,2847,2827,2798,2680,2797,2930,2914,2862,2858,2809,2791,2775,2772,2932,2886,2856,2866,2834,2830,2796,2826
TOF,2898,2735,2472,2412,2401,2278,2189,2183,2808,2766,2713,2782,2778,2805,2804,2732,2922,2922,2896,2848,2762,2723,2639,2585,2939,2891,2899,2858,2846,2807,2761,2782,2970,2899,2869,2864,2838,2831,2714,2818,2916,2886,2859,2851,2851,2811,2672,2786,2886,2903,2875,2841,2828,2802,2793,2799,2922,2877,2878,2851,2823,2769,2772,2791
TOF,2783,2735,2438,2407,2354,2272,2241,2183,2821,2765,2691,2728,2818,2796,2804,2453,2940,2901,2894,2866,2807,2713,2641,2642,2908,2905,2885,2869,2831,2834,2805,2820,2911,2897,2872,2857,2853,2816,2731,2789,2948,2932,2883,2847,2824,2835,2665,2769,2923,2886,2856,2878,2822,2798,2753,2794,2973,2902,2882,2844,2833,2808,2825,2787
TOF,2829,2789,2438,2401,2383,2300,2307,2096,2796,2811,2682,2720,2634,2838,2793,2453,2924,2893,2907,2870,2806,2697,2594,2619,2949,2904,2887,2853,2856,2822,2789,2765,2907,2916,2874,2868,2818,2829,2706,2789,2954,2905,2899,2856,2823,2812,2669,2788,2929,2882,2848,2850,2839,2816,2697,2810,2929,2887,2909,2877,2832,2792,2810,2818
TOF,2886,2889,2524,2379,2354,2316,2199,1912,2781,2705,2707,2751,2704,2793,2809,2553,2954,2896,2885,2859,2809,2718,2650,2642,2947,2912,2881,2844,2843,2855,2776,2784,2912,2882,2876,2856,2849,2815,2740,2794,2919,2904,2873,2843,2842,2810,2655,2793,2894,2901,2865,2863,2831,2785,2803,2792,2912,2890,2863,2866,2834,2791,2823,2793
TOF,2832,2901,2460,2387,2356,2260,2193,1912,2779,2716,2646,2707,2808,2847,2768,2359,2962,2896,2880,2882,2790,2720,2633,2546,2937,2903,2901,2863,2855,2826,2779,2811,2942,2899,2857,2880,2866,2813,2724,2802,2932,2888,2870,2841,2858,2799,2648,2780,2910,2892,2864,2854,2833,2797,2766,2789,2933,2907,2868,2871,2834,2802,2796,2804
TOF,2838,2603,2486,2384,2328,2316,2214,1912,2739,2747,2685,2706,2712,2819,2792,2359,2930,2911,2893,2858,2829,2734,2637,2581,2956,2908,2886,2877,2849,2823,2758,2790,2926,2910,2892,2875,2833,2835,2743,2794,2914,2880,2857,2850,2841,2820,2646,2804,2920,2893,2877,2861,2835,2806,2800,2789,2934,2890,2887,2863,2818,2797,2833,2806
TOF,2839,2829,2452,2342,2340,2315,2219,2157,2825,2725,2661,2755,2718,2717,2815,2359,2919,2916,2877,2861,2768,2705,2623,2594,2942,2901,2862,2876,2843,2835,2802,2793,2929,2887,2876,2875,2853,2828,2687,2824,2900,2920,2885,2847,2841,2822,2673,2783,2906,2914,2875,2849,2841,2801,2770,2796,2921,2889,2874,2861,2847,2771,2795,2816
TOF,3005,2822,2755,2420,2357,2313,2277,2165,2744,2745,2675,2705,2756,2738,2741,2385,2958,2900,2868,2854,2813,2677,2618,2596,2948,2913,2889,2883,2851,2840,2778,2794,2936,2890,2876,2858,2848,2834,2751,2786,2881,2903,2860,2843,2836,2821,2683,2810,2907,2898,2868,2844,2837,2804,2735,2779,2955,2896,2908,2843,2836,2786,2807,2790
TOF,2872,2822,2755,2381,2306,2309,2258,2101,2790,2765,2689,2661,2728,2797,2804,2481,2907,2910,2889,2854,2786,2680,2612,2610,2924,2908,2896,2861,2843,2817,2770,2788,2947,2900,2862,2877,2845,2807,2759,2804,2937,2893,2860,2856,2835,2813,2602,2814,2907,2902,2869,2854,2846,2798,2800,2767,2923,2909,2866,2840,2826,2781,2820,2796
TOF,2876,2908,2458,2409,2364,2284,2264,2195,2789,2712,2707,2708,2728,2781,2750,2481,2948,2925,2875,2872,2814,2670,2589,2664,2961,2900,2888,2854,2849,2839,2799,2787,2927,2914,2866,2863,2855,2830,2768,2803,2925,2867,2853,2846,2824,2833,2610,2815,2934,2904,2879,2857,2831,2805,2817,2788,2906,2906,2882,2840,2831,2793,2812,2808
TOF,2876,2908,2428,2426,2323,2296,2259,2106,2820,2753,2678,2700,2708,2777,2790,2407,2929,2918,2885,2865,2799,2736,2619,2638,2911,2905,2886,2890,2856,2822,2815,2775,2922,2903,2864,2867,2828,2833,2697,2809,2872,2884,2872,2852,2856,2802,2665,2782,2898,2889,2862,2863,2819,2824,2761,2781,2892,2901,2879,2853,2842,2767,2803,2782
TOF,2876,2821,2529,2400,2318,2296,2212,1892,2764,2714,2684,2685,2758,2800,2765,2493,2931,2924,2878,2873,2812,2699,2615,2637,2909,2900,2873,2857,2870,2823,2806,2787,2920,2881,2850,2860,2858,2820,2740,2783,2931,2894,2872,2843,2841,2811,2689,2800,2922,2900,2868,2844,2825,2814,2804,2814,2936,2907,2865,2865,2828,2813,2797,2775
TOF,2754,2944,2529,2344,2344,2296,2262,1892,2821,2753,2695,2702,2738,2734,2765,2685,2924,2908,2874,2859,2822,2731,2635,2632,2916,2897,2893,2866,2852,2802,2792,2776,2903,2890,2879,2847,2841,2819,2714,2784,2912,2897,2868,2872,2857,2849,2700,2774,2907,2862,2869,2856,2833,2810,2821,2795,2922,2931,2886,2847,2832,2786,2796,2788
TOF,2668,2944,2618,2381,2355,2316,2268,2032,2894,2739,2700,2660,2759,2704,2797,2774,2926,2933,2896,2878,2805,2690,2622,2670,2935,2927,2901,2865,2877,2835,2772,2783,2898,2898,2885,2890,2851,2843,2745,2803,2905,2916,2875,2847,2850,2820,2645,2779,2927,2924,2871,2836,2835,2799,2822,2797,2941,2896,2866,2855,2823,2775,2826,2827
TOF,2881,2792,2481,2418,2372,2301,2247,1872,2813,2698,2655,2712,2757,2735,2794,2774,2925,2914,2909,2853,2792,2715,2649,2606,2945,2885,2876,2861,2846,2819,2788,2779,2916,2896,2888,2847,2844,2838,2767,2786,2924,2905,2867,2854,2851,2804,2664,2776,2910,2882,2864,2861,2828,2799,2793,2781,2964,2897,2869,2857,2822,2815,2824,2808
TOF,2888,2505,2481,2390,2327,2323,2272,2079,2837,2725,2747,2762,2755,2713,2807,2774,2947,2908,2893,2851,2807,2780,2587,2631,2956,2913,2858,2872,2865,2811,2756,2738,2937,2883,2898,2876,2852,2828,2742,2794,2924,2904,2887,2872,2834,2830,2673,2793,2926,2917,2857,2835,2832,2791,2780,2798,2916,2910,2850,2860,2849,2791,2811,2786
TOF,2888,2946,2455,2395,2371,2291,2230,2174,2832,2731,2704,2719,2677,2811,2788,2327,2982,2914,2892,2853,2767,2708,2643,2601,2955,2906,2897,2867,2849,2826,2788,2793,2911,2900,2864,2859,2840,2826,2725,2803,2909,2888,2872,2858,2832,2809,2666,2781,2933,2880,2888,2862,2821,2816,2775,2784,2918,2887,2860,2854,2820,2803,2817,2789
TOF,2900,2946,2765,2402,2346,2316,2242,2179,2814,2738,2653,2719,2766,2785,2787,2327,2935,2892,2888,2864,2804,2671,2628,2610,2942,2908,2881,2850,2854,2837,2771,2796,2931,2918,2907,2848,2848,2832,2714,2795,2907,2883,2859,2846,2829,2820,2654,2783,2949,2883,2864,2823,2844,2807,2788,2791,2921,2915,2862,2844,2863,2818,2797,2802
TOF,2957,2788,2378,2399,2321,2312,2260,2152,2819,2729,2684,2677,2758,2773,2779,2398,2969,2918,2917,2844,2824,2659,2585,2604,2908,2895,2882,2861,2872,2846,2789,2782,2929,2902,2880,2893,2851,2832,2739,2828,2926,2879,2885,2849,2835,2823,2711,2784,2932,2896,2856,2841,2848,2807,2814,2808,2948,2889,2873,2854,2834,2794,2819,2802
TOF,2890,2788,2474,2384,2341,2288,2186,2149,2839,2714,2681,2766,2782,2685,2768,2398,2926,2916,2879,2857,2795,2720,2611,2575,2928,2913,2894,2871,2862,2812,2777,2787,2937,2900,2874,2852,2844,2816,2717,2788,2908,2891,2867,2828,2829,2827,2675,2791,2921,2892,2857,2850,2830,2816,2774,2770,2932,2899,2865,2830,2822,2801,2819,2796
TOF,2890,2788,2440,2525,2359,2322,2243,2061,2811,2724,2741,2727,2764,2748,2799,2768,2935,2900,2887,2843,2819,2708,2630,2625,2900,2899,2892,2862,2846,2827,2774,2781,2912,2893,2893,2877,2840,2811,2745,2827,2910,2884,2872,2840,2861,2803,2562,2781,2894,2892,2879,2864,2837,2812,2770,2780,2942,2923,2875,2843,2836,2812,2789,2796
TOF,2818,2814,2440,2393,2347,2274,2247,2189,2801,2729,2686,2708,2695,2782,2747,2547,2981,2935,2882,2868,2771,2743,2616,2585,2927,2908,2865,2856,2841,2834,2797,2772,2930,2906,2877,2874,2840,2839,2712,2796,2907,2878,2893,2860,2833,2801,2675,2803,2891,2893,2861,2826,2829,2789,2745,2785,2929,2893,2884,2861,2840,2804,2799,2790
TOF,2869,2814,2440,2378,2334,2296,2306,2050,2798,2708,2691,2730,2641,2803,2776,2567,2975,2896,2869,2854,2820,2720,2634,2676,2932,2914,2882,2859,2853,2833,2784,2798,2947,2924,2894,2886,2852,2832,2732,2796,2932,2892,2885,2833,2837,2835,2690,2783,2913,2893,2862,2831,2825,2806,2778,2777,2938,2910,2879,2847,2824,2807,2817,2811
TOF,2888,2814,2479,2413,2410,2316,2231,2140,2870,2769,2703,2687,2717,2815,2683,2338,2922,2917,2888,2867,2832,2751,2618,2627,2918,2903,2896,2879,2850,2844,2743,2801,2952,2903,2888,2860,2832,2818,2727,2802,2915,2886,2880,2853,2858,2842,2708,2806,2921,2889,2868,2845,2822,2793,2815,2814,2924,2913,2857,2841,2844,2790,2792,2788
TOF,2939,2792,2479,2419,2363,2312,2247,2070,2840,2755,2731,2735,2783,2780,2811,2405,2933,2920,2898,2853,2782,2735,2619,2599,2917,2884,2857,2890,2842,2806,2789,2778,2927,2893,2888,2849,2854,2829,2667,2783,2908,2865,2856,2865,2827,2819,2654,2783,2943,2878,2895,2858,2810,2790,2755,2792,2923,2867,2850,2841,2851,2826,2832,2812
TOF,2903,2531,2792,2439,2347,2302,2244,2067,2757,2723,2701,2690,2722,2777,2728,2479,2928,2904,2895,2862,2814,2682,2602,2617,2931,2922,2880,2878,2855,2807,2804,2764,2929,2895,2871,2849,2840,2833,2766,2774,2906,2921,2880,2851,2850,2818,2682,2810,2907,2876,2860,2836,2833,2805,2776,2776,2947,2901,2876,2839,2824,2812,2798,2818
TOF,2875,2843,2385,2439,2341,2296,2256,2205,2789,2771,2673,2714,2766,2821,2846,2358,2951,2893,2896,2848,2795,2705,2607,2644,2930,2909,2883,2859,2850,2809,2788,2779,2929,2884,2896,2891,2848,2821,2738,2796,2930,2901,2874,2835,2848,2836,2677,2805,2893,2886,2870,2880,2832,2814,2772,2788,2940,2893,2884,2842,2853,2818,2829,2803
TOF,2875,2528,2516,2355,2350,2292,2248,2083,2760,2768,2735,2699,2811,2775,2816,2358,2976,2896,2890,2865,2788,2744,2628,2603,2942,2908,2869,2865,2838,2841,2785,2769,2940,2909,2878,2846,2844,2819,2736,2822,2909,2899,2857,2870,2858,2841,2658,2780,2912,2901,2885,2840,2829,2814,2771,2783,2949,2913,2884,2868,2817,2775,2800,2808
TOF,2797,2528,2506,2454,2346,2310,2281,2035,2840,2762,2705,2742,2752,2705,2705,2429,2938,2892,2882,2865,2794,2675,2610,2606,2937,2902,2876,2867,2848,2826,2765,2798,2933,2882,2888,2871,2861,2826,2769,2792,2933,2862,2881,2850,2826,2811,2751,2788,2919,2859,2857,2831,2850,2799,2802,2789,2913,2886,2851,2853,2821,2813,2826,2797
TOF,2735,2687,2506,2363,2357,2297,2241,2151,2815,2752,2695,2821,2774,2771,2774,2371,2932,2910,2881,2843,2815,2725,2634,2624,2919,2917,2888,2889,2853,2823,2788,2778,2927,2923,2878,2867,2837,2803,2748,2778,2924,2878,2871,2863,2834,2815,2699,2787,2934,2899,2879,2847,2830,2802,2780,2798,2932,2904,2881,2857,2850,2790,2830,2788
TOF,2944,2773,2437,2377,2347,2316,2227,2022,2783,2769,2659,2704,2803,2792,2764,2371,2956,2927,2886,2861,2796,2717,2662,2594,2946,2904,2865,2858,2849,2835,2762,2771,2894,2901,2873,2867,2859,2823,2735,2807,2939,2910,2881,2872,2836,2802,2654,2776,2930,2893,2852,2833,2823,2784,2798,2780,2947,2915,2866,2854,2843,2819,2785,2801
TOF,2927,2747,2445,2409,2381,2316,2220,2061,2805,2742,2716,2697,2787,2730,2786,2659,2957,2918,2884,2875,2764,2778,2608,2574,2935,2893,2878,2871,2828,2830,2787,2787,2927,2905,2873,2865,2841,2846,2745,2782,2918,2896,2866,2873,2834,2814,2614,2796,2906,2892,2844,2846,2833,2796,2782,2777,2937,2908,2878,2845,2833,2792,2785,2803
TOF,2772,2898,2504,2440,2366,2332,2199,2030,2760,2736,2734,2768,2718,2785,2772,2659,2932,2919,2896,2855,2774,2748,2608,2611,2927,2921,2906,2862,2846,2825,2760,2809,2921,2908,2854,2865,2845,2810,2749,2792,2919,2873,2856,2870,2844,2826,2665,2784,2908,2896,2872,2838,2841,2791,2755,2786,2937,2873,2859,2850,2816,2800,2806,2803
TOF,2772,2388,2655,2394,2371,2267,2223,2042,2806,2763,2665,2707,2720,2745,2810,2370,2938,2916,2893,2866,2792,2755,2604,2577,2931,2900,2897,2871,2851,2839,2789,2781,2949,2896,2879,2836,2844,2824,2728,2795,2910,2904,2864,2858,2839,2829,2663,2786,2915,2887,2874,2851,2829,2808,2716,2790,2917,2902,2858,2829,2836,2793,2766,2803
TOF,2689,2582,2560,2429,2352,2296,2268,2269,2783,2700,2672,2723,2793,2776,2777,2475,2956,2902,2891,2865,2825,2697,2612,2614,2915,2900,2905,2869,2861,2837,2787,2792,2911,2887,2869,2866,2853,2833,2752,2808,2927,2884,2880,2865,2828,2825,2636,2785,2916,2905,2863,2826,2826,2797,2805,2793,2925,2889,2885,2817,2835,2812,2843,2803
TOF,2869,2768,2560,2450,2347,2296,2251,2092,2762,2748,2731,2682,2762,2790,2771,2408,2943,2917,2896,2877,2815,2719,2629,2640,2914,2917,2890,2869,2860,2822,2766,2779,2930,2906,2873,2866,2857,2816,2700,2790,2956,2871,2862,2838,2841,2821,2662,2783,2927,2878,2857,2854,2841,2820,2743,2784,2937,2907,2870,2895,2833,2812,2799,2798
TOF,2574,2768,2455,2423,2331,2265,2242,2166,2784,2744,2705,2674,2729,2790,2777,2328,2938,2918,2910,2847,2782,2729,2631,2618,2964,2900,2881,2861,2835,2844,2785,2789,2888,2892,2864,2874,2849,2828,2741,2789,2922,2883,2869,2877,2849,2813,2675,2814,2890,2890,2865,2841,2830,2804,2740,2782,2951,2898,2867,2864,2824,2785,2803,2787
TOF,2938,2782,2510,2435,2350,2275,2216,2022,2783,2738,2691,2700,2775,2782,2783,2610,2942,2916,2887,2836,2803,2708,2631,2623,2930,2898,2866,2877,2860,2830,2783,2790,2926,2925,2889,2872,2846,2845,2740,2800,2924,2906,2857,2856,2844,2800,2675,2801,2903,2881,2873,2863,2837,2795,2788,2771,2920,2901,2878,2875,2811,2816,2801,2773
TOF,2938,2545,2481,2390,2347,2303,2199,2022,2834,2715,2711,2701,2776,2735,2772,2791,2968,2902,2872,2848,2795,2722,2634,2606,2937,2907,2889,2887,2840,2829,2767,2803,2941,2906,2891,2864,2845,2821,2712,2788,2895,2885,2881,2870,2851,2812,2687,2775,2891,2905,2859,2836,2835,2807,2780,2774,2925,2854,2880,2854,2829,2806,2774,2791
TOF,2721,2545,2481,2396,2364,2297,2282,1945,2808,2719,2684,2775,2833,2764,2759,2682,2958,2925,2900,2872,2807,2738,2605,2639,2933,2909,2901,2866,2871,2823,2772,2799,2936,2905,2852,2882,2840,2824,2732,2784,2930,2884,2861,2856,2856,2819,2662,2785,2913,2894,2862,2854,2851,2804,2790,2804,2939,2922,2868,2845,2848,2797,2805,2816
TOF,2922,2545,2481,2425,2363,2318,2238,1919,2784,2699,2715,2739,2685,2783,2791,2425,2953,2897,2892,2853,2800,2704,2603,2571,2951,2908,2882,2868,2849,2812,2776,2788,2935,2912,2861,2867,2844,2830,2738,2796,2913,2899,2875,2858,2823,2821,2694,2763,2925,2899,2886,2827,2843,2805,2846,2788,2915,2888,2855,2833,2833,2781,2790,2798
TOF,2967,2798,2488,2392,2373,2303,2223,1945,2788,2752,2690,2685,2737,2746,2770,2476,2941,2912,2890,2857,2810,2720,2618,2629,2925,2888,2893,2877,2841,2828,2791,2808,2927,2903,2891,2846,2849,2827,2758,2791,2954,2896,2880,2849,2846,2811,2663,2789,2945,2902,2850,2858,2831,2800,2760,2791,2948,2897,2869,2856,2831,2832,2808,2818
TOF,2967,2912,2488,2418,2393,2305,2194,1945,2790,2747,2693,2709,2808,2809,2809,2482,2939,2911,2882,2861,2774,2712,2607,2664,2928,2892,2894,2857,2849,2804,2796,2780,2930,2907,2885,2883,2859,2831,2718,2788,2919,2923,2880,2863,2851,2827,2639,2746,2896,2895,2879,2860,2813,2802,2770,2806,2943,2895,2891,2836,2836,2822,2788,2798
TOF,2715,2838,2428,2427,2350,2299,2229,2043,2800,2713,2672,2730,2760,2777,2796,2477,2940,2904,2903,2867,2802,2728,2617,2617,2941,2900,2864,2882,2845,2839,2777,2772,2924,2902,2881,2863,2829,2808,2732,2798,2927,2893,2883,2869,2826,2837,2580,2765,2912,2888,2865,2850,2830,2828,2780,2800,2946,2906,2890,2851,2829,2788,2774,2784
TOF,2833,2838,2428,2395,2350,2290,2265,2009,2813,2739,2697,2727,2732,2763,2765,2477,2929,2925,2889,2847,2782,2709,2625,2642,2933,2920,2888,2869,2854,2828,2761,2790,2902,2888,2864,2875,2860,2827,2745,2824,2924,2926,2873,2863,2860,2810,2684,2778,2927,2875,2868,2839,2820,2812,2819,2796,2899,2872,2868,2825,2838,2806,2833,2834
TOF,2916,2491,2423,2410,2372,2285,2263,1893,2824,2776,2649,2716,2792,2735,2738,2659,2956,2902,2881,2865,2811,2724,2631,2617,2941,2892,2874,2868,2880,2849,2789,2779,2952,2893,2893,2878,2852,2828,2763,2780,2909,2915,2857,2856,2855,2800,2659,2812,2903,2888,2875,2839,2835,2811,2738,2769,2951,2888,2854,2873,2843,2780,2808,2781
TOF,2847,2491,2423,2395,2368,2336,2218,1893,2800,2701,2690,2695,2797,2766,2781,2341,2907,2917,2882,2872,2803,2749,2604,2568,2917,2911,2880,2839,2865,2831,2774,2787,2935,2890,2870,2868,2827,2845,2726,2820,2898,2896,2869,2857,2820,2810,2674,2843,2913,2899,2891,2854,2836,2813,2695,2777,2934,2911,2873,2851,2823,2805,2815,2837
TOF,2944,2863,2423,2398,2353,2321,2190,2054,2782,2755,2678,2720,2822,2731,2784,2341,2985,2895,2902,2852,2813,2731,2604,2572,2909,2913,2888,2886,2867,2856,2771,2785,2946,2923,2889,2871,2838,2845,2749,2803,2912,2891,2869,2866,2855,2829,2629,2783,2902,2879,2864,2879,2842,2815,2801,2802,2938,2880,2870,2853,2849,2804,2775,2789
TOF,2803,2958,2475,2407,2332,2330,2253,1991,2864,2758,2736,2695,2781,2751,2792,2618,2925,2906,2883,2852,2817,2731,2582,2642,2940,2937,2872,2870,2855,2836,2781,2792,2918,2898,2880,2863,2828,2812,2743,2792,2938,2891,2875,2854,2827,2828,2709,2796,2922,2875,2901,2848,2816,2797,2821,2795,2943,2899,2871,2840,2843,2808,2833,2787
TOF,2920,2787,2475,2456,2345,2292,2269,1991,2738,2751,2776,2728,2775,2792,2808,2820,2961,2916,2892,2865,2805,2731,2597,2599,2944,2910,2886,2872,2853,2843,2786,2775,2951,2891,2872,2858,2814,2834,2720,2751,2901,2892,2883,2861,2850,2826,2684,2793,2919,2879,2871,2849,2828,2814,2750,2789,2929,2881,2860,2854,2846,2809,2842,2799
TOF,2862,2800,2895,2492,2340,2302,2244,1991,2772,2744,2702,2731,2790,2791,2705,2820,2939,2909,2902,2881,2788,2719,2623,2593,2913,2912,2875,2872,2859,2830,2752,2786,2917,2897,2898,2867,2834,2829,2771,2791,2911,2903,2869,2862,2860,2836,2634,2797,2906,2900,2870,2865,2809,2805,2789,2795,2927,2890,2870,2846,2841,2792,2773,2783
TOF,2940,2928,2877,2386,2335,2278,2246,1991,2784,2744,2670,2650,2800,2751,2791,2408,2947,2911,2883,2877,2816,2717,2591,2621,2917,2922,2875,2864,2835,2849,2777,2783,2921,2900,2875,2857,2845,2825,2709,2785,2943,2864,2852,2862,2827,2812,2662,2774,2914,2871,2869,2839,2835,2806,2761,2787,2958,2904,2875,2870,2833,2808,2794,2805
TOF,2956,2895,2869,2365,2339,2309,2292,1979,2759,2746,2660,2718,2802,2817,2773,2417,2956,2911,2871,2862,2818,2683,2594,2634,2939,2921,2876,2854,2852,2837,2745,2769,2939,2916,2879,2856,2854,2814,2691,2807,2924,2887,2887,2842,2827,2814,2614,2786,2913,2916,2873,2852,2840,2790,2788,2807,2949,2894,2888,2844,2828,2789,2813,2786
TOF,3031,2723,2445,2436,2328,2291,2246,2098,2779,2719,2734,2672,2775,2783,2782,2417,2960,2930,2873,2872,2826,2742,2613,2616,2939,2913,2881,2866,2839,2827,2780,2776,2939,2920,2882,2868,2846,2812,2742,2797,2911,2903,2867,2852,2859,2821,2677,2793,2912,2898,2879,2872,2804,2814,2785,2769,2941,2929,2877,2856,2843,2793,2811,2791
TOF,2826,2891,2431,2381,2328,2310,2152,2098,2810,2724,2718,2710,2740,2790,2802,2398,2942,2898,2866,2855,2829,2727,2621,2633,2942,2896,2867,2879,2848,2810,2768,2746,2946,2900,2883,2880,2831,2827,2747,2793,2920,2885,2878,2860,2850,2830,2698,2777,2929,2869,2866,2854,2813,2841,2794,2792,2898,2921,2887,2872,2819,2815,2830,2813
TOF,2909,2735,2629,2420,2354,2267,2234,2079,2814,2710,2663,2748,2768,2772,2658,2495,2940,2917,2896,2858,2816,2678,2648,2641,2928,2914,2895,2892,2845,2829,2752,2783,2918,2900,2868,2853,2837,2835,2739,2793,2939,2887,2857,2870,2846,2838,2668,2797,2903,2873,2854,2842,2823,2805,2741,2795,2937,2902,2878,2856,2833,2779,2801,2799
TOF,2803,2735,2791,2347,2361,2317,2245,2012,2760,2719,2677,2731,2791,2772,2763,2334,2938,2913,2875,2864,2802,2720,2623,2649,2949,2912,2877,2877,2833,2823,2800,2800,2933,2901,2875,2864,2852,2815,2764,2792,2925,2905,2875,2843,2835,2807,2710,2782,2924,2897,2869,2864,2870,2809,2759,2806,2968,2908,2888,2861,2840,2776,2792,2797
TOF,2950,2735,2463,2403,2364,2299,2210,2141,2828,2695,2697,2712,2732,2809,2827,2334,2967,2905,2904,2867,2812,2704,2592,2644,2921,2900,2853,2870,2860,2824,2768,2788,2913,2902,2864,2850,2854,2830,2770,2797,2911,2879,2882,2851,2836,2820,2654,2782,2909,2902,2871,2852,2829,2810,2751,2805,2915,2905,2875,2834,2852,2797,2788,2782
TOF,2962,2735,2463,2363,2370,2289,2267,2140,2789,2731,2687,2715,2723,2788,2834,2334,2942,2912,2878,2849,2818,2670,2592,2632,2932,2914,2900,2877,2856,2825,2777,2776,2936,2879,2852,2864,2846,2826,2736,2814,2894,2894,2875,2849,2826,2819,2646,2799,2940,2923,2875,2861,2834,2812,2746,2813,2915,2887,2896,2858,2811,2783,2807,2805
TOF,2947,2819,2436,2392,2358,2270,2265,2166,2824,2751,2712,2744,2772,2771,2774,2325,2927,2915,2884,2862,2810,2731,2614,2590,2923,2899,2887,2883,2855,2859,2777,2775,2923,2894,2899,2856,2844,2833,2725,2796,2928,2900,2891,2866,2827,2823,2606,2774,2927,2886,2867,2837,2842,2817,2787,2802,2944,2920,2883,2843,2826,2792,2805,2797
TOF,2808,2819,2737,2421,2352,2319,2194,1976,2790,2693,2671,2831,2735,2778,2736,2425,2950,2947,2886,2866,2783,2681,2618,2647,2905,2893,2878,2882,2854,2827,2779,2777,2930,2887,2880,2878,2848,2827,2781,2784,2892,2892,2851,2861,2831,2847,2680,2772,2927,2919,2871,2850,2834,2810,2808,2824,2947,2864,2901,2862,2830,2809,2813,2786
TOF,2946,2819,2737,2425,2342,2296,2192,2062,2785,2755,2661,2751,2757,2881,2736,2368,2947,2913,2897,2809,2825,2704,2598,2597,2933,2905,2891,2866,2844,2823,2806,2782,2938,2889,2863,2868,2847,2821,2761,2776,2936,2887,2882,2843,2816,2817,2694,2791,2899,2890,2863,2856,2839,2815,2751,2797,2975,2907,2874,2857,2814,2792,2788,2768
TOF,2953,2612,2727,2380,2375,2328,2265,2061,2768,2732,2686,2723,2650,2777,2747,2723,2954,2898,2902,2872,2767,2758,2652,2678,2936,2895,2860,2875,2864,2834,2762,2779,2921,2926,2859,2860,2846,2818,2743,2798,2922,2876,2856,2856,2840,2847,2662,2792,2925,2909,2854,2861,2847,2805,2774,2801,2933,2887,2892,2869,2826,2793,2798,2795
TOF,2838,2696,2457,2440,2383,2327,2276,2079,2804,2728,2702,2678,2724,2776,2783,2706,2961,2920,2899,2861,2832,2714,2632,2615,2926,2889,2881,2869,2840,2857,2775,2780,2923,2907,2876,2854,2841,2823,2765,2782,2931,2891,2866,2864,2807,2828,2681,2794,2937,2896,2874,2834,2838,2815,2779,2781,2939,2923,2887,2857,2843,2801,2801,2793
TOF,2838,2696,2414,2385,2347,2314,2255,2079,2761,2751,2667,2740,2709,2775,2734,2395,2958,2924,2875,2854,2816,2710,2626,2606,2933,2893,2864,2878,2861,2820,2757,2782,2952,2881,2871,2864,2843,2828,2730,2799,2892,2872,2871,2856,2844,2810,2692,2770,2928,2894,2864,2840,2822,2815,2782,2793,2905,2905,2893,2856,2852,2815,2829,2792
TOF,2838,2911,2414,2454,2346,2347,2229,1995,2823,2754,2678,2728,2766,2772,2782,2754,2938,2933,2883,2856,2822,2785,2621,2580,2927,2912,2879,2868,2844,2828,2776,2806,2931,2910,2892,2849,2858,2823,2689,2790,2936,2902,2867,2851,2836,2828,2709,2763,2921,2893,2852,2842,2827,2793,2758,2802,2904,2908,2884,2883,2849,2793,2852,2764
TOF,2894,2911,2728,2431,2385,2267,2068,2145,2819,2708,2665,2716,2788,2802,2782,2639,2941,2917,2873,2863,2843,2720,2618,2604,2933,2902,2896,2875,2855,2843,2765,2758,2953,2913,2896,2872,2831,2822,2750,2769,2942,2946,2882,2866,2820,2792,2643,2793,2919,2899,2863,2845,2829,2807,2789,2804,2920,2889,2875,2830,2831,2803,2810,2823
TOF,3012,2532,2470,2433,2341,2265,2142,2225,2828,2747,2744,2716,2824,2762,2742,2398,2943,2926,2884,2856,2796,2701,2600,2591,2947,2912,2903,2851,2863,2834,2811,2788,2911,2887,2871,2847,2842,2827,2756,2782,2923,2906,2883,2849,2852,2830,2663,2780,2924,2905,2869,2861,2838,2818,2772,2804,2932,2907,2872,2867,2850,2827,2802,2821
TOF,2914,2532,2512,2384,2381,2319,2311,2021,2780,2735,2720,2711,2856,2802,2799,2787,2954,2916,2892,2848,2845,2740,2624,2605,2914,2904,2879,2854,2855,2828,2766,2778,2935,2919,2887,2859,2853,2821,2736,2801,2906,2863,2857,2851,2859,2819,2646,2781,2901,2916,2859,2858,2826,2826,2618,2778,2957,2917,2897,2852,2823,2777,2805,2787
TOF,2914,2804,2799,2407,2343,2292,2229,2166,2840,2739,2723,2696,2747,2783,2789,2727,2951,2920,2886,2871,2807,2752,2624,2620,2920,2919,2880,2868,2873,2835,2815,2770,2956,2879,2875,2877,2849,2825,2730,2799,2928,2913,2864,2859,2842,2838,2699,2786,2912,2887,2858,2838,2841,2805,2797,2797,2935,2899,2866,2850,2797,2805,2797,2785
TOF,2908,2804,2693,2379,2395,2295,2204,2188,2799,2738,2661,2693,2703,2779,2746,2654,2962,2926,2889,2853,2800,2711,2658,2623,2927,2901,2893,2853,2848,2814,2790,2773,2962,2908,2859,2858,2851,2824,2745,2796,2920,2885,2855,2856,2840,2819,2656,2799,2898,2889,2863,2857,2836,2807,2870,2783,2945,2891,2881,2874,2822,2785,2792,2810
TOF,2896,2867,2440,2376,2336,2297,2168,2188,2766,2714,2667,2653,2752,2794,2708,2741,2944,2922,2874,2862,2814,2738,2626,2580,2943,2902,2885,2877,2856,2824,2791,2794,2924,2921,2882,2862,2840,2843,2746,2799,2921,2892,2865,2862,2836,2819,2676,2791,2930,2879,2863,2832,2833,2813,2758,2783,2929,2904,2861,2847,2833,2802,2803,2801
TOF,2874,2867,2334,2367,2343,2275,2241,2188,2802,2743,2661,2706,2750,2809,2791,2506,2962,2892,2886,2863,2779,2716,2608,2625,2926,2903,2884,2866,2862,2813,2780,2807,2920,2897,2872,2866,2848,2827,2749,2810,2947,2911,2874,2856,2842,2835,2671,2799,2913,2886,2857,2864,2857,2808,2751,2806,2951,2885,2870,2853,2830,2780,2817,2810
TOF,2880,2867,2728,2392,2378,2285,2242,2188,2780,2694,2694,2734,2718,2792,2777,2506,2959,2927,2883,2872,2830,2695,2598,2604,2926,2906,2878,2858,2869,2826,2763,2792,2916,2928,2888,2838,2844,2825,2742,2781,2919,2888,2895,2864,2820,2826,2673,2792,2910,2898,2869,2822,2831,2819,2761,2773,2899,2917,2866,2856,2844,2794,2805,2812
TOF,2955,2876,2434,2427,2346,2303,2214,2084,2793,2737,2711,2722,2758,2802,2773,2615,2936,2910,2902,2866,2830,2744,2643,2590,2957,2906,2893,2838,2845,2839,2782,2788,2902,2909,2872,2856,2838,2824,2732,2771,2919,2895,2884,2850,2842,2798,2680,2788,2907,2883,2850,2842,2828,2801,2749,2786,2944,2898,2881,2853,2825,2791,2816,2780
TOF,2799,2876,2887,2331,2350,2284,2243,2199,2835,2741,2690,2636,2792,2803,2807,2728,2981,2925,2888,2855,2817,2709,2603,2601,2899,2907,2886,2865,2846,2830,2785,2816,2915,2885,2888,2854,2860,2835,2706,2803,2900,2890,2871,2861,2835,2817,2663,2801,2888,2884,2849,2869,2833,2812,2811,2784,2932,2868,2878,2857,2834,2802,2823,2796
TOF,2928,2853,2837,2378,2373,2295,2224,2036,2805,2724,2694,2719,2797,2734,2768,2342,2941,2917,2875,2876,2773,2739,2627,2530,2911,2914,2890,2866,2847,2823,2759,2779,2914,2905,2869,2849,2827,2806,2740,2782,2913,2909,2871,2854,2834,2816,2709,2758,2920,2886,2876,2844,2834,2798,2784,2783,2925,2895,2896,2860,2814,2793,2794,2790
TOF,2935,2853,2493,2375,2359,2336,2284,2036,2820,2775,2701,2711,2740,2748,2764,2350,2955,2919,2879,2880,2797,2726,2603,2617,2943,2908,2869,2862,2861,2851,2787,2777,2956,2901,2876,2856,2860,2838,2761,2792,2939,2903,2874,2854,2840,2805,2649,2789,2930,2884,2846,2858,2833,2817,2791,2804,2945,2873,2905,2864,2808,2777,2824,2810
TOF,2935,2918,2417,2394,2335,2312,2272,1952,2848,2769,2670,2738,2765,2804,2770,2350,2922,2918,2890,2886,2820,2762,2620,2589,2921,2897,2876,2880,2846,2861,2791,2782,2924,2915,2877,2856,2827,2824,2752,2784,2958,2919,2862,2851,2825,2813,2637,2765,2921,2888,2858,2849,2830,2801,2763,2779,2930,2916,2866,2864,2831,2808,2794,2835
TOF,2985,2606,2500,2385,2350,2346,2259,2019,2748,2744,2761,2704,2768,2753,2789,2716,2955,2914,2875,2876,2791,2721,2630,2676,2958,2893,2883,2857,2862,2832,2760,2784,2936,2893,2881,2872,2864,2826,2726,2788,2910,2904,2859,2859,2829,2823,2631,2794,2932,2910,2844,2831,2842,2808,2738,2787,2922,2874,2884,2839,2826,2803,2810,2807
TOF,2985,2757,2490,2420,2357,2297,2209,2051,2813,2776,2667,2721,2787,2812,2746,2716,2970,2900,2884,2853,2840,2709,2613,2593,2914,2908,2876,2874,2863,2821,2775,2763,2914,2899,2870,2868,2831,2828,2742,2821,2946,2856,2876,2864,2841,2808,2608,2808,2915,2900,2871,2871,2833,2810,2805,2786,2943,2897,2855,2852,2847,2812,2832,2815
TOF,2849,2796,2479,2406,2326,2295,2221,1977,2766,2721,2666,2691,2750,2773,2727,2717,2926,2910,2905,2871,2771,2702,2640,2611,2911,2924,2890,2877,2852,2830,2792,2798,2942,2903,2871,2859,2859,2828,2743,2812,2917,2877,2853,2852,2854,2842,2672,2794,2935,2876,2871,2857,2845,2825,2784,2811,2927,2883,2876,2852,2847,2816,2800,2819
TOF,2784,2892,2479,2396,2380,2331,2286,1977,2806,2715,2691,2714,2759,2799,2772,2655,2959,2925,2896,2871,2830,2766,2623,2603,2922,2897,2896,2848,2843,2842,2784,2783,2915,2899,2863,2869,2848,2824,2741,2803,2904,2880,2862,2854,2837,2818,2695,2787,2925,2898,2852,2855,2840,2814,2792,2796,2928,2919,2891,2854,2842,2803,2817,2790
TOF,2931,2892,2466,2416,2346,2335,2262,2187,2752,2683,2714,2654,2786,2839,2798,2655,2918,2930,2879,2874,2812,2720,2638,2613,2939,2896,2888,2863,2851,2823,2756,2817,2913,2894,2883,2851,2849,2797,2703,2778,2929,2893,2871,2851,2831,2811,2612,2817,2929,2896,2861,2840,2820,2817,2800,2799,2929,2877,2875,2848,2834,2797,2800,2803
TOF,2885,2892,2451,2405,2385,2301,2186,2028,2790,2735,2736,2677,2700,2779,2756,2706,2954,2933,2894,2865,2835,2723,2614,2591,2880,2903,2891,2878,2843,2840,2710,2778,2923,2924,2901,2864,2848,2822,2707,2791,2905,2872,2868,2857,2842,2801,2717,2823,2935,2892,2861,2855,2818,2821,2796,2788,2953,2898,2875,2849,2819,2811,2825,2819
TOF,2909,2753,2451,2406,2379,2308,2275,2231,2804,2710,2675,2709,2719,2786,2776,2716,2949,2928,2887,2839,2781,2746,2640,2588,2900,2905,2868,2877,2857,2852,2791,2800,2954,2904,2872,2861,2862,2801,2716,2794,2905,2895,2874,2855,2841,2807,2647,2809,2914,2889,2877,2849,2841,2812,2828,2798,2934,2938,2869,2870,2816,2807,2822,2790
TOF,2792,2753,2451,2394,2407,2297,2282,2231,2809,2677,2687,2730,2790,2773,2809,2709,2942,2901,2871,2850,2771,2740,2610,2607,2913,2895,2884,2869,2851,2843,2758,2765,2920,2882,2898,2880,2834,2823,2703,2814,2911,2914,2851,2831,2842,2839,2693,2770,2930,2870,2879,2845,2833,2812,2751,2819,2928,2890,2859,2839,2843,2790,2792,2787
TOF,2971,2753,2507,2385,2354,2336,2220,2147,2747,2701,2737,2743,2741,2771,2795,2408,2939,2895,2878,2859,2808,2736,2608,2577,2912,2914,2871,2874,2848,2832,2780,2780,2940,2870,2882,2851,2843,2821,2705,2785,2919,2884,2866,2857,2854,2806,2625,2773,2920,2885,2864,2849,2856,2809,2809,2784,2921,2885,2892,2827,2821,2807,2807,2789
TOF,2919,2856,2471,2388,2354,2329,2205,2050,2818,2736,2700,2738,2794,2741,2798,2419,2931,2891,2862,2848,2838,2701,2649,2590,2947,2909,2889,2857,2851,2834,2774,2769,2915,2868,2876,2850,2858,2822,2686,2796,2923,2879,2874,2835,2863,2808,2720,2815,2924,2873,2870,2847,2828,2810,2779,2772,2905,2900,2865,2861,2841,2797,2815,2799
TOF,2796,2809,2476,2374,2362,2321,2257,2175,2780,2729,2713,2705,2708,2699,2769,2313,2911,2891,2895,2862,2816,2704,2609,2637,2946,2903,2862,2874,2842,2821,2737,2798,2900,2898,2883,2849,2839,2832,2746,2791,2912,2895,2871,2850,2848,2811,2674,2801,2918,2903,2865,2848,2821,2802,2789,2817,2915,2897,2877,2865,2810,2803,2849,2814
TOF,2852,2822,2476,2353,2316,2310,2252,2166,2774,2717,2701,2685,2789,2743,2826,2313,2923,2899,2866,2879,2812,2732,2642,2632,2934,2891,2878,2869,2861,2833,2766,2778,2936,2908,2875,2851,2857,2827,2740,2822,2908,2875,2890,2863,2864,2835,2589,2790,2902,2903,2863,2859,2825,2817,2758,2797,2907,2891,2885,2840,2835,2791,2807,2833
TOF,2964,2873,2529,2326,2348,2346,2277,2045,2818,2764,2674,2674,2760,2682,2792,2344,2964,2894,2886,2860,2802,2733,2624,2682,2923,2902,2894,2855,2854,2837,2802,2814,2922,2894,2865,2881,2834,2846,2712,2782,2942,2873,2882,2858,2837,2805,2641,2814,2892,2897,2880,2854,2836,2801,2783,2798,2903,2884,2889,2851,2840,2801,2805,2804
TOF,2827,2668,2578,2398,2323,2321,2272,2176,2820,2734,2693,2687,2796,2701,2741,2344,2922,2898,2883,2855,2788,2711,2619,2593,2920,2924,2889,2872,2866,2816,2767,2788,2957,2889,2833,2852,2845,2826,2705,2809,2910,2877,2878,2851,2838,2826,2707,2796,2918,2885,2870,2843,2863,2807,2787,2782,2955,2909,2879,2852,2830,2782,2788,2798
TOF,2914,2793,2578,2467,2369,2305,2284,2106,2867,2753,2698,2700,2748,2738,2780,2766,2943,2905,2894,2860,2796,2732,2588,2607,2933,2905,2873,2869,2865,2836,2794,2807,2918,2911,2878,2853,2854,2830,2696,2801,2892,2870,2874,2834,2847,2830,2690,2773,2941,2890,2852,2837,2826,2811,2781,2813,2922,2909,2876,2851,2817,2783,2817,2780
TOF,2916,2793,2484,2405,2349,2305,2275,2243,2778,2720,2688,2677,2746,2748,2742,2768,2925,2896,2883,2868,2798,2720,2610,2620,2936,2910,2885,2871,2834,2835,2742,2778,2924,2875,2874,2846,2858,2829,2682,2803,2917,2891,2854,2841,2838,2799,2735,2794,2906,2905,2875,2863,2829,2813,2801,2783,2916,2913,2865,2828,2843,2803,2795,2803
TOF,2824,2552,2484,2424,2356,2295,2284,2132,2840,2721,2669,2668,2722,2789,2780,2333,2943,2907,2894,2875,2805,2751,2656,2613,2933,2898,2871,2850,2868,2824,2775,2774,2900,2892,2860,2857,2835,2830,2725,2809,2894,2895,2870,2858,2863,2829,2598,2804,2909,2889,2874,2867,2823,2808,2762,2804,2922,2909,2890,2845,2822,2781,2813,2802
TOF,2824,2519,2738,2396,2375,2329,2233,2132,2741,2794,2703,2737,2736,2840,2751,2333,2966,2922,2868,2846,2807,2704,2618,2605,2923,2884,2867,2864,2861,2826,2743,2790,2893,2877,2870,2855,2862,2836,2709,2791,2932,2880,2880,2850,2833,2830,2650,2829,2907,2901,2875,2829,2839,2802,2767,2789,2924,2903,2874,2834,2837,2791,2779,2801
TOF,2878,2911,2488,2390,2335,2295,2219,2170,2771,2706,2681,2650,2722,2804,2787,2333,2937,2912,2893,2869,2804,2708,2602,2679,2909,2888,2900,2862,2844,2835,2726,2796,2941,2906,2879,2868,2848,2813,2681,2795,2917,2886,2869,2861,2833,2821,2651,2785,2898,2911,2858,2862,2817,2828,2787,2800,2920,2858,2875,2839,2824,2822,2792,2840
TOF,2852,2868,2432,2453,2366,2339,2258,2062,2753,2735,2677,2719,2765,2838,2804,2738,2931,2913,2869,2847,2772,2742,2636,2620,2925,2904,2888,2871,2857,2829,2773,2790,2916,2927,2882,2876,2849,2815,2737,2801,2923,2908,2867,2836,2838,2807,2711,2802,2924,2874,2867,2862,2855,2821,2752,2781,2932,2874,2854,2853,2836,2806,2772,2784
TOF,2856,2868,2432,2442,2376,2264,2234,2043,2824,2714,2705,2716,2769,2766,2769,2771,2929,2915,2876,2848,2803,2723,2652,2605,2927,2890,2883,2875,2864,2854,2744,2804,2926,2909,2876,2851,2848,2825,2750,2792,2893,2864,2862,2866,2811,2812,2702,2779,2917,2894,2877,2854,2834,2818,2837,2813,2948,2889,2877,2865,2844,2794,2796,2821
TOF,2928,2892,2697,2411,2320,2294,2225,2043,2752,2718,2667,2733,2737,2803,2828,2582,2923,2886,2894,2845,2829,2731,2632,2623,2932,2909,2872,2868,2851,2841,2764,2805,2956,2888,2873,2890,2837,2821,2688,2789,2950,2861,2872,2857,2834,2834,2645,2809,2914,2896,2883,2872,2821,2817,2804,2798,2948,2919,2868,2855,2837,2798,2803,2798
TOF,2945,2812,2697,2393,2341,2307,2281,2128,2802,2732,2698,2719,2765,2787,2737,2357,2941,2906,2892,2844,2773,2710,2614,2557,2919,2900,2884,2875,2839,2832,2766,2787,2926,2887,2888,2876,2853,2820,2649,2823,2923,2905,2856,2860,2841,2816,2592,2794,2915,2898,2850,2854,2852,2795,2754,2798,2930,2915,2882,2848,2826,2813,2827,2815
TOF,2945,2812,2697,2438,2363,2333,2235,2106,2807,2733,2679,2757,2727,2803,2841,2383,2932,2900,2898,2859,2789,2706,2627,2608,2930,2911,2874,2867,2860,2823,2778,2805,2909,2881,2864,2861,2853,2841,2695,2794,2923,2863,2855,2846,2805,2837,2661,2794,2908,2896,2864,2867,2804,2820,2793,2785,2938,2913,2875,2848,2817,2789,2806,2839
TOF,2835,2926,2438,2409,2343,2272,2265,2106,2750,2755,2675,2760,2737,2825,2782,2383,2932,2900,2880,2865,2810,2658,2640,2599,2917,2905,2877,2868,2843,2823,2766,2775,2953,2921,2878,2871,2857,2816,2708,2811,2888,2885,2872,2861,2839,2838,2663,2802,2908,2907,2864,2873,2838,2814,2771,2791,2921,2893,2872,2868,2846,2785,2778,2797
TOF,2973,2926,2445,2409,2348,2306,2246,2083,2817,2745,2713,2718,2727,2766,2807,2332,2941,2911,2896,2852,2806,2692,2632,2644,2930,2905,2874,2884,2842,2823,2775,2800,2932,2884,2869,2871,2858,2846,2730,2777,2913,2885,2876,2853,2829,2819,2659,2796,2907,2914,2869,2847,2812,2825,2790,2806,2905,2885,2883,2826,2806,2796,2839,2789
TOF,2973,2876,2480,2407,2363,2308,2263,2083,2764,2745,2645,2741,2741,2795,2779,2353,2951,2911,2886,2864,2797,2759,2665,2596,2904,2894,2889,2865,2856,2828,2768,2792,2911,2904,2848,2867,2835,2813,2749,2822,2931,2903,2879,2864,2835,2822,2672,2782,2926,2899,2855,2865,2830,2798,2828,2802,2914,2889,2869,2840,2833,2805,2824,2791
TOF,2919,2876,2714,2410,2325,2284,2282,2015,2785,2701,2700,2674,2771,2795,2775,2294,2915,2911,2874,2868,2796,2746,2611,2590,2924,2909,2880,2873,2865,2855,2767,2781,2927,2926,2879,2880,2847,2851,2738,2807,2899,2872,2888,2857,2849,2831,2692,2766,2920,2877,2877,2857,2839,2805,2778,2816,2909,2906,2899,2847,2829,2789,2809,2797
TOF,2919,2532,2528,2371,2380,2309,2242,2166,2817,2727,2694,2655,2811,2787,2761,2294,2943,2900,2882,2862,2801,2746,2644,2561,2912,2897,2878,2884,2838,2812,2773,2794,2929,2890,2866,2862,2834,2814,2729,2792,2918,2867,2843,2843,2849,2810,2685,2792,2916,2892,2870,2836,2827,2809,2768,2785,2929,2887,2883,2833,2841,2815,2805,2786
TOF,2865,2878,2528,2289,2373,2281,2246,1929,2814,2721,2652,2665,2899,2792,2813,2479,2945,2918,2875,2848,2790,2767,2638,2579,2962,2893,2883,2892,2853,2822,2779,2762,2907,2897,2883,2841,2851,2802,2711,2823,2887,2898,2874,2854,2849,2815,2658,2796,2931,2883,2856,2850,2833,2832,2785,2788,2927,2890,2865,2837,2837,2811,2823,2783
TOF,2963,2808,2525,2344,2376,2294,2264,1943,2813,2720,2736,2700,2800,2777,2680,2380,2936,2912,2898,2843,2811,2729,2597,2649,2964,2901,2885,2871,2851,2821,2793,2778,2913,2895,2870,2879,2858,2836,2746,2800,2915,2900,2879,2832,2838,2820,2681,2793,2922,2870,2870,2839,2822,2814,2779,2800,2919,2899,2877,2872,2833,2827,2821,2813
TOF,2864,2808,2431,2429,2376,2287,2227,2230,2767,2699,2644,2748,2830,2742,2752,2785,2950,2900,2883,2856,2811,2686,2603,2708,2913,2895,2872,2877,2850,2827,2782,2789,2873,2895,2866,2873,2852,2832,2719,2814,2907,2901,2873,2866,2837,2808,2675,2785,2924,2902,2872,2825,2818,2810,2773,2792,2942,2869,2883,2848,2841,2840,2788,2789
TOF,2864,2502,2431,2430,2367,2278,2223,2223,2783,2701,2630,2646,2762,2794,2749,2690,2946,2911,2875,2860,2794,2715,2605,2626,2908,2910,2880,2862,2848,2859,2743,2809,2903,2901,2862,2858,2838,2811,2740,2803,2931,2886,2871,2855,2820,2828,2681,2792,2936,2900,2861,2855,2824,2829,2751,2780,2900,2895,2880,2843,2811,2801,2827,2767
TOF,2756,2502,2571,2357,2334,2290,2249,2076,2731,2750,2682,2675,2778,2748,2812,2381,2930,2906,2875,2854,2790,2690,2616,2588,2926,2916,2895,2858,2853,2842,2748,2791,2925,2905,2872,2876,2856,2809,2723,2773,2918,2861,2861,2856,2856,2822,2660,2785,2879,2894,2870,2848,2841,2808,2773,2793,2940,2887,2862,2818,2859,2813,2858,2852
TOF,2893,2677,2433,2366,2336,2323,2288,2067,2815,2743,2709,2827,2793,2751,2744,2747,2936,2883,2890,2867,2798,2703,2634,2610,2914,2914,2892,2873,2851,2805,2752,2796,2907,2883,2859,2835,2851,2837,2807,2791,2936,2903,2879,2833,2833,2791,2663,2801,2910,2870,2842,2867,2819,2809,2804,2820,2930,2879,2865,2860,2840,2816,2821,2803
TOF,2945,2677,2433,2456,2359,2314,2220,2084,2848,2712,2709,2761,2761,2808,2804,2327,2942,2925,2876,2891,2775,2665,2609,2636,2898,2921,2867,2881,2859,2843,2772,2776,2913,2891,2862,2845,2847,2821,2692,2787,2905,2895,2869,2866,2814,2809,2619,2803,2900,2905,2865,2825,2841,2809,2806,2806,2938,2884,2852,2864,2838,2779,2817,2801
TOF,2982,2923,2712,2395,2352,2310,2275,2235,2774,2722,2657,2711,2783,2773,2797,2345,2955,2882,2909,2859,2803,2731,2597,2639,2909,2922,2896,2859,2852,2852,2794,2801,2920,2893,2885,2879,2857,2826,2722,2789,2893,2913,2844,2867,2831,2837,2602,2782,2917,2904,2859,2854,2835,2789,2803,2809,2924,2920,2870,2850,2825,2764,2822,2789
TOF,2906,2870,2712,2379,2362,2326,2225,2235,2814,2725,2698,2690,2791,2785,2720,2345,2929,2903,2889,2856,2841,2680,2607,2595,2943,2903,2880,2849,2831,2814,2760,2771,2934,2909,2866,2878,2861,2826,2739,2804,2921,2858,2884,2845,2826,2804,2685,2796,2913,2864,2887,2863,2831,2822,2779,2761,2909,2865,2887,2859,2841,2783,2812,2803
TOF,2862,2870,2836,2344,2349,2302,2221,2034,2769,2713,2688,2693,2784,2778,2782,2370,2948,2918,2880,2863,2796,2703,2661,2619,2918,2879,2900,2860,2833,2820,2765,2803,2939,2903,2861,2838,2835,2822,2727,2783,2902,2867,2860,2857,2837,2808,2650,2776,2907,2879,2870,2858,2827,2806,2772,2777,2917,2902,2869,2872,2853,2778,2808,2795
TOF,2843,2870,2506,2402,2375,2301,2239,2171,2777,2691,2700,2741,2730,2755,2699,2370,2934,2917,2871,2859,2817,2748,2622,2569,2915,2900,2878,2876,2840,2816,2756,2781,2924,2894,2869,2848,2844,2837,2706,2814,2917,2879,2867,2855,2851,2825,2648,2800,2927,2885,2878,2849,2825,2817,2820,2806,2930,2891,2864,2834,2855,2790,2839,2798
TOF,2911,2666,2770,2409,2307,2310,2244,2035,2811,2781,2666,2721,2720,2819,2677,2747,2929,2903,2889,2852,2792,2697,2613,2619,2938,2913,2881,2883,2843,2826,2737,2799,2918,2899,2864,2855,2839,2839,2756,2817,2945,2890,2864,2853,2852,2819,2667,2787,2903,2890,2866,2868,2837,2826,2752,2808,2928,2881,2870,2866,2813,2794,2800,2782
TOF,2911,2666,2567,2437,2343,2263,2259,2221,2801,2757,2686,2676,2760,2777,2792,2364,2957,2908,2865,2883,2821,2758,2621,2642,2921,2905,2871,2853,2867,2839,2766,2772,2926,2885,2859,2860,2828,2846,2707,2795,2948,2902,2873,2833,2856,2807,2699,2792,2906,2898,2868,2855,2819,2796,2786,2792,2931,2888,2889,2835,2836,2781,2802,2798
TOF,2952,2713,2567,2427,2367,2337,2259,2106,2830,2713,2702,2700,2760,2762,2794,2364,2939,2901,2854,2861,2820,2747,2618,2627,2918,2896,2886,2864,2849,2835,2774,2791,2906,2894,2891,2878,2848,2823,2702,2796,2913,2897,2866,2853,2845,2814,2667,2804,2914,2873,2869,2846,2819,2824,2788,2783,2923,2884,2868,2821,2829,2802,2812,2810
TOF,2933,2677,2461,2398,2364,2282,2275,2000,2777,2730,2705,2706,2860,2739,2726,2395,2939,2926,2883,2861,2815,2732,2644,2604,2918,2897,2868,2867,2843,2817,2774,2796,2914,2904,2874,2850,2845,2825,2730,2808,2894,2899,2854,2851,2869,2803,2684,2798,2944,2884,2860,2867,2804,2797,2737,2800,2934,2903,2861,2843,2837,2810,2780,2794
TOF,2917,2677,2416,2361,2345,2291,2267,2013,2810,2714,2667,2723,2656,2773,2685,2303,2922,2911,2901,2864,2794,2689,2618,2601,2930,2892,2884,2866,2860,2840,2729,2808,2884,2896,2869,2885,2829,2824,2718,2783,2926,2888,2873,2850,2809,2817,2663,2799,2907,2892,2863,2852,2830,2813,2749,2782,2921,2897,2877,2866,2838,2812,2820,2828
TOF,2876,2809,2485,2346,2338,2283,2262,2068,2759,2763,2700,2700,2800,2797,2768,2426,2944,2877,2889,2859,2802,2701,2614,2592,2938,2885,2888,2850,2814,2811,2746,2790,2893,2905,2880,2869,2844,2825,2745,2785,2909,2880,2873,2853,2845,2809,2697,2807,2899,2870,2880,2863,2834,2796,2779,2798,2892,2903,2848,2881,2840,2797,2785,2812
TOF,2876,2809,2418,2476,2345,2300,2275,2125,2788,2762,2678,2702,2702,2830,2720,2686,2944,2905,2901,2849,2769,2705,2617,2603,2931,2885,2882,2853,2857,2820,2762,2802,2930,2902,2873,2887,2834,2811,2668,2780,2921,2891,2864,2849,2825,2813,2686,2775,2939,2878,2875,2851,2822,2814,2788,2788,2947,2894,2865,2852,2819,2804,2825,2817
TOF,2877,2809,2726,2521,2361,2291,2228,2062,2775,2743,2712,2695,2753,2819,2726,2721,2960,2923,2887,2860,2791,2765,2644,2604,2963,2908,2898,2863,2837,2836,2780,2779,2936,2907,2885,2849,2830,2843,2715,2794,2898,2891,2872,2862,2834,2828,2680,2802,2910,2906,2851,2867,2839,2823,2780,2795,2913,2898,2879,2846,2827,2798,2827,2808
TOF,2898,2860,2652,2404,2360,2312,2238,2213,2772,2755,2696,2680,2659,2821,2755,2384,2939,2930,2888,2876,2775,2745,2629,2575,2932,2886,2869,2875,2864,2833,2810,2814,2927,2899,2887,2878,2843,2835,2718,2792,2913,2909,2873,2871,2841,2835,2705,2786,2927,2901,2865,2844,2828,2803,2787,2812,2908,2893,2860,2851,2810,2795,2816,2794
TOF,2818,2808,2569,2350,2320,2303,2269,2213,2779,2745,2654,2692,2728,2735,2796,2384,2909,2886,2885,2890,2803,2743,2625,2629,2914,2904,2875,2860,2864,2833,2749,2805,2929,2881,2877,2848,2840,2833,2716,2776,2931,2896,2867,2850,2852,2804,2637,2796,2887,2882,2873,2853,2827,2794,2786,2808,2938,2891,2862,2858,2830,2777,2811,2807
TOF,2862,2811,2544,2414,2373,2300,2277,2087,2813,2755,2745,2680,2738,2747,2781,2283,2941,2910,2897,2875,2816,2731,2633,2603,2909,2899,2858,2851,2857,2832,2755,2794,2927,2889,2858,2844,2814,2847,2743,2784,2920,2895,2857,2855,2854,2821,2662,2806,2928,2876,2879,2856,2832,2814,2821,2805,2909,2890,2867,2875,2832,2784,2802,2789
TOF,2758,2754,2689,2456,2321,2285,2277,2087,2758,2794,2668,2686,2790,2771,2783,2359,2917,2893,2870,2872,2814,2673,2631,2585,2946,2899,2900,2872,2848,2811,2760,2805,2902,2896,2880,2858,2852,2821,2702,2805,2910,2878,2889,2861,2831,2837,2701,2774,2915,2855,2887,2839,2820,2806,2795,2814,2894,2888,2887,2850,2824,2781,2806,2810
TOF,2758,2754,2526,2325,2359,2296,2204,1954,2797,2739,2689,2731,2787,2766,2800,2319,2922,2894,2840,2869,2788,2720,2608,2616,2922,2904,2862,2857,2864,2801,2786,2805,2926,2913,2894,2855,2845,2821,2679,2812,2925,2885,2870,2858,2831,2838,2655,2805,2930,2900,2869,2822,2846,2806,2789,2779,2952,2906,2887,2853,2826,2791,2802,2784
TOF,2960,2754,2530,2389,2354,2315,2297,2023,2820,2742,2685,2703,2801,2822,2782,2319,2932,2902,2895,2875,2836,2727,2603,2613,2940,2893,2872,2842,2877,2827,2772,2768,2934,2922,2892,2866,2836,2833,2684,2819,2909,2933,2868,2850,2858,2828,2689,2782,2894,2897,2853,2845,2820,2833,2793,2778,2937,2885,2877,2850,2860,2835,2789,2793
TOF,2897,2831,2530,2422,2364,2303,2216,2253,2827,2734,2722,2749,2725,2804,2796,2601,2930,2899,2908,2870,2808,2665,2644,2609,2951,2905,2869,2876,2860,2855,2774,2805,2922,2915,2882,2856,2866,2828,2728,2800,2927,2907,2873,2832,2849,2823,2759,2797,2925,2883,2854,2849,2824,2826,2774,2776,2956,2890,2880,2867,2835,2787,2815,2778
TOF,2840,2456,2648,2382,2327,2296,2242,2100,2823,2715,2704,2669,2729,2831,2808,2601,2946,2914,2879,2858,2778,2619,2654,2598,2932,2909,2871,2852,2849,2813,2777,2783,2927,2890,2879,2859,2829,2837,2727,2812,2907,2901,2868,2850,2846,2834,2704,2805,2944,2869,2870,2878,2816,2818,2728,2814,2940,2895,2863,2845,2829,2803,2818,2821
TOF,2899,2876,2642,2370,2376,2314,2228,1985,2800,2727,2657,2695,2795,2782,2787,2417,2945,2917,2891,2839,2788,2704,2632,2602,2922,2900,2875,2871,2849,2839,2767,2793,2898,2891,2889,2854,2845,2820,2744,2810,2932,2881,2875,2843,2854,2799,2636,2809,2880,2877,2846,2852,2832,2809,2775,2779,2944,2909,2873,2870,2833,2812,2805,2808
TOF,2899,2876,2458,2384,2365,2291,2305,2092,2791,2717,2711,2652,2699,2835,2793,2712,2946,2911,2887,2891,2778,2737,2639,2616,2930,2912,2892,2877,2858,2815,2772,2763,2928,2891,2870,2863,2851,2841,2729,2823,2935,2871,2861,2847,2830,2830,2687,2807,2914,2914,2871,2839,2815,2800,2774,2815,2900,2874,2866,2847,2839,2801,2824,2758
TOF,2889,2821,2879,2414,2343,2279,2264,2092,2817,2777,2670,2726,2671,2848,2807,2396,2948,2914,2909,2855,2794,2722,2635,2644,2933,2917,2892,2871,2852,2815,2776,2790,2900,2871,2885,2863,2850,2830,2727,2792,2907,2862,2870,2851,2847,2826,2696,2801,2920,2883,2860,2845,2826,2839,2779,2780,2912,2894,2886,2864,2822,2807,2813,2804
TOF,2967,2899,2797,2409,2375,2310,2285,2002,2841,2742,2715,2677,2786,2731,2794,2396,2935,2905,2891,2863,2811,2712,2617,2601,2927,2912,2876,2880,2845,2847,2778,2785,2914,2900,2872,2874,2841,2814,2706,2786,2908,2872,2876,2856,2826,2820,2733,2761,2906,2909,2860,2855,2829,2796,2763,2783,2941,2898,2874,2844,2848,2811,2751,2802
TOF,3001,2675,2797,2382,2329,2322,2157,2002,2784,2724,2689,2685,2791,2774,2713,2545,2930,2902,2885,2860,2823,2721,2619,2610,2907,2906,2893,2885,2845,2832,2762,2786,2935,2877,2878,2865,2837,2824,2732,2788,2870,2888,2873,2853,2849,2807,2671,2780,2929,2871,2875,2850,2824,2811,2737,2799,2945,2908,2869,2859,2860,2794,2789,2772
TOF,2873,2675,2676,2409,2333,2302,2208,2002,2800,2734,2654,2668,2819,2762,2788,2357,2958,2908,2882,2856,2783,2717,2601,2674,2956,2938,2910,2862,2863,2823,2767,2797,2906,2896,2898,2879,2862,2830,2668,2771,2907,2881,2877,2832,2809,2817,2678,2800,2917,2887,2856,2848,2834,2795,2769,2786,2942,2896,2876,2836,2839,2787,2806,2798
TOF,2948,2675,2490,2395,2373,2285,2260,2002,2785,2726,2704,2615,2788,2816,2807,2357,2981,2914,2867,2864,2799,2736,2634,2587,2961,2904,2887,2875,2852,2833,2799,2782,2921,2912,2872,2871,2844,2834,2761,2787,2891,2889,2865,2842,2839,2804,2684,2799,2931,2886,2864,2845,2820,2791,2788,2808,2898,2909,2874,2855,2865,2794,2853,2804
TOF,2898,2675,2490,2379,2353,2302,2242,1945,2805,2763,2693,2719,2744,2793,2773,2431,2932,2884,2893,2862,2807,2715,2597,2585,2938,2897,2881,2866,2862,2840,2759,2750,2914,2906,2864,2854,2838,2829,2711,2790,2899,2912,2880,2864,2853,2801,2732,2797,2916,2876,2858,2848,2824,2798,2800,2792,2939,2898,2894,2852,2814,2770,2809,2824
TOF,2898,2675,2490,2420,2356,2320,2272,2056,2839,2733,2663,2715,2834,2774,2823,2355,2945,2914,2876,2870,2740,2728,2622,2651,2918,2909,2898,2872,2856,2842,2773,2770,2943,2910,2867,2872,2850,2822,2679,2795,2900,2860,2857,2852,2835,2815,2644,2787,2904,2888,2885,2858,2832,2813,2774,2799,2948,2908,2870,2864,2857,2798,2785,2782
TOF,2931,2479,2473,2409,2377,2293,2184,2068,2763,2729,2718,2714,2774,2821,2598,2355,2946,2897,2875,2864,2808,2694,2621,2603,2918,2905,2871,2869,2838,2835,2767,2779,2930,2915,2901,2875,2859,2823,2705,2808,2907,2881,2866,2843,2838,2811,2710,2799,2883,2886,2854,2868,2821,2801,2769,2786,2962,2931,2868,2837,2821,2816,2801,2802
TOF,2931,2793,2473,2389,2418,2310,2275,2099,2787,2765,2695,2725,2767,2782,2781,2787,2956,2931,2907,2867,2819,2726,2651,2661,2914,2914,2878,2859,2844,2816,2777,2770,2905,2886,2881,2847,2831,2836,2752,2800,2935,2895,2861,2864,2853,2823,2665,2811,2908,2919,2878,2833,2821,2803,2789,2805,2927,2902,2895,2879,2826,2794,2826,2806
TOF,2895,2865,2785,2409,2335,2320,2294,2165,2760,2750,2693,2778,2746,2765,2779,2787,2943,2898,2884,2853,2800,2719,2610,2621,2923,2882,2899,2873,2861,2822,2792,2770,2954,2901,2866,2883,2860,2821,2690,2796,2916,2887,2888,2842,2821,2817,2697,2783,2904,2896,2863,2824,2811,2805,2800,2819,2942,2896,2861,2850,2867,2799,2810,2850
TOF,2945,2548,2785,2383,2368,2319,2268,2024,2790,2751,2692,2717,2728,2783,2823,2373,2931,2922,2866,2841,2771,2708,2626,2653,2914,2898,2889,2851,2860,2829,2781,2755,2952,2899,2876,2840,2839,2824,2719,2802,2962,2871,2872,2849,2860,2826,2684,2809,2924,2888,2849,2849,2822,2817,2831,2803,2942,2885,2880,2846,2842,2807,2841,2823
TOF,2948,2548,2524,2394,2342,2306,2261,2024,2800,2754,2688,2702,2738,2821,2798,2687,2957,2918,2882,2855,2799,2723,2599,2697,2934,2900,2900,2878,2846,2839,2765,2765,2938,2874,2865,2857,2834,2837,2718,2785,2899,2883,2863,2862,2835,2836,2620,2825,2941,2894,2878,2846,2823,2802,2813,2808,2949,2921,2903,2870,2844,2801,2813,2782
TOF,2929,2548,2684,2394,2374,2329,2316,2093,2782,2696,2669,2625,2673,2777,2744,2774,2904,2909,2887,2872,2812,2717,2608,2670,2927,2903,2892,2856,2847,2829,2733,2779,2928,2902,2885,2856,2825,2824,2709,2807,2933,2906,2902,2840,2832,2804,2670,2788,2930,2912,2855,2856,2827,2818,2797,2803,2956,2893,2870,2837,2825,2817,2808,2781
TOF,2906,2548,2569,2342,2324,2311,2246,2067,2733,2695,2661,2720,2748,2813,2709,2334,2965,2916,2891,2870,2798,2704,2618,2614,2925,2877,2887,2866,2876,2823,2769,2810,2923,2889,2858,2844,2857,2845,2699,2784,2924,2899,2873,2851,2822,2835,2692,2782,2907,2908,2863,2851,2847,2816,2778,2785,2921,2914,2901,2849,2853,2782,2841,2789
TOF,2906,2636,2568,2359,2324,2318,2277,2067,2747,2746,2660,2689,2721,2761,2774,2311,2924,2906,2891,2853,2807,2665,2635,2626,2935,2892,2890,2862,2838,2836,2765,2786,2938,2883,2870,2871,2855,2824,2691,2799,2931,2892,2863,2841,2843,2824,2679,2803,2929,2887,2888,2841,2819,2825,2776,2779,2922,2882,2903,2850,2845,2783,2825,2817
TOF,2908,2636,2568,2425,2351,2332,2234,2067,2747,2764,2639,2757,2711,2753,2780,2402,2945,2914,2889,2857,2794,2728,2661,2586,2920,2907,2858,2866,2848,2809,2779,2787,2955,2886,2886,2858,2838,2826,2733,2822,2912,2887,2870,2838,2827,2821,2612,2807,2912,2895,2849,2826,2845,2805,2806,2776,2922,2895,2855,2817,2817,2794,2813,2794
TOF,2961,2636,2476,2411,2378,2288,2250,2108,2727,2709,2676,2711,2768,2742,2801,2402,2937,2920,2890,2857,2813,2744,2661,2618,2933,2914,2890,2852,2843,2837,2756,2771,2927,2917,2872,2869,2842,2830,2738,2810,2883,2888,2884,2851,2835,2812,2716,2786,2900,2895,2867,2883,2822,2817,2810,2772,2929,2889,2865,2835,2845,2813,2820,2796
TOF,2961,2636,2476,2455,2378,2317,2239,2205,2795,2707,2697,2713,2760,2761,2735,2365,2936,2930,2881,2863,2814,2704,2631,2672,2928,2897,2879,2877,2863,2837,2769,2787,2932,2915,2870,2879,2854,2836,2718,2793,2956,2907,2868,2860,2836,2838,2662,2807,2931,2908,2859,2838,2845,2826,2737,2777,2916,2894,2877,2842,2827,2775,2837,2818
TOF,2952,2831,2580,2423,2356,2282,2281,2205,2803,2743,2648,2763,2708,2779,2743,2408,2944,2916,2894,2854,2829,2740,2603,2636,2951,2893,2909,2882,2844,2839,2774,2776,2925,2892,2869,2877,2857,2828,2735,2812,2928,2882,2871,2851,2840,2839,2718,2789,2909,2890,2871,2864,2843,2811,2821,2788,2943,2887,2876,2876,2821,2781,2845,2787
TOF,2775,2831,2448,2368,2355,2295,2248,2143,2845,2731,2652,2714,2758,2837,2759,2422,2940,2929,2901,2848,2788,2693,2586,2553,2918,2903,2857,2895,2846,2822,2760,2826,2891,2900,2871,2855,2832,2813,2708,2809,2932,2904,2881,2880,2838,2824,2707,2777,2925,2899,2868,2861,2833,2817,2793,2779,2969,2908,2882,2868,2830,2793,2783,2816
TOF,2980,2831,2424,2432,2334,2268,2269,2097,2795,2769,2686,2754,2750,2770,2801,2422,2971,2918,2907,2850,2812,2689,2595,2599,2921,2893,2895,2862,2865,2814,2792,2782,2908,2905,2878,2848,2855,2830,2712,2819,2909,2889,2871,2857,2843,2826,2647,2779,2915,2887,2851,2877,2824,2810,2813,2808,2931,2889,2846,2856,2838,2799,2819,2784
TOF,2809,2831,2424,2401,2327,2314,2249,2053,2829,2734,2675,2707,2755,2790,2811,2723,2950,2924,2889,2861,2802,2705,2588,2608,2907,2880,2885,2868,2854,2834,2777,2778,2925,2895,2870,2869,2848,2828,2728,2812,2921,2886,2870,2846,2826,2809,2685,2793,2934,2890,2853,2837,2835,2801,2720,2802,2946,2907,2864,2816,2834,2791,2797,2784
TOF,2940,2873,2788,2328,2351,2337,2189,2140,2819,2738,2671,2684,2780,2799,2756,2723,2922,2888,2889,2871,2793,2750,2593,2579,2922,2891,2869,2878,2862,2812,2775,2772,2956,2918,2868,2861,2838,2813,2736,2797,2933,2884,2874,2861,2854,2808,2704,2776,2917,2894,2857,2852,2828,2782,2770,2808,2922,2894,2863,2858,2841,2802,2800,2793
TOF,2709,2873,2600,2424,2375,2318,2240,2106,2815,2768,2686,2706,2777,2776,2814,2765,2934,2926,2872,2873,2767,2715,2640,2567,2957,2911,2881,2854,2868,2823,2785,2779,2943,2885,2874,2849,2832,2818,2717,2796,2938,2872,2864,2859,2863,2817,2658,2783,2919,2896,2850,2830,2831,2797,2826,2790,2928,2925,2878,2858,2848,2773,2801,2803
TOF,2834,2648,2600,2388,2362,2297,2213,2179,2781,2785,2696,2680,2856,2789,2763,2534,2956,2905,2904,2879,2769,2745,2653,2637,2961,2897,2890,2866,2853,2813,2787,2775,2911,2909,2870,2870,2849,2835,2738,2819,2934,2897,2897,2849,2846,2820,2618,2823,2928,2904,2884,2856,2815,2808,2787,2813,2903,2896,2877,2870,2835,2814,2794,2798
TOF,2834,2490,2465,2407,2347,2322,2244,1983,2781,2732,2680,2707,2674,2731,2788,2664,2960,2914,2903,2876,2796,2742,2611,2618,2960,2899,2895,2861,2851,2840,2751,2785,2918,2885,2877,2860,2853,2818,2766,2810,2920,2865,2862,2865,2847,2822,2643,2774,2919,2881,2871,2867,2823,2789,2822,2803,2946,2907,2862,2851,2813,2784,2807,2778
TOF,2768,2927,2465,2400,2369,2303,2116,2103,2779,2753,2695,2691,2708,2798,2733,2516,2934,2909,2889,2855,2797,2731,2621,2634,2937,2915,2887,2870,2869,2823,2765,2796,2943,2922,2872,2864,2825,2821,2739,2794,2884,2890,2876,2852,2843,2838,2685,2787,2918,2919,2846,2829,2837,2796,2822,2795,2905,2892,2868,2854,2826,2803,2815,2808
TOF,2913,2927,2450,2402,2343,2332,2279,2118,2804,2690,2645,2726,2753,2755,2771,2388,2958,2923,2876,2856,2762,2696,2604,2615,2952,2903,2855,2884,2846,2825,2774,2770,2937,2905,2888,2858,2840,2814,2737,2811,2908,2882,2871,2832,2841,2814,2674,2789,2912,2876,2857,2845,2841,2783,2780,2787,2926,2895,2876,2835,2835,2782,2817,2800
TOF,2925,2927,2452,2412,2366,2314,2199,2097,2770,2748,2682,2729,2676,2739,2809,2388,2946,2905,2896,2846,2835,2729,2636,2631,2899,2918,2897,2871,2847,2843,2774,2797,2942,2905,2888,2867,2837,2820,2686,2803,2929,2875,2884,2854,2844,2820,2679,2784,2893,2883,2877,2841,2848,2796,2737,2809,2932,2888,2870,2843,2839,2798,2799,2811
TOF,2942,2906,2400,2361,2352,2315,2252,2093,2773,2739,2680,2704,2762,2803,2791,2371,2950,2910,2897,2872,2814,2666,2602,2614,2954,2903,2856,2870,2846,2845,2782,2771,2944,2910,2884,2864,2844,2835,2618,2778,2905,2879,2899,2854,2835,2836,2686,2786,2921,2888,2856,2826,2818,2790,2760,2783,2932,2885,2883,2843,2834,2777,2840,2798
TOF,2942,2878,2431,2347,2321,2314,2269,2064,2802,2733,2687,2659,2678,2797,2763,2397,2930,2924,2912,2865,2802,2747,2619,2587,2948,2900,2918,2853,2842,2820,2764,2790,2898,2907,2885,2869,2853,2829,2737,2830,2915,2861,2869,2847,2820,2830,2681,2811,2938,2917,2883,2845,2812,2817,2790,2804,2956,2885,2891,2829,2849,2797,2826,2818
TOF,2982,2784,2466,2347,2328,2280,2308,2021,2811,2728,2687,2721,2672,2813,2795,2334,2936,2916,2894,2853,2803,2696,2614,2617,2955,2900,2897,2861,2849,2825,2770,2781,2903,2915,2896,2851,2845,2833,2735,2787,2913,2877,2884,2840,2816,2815,2624,2782,2914,2894,2862,2867,2840,2817,2765,2789,2924,2894,2894,2857,2820,2814,2811,2788
TOF,2898,2625,2629,2384,2358,2308,2234,1958,2763,2753,2666,2695,2724,2775,2753,2226,2950,2919,2887,2868,2805,2700,2620,2640,2934,2921,2877,2880,2848,2843,2791,2791,2933,2898,2874,2889,2852,2818,2722,2807,2888,2912,2879,2858,2821,2798,2715,2777,2920,2907,2867,2823,2828,2812,2776,2779,2939,2901,2892,2835,2822,2788,2838,2788
TOF,2844,2865,2454,2395,2339,2322,2243,1958,2762,2745,2705,2679,2786,2833,2772,2518,2930,2926,2885,2870,2832,2669,2620,2697,2947,2913,2890,2863,2848,2830,2768,2797,2924,2893,2881,2871,2837,2843,2786,2782,2907,2888,2897,2855,2840,2820,2689,2792,2907,2895,2868,2842,2815,2816,2772,2789,2924,2910,2899,2844,2826,2802,2804,2775
TOF,2824,2673,2425,2388,2363,2298,2250,1958,2814,2782,2720,2690,2834,2827,2692,2455,2927,2913,2901,2856,2798,2692,2613,2588,2921,2908,2902,2869,2854,2846,2769,2783,2913,2882,2890,2848,2850,2820,2729,2782,2932,2908,2880,2855,2840,2826,2650,2803,2921,2882,2881,2884,2831,2829,2795,2802,2950,2888,2887,2861,2843,2797,2829,2781
TOF,2865,2673,2853,2353,2360,2317,2227,1958,2858,2773,2716,2697,2738,2709,2767,2732,2941,2874,2891,2872,2770,2751,2620,2585,2928,2910,2900,2869,2846,2828,2790,2793,2924,2918,2878,2862,2837,2849,2732,2776,2934,2889,2878,2846,2870,2828,2750,2786,2907,2896,2861,2875,2827,2796,2806,2800,2937,2896,2881,2842,2842,2780,2805,2812
TOF,2913,2673,2667,2384,2348,2291,2207,2043,2790,2727,2677,2752,2814,2800,2787,2347,2956,2920,2869,2888,2816,2687,2640,2617,2946,2930,2861,2862,2868,2835,2790,2783,2920,2894,2864,2854,2848,2830,2734,2798,2915,2874,2870,2858,2816,2839,2643,2794,2901,2891,2858,2827,2847,2821,2826,2800,2924,2910,2884,2852,2833,2807,2816,2816
TOF,2931,3079,2691,2370,2345,2312,2231,2096,2784,2748,2711,2696,2693,2763,2762,2347,2940,2897,2892,2865,2807,2706,2604,2611,2923,2907,2879,2866,2852,2821,2796,2789,2920,2892,2868,2853,2851,2823,2736,2818,2917,2881,2869,2837,2820,2819,2637,2790,2918,2905,2864,2842,2836,2822,2739,2797,2928,2900,2898,2865,2822,2767,2845,2791
TOF,2931,2749,2691,2427,2343,2305,2224,2054,2773,2730,2722,2700,2759,2772,2764,2284,2951,2930,2906,2867,2803,2733,2660,2591,2948,2895,2883,2856,2867,2837,2776,2787,2947,2906,2871,2854,2840,2827,2698,2782,2935,2870,2864,2859,2841,2804,2634,2781,2912,2890,2854,2863,2838,2799,2780,2779,2915,2906,2897,2853,2810,2808,2817,2799
TOF,2883,2749,2691,2397,2344,2293,2259,2036,2862,2723,2696,2622,2645,2785,2736,2482,2942,2910,2888,2857,2802,2672,2624,2588,2909,2915,2874,2886,2853,2852,2788,2781,2907,2906,2868,2887,2835,2829,2731,2792,2933,2898,2875,2862,2841,2810,2696,2784,2917,2890,2873,2858,2835,2821,2769,2799,2927,2884,2874,2832,2822,2791,2808,2787
TOF,2883,2749,2520,2381,2337,2321,2272,1940,2790,2737,2698,2731,2685,2798,2765,2722,2951,2915,2889,2886,2776,2689,2599,2608,2918,2911,2875,2884,2853,2813,2772,2797,2963,2907,2886,2889,2848,2842,2763,2804,2911,2877,2887,2865,2856,2821,2668,2792,2912,2887,2854,2870,2831,2815,2787,2799,2969,2912,2875,2847,2809,2790,2810,2782
TOF,2883,2749,2428,2372,2363,2278,2229,2066,2820,2734,2681,2706,2742,2783,2765,2364,2933,2919,2893,2872,2808,2743,2631,2601,2914,2887,2890,2866,2854,2814,2794,2812,2944,2879,2854,2846,2864,2821,2700,2806,2915,2894,2880,2849,2835,2819,2685,2796,2923,2936,2861,2892,2828,2817,2730,2789,2913,2888,2861,2846,2857,2795,2821,2811
TOF,2871,2936,2556,2359,2342,2326,2262,2003,2803,2731,2694,2679,2806,2801,2747,2368,2939,2891,2882,2862,2793,2690,2585,2615,2929,2900,2892,2894,2851,2833,2792,2777,2897,2925,2874,2862,2853,2830,2737,2780,2918,2894,2863,2860,2831,2829,2623,2801,2901,2909,2866,2853,2833,2778,2783,2794,2920,2873,2896,2843,2825,2783,2825,2780
TOF,2871,2914,2488,2386,2375,2292,2262,2003,2790,2714,2680,2743,2749,2779,2777,2368,2971,2909,2914,2871,2836,2782,2603,2601,2936,2927,2872,2872,2855,2830,2774,2790,2940,2917,2882,2865,2855,2851,2717,2790,2940,2883,2872,2855,2837,2817,2698,2789,2903,2900,2883,2841,2806,2793,2807,2785,2935,2894,2876,2872,2824,2777,2813,2781
TOF,2955,2914,2488,2403,2345,2300,2243,2003,2841,2719,2677,2690,2813,2827,2723,2325,2950,2909,2887,2877,2800,2736,2592,2582,2930,2907,2886,2859,2847,2837,2780,2794,2955,2889,2879,2878,2842,2820,2747,2796,2941,2874,2880,2865,2841,2808,2653,2773,2892,2888,2860,2838,2843,2821,2802,2783,2913,2897,2880,2842,2828,2807,2811,2786
TOF,2955,2544,2508,2381,2322,2335,2239,2106,2795,2750,2756,2669,2725,2820,2814,2325,2959,2894,2889,2875,2793,2702,2606,2609,2951,2902,2879,2880,2866,2845,2770,2797,2931,2887,2876,2849,2859,2834,2749,2784,2911,2896,2875,2852,2848,2825,2646,2788,2904,2906,2875,2852,2829,2801,2787,2808,2950,2891,2876,2860,2820,2790,2833,2811
TOF,2939,2464,2589,2411,2343,2279,2265,1999,2826,2769,2666,2647,2786,2801,2788,2731,2934,2930,2889,2849,2808,2715,2627,2617,2917,2931,2883,2850,2852,2843,2797,2782,2924,2902,2889,2878,2834,2812,2743,2812,2932,2925,2860,2880,2842,2820,2644,2773,2923,2890,2857,2884,2824,2805,2791,2785,2938,2893,2870,2824,2841,2813,2816,2786
TOF,2839,2464,2448,2418,2368,2279,2239,2118,2822,2673,2692,2735,2780,2806,2797,2731,2960,2897,2886,2867,2812,2733,2615,2604,2936,2943,2873,2869,2849,2820,2772,2791,2914,2886,2861,2885,2838,2821,2730,2800,2940,2903,2875,2846,2839,2846,2663,2793,2915,2880,2885,2845,2819,2814,2746,2793,2935,2889,2879,2856,2830,2786,2826,2824
TOF,2839,2514,2464,2365,2356,2269,2269,2043,2785,2693,2652,2730,2786,2727,2775,2391,2951,2924,2880,2854,2817,2728,2608,2570,2927,2913,2871,2862,2870,2844,2766,2769,2953,2898,2901,2872,2872,2836,2722,2780,2895,2906,2877,2851,2834,2820,2696,2784,2912,2904,2857,2869,2845,2821,2726,2764,2933,2895,2883,2871,2835,2796,2835,2794
TOF,2612,2514,2782,2470,2360,2298,2233,2074,2773,2675,2693,2748,2711,2776,2804,2750,2953,2902,2898,2856,2806,2670,2646,2607,2922,2915,2872,2861,2876,2824,2768,2789,2925,2901,2873,2860,2857,2819,2736,2786,2915,2907,2866,2859,2836,2788,2697,2806,2921,2878,2850,2844,2845,2792,2842,2776,2938,2904,2868,2835,2846,2815,2822,2809
TOF,2798,2689,2407,2378,2383,2337,2242,2133,2734,2695,2685,2739,2678,2756,2755,2386,2936,2906,2891,2851,2818,2726,2636,2629,2953,2904,2885,2874,2846,2823,2753,2779,2911,2920,2867,2851,2850,2816,2765,2807,2930,2903,2875,2848,2851,2819,2681,2801,2918,2896,2882,2839,2854,2821,2784,2799,2945,2900,2885,2829,2841,2804,2825,2787
TOF,2935,2689,2407,2400,2394,2308,2275,2012,2756,2702,2685,2764,2767,2753,2752,2394,2935,2906,2884,2854,2797,2760,2628,2587,2910,2875,2871,2861,2833,2830,2771,2804,2925,2902,2872,2878,2826,2854,2712,2822,2920,2909,2879,2848,2835,2819,2671,2786,2925,2899,2857,2864,2830,2819,2783,2796,2926,2873,2874,2847,2834,2806,2826,2826
TOF,2912,2689,2434,2377,2316,2316,2226,2198,2782,2715,2686,2678,2812,2690,2734,2750,2950,2899,2877,2862,2829,2740,2628,2599,2928,2902,2868,2861,2844,2831,2762,2813,2913,2922,2885,2850,2852,2817,2728,2805,2907,2899,2861,2864,2856,2809,2679,2792,2896,2881,2864,2852,2833,2821,2781,2820,2911,2893,2897,2838,2837,2827,2792,2825
TOF,2821,2562,2434,2430,2324,2315,2235,2212,2834,2756,2711,2680,2815,2801,2777,2800,2961,2926,2898,2863,2811,2763,2631,2610,2954,2891,2858,2879,2856,2837,2773,2766,2955,2900,2864,2880,2837,2831,2734,2812,2920,2883,2862,2872,2847,2834,2696,2776,2918,2911,2850,2856,2835,2793,2761,2797,2934,2880,2885,2842,2841,2810,2831,2777
TOF,2821,2502,2455,2360,2366,2332,2161,2221,2742,2699,2670,2649,2817,2754,2815,2800,2930,2891,2888,2868,2782,2778,2653,2625,2903,2903,2905,2860,2842,2844,2753,2806,2937,2905,2881,2870,2847,2826,2762,2800,2968,2907,2896,2850,2863,2827,2729,2793,2917,2906,2864,2844,2848,2815,2777,2781,2948,2913,2857,2839,2854,2806,2762,2811
TOF,2821,2482,2431,2427,2375,2285,2305,2221,2711,2706,2734,2744,2774,2755,2765,2678,2963,2954,2890,2859,2801,2706,2634,2602,2928,2924,2895,2882,2853,2839,2785,2790,2950,2906,2861,2878,2850,2826,2770,2777,2920,2917,2896,2881,2836,2809,2719,2780,2905,2913,2884,2838,2824,2803,2770,2788,2959,2890,2883,2880,2826,2791,2800,2800
TOF,2821,2502,2421,2396,2397,2331,2297,2282,2765,2728,2694,2706,2816,2749,2827,2728,2969,2912,2867,2855,2805,2767,2650,2616,2933,2921,2871,2864,2837,2833,2797,2801,2953,2885,2879,2862,2838,2836,2737,2813,2936,2901,2867,2859,2863,2822,2694,2819,2914,2900,2858,2862,2830,2802,2779,2787,2957,2888,2870,2858,2826,2810,2803,2790
TOF,2757,2499,2447,2368,2343,2344,2240,2199,2744,2694,2709,2662,2711,2819,2806,2775,2927,2924,2874,2868,2799,2757,2623,2624,2938,2874,2897,2856,2840,2851,2750,2803,2928,2895,2876,2844,2843,2805,2700,2786,2933,2892,2888,2860,2836,2815,2705,2772,2907,2890,2861,2852,2824,2812,2753,2787,2916,2907,2864,2861,2828,2792,2822,2808
TOF,2617,2422,2515,2405,2314,2292,2259,2272,2755,2683,2695,2693,2755,2718,2773,2576,2940,2915,2879,2849,2818,2688,2644,2579,2938,2886,2888,2872,2847,2841,2746,2787,2954,2906,2876,2848,2823,2814,2712,2788,2920,2904,2871,2860,2806,2821,2655,2768,2901,2896,2868,2870,2818,2836,2799,2810,2911,2886,2858,2860,2825,2812,2828,2797
TOF,2715,2576,2444,2377,2395,2307,2251,2234,2748,2684,2653,2690,2753,2786,2818,2802,2942,2897,2868,2859,2777,2766,2616,2624,2954,2889,2883,2870,2852,2842,2738,2787,2924,2896,2889,2831,2844,2821,2724,2809,2948,2901,2855,2861,2843,2834,2693,2780,2925,2910,2867,2840,2844,2809,2772,2779,2910,2904,2876,2852,2825,2807,2827,2779
TOF,2886,2576,2521,2379,2386,2321,2256,2184,2760,2718,2716,2758,2729,2808,2735,2736,2937,2918,2887,2854,2810,2728,2613,2579,2927,2901,2869,2869,2834,2836,2753,2785,2915,2924,2871,2855,2844,2820,2698,2794,2897,2896,2877,2856,2848,2807,2681,2794,2912,2911,2882,2841,2816,2814,2796,2783,2932,2871,2873,2845,2845,2818,2801,2812
TOF,2886,2576,2736,2384,2378,2317,2262,2144,2733,2705,2738,2735,2647,2717,2753,2784,2922,2883,2864,2865,2812,2715,2613,2592,2933,2893,2899,2904,2858,2820,2771,2791,2930,2904,2882,2859,2844,2826,2710,2786,2922,2880,2850,2839,2836,2809,2670,2776,2902,2871,2866,2842,2839,2810,2773,2769,2929,2900,2893,2838,2838,2816,2825,2831
TOF,2635,2576,2414,2374,2357,2332,2217,2147,2711,2762,2710,2717,2756,2799,2795,2602,2942,2904,2893,2864,2815,2735,2609,2578,2939,2909,2887,2878,2865,2837,2771,2763,2935,2879,2882,2847,2857,2815,2714,2806,2920,2902,2882,2852,2853,2826,2699,2772,2930,2892,2868,2860,2822,2814,2812,2799,2942,2904,2888,2838,2841,2783,2808,2792
TOF,2635,2440,2414,2424,2375,2307,2275,2146,2713,2731,2681,2703,2779,2782,2762,2602,2962,2917,2871,2862,2803,2725,2611,2626,2950,2908,2890,2869,2847,2837,2742,2779,2929,2901,2862,2868,2839,2848,2703,2806,2908,2892,2865,2851,2843,2812,2655,2800,2922,2905,2870,2847,2833,2796,2759,2782,2951,2925,2874,2844,2811,2809,2819,2813
TOF,2635,2840,2414,2418,2357,2296,2229,2305,2732,2740,2686,2698,2711,2816,2781,2784,2965,2891,2895,2847,2764,2699,2649,2579,2924,2910,2862,2875,2869,2826,2741,2797,2930,2893,2867,2852,2844,2816,2795,2783,2926,2918,2881,2873,2840,2817,2698,2805,2898,2914,2868,2846,2825,2806,2755,2808,2924,2888,2881,2823,2844,2822,2818,2797
TOF,2687,2601,2414,2375,2335,2328,2270,2064,2782,2702,2672,2695,2734,2756,2758,2709,2896,2898,2892,2846,2805,2742,2613,2607,2944,2901,2892,2872,2855,2816,2745,2807,2920,2897,2860,2888,2850,2814,2733,2803,2905,2871,2878,2863,2846,2816,2710,2800,2922,2888,2867,2827,2831,2798,2791,2791,2932,2910,2876,2860,2824,2808,2802,2821
TOF,2908,2776,2403,2355,2359,2271,2256,2055,2763,2742,2697,2712,2734,2803,2829,2741,2930,2905,2869,2848,2837,2742,2643,2614,2947,2904,2901,2867,2841,2804,2766,2808,2892,2886,2873,2851,2834,2805,2720,2808,2943,2908,2877,2858,2860,2828,2663,2781,2912,2935,2843,2844,2839,2808,2774,2773,2962,2909,2889,2842,2861,2824,2791,2820
TOF,2927,2873,2435,2390,2345,2329,2243,2055,2742,2736,2735,2725,2724,2795,2784,2749,2919,2922,2855,2858,2827,2793,2668,2588,2898,2898,2865,2853,2848,2831,2760,2801,2923,2900,2878,2855,2850,2819,2748,2815,2944,2876,2870,2853,2853,2811,2751,2794,2931,2897,2875,2855,2816,2821,2769,2795,2955,2913,2888,2881,2841,2788,2814,2740
TOF,2927,2873,2475,2372,2354,2313,2249,2082,2738,2736,2652,2774,2727,2809,2785,2514,2926,2923,2903,2873,2785,2736,2614,2611,2942,2903,2894,2866,2868,2831,2772,2805,2948,2911,2896,2878,2858,2844,2738,2772,2910,2884,2865,2864,2838,2822,2654,2806,2923,2886,2863,2839,2824,2805,2818,2781,2926,2924,2897,2855,2861,2811,2803,2807
TOF,2886,2766,2551,2389,2363,2305,2273,2040,2763,2735,2638,2706,2713,2831,2776,2732,2952,2919,2884,2869,2802,2734,2635,2609,2937,2900,2870,2870,2843,2848,2791,2816,2915,2885,2871,2863,2827,2806,2729,2776,2915,2893,2877,2860,2827,2812,2642,2776,2928,2879,2872,2864,2852,2818,2788,2775,2910,2897,2872,2839,2828,2788,2829,2766
TOF,2886,2460,2484,2357,2356,2311,2271,2241,2770,2720,2684,2748,2795,2816,2759,2743,2946,2911,2879,2854,2819,2699,2612,2612,2933,2910,2884,2858,2828,2837,2768,2800,2942,2901,2899,2876,2851,2823,2720,2812,2908,2862,2881,2866,2860,2837,2655,2788,2904,2910,2874,2863,2827,2822,2729,2807,2924,2903,2876,2871,2836,2793,2824,2821
TOF,2675,2466,2412,2351,2394,2325,2264,2138,2741,2721,2709,2703,2770,2802,2781,2470,2946,2915,2896,2849,2762,2721,2611,2603,2923,2915,2893,2874,2859,2834,2779,2798,2921,2894,2861,2840,2840,2827,2716,2800,2893,2873,2863,2855,2822,2817,2652,2797,2908,2908,2870,2858,2845,2820,2752,2783,2939,2908,2905,2891,2809,2813,2810,2777
TOF,2656,2496,2412,2362,2332,2301,2299,2167,2724,2729,2724,2716,2718,2749,2803,2487,2908,2888,2902,2847,2804,2771,2645,2602,2944,2888,2886,2885,2856,2825,2749,2782,2929,2924,2864,2881,2845,2819,2720,2804,2885,2901,2871,2850,2822,2843,2671,2766,2931,2880,2856,2848,2819,2827,2736,2793,2924,2900,2893,2849,2838,2826,2814,2824
TOF,2690,2496,2412,2415,2354,2345,2220,2274,2732,2734,2664,2756,2810,2776,2756,2779,2948,2915,2897,2839,2778,2738,2642,2581,2942,2895,2881,2869,2835,2820,2762,2790,2917,2922,2875,2860,2841,2837,2731,2777,2925,2886,2885,2838,2857,2818,2659,2800,2907,2895,2852,2858,2835,2810,2758,2805,2910,2921,2867,2848,2841,2804,2835,2795
TOF,2800,2434,2546,2616,2375,2285,2286,2281,2785,2731,2679,2652,2752,2829,2763,2749,2957,2918,2883,2815,2818,2718,2641,2575,2947,2899,2873,2872,2865,2836,2775,2800,2930,2897,2876,2863,2845,2827,2744,2778,2912,2900,2871,2855,2841,2822,2652,2770,2910,2891,2887,2858,2838,2807,2819,2808,2931,2903,2875,2843,2840,2805,2833,2801
TOF,2952,2536,2546,2346,2342,2342,2277,2281,2697,2756,2664,2744,2816,2803,2784,2779,2942,2904,2887,2841,2763,2680,2626,2591,2947,2896,2887,2876,2843,2867,2769,2788,2890,2916,2862,2894,2840,2832,2731,2809,2937,2876,2864,2851,2853,2804,2689,2803,2900,2880,2848,2847,2831,2804,2765,2795,2937,2892,2884,2847,2828,2808,2817,2799
TOF,2908,2551,2867,2373,2367,2365,2259,2154,2777,2727,2686,2698,2716,2770,2782,2712,2942,2893,2866,2863,2813,2764,2651,2607,2927,2895,2885,2887,2843,2854,2718,2799,2909,2886,2899,2895,2837,2839,2716,2801,2891,2901,2856,2870,2833,2828,2711,2794,2907,2881,2850,2854,2836,2799,2800,2805,2935,2918,2890,2836,2826,2802,2767,2801
TOF,2679,2551,2400,2371,2346,2300,2269,2154,2745,2730,2708,2668,2761,2697,2751,2776,2959,2922,2890,2856,2805,2703,2613,2618,2908,2910,2893,2876,2842,2809,2765,2796,2944,2910,2876,2894,2875,2835,2728,2793,2911,2877,2890,2864,2833,2820,2648,2809,2920,2893,2862,2854,2836,2808,2728,2808,2920,2921,2878,2846,2865,2805,2759,2797
TOF,2851,2784,2440,2381,2362,2281,2242,2154,2743,2730,2720,2661,2693,2754,2764,2778,2955,2899,2886,2836,2826,2677,2652,2617,2937,2904,2897,2865,2863,2815,2764,2796,2949,2898,2885,2856,2851,2817,2726,2816,2911,2880,2892,2855,2843,2825,2690,2805,2891,2880,2871,2842,2836,2803,2823,2804,2935,2891,2876,2856,2838,2811,2797,2772
TOF,2851,2486,2461,2405,2327,2269,2313,2154,2756,2698,2648,2762,2790,2786,2763,2747,2961,2918,2893,2875,2814,2762,2638,2588,2943,2904,2891,2873,2842,2809,2743,2791,2928,2893,2883,2866,2845,2834,2776,2815,2912,2892,2876,2854,2844,2824,2695,2824,2928,2903,2852,2854,2828,2788,2776,2776,2927,2901,2859,2839,2831,2813,2815,2809
TOF,2825,2486,2552,2398,2375,2300,2231,2106,2734,2714,2678,2705,2731,2814,2804,2747,2950,2918,2889,2839,2777,2751,2624,2608,2942,2908,2874,2866,2841,2828,2751,2798,2913,2890,2882,2863,2840,2833,2714,2803,2906,2901,2871,2868,2856,2837,2671,2807,2900,2896,2878,2846,2849,2829,2736,2814,2939,2921,2875,2872,2816,2815,2813,2790
TOF,2825,2526,2429,2407,2334,2332,2264,2202,2771,2741,2710,2689,2708,2747,2772,2747,2938,2901,2892,2876,2836,2759,2635,2633,2908,2909,2883,2881,2876,2836,2736,2763,2908,2897,2888,2876,2854,2830,2741,2778,2920,2892,2877,2846,2815,2836,2609,2822,2923,2911,2858,2868,2811,2807,2788,2804,2911,2884,2886,2855,2826,2814,2832,2787
TOF,2763,2526,2482,2381,2358,2287,2245,2224,2806,2692,2658,2704,2785,2718,2796,2683,2958,2928,2881,2865,2806,2710,2639,2670,2932,2919,2883,2881,2841,2827,2770,2794,2939,2890,2877,2850,2846,2831,2719,2796,2911,2865,2877,2844,2842,2819,2707,2789,2907,2902,2883,2841,2834,2820,2756,2806,2939,2888,2891,2840,2839,2824,2801,2784
TOF,2875,2526,2482,2402,2348,2295,2260,2076,2787,2730,2691,2706,2766,2734,2674,2419,2956,2892,2885,2866,2840,2700,2603,2607,2920,2914,2881,2884,2859,2847,2789,2797,2966,2909,2874,2869,2849,2840,2721,2776,2885,2893,2868,2868,2816,2828,2721,2810,2915,2900,2842,2844,2837,2805,2776,2799,2915,2893,2874,2856,2847,2812,2849,2800
TOF,2753,2467,2601,2385,2330,2330,2289,2076,2764,2747,2662,2685,2803,2754,2786,2775,2970,2914,2895,2857,2799,2718,2634,2592,2936,2913,2860,2877,2845,2837,2749,2811,2899,2887,2884,2872,2852,2836,2756,2805,2894,2915,2879,2862,2860,2829,2688,2796,2913,2911,2862,2873,2838,2806,2777,2812,2938,2908,2879,2874,2864,2802,2759,2810
TOF,2648,2467,2443,2418,2359,2291,2251,2309,2817,2719,2625,2721,2815,2681,2837,2737,2963,2908,2865,2857,2793,2734,2611,2576,2918,2908,2902,2866,2843,2856,2777,2814,2930,2907,2872,2864,2827,2819,2714,2792,2903,2876,2878,2867,2825,2805,2660,2804,2926,2914,2877,2822,2829,2797,2754,2792,2898,2876,2908,2855,2814,2803,2814,2793
TOF,2648,2467,2451,2379,2340,2305,2168,2309,2790,2736,2702,2739,2763,2783,2634,2750,2943,2921,2904,2852,2795,2752,2621,2585,2938,2890,2894,2887,2856,2837,2773,2801,2930,2889,2876,2853,2852,2815,2746,2779,2918,2892,2874,2864,2842,2837,2674,2816,2916,2900,2874,2845,2838,2820,2747,2803,2944,2904,2878,2846,2841,2790,2811,2798
TOF,2646,2467,2441,2401,2338,2295,2251,2209,2752,2731,2724,2717,2724,2779,2685,2387,2962,2917,2884,2869,2818,2736,2607,2576,2939,2900,2884,2871,2848,2852,2735,2780,2914,2930,2878,2871,2852,2833,2752,2799,2928,2891,2881,2867,2819,2813,2651,2767,2903,2910,2855,2844,2840,2809,2745,2801,2935,2897,2903,2859,2829,2820,2779,2792
TOF,2860,2467,2410,2373,2337,2328,2238,2146,2722,2738,2783,2676,2761,2794,2798,2403,2925,2897,2884,2855,2768,2734,2632,2583,2918,2895,2892,2873,2838,2835,2739,2787,2940,2915,2874,2859,2835,2834,2733,2829,2926,2896,2870,2851,2857,2824,2622,2780,2946,2884,2877,2829,2835,2791,2776,2787,2937,2884,2871,2854,2841,2807,2799,2788
TOF,2886,2467,2489,2377,2367,2275,2288,2007,2781,2723,2640,2684,2737,2769,2621,2708,2940,2911,2914,2861,2807,2705,2613,2585,2947,2924,2902,2868,2842,2848,2770,2794,2915,2910,2914,2878,2860,2807,2733,2792,2943,2891,2886,2853,2837,2812,2715,2800,2911,2893,2882,2860,2852,2807,2734,2791,2923,2916,2862,2828,2854,2802,2820,2805
TOF,2886,2467,2396,2404,2358,2310,2238,2007,2821,2697,2641,2653,2763,2761,2805,2739,2950,2912,2895,2865,2805,2716,2614,2587,2933,2887,2892,2869,2857,2824,2765,2788,2934,2912,2909,2880,2849,2820,2733,2776,2918,2892,2885,2849,2807,2814,2666,2784,2906,2888,2864,2856,2836,2817,2778,2775,2913,2883,2885,2862,2840,2815,2803,2793
TOF,2886,2467,2531,2385,2353,2311,2235,2120,2796,2736,2667,2675,2736,2838,2804,2789,2927,2913,2882,2853,2772,2746,2625,2598,2950,2897,2888,2874,2842,2837,2755,2785,2914,2917,2877,2860,2843,2831,2737,2810,2947,2887,2850,2844,2851,2810,2674,2776,2918,2876,2871,2841,2843,2800,2747,2780,2937,2893,2879,2858,2820,2803,2791,2821
TOF,2886,2446,2520,2370,2395,2342,2267,2162,2828,2722,2646,2770,2729,2759,2802,2653,2977,2892,2895,2853,2783,2770,2636,2598,2942,2903,2895,2899,2852,2837,2759,2765,2925,2905,2879,2867,2849,2827,2766,2795,2956,2893,2878,2851,2855,2828,2648,2779,2908,2908,2848,2865,2829,2807,2762,2797,2925,2891,2859,2847,2829,2799,2811,2809
TOF,2588,2446,2459,2409,2339,2282,2258,2162,2748,2718,2675,2677,2713,2730,2803,2399,2929,2913,2887,2850,2828,2736,2603,2612,2970,2905,2888,2879,2842,2837,2792,2777,2936,2928,2893,2871,2846,2824,2743,2817,2911,2922,2886,2856,2850,2812,2627,2787,2917,2876,2852,2857,2851,2822,2799,2780,2891,2890,2872,2847,2828,2815,2817,2820
TOF,2588,2796,2636,2428,2348,2314,2259,2175,2758,2738,2661,2708,2777,2817,2781,2733,2938,2915,2890,2882,2830,2697,2634,2577,2927,2903,2873,2866,2850,2831,2758,2787,2925,2920,2891,2858,2839,2829,2747,2782,2920,2891,2882,2851,2815,2829,2638,2792,2914,2895,2864,2851,2841,2817,2800,2778,2974,2899,2900,2844,2833,2818,2794,2783
TOF,2859,2853,2816,2324,2341,2286,2275,1979,2737,2747,2686,2697,2778,2880,2826,2733,2973,2906,2889,2850,2779,2737,2624,2583,2919,2903,2884,2871,2852,2839,2759,2791,2952,2903,2866,2870,2848,2823,2719,2799,2929,2909,2870,2859,2808,2817,2626,2812,2916,2870,2870,2836,2823,2798,2821,2800,2936,2905,2890,2858,2849,2797,2845,2812
TOF,2855,2659,2816,2353,2350,2311,2273,2204,2785,2721,2688,2785,2809,2783,2777,2764,2970,2913,2904,2850,2787,2699,2633,2582,2942,2912,2879,2856,2866,2828,2792,2811,2914,2885,2876,2851,2832,2834,2722,2811,2906,2883,2897,2872,2848,2817,2637,2791,2906,2903,2873,2857,2812,2807,2778,2799,2924,2902,2907,2891,2838,2819,2785,2789
TOF,2855,2696,2418,2380,2355,2325,2230,2004,2786,2726,2689,2733,2764,2662,2779,2764,2964,2906,2890,2874,2796,2706,2603,2582,2936,2900,2912,2866,2851,2830,2767,2795,2946,2901,2894,2851,2844,2825,2706,2820,2896,2864,2853,2861,2824,2819,2663,2807,2892,2878,2859,2865,2824,2817,2744,2777,2936,2890,2881,2858,2836,2790,2813,2830
TOF,2971,2696,2423,2400,2364,2285,2270,2188,2747,2716,2723,2686,2797,2775,2705,2425,2929,2911,2884,2861,2812,2749,2612,2631,2932,2914,2888,2850,2867,2849,2757,2802,2919,2930,2864,2833,2835,2815,2723,2792,2954,2883,2881,2855,2855,2829,2669,2770,2912,2891,2869,2846,2856,2810,2772,2800,2916,2900,2888,2863,2839,2816,2824,2830
TOF,2971,2696,2402,2363,2352,2329,2266,2188,2790,2726,2688,2774,2751,2769,2797,2425,2942,2904,2885,2861,2801,2708,2612,2631,2945,2884,2861,2861,2857,2844,2737,2774,2927,2919,2867,2870,2845,2820,2734,2791,2907,2894,2875,2848,2853,2817,2691,2781,2898,2886,2874,2826,2828,2818,2774,2784,2951,2898,2882,2842,2837,2823,2761,2815
TOF,2976,2696,2390,2347,2347,2304,2213,2152,2749,2729,2689,2795,2711,2771,2804,2425,2944,2912,2903,2847,2793,2678,2643,2626,2943,2901,2896,2888,2851,2845,2788,2789,2951,2891,2864,2874,2861,2831,2736,2789,2929,2906,2863,2846,2844,2822,2647,2792,2897,2896,2856,2823,2823,2806,2685,2801,2913,2870,2892,2854,2845,2819,2810,2784
TOF,2976,2696,2496,2415,2348,2317,2266,2082,2771,2746,2700,2741,2719,2765,2796,2784,2952,2908,2892,2850,2816,2781,2635,2592,2955,2925,2890,2862,2852,2823,2764,2782,2918,2898,2890,2891,2844,2820,2753,2758,2912,2891,2866,2866,2854,2836,2679,2768,2911,2900,2889,2851,2834,2814,2741,2809,2966,2906,2865,2870,2842,2802,2747,2795
TOF,2853,2590,2419,2418,2346,2294,2277,2260,2782,2694,2712,2755,2789,2752,2788,2784,2915,2914,2877,2879,2796,2713,2623,2602,2943,2912,2895,2882,2854,2833,2727,2785,2943,2899,2878,2868,2835,2843,2764,2786,2929,2872,2878,2849,2857,2828,2691,2785,2912,2898,2866,2862,2830,2813,2808,2781,2925,2916,2895,2847,2825,2798,2803,2797
TOF,2776,2590,2361,2364,2372,2320,2295,1998,2816,2728,2730,2747,2854,2792,2690,2416,2959,2922,2900,2850,2813,2745,2632,2571,2947,2898,2900,2846,2842,2831,2770,2784,2947,2902,2888,2893,2846,2830,2771,2788,2950,2897,2896,2870,2855,2809,2694,2765,2933,2901,2842,2858,2828,2811,2728,2792,2934,2905,2867,2862,2823,2822,2799,2816
TOF,2776,2590,2425,2382,2385,2318,2270,2237,2751,2715,2708,2722,2777,2771,2800,2416,2959,2933,2897,2857,2789,2702,2613,2644,2923,2919,2875,2871,2853,2836,2772,2794,2947,2913,2865,2880,2863,2843,2756,2794,2924,2907,2882,2865,2840,2832,2655,2789,2910,2918,2865,2844,2830,2814,2717,2823,2922,2925,2874,2866,2844,2788,2787,2768
TOF,2790,2556,2435,2341,2314,2316,2243,2225,2730,2721,2673,2743,2726,2820,2768,2525,2931,2909,2880,2851,2811,2717,2664,2576,2926,2898,2871,2856,2852,2829,2748,2789,2939,2909,2890,2883,2848,2826,2734,2801,2928,2913,2860,2849,2847,2813,2666,2791,2922,2893,2851,2857,2838,2810,2726,2793,2919,2901,2887,2849,2836,2779,2802,2790
TOF,2949,2663,2421,2401,2345,2315,2314,2225,2767,2716,2700,2749,2789,2779,2831,2803,2947,2907,2884,2852,2813,2744,2646,2583,2941,2922,2867,2871,2861,2826,2786,2798,2935,2903,2869,2860,2847,2836,2690,2780,2903,2885,2857,2845,2816,2844,2643,2794,2921,2888,2867,2846,2856,2806,2736,2784,2928,2905,2884,2856,2838,2793,2797,2794
TOF,2774,2707,2421,2351,2323,2301,2268,2225,2765,2774,2746,2755,2744,2788,2819,2753,2948,2936,2879,2863,2804,2752,2638,2609,2950,2913,2885,2889,2847,2840,2761,2795,2896,2879,2870,2854,2825,2821,2736,2779,2940,2895,2865,2847,2852,2820,2677,2780,2922,2895,2875,2840,2828,2816,2731,2790,2946,2877,2860,2834,2840,2810,2826,2797
TOF,2950,2541,2417,2380,2344,2289,2272,2133,2781,2748,2670,2774,2767,2742,2752,2681,2951,2887,2886,2860,2823,2717,2650,2596,2941,2918,2894,2878,2854,2810,2788,2801,2919,2892,2870,2859,2852,2838,2772,2795,2924,2904,2903,2851,2833,2809,2669,2795,2931,2894,2858,2848,2840,2810,2797,2788,2949,2913,2878,2821,2840,2795,2800,2823
TOF,2565,2578,2454,2436,2340,2313,2256,2133,2761,2686,2728,2683,2688,2740,2832,2715,2946,2912,2902,2853,2825,2739,2599,2573,2929,2907,2882,2869,2866,2850,2782,2781,2922,2882,2894,2874,2834,2827,2716,2808,2937,2879,2894,2853,2829,2832,2670,2785,2912,2885,2862,2859,2828,2820,2740,2793,2939,2894,2871,2821,2824,2810,2783,2790
TOF,2861,2557,2466,2375,2322,2273,2238,2133,2758,2732,2687,2729,2726,2799,2774,2715,2981,2911,2899,2847,2778,2667,2594,2565,2933,2911,2885,2876,2863,2823,2804,2798,2935,2898,2858,2865,2840,2817,2721,2802,2917,2901,2864,2847,2815,2828,2658,2806,2924,2897,2887,2834,2838,2821,2774,2804,2949,2909,2881,2857,2842,2804,2822,2805
TOF,2861,2557,2385,2386,2393,2279,2219,2133,2768,2726,2700,2743,2729,2837,2810,2774,2941,2921,2894,2856,2776,2707,2657,2617,2930,2932,2873,2878,2855,2831,2753,2796,2922,2912,2897,2869,2842,2826,2746,2769,2923,2919,2880,2838,2824,2817,2654,2803,2902,2900,2871,2868,2837,2805,2763,2758,2934,2894,2869,2868,2820,2824,2822,2762
TOF,2784,2688,2480,2388,2318,2342,2244,2062,2770,2740,2715,2701,2795,2763,2780,2774,2956,2911,2874,2847,2803,2693,2643,2629,2934,2921,2890,2871,2848,2832,2781,2783,2932,2921,2860,2871,2862,2834,2714,2772,2919,2898,2865,2851,2850,2797,2637,2784,2923,2886,2854,2847,2834,2826,2820,2796,2922,2904,2860,2850,2817,2795,2780,2800
TOF,2808,2568,2432,2365,2348,2345,2257,2300,2742,2725,2683,2765,2838,2821,2763,2741,2946,2912,2880,2840,2793,2758,2646,2569,2949,2916,2881,2893,2851,2829,2744,2805,2911,2905,2893,2865,2838,2816,2731,2775,2887,2886,2882,2857,2838,2794,2697,2768,2920,2907,2871,2845,2853,2833,2813,2804,2944,2879,2866,2861,2822,2805,2791,2796
TOF,2808,2519,2432,2388,2366,2321,2279,2300,2833,2705,2694,2764,2778,2844,2781,2644,2925,2887,2902,2856,2810,2712,2641,2604,2991,2915,2872,2864,2850,2830,2781,2776,2951,2902,2887,2848,2859,2815,2722,2774,2916,2907,2889,2876,2841,2815,2705,2784,2918,2890,2852,2850,2836,2812,2800,2795,2910,2874,2878,2857,2831,2810,2817,2771
TOF,2512,2519,2432,2344,2298,2313,2317,2029,2731,2736,2715,2726,2730,2829,2817,2531,2946,2908,2891,2869,2811,2690,2645,2615,2945,2925,2878,2858,2868,2847,2779,2795,2921,2884,2865,2846,2840,2819,2739,2815,2916,2909,2867,2868,2842,2829,2658,2792,2924,2894,2846,2844,2852,2807,2754,2771,2946,2894,2862,2855,2833,2807,2796,2792
TOF,2512,2519,2432,2438,2348,2310,2238,2125,2806,2732,2751,2694,2739,2785,2800,2313,2949,2912,2890,2855,2806,2750,2610,2594,2955,2915,2890,2869,2859,2821,2774,2810,2946,2915,2882,2851,2832,2802,2738,2807,2928,2912,2891,2819,2857,2836,2693,2781,2923,2899,2872,2864,2837,2800,2727,2782,2930,2904,2891,2848,2829,2779,2820,2815
TOF,2768,2519,2382,2386,2360,2318,2264,2132,2779,2718,2667,2702,2704,2793,2783,2753,2966,2903,2896,2861,2776,2734,2617,2603,2930,2907,2892,2872,2843,2836,2809,2768,2921,2908,2898,2859,2846,2839,2776,2801,2923,2913,2875,2871,2831,2814,2683,2795,2919,2903,2863,2851,2841,2818,2749,2800,2927,2897,2895,2880,2812,2831,2817,2789
TOF,2847,2742,2369,2385,2352,2318,2233,1970,2776,2698,2675,2728,2730,2762,2777,2723,2921,2913,2874,2862,2840,2739,2630,2596,2945,2905,2897,2881,2842,2842,2756,2790,2928,2906,2879,2863,2847,2842,2767,2770,2927,2895,2866,2882,2828,2822,2707,2795,2930,2910,2867,2857,2838,2805,2759,2801,2925,2925,2876,2844,2829,2799,2814,2818
TOF,2847,2724,2532,2402,2365,2306,2206,2117,2787,2720,2688,2812,2711,2799,2832,2793,2949,2909,2887,2873,2780,2701,2641,2641,2902,2922,2893,2878,2850,2833,2781,2790,2909,2888,2882,2845,2840,2833,2701,2805,2915,2891,2879,2859,2849,2839,2704,2799,2939,2873,2871,2854,2844,2801,2760,2801,2932,2887,2855,2844,2833,2827,2828,2820
TOF,2560,2724,2532,2360,2346,2315,2097,2170,2774,2684,2684,2693,2825,2774,2779,2380,2940,2915,2901,2863,2816,2748,2609,2610,2953,2897,2884,2862,2845,2820,2749,2792,2940,2895,2873,2866,2878,2818,2703,2804,2924,2914,2884,2835,2842,2815,2679,2780,2913,2903,2852,2875,2814,2808,2784,2795,2917,2895,2899,2849,2832,2788,2795,2801
TOF,2560,2700,2415,2440,2373,2300,2259,2170,2746,2764,2684,2727,2860,2769,2810,2431,2934,2918,2889,2843,2795,2734,2597,2590,2956,2910,2897,2859,2849,2814,2754,2805,2934,2917,2895,2892,2843,2818,2749,2786,2942,2911,2866,2857,2832,2799,2631,2801,2894,2894,2869,2840,2850,2810,2754,2778,2961,2886,2887,2838,2835,2823,2806,2804
TOF,2560,2620,2736,2384,2339,2305,2223,2218,2775,2720,2662,2747,2712,2749,2756,2693,2942,2910,2872,2866,2796,2725,2634,2588,2933,2918,2902,2872,2864,2816,2788,2783,2923,2918,2873,2861,2832,2811,2698,2789,2925,2901,2878,2865,2861,2830,2654,2789,2906,2896,2853,2868,2845,2807,2785,2775,2914,2908,2882,2833,2827,2801,2828,2809
TOF,2560,2505,2444,2361,2339,2316,2244,2218,2771,2714,2679,2770,2754,2784,2749,2861,2929,2929,2879,2860,2802,2668,2585,2603,2936,2898,2905,2887,2842,2849,2776,2793,2951,2899,2872,2858,2852,2819,2716,2785,2928,2900,2855,2849,2849,2839,2680,2783,2887,2884,2864,2841,2819,2794,2763,2780,2923,2902,2879,2878,2842,2794,2745,2812
TOF,2560,2505,2448,2378,2336,2323,2222,2151,2756,2768,2693,2706,2683,2803,2825,2861,2964,2916,2882,2844,2805,2704,2611,2559,2947,2905,2889,2867,2851,2821,2773,2789,2951,2909,2861,2863,2839,2832,2748,2810,2932,2852,2886,2852,2824,2809,2646,2811,2923,2872,2863,2836,2838,2803,2806,2797,2945,2923,2900,2875,2835,2802,2830,2796
TOF,2993,2470,2437,2426,2340,2276,2254,2151,2828,2721,2663,2694,2648,2769,2806,2861,2966,2924,2869,2849,2782,2691,2634,2576,2917,2913,2875,2860,2856,2832,2763,2777,2957,2878,2877,2852,2853,2827,2726,2799,2916,2890,2880,2859,2843,2848,2703,2802,2938,2895,2864,2848,2826,2822,2749,2773,2911,2909,2866,2844,2827,2798,2815,2783
TOF,2852,2483,2439,2399,2352,2322,2275,2194,2805,2694,2701,2744,2758,2773,2796,2349,2958,2914,2897,2863,2811,2700,2651,2630,2942,2887,2880,2869,2864,2821,2769,2780,2929,2890,2904,2881,2855,2825,2724,2797,2915,2892,2897,2830,2830,2818,2610,2798,2910,2900,2882,2861,2829,2800,2793,2777,2922,2909,2875,2849,2810,2810,2841,2810
TOF,2949,2539,2439,2387,2370,2327,2240,2092,2735,2687,2673,2715,2809,2858,2718,2795,2947,2911,2872,2855,2755,2733,2600,2665,2926,2902,2872,2867,2864,2836,2798,2800,2933,2912,2887,2869,2842,2832,2742,2784,2919,2882,2871,2827,2821,2819,2641,2802,2921,2904,2867,2836,2819,2801,2755,2799,2926,2905,2887,2853,2843,2784,2784,2780
TOF,2949,2688,2428,2424,2359,2310,2246,2171,2760,2715,2697,2706,2761,2803,2791,2792,2960,2920,2881,2877,2801,2739,2670,2571,2943,2915,2870,2874,2853,2823,2773,2797,2910,2916,2894,2860,2832,2822,2741,2792,2906,2889,2865,2852,2838,2816,2685,2794,2919,2893,2851,2847,2822,2824,2792,2769,2940,2896,2877,2853,2817,2814,2819,2790
TOF,2949,2556,2427,2367,2354,2327,2258,2039,2719,2705,2666,2689,2636,2801,2818,2792,2961,2914,2880,2867,2809,2707,2635,2578,2932,2891,2886,2867,2863,2825,2772,2795,2933,2898,2886,2873,2845,2831,2744,2777,2939,2866,2865,2850,2856,2814,2663,2789,2889,2895,2869,2843,2836,2803,2766,2772,2932,2909,2909,2844,2832,2811,2811,2811
TOF,2538,2427,2464,2414,2341,2282,2215,2134,2764,2733,2669,2779,2734,2752,2761,2390,2946,2892,2894,2869,2781,2732,2596,2581,2941,2887,2889,2881,2866,2844,2747,2779,2964,2904,2886,2881,2853,2811,2728,2786,2938,2880,2876,2860,2845,2823,2604,2789,2903,2884,2869,2828,2851,2802,2819,2794,2976,2891,2870,2868,2840,2797,2782,2800
TOF,2538,2524,2440,2375,2372,2313,2251,2073,2762,2755,2659,2729,2789,2830,2743,2770,2958,2920,2899,2859,2827,2736,2645,2683,2918,2904,2908,2883,2841,2837,2762,2773,2935,2909,2872,2872,2862,2823,2675,2792,2922,2904,2871,2875,2814,2833,2653,2821,2922,2899,2879,2861,2824,2826,2745,2806,2945,2887,2885,2852,2834,2809,2809,2820
TOF,2538,2524,2398,2375,2340,2305,2249,1977,2802,2707,2713,2761,2770,2731,2815,2743,2950,2904,2872,2860,2802,2727,2624,2572,2953,2908,2905,2874,2864,2823,2758,2791,2946,2907,2883,2885,2835,2814,2721,2795,2926,2897,2869,2847,2835,2833,2647,2772,2943,2873,2848,2857,2825,2799,2793,2807,2951,2882,2883,2857,2827,2834,2798,2823
TOF,2538,2624,2497,2385,2280,2308,2271,2157,2718,2797,2672,2790,2724,2761,2753,2337,2939,2902,2887,2846,2741,2755,2639,2578,2897,2903,2888,2880,2826,2832,2764,2776,2938,2910,2869,2864,2848,2824,2736,2782,2922,2896,2879,2857,2828,2823,2679,2764,2927,2864,2877,2854,2831,2806,2717,2790,2943,2916,2878,2848,2841,2813,2762,2807
TOF,2856,2461,2497,2363,2322,2298,2278,2222,2719,2722,2692,2739,2825,2736,2776,2337,2953,2923,2881,2879,2799,2702,2601,2633,2944,2909,2880,2874,2856,2861,2772,2783,2918,2942,2870,2872,2831,2829,2746,2790,2916,2909,2879,2849,2854,2820,2678,2782,2898,2905,2856,2867,2838,2804,2759,2794,2920,2918,2877,2845,2848,2793,2810,2773
TOF,2897,2461,2466,2395,2341,2312,2243,2222,2811,2717,2705,2739,2765,2816,2789,2741,2935,2901,2873,2838,2812,2706,2641,2583,2938,2922,2871,2885,2850,2810,2778,2799,2947,2910,2857,2867,2840,2812,2738,2786,2931,2910,2874,2866,2838,2841,2632,2810,2928,2916,2848,2859,2828,2805,2756,2780,2929,2890,2862,2830,2817,2799,2779,2805
TOF,2602,2461,2443,2399,2366,2293,2263,2242,2764,2732,2737,2733,2736,2827,2754,2805,2928,2904,2885,2850,2764,2722,2606,2617,2940,2901,2896,2861,2855,2823,2767,2769,2975,2894,2907,2877,2855,2815,2759,2778,2909,2895,2877,2822,2837,2808,2663,2790,2931,2895,2879,2838,2838,2810,2745,2811,2948,2919,2894,2865,2820,2827,2825,2814
TOF,2602,2525,2476,2343,2339,2313,2232,2242,2807,2716,2793,2742,2763,2809,2777,2310,2939,2926,2894,2872,2781,2742,2639,2599,2941,2913,2894,2855,2839,2832,2765,2796,2932,2910,2865,2889,2848,2836,2758,2787,2921,2881,2874,2855,2816,2830,2645,2779,2920,2919,2857,2834,2824,2786,2790,2784,2940,2912,2868,2847,2848,2829,2815,2792
TOF,2724,2557,2402,2462,2398,2289,2236,2242,2760,2745,2681,2709,2890,2747,2766,2396,2954,2933,2894,2858,2827,2732,2650,2581,2934,2914,2878,2867,2859,2836,2735,2787,2932,2911,2858,2858,2860,2829,2777,2792,2931,2899,2875,2865,2836,2818,2631,2811,2931,2884,2900,2857,2839,2800,2736,2797,2926,2906,2890,2848,2842,2809,2800,2784
TOF,2864,2474,2424,2412,2334,2294,2260,2176,2747,2735,2671,2749,2742,2735,2759,2396,2938,2913,2873,2851,2796,2741,2598,2617,2955,2899,2874,2889,2856,2850,2788,2790,2952,2902,2903,2859,2824,2824,2729,2793,2929,2890,2890,2870,2834,2812,2671,2793,2896,2909,2857,2862,2849,2796,2765,2794,2949,2890,2872,2845,2848,2830,2816,2778
TOF,2772,2474,2511,2429,2351,2308,2269,2176,2746,2705,2712,2699,2761,2763,2761,2396,2917,2914,2880,2844,2812,2726,2588,2630,2908,2925,2887,2860,2852,2831,2758,2793,2904,2885,2866,2900,2837,2828,2744,2786,2910,2904,2877,2867,2838,2831,2688,2799,2929,2904,2854,2839,2833,2814,2750,2811,2907,2914,2872,2860,2848,2811,2772,2812
TOF,2772,2783,2446,2401,2346,2281,2311,2176,2748,2735,2747,2710,2711,2819,2810,2396,2949,2929,2900,2861,2799,2630,2644,2617,2946,2902,2908,2868,2833,2830,2779,2791,2921,2919,2884,2846,2842,2827,2740,2813,2910,2892,2873,2859,2853,2814,2639,2780,2912,2904,2843,2847,2828,2805,2758,2792,2904,2900,2863,2868,2833,2812,2809,2819
TOF,2772,2923,2429,2387,2403,2320,2268,2140,2701,2760,2675,2737,2763,2764,2761,2729,2982,2912,2868,2870,2813,2693,2635,2605,2939,2928,2876,2868,2850,2820,2770,2783,2925,2928,2894,2883,2839,2833,2755,2792,2919,2871,2865,2846,2819,2830,2697,2774,2909,2899,2884,2850,2811,2802,2803,2796,2950,2906,2896,2865,2829,2799,2824,2792
TOF,2772,2515,2404,2414,2333,2300,2201,2140,2753,2708,2693,2739,2781,2790,2683,2757,2931,2882,2878,2866,2823,2694,2642,2604,2976,2896,2862,2873,2861,2822,2769,2797,2931,2910,2864,2870,2842,2866,2742,2796,2941,2908,2876,2867,2837,2806,2660,2798,2894,2894,2880,2853,2819,2829,2720,2788,2917,2898,2883,2821,2836,2795,2811,2816
TOF,2862,2515,2468,2390,2341,2289,2267,2227,2788,2745,2652,2760,2771,2753,2759,2757,2954,2900,2882,2870,2812,2718,2642,2602,2936,2925,2863,2873,2849,2817,2763,2798,2924,2903,2886,2866,2851,2833,2749,2794,2936,2874,2873,2850,2856,2814,2636,2801,2901,2886,2866,2860,2842,2811,2785,2797,2907,2930,2882,2856,2835,2804,2836,2803
TOF,2633,2464,2468,2406,2339,2296,2245,2037,2772,2729,2666,2685,2789,2842,2762,2757,2954,2929,2886,2856,2799,2737,2612,2598,2954,2899,2880,2875,2844,2816,2771,2792,2938,2884,2863,2871,2860,2828,2734,2798,2909,2887,2877,2863,2807,2808,2704,2784,2942,2901,2873,2859,2844,2789,2785,2793,2951,2888,2870,2851,2850,2808,2811,2798
TOF,2561,2464,2417,2418,2361,2335,2245,2189,2725,2725,2704,2759,2842,2783,2789,2716,2940,2903,2890,2864,2784,2747,2642,2595,2940,2917,2896,2853,2834,2819,2751,2787,2901,2920,2883,2868,2847,2833,2727,2792,2920,2897,2887,2854,2844,2833,2690,2782,2912,2917,2882,2848,2861,2818,2767,2802,2932,2890,2888,2864,2845,2801,2810,2820
TOF,2761,2577,2558,2430,2354,2277,2266,2045,2868,2728,2710,2718,2727,2760,2758,2358,2931,2913,2900,2850,2773,2735,2650,2547,2932,2917,2896,2885,2852,2806,2752,2778,2910,2907,2878,2877,2842,2815,2723,2774,2939,2921,2857,2855,2841,2814,2703,2753,2916,2911,2849,2851,2842,2816,2757,2777,2903,2898,2862,2855,2802,2779,2828,2802
TOF,2935,2769,2699,2446,2363,2269,2252,2045,2758,2718,2701,2725,2747,2767,2797,2763,2956,2910,2881,2874,2787,2718,2622,2611,2931,2905,2899,2877,2864,2813,2769,2806,2954,2874,2897,2866,2869,2829,2751,2784,2928,2868,2875,2871,2841,2827,2779,2792,2917,2885,2881,2864,2829,2808,2751,2779,2919,2877,2882,2859,2816,2790,2796,2784
TOF,2935,2568,2452,2380,2355,2308,2240,2000,2796,2720,2686,2665,2777,2794,2775,2763,2949,2904,2892,2860,2802,2721,2663,2585,2894,2886,2881,2869,2870,2830,2768,2803,2897,2911,2864,2845,2834,2846,2765,2791,2920,2898,2881,2861,2821,2815,2660,2790,2906,2902,2864,2849,2817,2825,2690,2767,2922,2907,2883,2859,2852,2786,2806,2792
TOF,2935,2476,2525,2379,2361,2297,2288,2163,2782,2711,2672,2715,2773,2758,2793,2714,2963,2919,2905,2861,2781,2732,2636,2595,2933,2911,2886,2846,2837,2846,2759,2810,2926,2910,2888,2885,2840,2827,2744,2786,2939,2905,2885,2851,2835,2808,2712,2796,2894,2904,2878,2859,2829,2813,2792,2788,2925,2892,2887,2846,2852,2808,2818,2824
TOF,2759,2476,2463,2404,2366,2309,2247,2185,2733,2715,2631,2791,2703,2773,2798,2782,2932,2918,2867,2868,2818,2699,2633,2574,2945,2944,2911,2851,2882,2829,2761,2811,2925,2900,2886,2861,2857,2824,2771,2773,2913,2879,2860,2853,2831,2811,2654,2767,2925,2909,2876,2838,2825,2826,2764,2805,2932,2900,2894,2848,2845,2781,2825,2788
TOF,2759,2495,2428,2358,2324,2320,2250,2185,2767,2755,2674,2759,2781,2813,2692,2641,2963,2923,2865,2844,2812,2724,2618,2604,2931,2926,2885,2872,2860,2841,2765,2788,2953,2902,2873,2866,2851,2839,2719,2811,2912,2896,2847,2833,2822,2805,2684,2783,2902,2888,2878,2867,2847,2799,2716,2790,2897,2925,2863,2856,2842,2811,2781,2785
TOF,2759,2586,2556,2373,2327,2304,2266,1964,2733,2736,2670,2753,2838,2818,2753,2641,2956,2890,2885,2891,2796,2742,2626,2593,2938,2916,2887,2867,2864,2831,2786,2778,2927,2887,2892,2872,2852,2827,2685,2778,2956,2881,2862,2843,2838,2824,2659,2771,2910,2907,2880,2840,2848,2797,2684,2806,2925,2904,2881,2844,2841,2800,2788,2785
TOF,2914,2461,2399,2394,2362,2312,2261,2076,2735,2717,2664,2733,2801,2807,2738,2704,2958,2914,2896,2869,2770,2690,2612,2607,2951,2910,2868,2881,2854,2818,2778,2796,2931,2923,2898,2886,2851,2819,2744,2806,2906,2910,2866,2851,2842,2824,2610,2795,2891,2898,2861,2852,2843,2798,2784,2831,2891,2912,2879,2840,2836,2820,2839,2784
TOF,3020,2461,2427,2398,2390,2319,2261,2164,2738,2692,2696,2754,2777,2793,2768,2704,2950,2911,2879,2853,2794,2683,2628,2578,2966,2898,2855,2900,2842,2822,2768,2779,2908,2895,2872,2863,2858,2819,2744,2781,2910,2868,2875,2841,2837,2821,2702,2814,2944,2888,2863,2839,2836,2820,2785,2808,2963,2915,2860,2828,2820,2810,2802,2810
TOF,2900,2875,2447,2376,2292,2315,2248,2200,2730,2734,2710,2741,2762,2768,2720,2780,2935,2914,2896,2844,2798,2740,2644,2612,2942,2912,2882,2870,2864,2836,2779,2802,2909,2916,2888,2856,2839,2810,2770,2784,2903,2929,2865,2855,2834,2852,2673,2795,2925,2907,2864,2848,2820,2820,2769,2780,2912,2899,2904,2848,2811,2818,2827,2824
TOF,2900,2785,2412,2468,2390,2261,2250,2200,2718,2704,2721,2717,2744,2746,2779,2775,2946,2894,2879,2854,2802,2737,2634,2589,2944,2894,2890,2860,2850,2818,2761,2790,2947,2923,2872,2876,2849,2815,2713,2804,2935,2892,2894,2871,2848,2808,2700,2784,2932,2896,2869,2839,2840,2826,2779,2786,2926,2917,2881,2850,2842,2814,2818,2797
TOF,2900,2735,2361,2386,2362,2328,2255,2055,2775,2730,2715,2707,2772,2749,2799,2775,2960,2922,2903,2862,2822,2686,2641,2611,2951,2913,2885,2872,2852,2835,2787,2790,2957,2882,2891,2875,2860,2831,2723,2796,2942,2895,2883,2869,2834,2825,2676,2783,2914,2901,2853,2834,2860,2800,2772,2802,2916,2896,2868,2879,2827,2809,2798,2792
TOF,2887,2725,2361,2441,2347,2299,2231,2055,2870,2700,2717,2722,2764,2766,2692,2704,2941,2917,2884,2862,2819,2663,2618,2610,2919,2925,2892,2865,2857,2832,2785,2771,2940,2906,2869,2846,2849,2830,2708,2803,2908,2898,2869,2859,2832,2817,2709,2800,2918,2885,2875,2829,2841,2813,2790,2789,2932,2880,2881,2834,2831,2787,2832,2801
TOF,2887,2725,2361,2371,2362,2289,2265,2107,2768,2734,2695,2782,2748,2720,2784,2709,2942,2905,2876,2840,2802,2710,2579,2582,2939,2910,2876,2861,2855,2816,2775,2795,2921,2925,2897,2867,2842,2847,2655,2790,2917,2905,2857,2854,2837,2826,2618,2796,2895,2901,2860,2846,2819,2796,2813,2797,2927,2918,2880,2860,2853,2814,2808,2779
TOF,2887,2725,2361,2370,2313,2282,2298,2166,2741,2690,2674,2697,2742,2804,2768,2765,2931,2913,2890,2855,2812,2751,2637,2603,2929,2912,2895,2876,2870,2824,2790,2796,2950,2898,2884,2862,2847,2825,2737,2780,2919,2879,2885,2854,2814,2819,2702,2796,2913,2889,2887,2852,2814,2808,2725,2806,2908,2898,2895,2854,2814,2802,2847,2779
TOF,2887,2591,2583,2421,2321,2238,2253,2166,2778,2741,2749,2762,2811,2732,2731,2665,2933,2896,2893,2838,2808,2698,2659,2588,2946,2889,2900,2889,2843,2850,2779,2771,2938,2912,2889,2873,2823,2814,2744,2781,2933,2892,2873,2863,2818,2815,2658,2795,2919,2886,2867,2873,2833,2800,2763,2806,2937,2910,2893,2867,2811,2796,2799,2787
TOF,2824,2534,2402,2368,2358,2316,2227,2166,2780,2729,2726,2731,2763,2762,2806,2665,2948,2909,2903,2850,2823,2701,2636,2611,2929,2894,2882,2892,2866,2829,2777,2778,2931,2898,2867,2844,2838,2838,2776,2780,2935,2910,2889,2861,2841,2793,2663,2799,2907,2904,2881,2878,2820,2827,2787,2796,2915,2904,2888,2852,2836,2794,2827,2802
TOF,2824,2508,2485,2421,2346,2304,2235,2153,2784,2741,2706,2777,2742,2790,2733,2729,2939,2912,2892,2876,2806,2706,2627,2574,2930,2902,2897,2883,2869,2850,2780,2759,2918,2883,2884,2881,2857,2842,2741,2800,2948,2897,2882,2850,2847,2838,2657,2774,2929,2885,2881,2852,2838,2808,2703,2800,2920,2890,2871,2859,2845,2798,2808,2795
TOF,2915,2579,2437,2353,2384,2355,2298,2043,2748,2721,2660,2745,2770,2791,2760,2724,2939,2913,2879,2831,2822,2701,2639,2612,2927,2924,2878,2869,2848,2830,2791,2811,2935,2898,2880,2862,2846,2839,2724,2800,2919,2935,2880,2858,2853,2834,2655,2776,2907,2901,2858,2851,2820,2803,2733,2783,2914,2881,2876,2860,2837,2819,2805,2794
TOF,2762,2671,2456,2389,2325,2307,2255,2213,2727,2744,2683,2734,2735,2762,2733,2778,2934,2918,2882,2863,2785,2733,2606,2593,2946,2897,2869,2873,2879,2827,2772,2768,2947,2904,2874,2865,2841,2828,2740,2809,2929,2890,2872,2870,2844,2820,2673,2785,2924,2899,2878,2842,2829,2832,2775,2804,2932,2908,2873,2847,2850,2809,2793,2807
TOF,2780,2746,2376,2453,2350,2319,2263,2217,2754,2746,2670,2718,2774,2808,2744,2711,2915,2926,2890,2858,2766,2690,2641,2595,2923,2896,2877,2893,2860,2817,2761,2791,2921,2904,2879,2862,2844,2823,2724,2788,2907,2906,2852,2845,2834,2815,2720,2770,2920,2871,2858,2860,2855,2818,2721,2816,2939,2905,2878,2838,2825,2794,2833,2829
TOF,2911,2528,2452,2421,2341,2303,2268,2154,2735,2718,2697,2697,2768,2746,2807,2747,2958,2910,2888,2881,2791,2666,2631,2608,2901,2903,2879,2870,2854,2826,2785,2784,2936,2909,2889,2871,2850,2831,2766,2802,2935,2888,2871,2866,2832,2832,2620,2800,2913,2908,2860,2840,2842,2810,2751,2807,2940,2905,2891,2859,2832,2790,2815,2841
TOF,2732,2528,2425,2411,2375,2306,2250,2154,2760,2684,2730,2699,2727,2781,2768,2747,2961,2919,2901,2866,2793,2772,2600,2583,2921,2917,2882,2900,2864,2819,2770,2808,2919,2912,2903,2877,2825,2832,2737,2764,2915,2884,2884,2871,2846,2819,2668,2808,2904,2878,2876,2858,2845,2809,2761,2783,2961,2911,2897,2836,2818,2794,2789,2792
TOF,2732,2528,2545,2426,2342,2300,2216,2055,2707,2748,2701,2631,2780,2762,2764,2747,2948,2921,2864,2876,2806,2824,2633,2626,2943,2918,2894,2863,2869,2836,2758,2787,2941,2907,2876,2862,2852,2829,2749,2806,2948,2911,2885,2845,2820,2809,2658,2789,2920,2905,2871,2848,2815,2820,2766,2798,2929,2926,2877,2840,2826,2805,2815,2782
TOF,2732,2528,2545,2399,2352,2278,2233,2055,2779,2737,2740,2729,2733,2787,2779,2329,2960,2905,2882,2846,2840,2730,2612,2602,2930,2906,2875,2869,2839,2833,2769,2797,2920,2895,2863,2857,2843,2821,2733,2803,2907,2869,2859,2868,2831,2819,2696,2776,2905,2891,2867,2852,2823,2820,2758,2768,2921,2902,2868,2874,2837,2793,2813,2788
TOF,2732,2477,2545,2404,2387,2293,2212,2055,2775,2720,2718,2689,2749,2777,2777,2625,2956,2902,2891,2864,2777,2724,2611,2614,2950,2908,2895,2878,2849,2808,2770,2796,2933,2889,2875,2882,2840,2833,2760,2806,2911,2888,2867,2855,2879,2833,2670,2772,2914,2893,2870,2848,2854,2814,2685,2784,2969,2874,2883,2844,2818,2801,2802,2815
TOF,2631,2477,2545,2402,2328,2353,2213,2214,2755,2698,2671,2758,2822,2793,2739,2625,2952,2910,2917,2871,2766,2780,2611,2590,2938,2910,2898,2858,2847,2811,2787,2804,2931,2906,2887,2874,2857,2838,2725,2783,2908,2898,2876,2847,2856,2814,2684,2775,2921,2911,2875,2841,2827,2800,2685,2794,2951,2888,2884,2881,2835,2809,2796,2812
TOF,2795,2430,2407,2394,2331,2291,2268,2132,2799,2747,2673,2722,2801,2772,2742,2625,2943,2918,2867,2845,2812,2746,2592,2631,2933,2931,2875,2851,2858,2837,2756,2797,2913,2917,2872,2849,2855,2816,2744,2786,2929,2893,2883,2845,2825,2828,2632,2774,2910,2902,2887,2864,2845,2819,2703,2784,2941,2923,2862,2859,2853,2808,2831,2803
TOF,2898,2430,2431,2368,2347,2341,2299,2276,2771,2705,2696,2700,2736,2709,2784,2724,2932,2930,2889,2853,2801,2775,2621,2639,2932,2901,2888,2846,2842,2830,2752,2803,2981,2917,2860,2838,2836,2822,2722,2798,2930,2903,2867,2866,2843,2824,2709,2790,2910,2900,2864,2857,2825,2816,2718,2797,2966,2927,2873,2831,2841,2809,2806,2811
TOF,2712,2430,2446,2414,2405,2313,2261,2276,2701,2755,2741,2715,2758,2773,2750,2841,2946,2916,2883,2868,2780,2729,2637,2611,2944,2904,2868,2875,2849,2820,2776,2775,2933,2902,2893,2852,2839,2824,2729,2802,2890,2906,2902,2857,2834,2839,2678,2774,2913,2914,2885,2851,2829,2809,2702,2786,2957,2884,2838,2841,2836,2833,2815,2794
TOF,2772,2430,2466,2357,2361,2285,2252,1981,2800,2701,2718,2691,2759,2858,2791,2667,2912,2889,2882,2864,2770,2748,2625,2582,2959,2912,2890,2879,2832,2832,2770,2804,2942,2901,2873,2877,2842,2826,2763,2794,2943,2894,2870,2860,2836,2813,2620,2785,2923,2904,2861,2849,2847,2802,2774,2774,2922,2931,2885,2847,2815,2805,2814,2816
TOF,2876,2430,2454,2364,2339,2318,2273,1981,2775,2710,2725,2736,2796,2699,2790,2363,2963,2924,2894,2856,2795,2719,2642,2579,2926,2911,2893,2873,2852,2830,2774,2778,2940,2907,2877,2863,2860,2827,2736,2800,2928,2892,2846,2853,2843,2833,2651,2786,2923,2880,2859,2849,2853,2797,2773,2792,2890,2902,2883,2861,2836,2804,2815,2799
TOF,2609,2430,2452,2393,2330,2314,2276,1981,2739,2687,2681,2713,2866,2774,2759,2363,2933,2911,2887,2854,2804,2755,2640,2607,2931,2909,2902,2889,2838,2859,2817,2798,2907,2896,2867,2859,2845,2820,2685,2777,2911,2864,2869,2849,2817,2808,2687,2783,2926,2880,2855,2838,2852,2826,2788,2809,2928,2928,2906,2852,2850,2803,2822,2793
TOF,2882,2608,2452,2395,2353,2278,2245,1981,2724,2734,2676,2761,2744,2757,2793,2442,2968,2924,2873,2847,2798,2713,2625,2597,2908,2916,2877,2881,2857,2845,2804,2792,2950,2922,2892,2886,2846,2826,2729,2817,2919,2884,2881,2860,2836,2810,2707,2784,2921,2892,2865,2844,2820,2826,2737,2785,2927,2917,2876,2862,2828,2794,2801,2801
TOF,2882,2833,2480,2431,2345,2290,2231,1981,2748,2746,2696,2681,2696,2763,2779,2757,2987,2935,2879,2870,2800,2763,2639,2611,2937,2918,2878,2876,2863,2846,2759,2789,2933,2908,2867,2850,2846,2825,2735,2784,2933,2889,2873,2866,2824,2820,2673,2790,2936,2892,2879,2856,2829,2806,2713,2792,2922,2895,2861,2854,2841,2804,2795,2796
TOF,2882,2547,2465,2379,2341,2311,2262,2043,2752,2753,2720,2707,2768,2761,2718,2752,2943,2913,2887,2874,2795,2721,2665,2623,2932,2915,2899,2869,2844,2821,2770,2783,2894,2897,2870,2853,2858,2824,2759,2799,2902,2899,2849,2870,2838,2820,2711,2783,2921,2913,2878,2867,2835,2823,2765,2796,2928,2917,2868,2848,2850,2811,2800,2798
TOF,2589,2524,2530,2366,2361,2322,2290,2243,2765,2723,2695,2755,2741,2781,2766,2751,2956,2915,2900,2874,2813,2725,2611,2602,2939,2898,2877,2876,2869,2861,2745,2790,2958,2898,2858,2859,2833,2839,2733,2802,2920,2913,2855,2842,2839,2829,2702,2787,2933,2869,2863,2858,2831,2824,2781,2802,2925,2919,2873,2860,2827,2796,2819,2839
TOF,2570,2424,2530,2414,2321,2276,2247,1969,2771,2716,2701,2740,2755,2767,2807,2504,2930,2920,2886,2819,2799,2746,2602,2642,2925,2911,2897,2883,2875,2843,2809,2772,2915,2900,2866,2868,2838,2821,2752,2798,2897,2899,2879,2856,2831,2824,2667,2805,2937,2921,2879,2847,2837,2808,2823,2780,2933,2894,2884,2858,2849,2781,2807,2783
TOF,2666,2424,2449,2444,2389,2288,2204,2062,2752,2690,2656,2759,2726,2766,2753,2504,2930,2916,2889,2856,2794,2702,2632,2620,2946,2907,2882,2887,2838,2843,2774,2784,2949,2904,2881,2860,2828,2824,2725,2791,2921,2885,2881,2863,2845,2799,2664,2801,2917,2901,2883,2866,2824,2811,2783,2801,2944,2895,2880,2845,2825,2787,2789,2807
TOF,2843,2537,2474,2369,2352,2293,2214,2175,2797,2696,2693,2706,2758,2798,2778,2437,2934,2903,2900,2840,2795,2692,2609,2649,2938,2903,2888,2864,2837,2831,2776,2777,2935,2911,2880,2852,2862,2836,2713,2807,2915,2903,2863,2868,2853,2827,2716,2793,2917,2902,2855,2854,2825,2817,2757,2815,2920,2905,2885,2834,2837,2813,2805,2830
TOF,2849,2537,2420,2380,2332,2317,2256,2187,2759,2724,2697,2760,2744,2775,2752,2500,2961,2892,2869,2852,2813,2736,2607,2611,2935,2922,2869,2883,2861,2823,2769,2792,2969,2891,2892,2879,2838,2822,2722,2787,2926,2882,2883,2847,2835,2821,2675,2780,2909,2903,2867,2865,2831,2789,2780,2787,2932,2898,2877,2856,2837,2821,2831,2804
TOF,2896,2537,2440,2412,2359,2298,2285,1993,2716,2716,2708,2741,2761,2741,2767,2500,2964,2933,2877,2843,2799,2749,2623,2599,2904,2903,2887,2862,2854,2836,2771,2792,2925,2928,2893,2867,2855,2830,2735,2813,2936,2878,2871,2851,2827,2830,2698,2796,2905,2867,2867,2861,2835,2795,2735,2780,2935,2900,2895,2855,2837,2814,2797,2801
TOF,2576,2480,2406,2401,2357,2279,2222,2174,2732,2795,2708,2709,2748,2773,2734,2705,3002,2915,2902,2848,2810,2766,2616,2604,2902,2900,2880,2846,2865,2845,2803,2790,2933,2901,2858,2864,2852,2822,2743,2791,2935,2909,2866,2858,2839,2821,2693,2792,2913,2890,2860,2841,2826,2811,2743,2791,2930,2889,2880,2832,2830,2797,2807,2810
TOF,2849,2798,2457,2403,2340,2295,2259,2174,2790,2737,2711,2700,2672,2788,2764,2704,2949,2915,2903,2870,2780,2728,2654,2591,2953,2886,2877,2855,2860,2846,2782,2786,2905,2897,2868,2869,2839,2817,2755,2792,2911,2912,2856,2856,2823,2814,2663,2802,2925,2887,2857,2867,2820,2796,2824,2794,2936,2910,2867,2865,2831,2787,2806,2764
TOF,2849,2798,2399,2376,2329,2305,2271,2174,2750,2705,2757,2754,2739,2786,2782,2704,2962,2905,2893,2862,2781,2751,2634,2612,2947,2900,2871,2874,2834,2831,2783,2814,2943,2916,2889,2859,2833,2832,2748,2792,2956,2882,2873,2849,2838,2836,2676,2803,2908,2904,2871,2832,2822,2814,2757,2803,2927,2900,2852,2858,2829,2790,2784,2797
TOF,2849,2740,2502,2407,2366,2316,2322,2174,2739,2711,2694,2688,2645,2793,2768,2777,2959,2916,2890,2863,2772,2767,2639,2608,2938,2890,2903,2862,2861,2816,2773,2797,2951,2886,2872,2862,2845,2818,2718,2788,2887,2892,2858,2850,2843,2808,2693,2791,2907,2884,2870,2843,2826,2794,2793,2786,2944,2898,2895,2851,2822,2802,2785,2787
TOF,2844,2868,2427,2411,2360,2340,2230,2194,2766,2718,2654,2682,2737,2741,2763,2777,2940,2901,2875,2862,2778,2822,2647,2602,2932,2916,2889,2865,2853,2833,2768,2825,2946,2896,2887,2877,2859,2828,2755,2777,2942,2864,2896,2870,2849,2797,2654,2786,2923,2901,2880,2837,2811,2815,2788,2805,2929,2901,2882,2859,2828,2811,2828,2777
TOF,2919,2882,2571,2415,2364,2307,2260,2192,2755,2734,2685,2759,2725,2761,2772,2473,2933,2932,2885,2866,2828,2715,2662,2590,2953,2904,2868,2883,2861,2813,2766,2792,2920,2895,2863,2856,2855,2803,2751,2803,2916,2891,2870,2852,2851,2813,2659,2792,2923,2893,2893,2855,2831,2821,2771,2782,2925,2928,2866,2884,2854,2796,2786,2814
TOF,2919,2959,2571,2416,2341,2321,2225,2176,2756,2753,2680,2726,2739,2793,2791,2502,2962,2907,2895,2863,2806,2735,2638,2601,2953,2899,2892,2861,2846,2817,2770,2798,2927,2902,2883,2858,2858,2813,2751,2801,2923,2879,2866,2857,2837,2824,2689,2818,2902,2898,2877,2851,2808,2807,2799,2786,2946,2924,2863,2843,2810,2785,2822,2785
TOF,2886,2564,2419,2401,2389,2319,2293,2141,2721,2755,2686,2710,2731,2729,2763,2769,2970,2923,2898,2866,2806,2732,2608,2569,2926,2909,2871,2876,2852,2837,2763,2774,2935,2888,2881,2867,2849,2839,2727,2805,2907,2857,2885,2845,2822,2815,2673,2782,2930,2895,2883,2843,2827,2828,2758,2800,2924,2920,2891,2845,2818,2823,2826,2811
TOF,2886,2550,2461,2320,2362,2279,2287,2095,2769,2715,2671,2755,2744,2802,2778,2769,2938,2915,2888,2839,2807,2704,2644,2628,2943,2913,2894,2878,2879,2813,2794,2798,2899,2923,2849,2851,2844,2831,2783,2800,2949,2879,2868,2857,2833,2825,2684,2802,2948,2893,2871,2844,2824,2825,2799,2791,2941,2913,2898,2849,2840,2822,2799,2797
TOF,2886,2502,2482,2397,2347,2286,2230,2095,2773,2722,2655,2676,2693,2765,2789,2769,2956,2904,2877,2864,2813,2697,2655,2589,2910,2910,2878,2875,2867,2855,2774,2781,2946,2900,2878,2868,2854,2828,2769,2788,2940,2894,2877,2849,2837,2830,2685,2792,2940,2878,2869,2864,2831,2812,2780,2768,2952,2916,2899,2862,2824,2817,2770,2804
TOF,2839,2502,2396,2386,2336,2322,2223,2204,2749,2736,2689,2685,2659,2780,2760,2769,2939,2923,2896,2860,2771,2728,2618,2629,2935,2904,2864,2860,2853,2840,2786,2789,2898,2889,2880,2864,2843,2795,2715,2795,2919,2896,2870,2860,2837,2805,2655,2755,2919,2906,2847,2838,2841,2826,2761,2807,2945,2867,2868,2824,2841,2815,2817,2811
TOF,2919,2472,2427,2415,2307,2295,2276,2049,2735,2726,2684,2695,2732,2820,2712,2769,2924,2901,2873,2876,2831,2698,2639,2559,2959,2920,2888,2882,2852,2839,2786,2794,2921,2896,2884,2863,2855,2833,2728,2825,2926,2878,2872,2851,2822,2818,2690,2800,2933,2902,2874,2840,2833,2810,2785,2789,2959,2903,2848,2854,2835,2794,2849,2811
TOF,2919,2478,2442,2367,2348,2326,2241,2038,2740,2707,2671,2704,2752,2801,2753,2759,2964,2910,2898,2857,2801,2695,2640,2573,2956,2912,2893,2878,2852,2810,2745,2783,2936,2901,2888,2884,2845,2836,2761,2794,2909,2908,2870,2848,2816,2836,2726,2797,2907,2888,2864,2830,2827,2817,2732,2780,2961,2898,2887,2851,2852,2799,2792,2775
TOF,2763,2478,2441,2374,2371,2303,2257,2059,2802,2744,2713,2707,2731,2763,2786,2759,2971,2927,2887,2850,2774,2742,2619,2620,2941,2921,2879,2865,2847,2824,2762,2807,2926,2919,2884,2884,2833,2837,2729,2812,2930,2888,2871,2855,2824,2811,2702,2771,2904,2903,2876,2841,2818,2821,2756,2783,2939,2917,2915,2843,2827,2795,2810,2814
TOF,2890,2431,2516,2360,2332,2302,2282,2132,2759,2740,2691,2774,2751,2800,2748,2767,2944,2917,2882,2861,2805,2692,2602,2585,2979,2919,2888,2887,2872,2817,2772,2767,2922,2922,2863,2862,2839,2811,2705,2798,2911,2898,2867,2854,2840,2807,2664,2780,2928,2885,2859,2861,2835,2802,2798,2797,2928,2903,2895,2848,2807,2815,2817,2815
TOF,2565,2856,2470,2417,2312,2311,2257,2315,2777,2700,2686,2724,2739,2809,2767,2741,2944,2890,2882,2858,2790,2733,2634,2599,2926,2919,2883,2875,2877,2840,2794,2805,2940,2894,2897,2877,2849,2832,2733,2786,2930,2903,2871,2857,2844,2814,2709,2794,2923,2890,2882,2861,2818,2820,2787,2787,2925,2890,2877,2835,2842,2824,2811,2786
TOF,2565,2856,2413,2417,2343,2338,2224,2148,2740,2689,2709,2740,2735,2749,2783,2769,2941,2897,2915,2885,2764,2755,2603,2604,2948,2934,2882,2870,2863,2803,2781,2796,2917,2881,2893,2880,2837,2832,2745,2771,2918,2921,2880,2855,2839,2823,2646,2762,2924,2899,2876,2832,2835,2820,2758,2796,2965,2886,2883,2843,2839,2802,2826,2806
TOF,2894,2586,2407,2398,2325,2332,2257,2137,2729,2734,2740,2713,2763,2854,2703,2769,2973,2919,2867,2874,2806,2778,2637,2618,2930,2919,2884,2869,2855,2815,2767,2789,2953,2891,2878,2868,2843,2815,2705,2770,2945,2904,2892,2855,2833,2830,2628,2790,2907,2898,2863,2852,2819,2799,2820,2797,2947,2924,2852,2844,2823,2803,2815,2807
TOF,2922,2586,2444,2425,2341,2279,2261,2115,2756,2727,2661,2765,2757,2753,2824,2769,2971,2907,2886,2841,2772,2712,2598,2616,2932,2914,2882,2876,2846,2821,2777,2775,2938,2895,2885,2856,2846,2834,2723,2799,2938,2883,2881,2854,2821,2819,2665,2776,2922,2890,2874,2847,2824,2812,2777,2758,2948,2875,2855,2853,2839,2795,2820,2800
TOF,2922,2549,2493,2376,2354,2335,2259,2213,2740,2717,2681,2735,2731,2814,2711,2766,2954,2896,2900,2879,2820,2721,2610,2575,2928,2894,2875,2873,2863,2806,2781,2766,2952,2906,2858,2863,2841,2809,2749,2783,2923,2887,2887,2859,2831,2803,2637,2803,2922,2884,2875,2852,2823,2806,2753,2787,2911,2892,2870,2836,2829,2809,2814,2822
TOF,2953,2478,2466,2385,2354,2293,2298,2210,2756,2708,2652,2744,2680,2806,2772,2380,2918,2892,2889,2879,2812,2688,2653,2613,2942,2900,2881,2886,2840,2809,2774,2783,2936,2914,2880,2876,2849,2825,2743,2774,2918,2891,2881,2857,2823,2782,2652,2775,2908,2902,2873,2859,2834,2830,2745,2779,2928,2907,2888,2857,2831,2810,2822,2817
TOF,2953,2502,2455,2395,2362,2320,2266,2210,2778,2712,2677,2650,2712,2769,2789,2380,2950,2934,2885,2870,2813,2732,2635,2574,2950,2908,2893,2855,2840,2803,2767,2765,2921,2889,2867,2858,2836,2819,2724,2784,2934,2891,2886,2861,2855,2799,2637,2767,2903,2904,2868,2868,2828,2808,2765,2791,2929,2899,2890,2858,2826,2815,2780,2796
TOF,2981,2502,2529,2413,2343,2324,2273,2195,2742,2701,2711,2757,2745,2719,2793,2721,2948,2914,2899,2862,2807,2768,2582,2609,2954,2906,2899,2866,2868,2812,2788,2784,2949,2902,2874,2871,2827,2829,2762,2784,2912,2883,2881,2841,2824,2863,2628,2771,2940,2879,2862,2873,2834,2814,2789,2776,2929,2908,2858,2852,2836,2808,2762,2790
TOF,2923,2528,2437,2449,2356,2357,2285,2108,2762,2712,2670,2749,2773,2771,2829,2721,2958,2917,2895,2840,2837,2710,2638,2606,2951,2921,2881,2874,2854,2839,2785,2796,2919,2904,2865,2874,2859,2820,2731,2791,2942,2895,2887,2857,2831,2810,2685,2791,2912,2903,2875,2851,2844,2802,2821,2778,2922,2907,2882,2851,2856,2814,2830,2792
TOF,2916,2584,2437,2404,2377,2308,2236,2108,2713,2710,2699,2715,2758,2801,2797,2555,2915,2911,2898,2865,2785,2704,2631,2584,2926,2908,2901,2885,2872,2849,2787,2802,2955,2907,2884,2862,2863,2818,2711,2795,2939,2909,2872,2864,2830,2836,2609,2795,2913,2932,2879,2839,2846,2793,2743,2828,2927,2916,2889,2863,2857,2823,2799,2780
TOF,2863,2515,2539,2404,2318,2305,2225,2024,2799,2736,2684,2671,2736,2797,2797,2713,2935,2908,2873,2857,2812,2717,2625,2615,2919,2912,2891,2882,2855,2846,2782,2791,2921,2919,2868,2852,2836,2825,2795,2800,2904,2898,2871,2859,2828,2819,2618,2795,2926,2891,2873,2840,2832,2810,2775,2788,2917,2886,2890,2852,2828,2806,2817,2812
TOF,2863,2515,2446,2405,2338,2325,2207,2213,2809,2728,2666,2689,2667,2772,2779,2444,2956,2901,2891,2822,2820,2742,2615,2677,2930,2928,2872,2867,2853,2808,2749,2772,2925,2910,2886,2861,2849,2833,2716,2787,2911,2883,2853,2844,2845,2799,2639,2775,2915,2885,2858,2848,2838,2820,2760,2795,2913,2902,2855,2875,2821,2798,2787,2805
TOF,2733,2764,2446,2387,2336,2289,2208,2169,2760,2722,2699,2695,2678,2797,2785,2626,2975,2928,2898,2847,2788,2708,2665,2582,2938,2901,2880,2889,2854,2843,2786,2770,2935,2920,2886,2872,2828,2827,2707,2793,2908,2875,2846,2850,2833,2803,2711,2783,2926,2912,2867,2831,2829,2814,2731,2788,2950,2895,2878,2832,2828,2830,2802,2799
TOF,2635,2764,2446,2427,2344,2322,2301,2127,2791,2766,2682,2667,2794,2732,2779,2626,2962,2927,2893,2860,2778,2718,2629,2648,2946,2910,2860,2879,2838,2843,2784,2803,2937,2906,2865,2859,2850,2830,2724,2789,2931,2909,2880,2855,2833,2815,2658,2807,2924,2910,2866,2866,2823,2812,2746,2783,2961,2903,2872,2858,2843,2799,2822,2795
TOF,2612,2764,2890,2415,2333,2335,2271,2268,2779,2753,2702,2653,2738,2796,2707,2732,2954,2920,2894,2860,2790,2703,2611,2588,2923,2901,2889,2877,2869,2831,2782,2779,2909,2927,2882,2866,2851,2824,2751,2799,2917,2901,2888,2862,2832,2843,2704,2801,2924,2886,2850,2876,2839,2817,2779,2788,2934,2906,2884,2827,2843,2828,2819,2828
TOF,2868,2806,2380,2372,2333,2311,2271,2106,2762,2728,2669,2666,2820,2788,2798,2817,2934,2938,2885,2832,2822,2708,2615,2578,2946,2899,2900,2878,2859,2827,2790,2786,2925,2903,2865,2854,2842,2820,2730,2787,2915,2868,2890,2874,2861,2820,2677,2786,2903,2890,2879,2863,2828,2816,2652,2783,2951,2896,2903,2870,2838,2822,2817,2827
TOF,2818,2570,2518,2433,2369,2296,2293,2106,2818,2742,2634,2728,2824,2778,2777,2653,2976,2925,2900,2873,2813,2753,2628,2613,2946,2897,2899,2885,2842,2838,2749,2777,2930,2908,2895,2870,2847,2812,2767,2761,2936,2901,2886,2850,2863,2827,2684,2775,2929,2903,2880,2855,2829,2789,2747,2809,2936,2891,2875,2852,2850,2795,2793,2781
TOF,2818,2570,2518,2432,2341,2278,2224,2101,2751,2751,2674,2702,2760,2775,2767,2653,2965,2913,2904,2841,2833,2798,2622,2610,2942,2905,2898,2862,2852,2822,2779,2782,2960,2890,2875,2861,2862,2833,2760,2826,2915,2877,2883,2848,2811,2816,2704,2762,2904,2922,2868,2839,2843,2814,2788,2769,2963,2898,2861,2860,2820,2814,2799,2810
TOF,2818,2498,2484,2398,2358,2319,2269,2200,2756,2724,2704,2771,2725,2770,2735,2359,2952,2913,2875,2857,2803,2758,2626,2606,2960,2919,2865,2874,2873,2839,2775,2812,2934,2905,2873,2863,2851,2840,2706,2820,2930,2909,2875,2864,2846,2821,2704,2787,2917,2905,2867,2852,2834,2806,2766,2794,2957,2894,2880,2861,2840,2815,2810,2793
TOF,2912,2498,2435,2402,2323,2335,2236,2157,2789,2675,2706,2751,2833,2797,2754,2379,2938,2916,2889,2868,2819,2732,2607,2602,2947,2903,2853,2860,2869,2846,2769,2794,2926,2873,2887,2883,2852,2832,2725,2788,2912,2907,2871,2854,2840,2823,2683,2801,2920,2898,2867,2839,2847,2818,2789,2785,2942,2925,2853,2837,2824,2805,2804,2811
TOF,2584,2842,2481,2382,2371,2333,2256,2052,2750,2709,2692,2749,2717,2760,2791,2614,2943,2913,2867,2845,2783,2702,2644,2623,2940,2889,2862,2869,2848,2841,2759,2809,2931,2902,2886,2876,2829,2828,2729,2799,2946,2868,2889,2858,2835,2826,2600,2796,2935,2892,2871,2859,2841,2823,2727,2779,2920,2887,2839,2826,2825,2816,2790,2789
TOF,2522,2842,2494,2362,2356,2309,2220,2077,2746,2757,2734,2682,2761,2801,2789,2609,2946,2923,2902,2848,2810,2754,2650,2551,2946,2911,2894,2853,2851,2824,2781,2796,2944,2886,2888,2871,2844,2828,2739,2782,2915,2899,2876,2862,2845,2820,2667,2791,2930,2886,2862,2869,2846,2803,2742,2789,2955,2900,2889,2866,2816,2793,2816,2798
TOF,2558,2575,2435,2396,2329,2289,2242,2129,2769,2747,2690,2684,2725,2755,2764,2403,2958,2898,2899,2855,2811,2738,2656,2641,2927,2927,2895,2867,2841,2817,2778,2768,2937,2903,2863,2879,2829,2825,2701,2799,2908,2894,2875,2860,2859,2814,2680,2805,2928,2877,2872,2839,2835,2821,2795,2794,2919,2888,2867,2854,2831,2780,2792,2787
TOF,2558,2575,2435,2411,2316,2302,2202,2129,2758,2700,2697,2720,2711,2751,2780,2403,2958,2901,2888,2852,2786,2751,2619,2602,2945,2900,2885,2869,2838,2824,2757,2797,2909,2898,2871,2872,2857,2833,2738,2800,2921,2887,2879,2862,2829,2815,2659,2797,2921,2875,2848,2868,2809,2798,2726,2790,2921,2890,2843,2857,2830,2833,2803,2791
TOF,2558,2505,2382,2378,2380,2363,2204,2187,2732,2735,2709,2762,2745,2814,2791,2774,2914,2926,2895,2851,2794,2695,2636,2611,2943,2914,2898,2869,2846,2852,2762,2798,2910,2893,2898,2872,2846,2809,2684,2796,2920,2893,2864,2866,2834,2822,2684,2784,2904,2896,2879,2851,2840,2817,2743,2808,2937,2888,2866,2850,2832,2786,2805,2809
TOF,2890,2847,2367,2437,2334,2293,2302,2121,2763,2707,2682,2713,2793,2720,2822,2384,2952,2918,2871,2857,2783,2738,2628,2588,2949,2917,2898,2883,2849,2858,2810,2798,2945,2919,2872,2862,2852,2805,2800,2793,2911,2893,2834,2857,2834,2803,2631,2801,2923,2873,2885,2846,2845,2787,2778,2793,2935,2901,2880,2846,2806,2814,2838,2816
TOF,2869,2847,2378,2381,2352,2308,2248,2121,2765,2761,2666,2712,2749,2774,2777,2762,2940,2920,2885,2866,2777,2718,2620,2612,2953,2912,2889,2864,2850,2806,2800,2777,2949,2897,2892,2852,2842,2843,2736,2794,2928,2894,2874,2855,2830,2819,2627,2798,2933,2886,2866,2845,2829,2813,2839,2809,2929,2900,2897,2862,2849,2805,2808,2778
TOF,2869,2847,2440,2409,2360,2323,2286,2158,2764,2762,2713,2712,2702,2751,2720,2421,2975,2916,2852,2855,2794,2782,2614,2638,2941,2913,2886,2884,2840,2834,2741,2788,2944,2893,2892,2856,2844,2811,2709,2816,2941,2899,2888,2865,2822,2819,2657,2780,2926,2903,2892,2860,2824,2817,2681,2754,2894,2902,2850,2837,2851,2803,2794,2754
TOF,2605,2505,2478,2347,2379,2314,2234,2086,2771,2686,2682,2697,2764,2682,2653,2500,2959,2911,2884,2864,2808,2703,2619,2624,2955,2919,2888,2870,2853,2811,2755,2804,2943,2896,2880,2864,2835,2835,2752,2798,2895,2903,2871,2856,2847,2836,2715,2782,2921,2906,2861,2831,2842,2810,2784,2802,2942,2918,2876,2847,2840,2801,2826,2773
TOF,2788,2505,2509,2375,2357,2311,2251,2210,2756,2707,2655,2670,2799,2728,2783,2326,2942,2898,2895,2838,2775,2729,2659,2607,2942,2905,2908,2876,2866,2823,2772,2780,2964,2900,2880,2870,2865,2839,2744,2817,2951,2892,2877,2875,2830,2812,2672,2784,2925,2897,2858,2849,2837,2816,2788,2799,2956,2898,2855,2851,2837,2810,2825,2784
TOF,2902,2595,2509,2349,2332,2335,2242,2171,2735,2717,2654,2722,2802,2767,2805,2691,2962,2908,2878,2861,2812,2753,2684,2589,2928,2923,2884,2865,2856,2832,2762,2785,2916,2879,2900,2862,2861,2834,2729,2788,2927,2892,2864,2860,2858,2832,2646,2778,2880,2899,2885,2868,2834,2816,2811,2787,2947,2911,2908,2859,2845,2806,2778,2802
TOF,2659,2596,2437,2407,2354,2265,2229,2235,2734,2692,2653,2739,2778,2845,2726,2766,2973,2918,2872,2853,2822,2699,2628,2608,2950,2913,2880,2862,2848,2857,2756,2780,2936,2904,2880,2861,2859,2841,2725,2830,2904,2886,2880,2860,2857,2830,2676,2792,2901,2886,2868,2855,2829,2816,2782,2800,2941,2916,2883,2842,2836,2818,2811,2779
TOF,2659,2644,2449,2448,2371,2264,2290,2149,2799,2741,2707,2729,2704,2798,2771,2721,2958,2914,2915,2855,2809,2712,2641,2604,2953,2910,2901,2876,2835,2830,2788,2775,2922,2918,2882,2868,2838,2842,2759,2795,2931,2899,2866,2848,2845,2816,2707,2784,2898,2906,2875,2856,2840,2815,2791,2789,2947,2885,2911,2851,2832,2800,2787,2794
TOF,2712,2584,2411,2430,2332,2298,2248,2080,2797,2745,2684,2747,2762,2769,2747,2424,2927,2918,2887,2866,2764,2742,2629,2590,2952,2915,2892,2859,2853,2842,2762,2777,2935,2896,2872,2874,2851,2832,2777,2802,2961,2901,2862,2848,2833,2828,2648,2786,2908,2894,2878,2845,2818,2801,2720,2775,2919,2909,2868,2851,2845,2808,2786,2794
TOF,2708,2471,2457,2433,2339,2336,2234,2080,2752,2686,2660,2666,2736,2790,2786,2424,2935,2925,2898,2860,2803,2713,2640,2605,2946,2905,2884,2868,2869,2837,2754,2786,2930,2910,2878,2857,2842,2808,2721,2779,2914,2906,2894,2851,2820,2831,2654,2795,2914,2893,2887,2874,2813,2799,2685,2772,2947,2895,2882,2850,2825,2780,2826,2791
TOF,2969,2661,2480,2379,2383,2312,2290,2124,2748,2695,2711,2697,2796,2784,2789,2424,2932,2944,2873,2866,2802,2735,2609,2617,2965,2906,2879,2882,2822,2832,2778,2783,2933,2892,2884,2864,2855,2834,2761,2792,2886,2890,2886,2855,2825,2822,2633,2791,2908,2913,2888,2866,2818,2802,2783,2801,2919,2893,2853,2864,2854,2816,2839,2779
TOF,2933,2511,2526,2411,2366,2333,2249,2078,2774,2703,2709,2733,2789,2677,2785,2707,2968,2906,2883,2867,2819,2719,2606,2575,2967,2905,2901,2879,2862,2825,2738,2794,2933,2908,2886,2861,2843,2825,2725,2796,2920,2895,2878,2861,2847,2814,2672,2802,2937,2897,2865,2852,2840,2827,2808,2807,2909,2918,2859,2859,2829,2815,2849,2788
TOF,2908,2615,2526,2431,2364,2320,2303,2149,2845,2725,2680,2684,2692,2802,2819,2707,2963,2925,2885,2877,2793,2762,2632,2597,2942,2901,2889,2868,2872,2839,2790,2781,2921,2905,2868,2855,2845,2816,2728,2790,2918,2900,2891,2850,2850,2827,2711,2803,2910,2902,2868,2849,2825,2815,2765,2796,2959,2897,2874,2850,2848,2803,2803,2789
TOF,2917,2497,2412,2385,2326,2310,2259,2149,2760,2685,2658,2735,2777,2815,2756,2495,2932,2912,2878,2864,2789,2717,2607,2611,2921,2930,2897,2839,2839,2832,2751,2806,2930,2911,2879,2882,2854,2819,2740,2801,2918,2920,2868,2846,2851,2823,2801,2766,2920,2896,2876,2853,2847,2791,2766,2784,2937,2915,2890,2834,2834,2819,2801,2815
TOF,2917,2497,2390,2400,2345,2331,2206,2027,2771,2759,2739,2713,2746,2761,2814,2401,2953,2953,2891,2845,2786,2705,2655,2608,2934,2897,2892,2873,2852,2823,2777,2799,2958,2913,2873,2848,2856,2831,2725,2781,2933,2925,2852,2857,2856,2818,2632,2790,2929,2898,2869,2871,2823,2809,2777,2808,2910,2900,2872,2829,2799,2804,2798,2775
TOF,2874,2497,2466,2392,2338,2293,2280,2027,2728,2728,2723,2722,2748,2799,2792,2722,2974,2925,2901,2872,2796,2744,2652,2591,2932,2909,2920,2882,2855,2829,2771,2777,2938,2924,2873,2875,2849,2830,2736,2802,2931,2882,2867,2875,2835,2828,2637,2819,2923,2914,2856,2857,2823,2802,2805,2795,2925,2911,2873,2847,2843,2807,2817,2787
TOF,2942,2497,2466,2395,2318,2336,2279,2067,2746,2722,2694,2762,2776,2782,2805,2801,2934,2904,2882,2848,2795,2688,2646,2604,2958,2921,2891,2874,2853,2823,2753,2775,2935,2906,2896,2857,2848,2828,2676,2785,2927,2865,2862,2849,2831,2832,2662,2784,2941,2899,2864,2839,2829,2817,2798,2797,2926,2908,2870,2854,2837,2822,2820,2798
TOF,2942,2497,2466,2390,2361,2310,2264,2193,2759,2729,2711,2824,2761,2836,2753,2807,2947,2912,2882,2851,2801,2736,2667,2642,2954,2916,2889,2870,2856,2837,2751,2773,2944,2912,2887,2853,2850,2818,2727,2787,2906,2887,2863,2863,2853,2813,2687,2788,2908,2907,2874,2868,2821,2823,2765,2805,2937,2919,2894,2847,2830,2806,2814,2780
TOF,2942,2497,2661,2370,2336,2319,2259,2146,2720,2733,2707,2767,2712,2729,2784,2815,2928,2917,2884,2865,2783,2747,2667,2583,2919,2903,2888,2882,2852,2822,2784,2769,2924,2929,2875,2869,2839,2828,2755,2786,2924,2898,2868,2861,2840,2806,2685,2795,2930,2867,2867,2852,2859,2803,2761,2791,2928,2903,2896,2856,2824,2793,2792,2799
TOF,2597,2554,2401,2417,2350,2317,2259,2051,2808,2724,2694,2701,2737,2795,2705,2815,2956,2925,2880,2862,2779,2743,2623,2580,2913,2891,2890,2871,2835,2841,2777,2795,2921,2901,2889,2877,2848,2803,2774,2782,2912,2878,2878,2870,2855,2831,2680,2778,2899,2885,2871,2850,2835,2798,2754,2791,2937,2890,2884,2859,2827,2789,2813,2781
TOF,2646,2855,2409,2350,2353,2336,2264,2130,2750,2706,2663,2719,2758,2751,2787,2381,2955,2928,2889,2865,2822,2725,2631,2589,2938,2905,2882,2869,2853,2803,2791,2783,2971,2910,2874,2868,2845,2839,2707,2792,2909,2917,2870,2852,2831,2835,2664,2798,2948,2895,2857,2858,2860,2783,2684,2767,2924,2924,2855,2838,2832,2809,2805,2808
TOF,2880,2855,2443,2375,2354,2350,2165,2160,2763,2732,2647,2807,2768,2771,2804,2372,2966,2940,2893,2888,2834,2714,2612,2598,2940,2893,2866,2897,2849,2825,2765,2790,2954,2928,2860,2854,2854,2816,2721,2765,2940,2894,2857,2883,2840,2812,2681,2783,2941,2886,2887,2855,2819,2809,2795,2764,2910,2887,2886,2856,2838,2791,2793,2810
TOF,2569,2511,2491,2412,2345,2314,2219,2160,2756,2754,2722,2690,2717,2764,2743,2776,2957,2910,2868,2865,2836,2726,2653,2625,2929,2917,2896,2881,2859,2832,2765,2785,2912,2924,2863,2855,2843,2819,2762,2777,2896,2880,2876,2845,2850,2826,2715,2772,2923,2900,2863,2834,2829,2805,2799,2785,2936,2885,2883,2853,2831,2789,2786,2764
TOF,2569,2511,2457,2360,2368,2295,2272,2065,2781,2722,2703,2743,2715,2761,2743,2776,2939,2948,2901,2857,2803,2837,2613,2590,2966,2902,2874,2876,2845,2838,2766,2810,2937,2896,2897,2864,2860,2809,2743,2780,2954,2912,2897,2856,2855,2795,2679,2796,2939,2897,2860,2836,2830,2808,2774,2819,2925,2907,2888,2860,2848,2817,2840,2803
TOF,2927,2511,2481,2352,2348,2310,2264,2176,2784,2744,2665,2698,2666,2777,2798,2750,2935,2914,2893,2872,2817,2692,2603,2638,2943,2905,2881,2855,2856,2830,2761,2796,2902,2907,2875,2858,2829,2812,2739,2790,2923,2891,2860,2860,2825,2824,2695,2779,2929,2903,2854,2842,2819,2805,2710,2781,2932,2906,2880,2858,2836,2818,2831,2826
TOF,2927,2511,2450,2417,2351,2257,2317,2231,2814,2750,2704,2692,2773,2815,2795,2779,2938,2900,2884,2859,2802,2701,2630,2612,2953,2907,2863,2851,2849,2821,2771,2780,2968,2907,2887,2876,2849,2836,2723,2790,2920,2906,2873,2850,2827,2839,2663,2798,2914,2917,2873,2845,2839,2798,2711,2788,2937,2886,2872,2851,2826,2801,2808,2787
TOF,2706,2511,2450,2414,2381,2337,2277,2231,2762,2737,2742,2732,2750,2755,2826,2413,2953,2918,2874,2867,2809,2752,2642,2633,2939,2921,2882,2885,2856,2823,2777,2801,2939,2909,2893,2870,2837,2815,2709,2775,2932,2922,2855,2861,2849,2819,2678,2785,2917,2905,2862,2816,2842,2804,2777,2772,2917,2916,2860,2838,2845,2834,2785,2769
TOF,2680,2433,2419,2450,2377,2314,2258,2144,2782,2758,2821,2661,2745,2714,2761,2413,2987,2905,2895,2846,2793,2658,2633,2570,2942,2895,2865,2853,2848,2847,2763,2762,2933,2913,2860,2827,2855,2823,2760,2788,2896,2894,2868,2846,2828,2824,2645,2761,2935,2884,2864,2854,2843,2808,2735,2800,2952,2900,2878,2861,2846,2793,2794,2799
TOF,2865,2433,2468,2359,2370,2295,2275,2187,2743,2757,2656,2745,2771,2782,2756,2761,2968,2905,2919,2863,2812,2726,2618,2616,2951,2903,2879,2873,2849,2851,2760,2798,2912,2908,2893,2838,2855,2822,2780,2814,2927,2884,2860,2872,2846,2814,2693,2806,2917,2884,2876,2850,2834,2810,2743,2778,2927,2939,2856,2853,2830,2813,2808,2796
TOF,2878,2532,2460,2444,2321,2328,2276,2096,2796,2710,2658,2679,2737,2773,2736,2312,2954,2926,2901,2863,2805,2754,2647,2653,2941,2906,2873,2874,2871,2829,2761,2779,2943,2905,2888,2854,2844,2815,2736,2796,2902,2893,2880,2850,2844,2834,2718,2817,2911,2897,2890,2878,2839,2789,2801,2806,2955,2890,2869,2842,2826,2805,2783,2803
TOF,2842,2532,2390,2406,2376,2296,2266,2096,2789,2751,2678,2715,2760,2703,2791,2761,2927,2936,2898,2849,2791,2738,2608,2581,2940,2911,2880,2867,2842,2823,2808,2772,2918,2908,2893,2868,2847,2834,2729,2773,2903,2889,2879,2874,2853,2810,2666,2777,2917,2892,2875,2864,2810,2796,2758,2774,2925,2904,2885,2851,2832,2787,2807,2786
TOF,2774,2550,2524,2407,2379,2309,2238,2272,2758,2805,2660,2640,2785,2694,2736,2740,2953,2925,2865,2860,2833,2747,2649,2601,2908,2920,2883,2883,2854,2842,2786,2801,2937,2912,2864,2861,2866,2804,2675,2845,2917,2924,2878,2860,2831,2817,2691,2779,2917,2892,2856,2833,2829,2808,2782,2785,2941,2897,2882,2855,2818,2787,2805,2767
TOF,2774,2550,2524,2379,2330,2319,2214,2272,2756,2689,2715,2666,2700,2738,2786,2578,2941,2911,2888,2862,2766,2756,2607,2592,2954,2897,2899,2878,2842,2849,2747,2812,2955,2906,2889,2863,2850,2823,2755,2808,2913,2905,2862,2851,2845,2837,2680,2805,2910,2883,2867,2855,2837,2807,2813,2796,2925,2887,2880,2843,2828,2792,2827,2794
TOF,2704,2429,2424,2442,2363,2294,2280,2213,2738,2706,2679,2721,2782,2738,2779,2426,2937,2913,2895,2865,2791,2713,2647,2592,2896,2914,2886,2861,2844,2851,2749,2801,2938,2915,2894,2872,2813,2831,2758,2788,2938,2894,2874,2846,2833,2817,2625,2798,2916,2914,2874,2855,2828,2813,2762,2805,2942,2871,2891,2861,2837,2818,2804,2794
TOF,2664,2429,2392,2389,2371,2256,2171,2154,2775,2742,2672,2732,2837,2670,2780,2495,2936,2934,2897,2867,2769,2771,2627,2564,2913,2888,2878,2866,2837,2834,2783,2782,2919,2910,2883,2879,2837,2826,2703,2821,2960,2901,2871,2884,2818,2829,2705,2790,2928,2876,2875,2844,2830,2805,2753,2772,2929,2879,2894,2862,2836,2792,2805,2789
TOF,2868,2429,2419,2411,2340,2300,2254,2114,2797,2715,2682,2720,2694,2834,2758,2778,2959,2905,2884,2846,2791,2732,2612,2565,2930,2910,2905,2882,2869,2858,2771,2796,2948,2892,2888,2866,2846,2830,2729,2785,2919,2886,2875,2859,2835,2811,2695,2794,2934,2908,2869,2844,2832,2805,2749,2829,2930,2930,2860,2873,2834,2788,2815,2818
TOF,2831,2524,2419,2427,2357,2318,2299,2114,2714,2764,2646,2765,2754,2740,2815,2778,2940,2903,2879,2853,2774,2719,2695,2607,2923,2933,2894,2898,2870,2850,2775,2802,2914,2930,2875,2867,2837,2821,2729,2789,2915,2903,2876,2848,2818,2814,2685,2759,2903,2914,2869,2855,2840,2802,2734,2772,2932,2895,2874,2851,2818,2810,2831,2816
TOF,2758,2524,2474,2394,2338,2274,2270,2073,2776,2745,2685,2731,2786,2768,2718,2752,2974,2918,2905,2846,2820,2692,2614,2654,2929,2930,2868,2870,2856,2826,2779,2787,2936,2916,2870,2879,2856,2827,2717,2813,2924,2865,2881,2848,2834,2830,2703,2803,2903,2886,2877,2836,2839,2802,2802,2789,2924,2903,2886,2864,2830,2815,2825,2797
TOF,2758,2524,2447,2421,2362,2350,2306,2240,2750,2726,2712,2783,2707,2853,2780,2752,2963,2910,2891,2877,2816,2693,2637,2612,2971,2909,2895,2889,2856,2837,2755,2797,2917,2914,2872,2887,2851,2806,2710,2793,2910,2882,2865,2842,2817,2823,2696,2782,2912,2891,2868,2870,2824,2802,2698,2805,2924,2908,2883,2870,2842,2801,2801,2825
TOF,2550,2454,2557,2400,2369,2315,2228,2128,2804,2722,2698,2774,2836,2824,2782,2748,2970,2905,2897,2873,2784,2750,2608,2580,2924,2927,2902,2871,2843,2804,2759,2803,2944,2914,2879,2864,2843,2829,2728,2774,2911,2888,2875,2847,2830,2820,2655,2788,2907,2914,2860,2846,2814,2809,2739,2783,2957,2912,2902,2834,2825,2795,2805,2787
TOF,2796,2454,2475,2434,2357,2338,2272,2128,2832,2717,2659,2722,2773,2859,2740,2724,2957,2901,2898,2848,2813,2698,2616,2647,2933,2935,2883,2868,2854,2852,2775,2795,2909,2901,2891,2864,2821,2817,2727,2805,2908,2906,2865,2867,2825,2806,2703,2786,2917,2909,2868,2859,2838,2819,2815,2780,2955,2903,2903,2830,2849,2789,2857,2806
TOF,2839,2454,2428,2395,2306,2324,2236,2149,2751,2708,2738,2748,2858,2782,2800,2713,2972,2914,2903,2863,2813,2713,2597,2593,2951,2903,2881,2872,2854,2830,2754,2786,2955,2902,2900,2866,2856,2823,2717,2805,2939,2889,2869,2867,2841,2813,2687,2791,2912,2894,2875,2859,2845,2798,2810,2807,2964,2904,2871,2848,2846,2810,2741,2827
TOF,2839,2454,2428,2359,2346,2304,2239,2149,2747,2707,2676,2745,2666,2746,2741,2886,2967,2906,2888,2869,2762,2714,2644,2648,2930,2905,2883,2878,2839,2842,2766,2794,2913,2873,2859,2865,2853,2815,2729,2790,2931,2904,2868,2853,2826,2823,2670,2789,2924,2906,2882,2863,2821,2810,2716,2760,2959,2897,2881,2860,2824,2802,2814,2817
TOF,2839,2490,2410,2412,2358,2298,2283,2297,2754,2701,2661,2754,2784,2754,2798,2804,2946,2912,2885,2854,2806,2698,2598,2592,2945,2899,2880,2878,2873,2829,2789,2837,2893,2912,2880,2853,2831,2820,2707,2810,2922,2898,2862,2852,2816,2808,2680,2776,2901,2891,2879,2876,2834,2796,2813,2809,2934,2900,2870,2855,2821,2829,2801,2817
TOF,2839,2554,2444,2360,2347,2278,2232,2051,2795,2697,2657,2731,2760,2748,2792,2768,2950,2919,2891,2865,2814,2735,2658,2629,2925,2898,2902,2867,2881,2861,2778,2771,2939,2910,2875,2860,2841,2821,2745,2767,2899,2908,2874,2866,2841,2838,2624,2800,2900,2870,2881,2856,2821,2803,2777,2802,2933,2864,2878,2842,2838,2803,2802,2838
TOF,2839,2554,2444,2405,2345,2311,2285,2051,2789,2713,2733,2698,2760,2790,2766,2646,2955,2901,2895,2865,2814,2724,2635,2604,2956,2900,2892,2881,2844,2841,2792,2785,2937,2916,2890,2861,2853,2824,2738,2795,2953,2890,2881,2853,2835,2816,2659,2769,2919,2888,2875,2849,2824,2809,2712,2810,2942,2903,2897,2873,2824,2808,2799,2793
TOF,2839,2838,2519,2409,2373,2282,2244,2149,2769,2720,2658,2712,2734,2745,2756,2411,2953,2899,2900,2835,2839,2723,2612,2603,2943,2898,2898,2869,2852,2841,2787,2787,2935,2916,2879,2846,2841,2823,2728,2780,2944,2902,2882,2844,2838,2821,2683,2777,2930,2906,2866,2818,2833,2826,2784,2785,2936,2910,2881,2829,2836,2816,2834,2797
TOF,2891,2392,2398,2410,2353,2312,2286,2102,2835,2720,2649,2752,2771,2739,2787,2711,2960,2907,2894,2873,2812,2707,2661,2626,2952,2899,2906,2874,2851,2833,2781,2780,2925,2889,2873,2872,2854,2821,2718,2805,2931,2869,2856,2856,2838,2824,2636,2762,2907,2891,2876,2859,2822,2801,2787,2796,2925,2894,2880,2840,2828,2833,2811,2811
TOF,2739,2529,2484,2393,2312,2364,2283,2102,2790,2679,2703,2730,2767,2797,2781,2759,2960,2914,2900,2867,2795,2729,2635,2562,2918,2897,2883,2874,2840,2824,2785,2803,2948,2912,2884,2863,2849,2831,2780,2801,2898,2882,2871,2857,2832,2830,2632,2802,2905,2892,2860,2840,2819,2825,2755,2797,2962,2896,2904,2852,2839,2794,2790,2792
TOF,2743,2529,2516,2402,2379,2283,2197,2096,2746,2744,2723,2751,2825,2802,2808,2411,2966,2932,2882,2884,2808,2739,2605,2632,2925,2917,2879,2866,2834,2813,2776,2812,2944,2886,2878,2849,2837,2831,2789,2808,2914,2883,2870,2874,2828,2820,2649,2770,2921,2908,2880,2831,2830,2804,2750,2786,2917,2908,2891,2847,2859,2806,2821,2818
TOF,2885,2627,2402,2402,2359,2314,2278,2096,2759,2720,2740,2759,2753,2786,2782,2736,2935,2919,2887,2873,2824,2749,2614,2639,2940,2881,2905,2875,2864,2851,2758,2780,2933,2919,2908,2879,2868,2832,2731,2791,2912,2893,2878,2851,2845,2822,2686,2810,2939,2874,2861,2872,2821,2818,2732,2781,2959,2911,2865,2835,2857,2776,2812,2816
TOF,2905,2542,2435,2381,2331,2329,2300,2096,2756,2760,2722,2688,2655,2805,2790,2586,2939,2912,2897,2870,2774,2788,2634,2580,2924,2909,2889,2882,2833,2828,2756,2777,2955,2904,2891,2881,2829,2816,2767,2784,2924,2882,2870,2849,2847,2813,2685,2791,2916,2919,2858,2862,2829,2832,2758,2791,2934,2897,2897,2837,2839,2797,2792,2825
TOF,2913,2551,2451,2362,2331,2319,2276,2096,2766,2716,2724,2699,2730,2781,2791,2586,2960,2910,2887,2859,2821,2719,2593,2619,2887,2906,2890,2869,2836,2821,2764,2813,2926,2883,2865,2854,2842,2837,2754,2783,2909,2868,2876,2838,2834,2816,2640,2786,2920,2907,2871,2825,2812,2805,2773,2773,2930,2907,2906,2842,2834,2788,2818,2839
TOF,2916,2778,2455,2410,2312,2265,2244,2276,2779,2757,2707,2774,2762,2818,2785,2586,2957,2906,2895,2872,2800,2725,2630,2572,2916,2918,2858,2871,2876,2843,2779,2795,2960,2894,2868,2865,2842,2806,2718,2792,2900,2891,2877,2862,2843,2811,2672,2811,2931,2921,2860,2855,2821,2828,2725,2792,2921,2913,2871,2852,2832,2794,2821,2792
TOF,2915,2778,2409,2360,2370,2312,2231,2110,2759,2730,2700,2731,2833,2815,2753,2371,2977,2892,2880,2852,2792,2745,2598,2617,2942,2895,2879,2857,2849,2817,2759,2804,2907,2906,2869,2867,2843,2830,2718,2809,2912,2912,2903,2853,2859,2849,2676,2765,2916,2883,2877,2854,2825,2808,2771,2808,2911,2913,2888,2848,2829,2778,2851,2781
TOF,2918,2482,2474,2384,2330,2305,2288,2134,2734,2726,2689,2747,2797,2800,2801,2765,2959,2894,2874,2882,2785,2768,2597,2557,2912,2930,2900,2879,2839,2826,2777,2774,2906,2897,2869,2859,2849,2818,2769,2777,2909,2872,2872,2864,2824,2813,2673,2793,2926,2905,2887,2843,2838,2815,2749,2800,2939,2902,2877,2858,2834,2819,2802,2793
TOF,2918,2430,2504,2410,2373,2296,2216,2065,2774,2708,2681,2722,2803,2801,2774,2633,2918,2905,2904,2838,2790,2687,2630,2599,2939,2905,2875,2875,2864,2848,2777,2798,2948,2914,2878,2859,2869,2810,2756,2785,2926,2898,2857,2851,2836,2808,2678,2783,2919,2896,2853,2853,2825,2811,2788,2773,2934,2894,2864,2863,2827,2790,2811,2822
TOF,2918,2391,2426,2400,2327,2311,2236,2095,2817,2735,2679,2656,2760,2798,2786,2750,2994,2910,2895,2864,2802,2743,2607,2587,2955,2894,2874,2869,2867,2815,2774,2786,2932,2890,2889,2868,2858,2816,2732,2809,2927,2898,2881,2858,2883,2817,2662,2797,2926,2901,2868,2834,2827,2797,2781,2785,2924,2875,2864,2861,2830,2810,2805,2780
TOF,2918,2391,2429,2415,2354,2280,2249,2095,2775,2717,2726,2671,2765,2802,2759,2447,2935,2913,2881,2854,2814,2731,2623,2565,2931,2905,2880,2858,2848,2809,2788,2798,2926,2922,2877,2866,2845,2828,2705,2790,2916,2890,2886,2851,2830,2820,2702,2757,2916,2903,2872,2858,2833,2812,2720,2774,2951,2903,2903,2875,2835,2811,2796,2840
TOF,2918,2525,2508,2399,2346,2308,2233,2092,2769,2717,2699,2693,2740,2749,2771,2725,2992,2923,2899,2854,2831,2685,2646,2583,2934,2905,2886,2863,2848,2837,2776,2779,2936,2898,2866,2877,2843,2824,2772,2794,2917,2909,2858,2851,2862,2816,2678,2784,2946,2907,2881,2868,2830,2787,2747,2807,2930,2906,2858,2846,2855,2800,2818,2778
TOF,2695,2525,2422,2381,2336,2295,2276,2168,2791,2731,2613,2686,2753,2780,2746,2725,2951,2921,2869,2876,2819,2740,2602,2617,2933,2912,2870,2865,2845,2827,2783,2778,2946,2906,2875,2856,2839,2825,2738,2790,2910,2901,2879,2852,2814,2817,2647,2789,2924,2911,2869,2849,2837,2808,2742,2780,2924,2907,2879,2843,2830,2798,2814,2809
TOF,2915,2846,2513,2367,2360,2297,2221,2207,2765,2697,2725,2689,2789,2755,2775,2316,2954,2904,2898,2857,2827,2739,2624,2606,2934,2908,2885,2867,2848,2822,2748,2779,2922,2922,2894,2841,2836,2802,2746,2793,2907,2889,2884,2860,2839,2816,2693,2784,2922,2896,2869,2864,2844,2815,2824,2790,2947,2915,2884,2867,2824,2806,2805,2804
TOF,2869,2794,2513,2369,2348,2310,2284,2163,2778,2687,2690,2746,2762,2698,2782,2398,2915,2925,2898,2840,2785,2672,2654,2570,2953,2912,2893,2876,2846,2829,2752,2809,2940,2872,2855,2887,2849,2813,2739,2773,2909,2888,2879,2873,2831,2833,2698,2789,2917,2891,2888,2860,2830,2814,2777,2784,2937,2891,2873,2859,2853,2800,2810,2779
TOF,2846,2794,2512,2395,2379,2296,2206,2210,2775,2706,2736,2748,2750,2758,2786,2707,2937,2920,2869,2852,2793,2716,2612,2624,2971,2902,2874,2861,2849,2817,2792,2782,2921,2908,2889,2873,2865,2823,2753,2788,2937,2902,2872,2862,2846,2827,2652,2787,2909,2903,2872,2844,2829,2821,2825,2783,2932,2913,2862,2843,2826,2806,2823,2789
TOF,2812,2676,2438,2382,2311,2293,2272,1931,2771,2756,2689,2713,2788,2738,2831,2707,2950,2902,2886,2855,2815,2773,2643,2600,2935,2923,2864,2867,2840,2829,2774,2795,2965,2900,2877,2886,2846,2823,2750,2790,2907,2899,2902,2852,2828,2824,2688,2779,2919,2861,2863,2845,2819,2809,2740,2786,2943,2869,2881,2853,2839,2817,2822,2821
TOF,2812,2508,2466,2390,2385,2282,2232,2150,2758,2686,2703,2660,2809,2818,2801,2759,2926,2917,2896,2860,2785,2746,2607,2609,2930,2907,2900,2869,2862,2833,2788,2799,2926,2883,2867,2869,2853,2828,2725,2782,2924,2895,2870,2857,2865,2798,2665,2760,2935,2899,2863,2851,2817,2816,2764,2804,2962,2896,2891,2872,2809,2813,2813,2830
TOF,2868,2508,2450,2411,2363,2340,2249,2118,2758,2733,2656,2746,2766,2772,2807,2759,2930,2909,2887,2890,2794,2688,2652,2584,2942,2920,2907,2874,2837,2823,2784,2786,2940,2910,2893,2849,2854,2825,2788,2808,2943,2903,2874,2863,2831,2817,2657,2784,2916,2889,2869,2845,2840,2819,2763,2780,2932,2926,2855,2850,2850,2799,2814,2775
TOF,3037,2508,2452,2397,2375,2263,2314,2103,2753,2712,2672,2733,2835,2790,2784,2759,2914,2937,2886,2853,2770,2738,2593,2625,2927,2931,2874,2868,2853,2848,2767,2769,2942,2906,2869,2865,2843,2820,2733,2798,2919,2917,2867,2856,2846,2806,2684,2762,2924,2885,2881,2849,2826,2812,2724,2777,2937,2910,2891,2849,2836,2814,2779,2808
TOF,3037,2928,2396,2380,2324,2245,2186,2150,2814,2719,2660,2794,2811,2803,2791,2746,2951,2917,2872,2848,2815,2701,2624,2594,2925,2935,2875,2875,2850,2836,2793,2789,2929,2887,2831,2868,2856,2823,2737,2799,2919,2901,2881,2831,2833,2830,2652,2783,2907,2886,2843,2872,2820,2821,2701,2785,2917,2923,2857,2855,2838,2804,2816,2794
TOF,2831,2928,2380,2387,2358,2317,2285,2184,2734,2743,2687,2705,2799,2755,2691,2746,2956,2913,2867,2864,2812,2734,2614,2630,2973,2922,2876,2861,2856,2831,2756,2798,2939,2892,2866,2894,2841,2829,2706,2792,2912,2908,2881,2867,2831,2807,2689,2783,2912,2913,2883,2854,2822,2818,2776,2794,2939,2892,2898,2865,2828,2812,2811,2797
TOF,2831,2928,2431,2425,2365,2258,2273,2213,2743,2734,2694,2700,2703,2754,2785,2826,2976,2931,2882,2860,2793,2722,2647,2611,2919,2912,2902,2880,2842,2829,2757,2802,2924,2899,2885,2866,2862,2826,2750,2792,2924,2889,2880,2864,2835,2818,2653,2790,2927,2901,2870,2850,2837,2812,2769,2783,2934,2891,2877,2857,2810,2798,2801,2792
TOF,2633,2631,2501,2379,2326,2294,2238,2114,2743,2708,2684,2753,2667,2770,2762,2740,2942,2926,2892,2860,2793,2694,2597,2593,2932,2908,2880,2871,2852,2824,2784,2804,2895,2904,2874,2875,2835,2843,2719,2795,2903,2903,2875,2867,2846,2817,2664,2796,2939,2896,2874,2839,2849,2808,2682,2795,2933,2899,2877,2878,2843,2793,2817,2799
TOF,2633,2631,2535,2406,2337,2337,2179,2086,2807,2727,2749,2731,2822,2855,2809,2740,2962,2907,2874,2862,2789,2712,2616,2587,2916,2911,2892,2864,2865,2857,2747,2777,2960,2889,2870,2885,2867,2826,2701,2810,2922,2885,2875,2849,2818,2803,2650,2797,2907,2877,2847,2839,2856,2814,2693,2807,2931,2914,2896,2832,2847,2800,2792,2776
TOF,2633,2631,2418,2406,2323,2310,2249,2198,2771,2759,2723,2778,2716,2723,2776,2743,2947,2924,2893,2864,2806,2678,2614,2652,2942,2913,2872,2858,2855,2856,2745,2799,2916,2910,2913,2871,2857,2835,2715,2793,2920,2889,2876,2852,2841,2822,2674,2766,2927,2887,2850,2844,2841,2796,2809,2799,2926,2889,2849,2851,2829,2820,2802,2790
TOF,2633,2631,2428,2413,2365,2279,2239,2198,2699,2728,2708,2719,2737,2662,2786,2743,2951,2910,2891,2882,2817,2766,2641,2585,2939,2908,2885,2876,2858,2831,2784,2773,2927,2920,2868,2886,2857,2827,2743,2809,2921,2906,2861,2866,2847,2825,2689,2766,2917,2894,2850,2866,2827,2815,2748,2803,2954,2913,2852,2856,2821,2817,2813,2783
TOF,2717,2438,2679,2385,2377,2328,2184,2169,2810,2755,2667,2736,2711,2819,2770,2743,2956,2920,2890,2857,2792,2745,2596,2597,2929,2906,2896,2886,2853,2836,2762,2803,2923,2905,2889,2861,2865,2828,2731,2772,2922,2900,2882,2846,2827,2821,2695,2781,2928,2867,2847,2862,2845,2815,2726,2786,2946,2889,2905,2846,2839,2817,2791,2807
TOF,2701,2409,2476,2382,2337,2337,2150,2191,2722,2763,2706,2737,2764,2842,2772,2735,2977,2922,2894,2852,2806,2724,2600,2581,2935,2897,2905,2884,2847,2835,2767,2801,2918,2908,2881,2857,2867,2830,2756,2807,2923,2919,2875,2843,2854,2815,2700,2826,2894,2913,2876,2841,2824,2802,2753,2775,2943,2915,2888,2828,2841,2774,2842,2807
TOF,2693,2529,2394,2324,2358,2308,2234,2220,2777,2727,2768,2727,2800,2794,2774,2395,2953,2932,2904,2864,2809,2728,2636,2634,2922,2932,2910,2889,2847,2832,2760,2802,2944,2914,2870,2851,2837,2824,2760,2814,2900,2895,2880,2863,2838,2829,2682,2774,2924,2894,2869,2843,2829,2792,2737,2814,2907,2906,2890,2859,2854,2814,2833,2807
TOF,2693,2529,2475,2484,2352,2310,2263,2220,2727,2753,2675,2768,2786,2780,2818,2395,2960,2914,2911,2858,2839,2734,2629,2577,2949,2905,2878,2882,2852,2848,2798,2817,2951,2896,2876,2881,2840,2836,2754,2810,2958,2886,2890,2873,2864,2810,2689,2792,2912,2887,2875,2850,2846,2813,2834,2801,2914,2897,2883,2867,2822,2817,2792,2775
TOF,2782,2490,2407,2338,2348,2266,2243,2113,2772,2706,2711,2710,2783,2803,2774,2463,2929,2904,2899,2864,2812,2742,2642,2592,2915,2908,2898,2857,2853,2831,2778,2790,2923,2888,2868,2858,2849,2843,2742,2783,2936,2875,2868,2865,2837,2840,2673,2790,2934,2889,2871,2836,2819,2810,2774,2809,2912,2900,2895,2862,2830,2810,2814,2789
TOF,2795,2490,2400,2451,2360,2326,2226,2222,2776,2718,2693,2721,2728,2778,2730,2463,2955,2936,2887,2850,2806,2749,2647,2591,2914,2902,2882,2901,2852,2848,2783,2794,2949,2916,2885,2866,2858,2824,2729,2784,2932,2877,2871,2842,2836,2827,2639,2803,2942,2912,2868,2854,2840,2818,2761,2794,2910,2899,2893,2848,2807,2819,2805,2789
TOF,2770,2849,2452,2413,2346,2303,2220,2222,2758,2713,2663,2720,2842,2751,2823,2795,2932,2924,2865,2858,2799,2725,2663,2641,2945,2901,2892,2864,2858,2835,2753,2787,2950,2900,2900,2871,2835,2822,2762,2793,2933,2881,2880,2849,2824,2819,2693,2782,2908,2893,2878,2843,2885,2815,2810,2805,2948,2874,2870,2864,2844,2805,2843,2801
TOF,2620,2849,2435,2396,2333,2332,2226,2166,2747,2749,2718,2715,2760,2794,2779,2638,2935,2934,2882,2853,2804,2720,2617,2600,2920,2914,2867,2874,2860,2834,2802,2773,2930,2885,2873,2879,2842,2821,2756,2825,2926,2907,2872,2857,2839,2820,2703,2801,2943,2909,2869,2885,2828,2803,2769,2789,2948,2886,2876,2854,2826,2810,2813,2790
TOF,2509,2849,2474,2406,2372,2309,2246,2255,2780,2737,2652,2722,2762,2792,2789,2709,2934,2925,2881,2861,2809,2713,2608,2607,2930,2886,2874,2866,2856,2820,2773,2803,2951,2886,2894,2842,2844,2825,2749,2812,2939,2885,2882,2866,2839,2826,2666,2772,2927,2906,2877,2844,2852,2804,2789,2813,2974,2913,2903,2848,2834,2807,2765,2799
TOF,2509,2551,2483,2406,2365,2308,2276,2255,2766,2769,2657,2731,2690,2754,2801,2570,2962,2930,2901,2846,2801,2723,2605,2580,2930,2924,2875,2857,2858,2820,2740,2786,2944,2916,2899,2870,2841,2827,2726,2785,2898,2920,2875,2849,2836,2816,2683,2810,2919,2904,2875,2858,2820,2816,2768,2804,2912,2917,2892,2860,2816,2818,2782,2802
TOF,2764,2427,2524,2332,2339,2295,2265,2050,2736,2709,2662,2758,2702,2794,2750,2775,2946,2906,2898,2899,2815,2756,2610,2615,2893,2911,2857,2874,2871,2830,2757,2792,2930,2927,2888,2867,2837,2819,2712,2783,2928,2912,2840,2866,2841,2825,2676,2794,2912,2909,2884,2823,2841,2813,2800,2785,2928,2871,2888,2856,2847,2786,2827,2805
TOF,2659,2427,2524,2414,2363,2329,2245,2154,2777,2726,2686,2751,2751,2756,2793,2898,2949,2929,2869,2850,2793,2786,2653,2605,2930,2894,2881,2874,2855,2853,2765,2781,2946,2909,2890,2857,2845,2813,2732,2794,2947,2919,2878,2854,2839,2840,2675,2799,2926,2879,2862,2858,2833,2826,2821,2775,2901,2896,2866,2873,2824,2819,2763,2781
TOF,2758,2493,2505,2411,2345,2359,2245,2154,2776,2701,2729,2693,2744,2802,2851,2898,2953,2921,2872,2863,2779,2749,2628,2617,2932,2918,2882,2877,2843,2816,2772,2785,2955,2910,2845,2872,2836,2825,2734,2806,2945,2880,2886,2858,2833,2809,2687,2783,2943,2902,2880,2848,2825,2818,2717,2810,2927,2897,2878,2851,2822,2814,2809,2818
TOF,2864,2493,2487,2411,2333,2320,2236,2154,2724,2689,2710,2699,2760,2777,2798,2898,2934,2918,2889,2849,2846,2756,2611,2553,2969,2879,2868,2875,2859,2845,2742,2761,2915,2891,2868,2858,2839,2843,2749,2784,2930,2899,2854,2855,2859,2815,2696,2767,2896,2916,2876,2845,2827,2790,2718,2827,2940,2910,2874,2849,2818,2804,2813,2808
TOF,2948,2493,2476,2394,2309,2285,2236,2212,2820,2689,2774,2751,2722,2844,2724,2589,2950,2908,2901,2877,2833,2739,2619,2594,2942,2925,2886,2849,2854,2823,2795,2814,2966,2897,2876,2882,2853,2828,2718,2807,2927,2874,2873,2862,2842,2813,2605,2798,2913,2907,2869,2876,2828,2813,2787,2803,2916,2926,2861,2845,2852,2806,2825,2785
TOF,2948,2604,2448,2390,2358,2309,2217,2212,2795,2733,2679,2693,2768,2731,2718,2784,2910,2924,2880,2865,2786,2736,2632,2611,2970,2902,2912,2870,2864,2823,2787,2800,2921,2898,2872,2879,2837,2845,2734,2810,2920,2899,2855,2845,2840,2842,2696,2786,2950,2880,2857,2837,2822,2809,2736,2773,2922,2906,2865,2850,2812,2798,2819,2799
TOF,2829,2604,2565,2398,2390,2338,2245,2284,2754,2722,2657,2731,2710,2827,2747,2784,2964,2918,2866,2865,2782,2734,2618,2619,2935,2917,2880,2874,2841,2809,2783,2795,2952,2899,2877,2841,2840,2843,2762,2787,2927,2911,2863,2847,2832,2821,2675,2817,2934,2878,2862,2827,2826,2828,2841,2794,2981,2903,2899,2867,2830,2818,2813,2803
TOF,2829,2883,2565,2423,2304,2314,2299,2284,2756,2694,2730,2800,2774,2779,2802,2523,2946,2923,2887,2856,2830,2728,2613,2591,2925,2914,2857,2870,2876,2829,2775,2788,2926,2885,2877,2890,2854,2823,2684,2808,2905,2899,2894,2871,2851,2820,2638,2782,2919,2896,2876,2843,2833,2822,2752,2808,2900,2896,2888,2838,2817,2788,2871,2789
TOF,2971,2444,2418,2410,2353,2314,2248,2230,2798,2726,2712,2735,2732,2781,2808,2523,2953,2924,2869,2863,2819,2657,2634,2641,2967,2920,2876,2870,2862,2831,2748,2794,2911,2918,2875,2860,2848,2817,2772,2794,2903,2907,2871,2837,2837,2823,2644,2787,2928,2908,2886,2837,2815,2834,2820,2789,2954,2899,2876,2847,2858,2805,2796,2823
TOF,2893,2600,2400,2408,2363,2321,2248,2230,2764,2736,2707,2829,2869,2770,2817,2693,2952,2903,2879,2855,2750,2705,2632,2592,2932,2892,2893,2872,2857,2823,2781,2803,2924,2882,2882,2842,2835,2843,2742,2800,2922,2928,2884,2868,2853,2828,2679,2783,2939,2908,2876,2839,2825,2785,2790,2793,2905,2887,2869,2841,2833,2794,2791,2788
TOF,2808,2475,2425,2365,2351,2302,2256,2230,2775,2724,2727,2833,2767,2838,2775,2693,2963,2905,2901,2884,2808,2669,2600,2612,2938,2888,2889,2855,2872,2808,2805,2816,2930,2932,2841,2870,2847,2820,2721,2807,2934,2902,2876,2858,2817,2809,2680,2784,2930,2869,2857,2851,2843,2814,2784,2787,2930,2870,2863,2870,2845,2799,2790,2767
TOF,2808,2475,2403,2377,2377,2297,2276,2264,2739,2751,2636,2827,2828,2773,2798,2464,2934,2911,2875,2862,2790,2768,2642,2595,2937,2911,2868,2875,2844,2810,2754,2792,2903,2883,2840,2897,2857,2815,2733,2805,2932,2904,2869,2878,2852,2798,2685,2805,2912,2908,2866,2838,2817,2798,2784,2779,2944,2900,2889,2821,2813,2816,2828,2796
TOF,2852,2667,2408,2378,2342,2310,2249,2264,2722,2772,2682,2738,2777,2827,2793,2771,2971,2910,2872,2870,2827,2759,2605,2594,2952,2898,2889,2873,2863,2814,2772,2790,2946,2897,2871,2885,2862,2830,2742,2785,2924,2900,2872,2850,2850,2822,2619,2780,2900,2890,2854,2871,2834,2810,2767,2770,2949,2893,2871,2830,2837,2779,2790,2816
TOF,2599,2724,2464,2365,2326,2317,2247,2128,2742,2705,2687,2694,2772,2755,2700,2771,2970,2906,2898,2877,2804,2735,2623,2654,2933,2891,2894,2864,2830,2833,2771,2796,2918,2900,2865,2876,2844,2832,2756,2803,2899,2880,2863,2854,2831,2790,2649,2798,2927,2907,2855,2860,2836,2820,2748,2786,2982,2915,2853,2838,2840,2799,2803,2767
TOF,2599,2754,2371,2406,2345,2276,2296,2124,2756,2716,2688,2708,2715,2789,2728,2759,2925,2919,2895,2871,2763,2702,2612,2582,2926,2907,2867,2880,2860,2832,2764,2785,2927,2874,2878,2868,2841,2823,2771,2775,2942,2886,2867,2862,2820,2820,2626,2808,2934,2865,2864,2848,2830,2810,2748,2814,2960,2893,2859,2867,2807,2793,2815,2779
TOF,2614,2513,2485,2364,2373,2276,2265,2124,2739,2755,2730,2750,2734,2801,2690,2759,2943,2934,2897,2868,2787,2743,2604,2616,2930,2885,2883,2885,2880,2811,2743,2816,2904,2898,2870,2866,2857,2839,2725,2782,2946,2892,2866,2837,2855,2829,2658,2779,2926,2935,2868,2843,2830,2842,2755,2805,2953,2889,2858,2866,2825,2785,2822,2783
TOF,2581,2443,2485,2374,2388,2333,2248,2124,2799,2674,2661,2763,2730,2779,2784,2519,2931,2911,2894,2873,2823,2708,2614,2634,2940,2914,2892,2876,2828,2838,2762,2766,2917,2927,2885,2880,2865,2813,2736,2820,2947,2890,2852,2860,2827,2846,2691,2813,2899,2904,2878,2850,2825,2807,2736,2776,2921,2890,2887,2857,2840,2782,2806,2798
TOF,2581,2443,2393,2420,2371,2292,2260,2212,2779,2751,2759,2748,2675,2810,2777,2519,2951,2903,2914,2866,2766,2812,2609,2610,2945,2903,2872,2879,2864,2822,2752,2772,2931,2890,2883,2869,2866,2826,2706,2799,2912,2908,2852,2846,2833,2832,2656,2767,2956,2868,2863,2847,2842,2817,2773,2781,2941,2903,2882,2854,2841,2805,2842,2788
TOF,2581,2567,2524,2407,2365,2327,2280,2150,2752,2721,2674,2688,2755,2764,2787,2519,2983,2911,2896,2864,2810,2746,2655,2601,2938,2926,2875,2863,2847,2834,2765,2764,2935,2892,2872,2869,2841,2808,2720,2801,2905,2883,2890,2850,2851,2804,2667,2757,2929,2915,2857,2840,2829,2812,2773,2800,2938,2923,2881,2853,2846,2805,2814,2829
TOF,2581,2567,2498,2394,2375,2285,2263,2151,2752,2748,2727,2625,2780,2806,2800,2519,2940,2910,2886,2861,2804,2750,2666,2606,2956,2903,2875,2882,2825,2867,2816,2764,2943,2915,2881,2886,2849,2824,2720,2784,2928,2877,2866,2858,2851,2831,2613,2786,2902,2906,2847,2835,2842,2825,2769,2814,2932,2907,2910,2869,2859,2816,2915,2764
TOF,2581,2567,2561,2363,2360,2317,2256,2219,2777,2729,2749,2748,2774,2805,2745,2758,2959,2914,2881,2875,2824,2700,2624,2571,2948,2922,2887,2878,2881,2807,2757,2783,2907,2894,2869,2852,2870,2828,2763,2782,2932,2893,2873,2847,2839,2825,2623,2790,2924,2896,2870,2857,2824,2798,2796,2795,2937,2862,2878,2855,2827,2806,2793,2804
TOF,2740,2509,2483,2384,2335,2295,2286,2032,2779,2724,2671,2739,2786,2727,2780,2636,2950,2905,2887,2862,2780,2697,2634,2617,2937,2930,2876,2877,2859,2831,2801,2789,2920,2914,2909,2868,2859,2832,2737,2797,2961,2894,2867,2865,2861,2825,2642,2788,2917,2890,2877,2832,2820,2804,2739,2805,2957,2895,2876,2840,2814,2821,2764,2790
TOF,2878,2509,2464,2444,2306,2343,2252,2096,2780,2728,2709,2677,2741,2806,2753,2636,2933,2912,2913,2854,2824,2696,2631,2574,2918,2892,2875,2871,2839,2831,2753,2784,2943,2915,2888,2898,2809,2828,2704,2817,2909,2863,2895,2855,2856,2819,2692,2808,2908,2894,2880,2847,2835,2809,2781,2780,2941,2896,2890,2838,2824,2815,2826,2805
TOF,2878,2559,2434,2409,2367,2308,2210,1993,2759,2665,2676,2707,2711,2777,2766,2479,2943,2920,2898,2848,2810,2760,2625,2611,2926,2919,2900,2858,2858,2841,2757,2783,2926,2908,2861,2840,2851,2827,2701,2788,2933,2878,2876,2851,2840,2823,2657,2799,2950,2902,2884,2837,2859,2820,2790,2764,2914,2900,2861,2858,2817,2798,2790,2793
TOF,2859,2559,2421,2377,2341,2305,2292,2176,2810,2687,2664,2771,2757,2799,2760,2479,2978,2911,2896,2864,2806,2751,2647,2591,2954,2918,2894,2878,2871,2846,2770,2759,2911,2924,2881,2860,2847,2827,2732,2799,2926,2891,2887,2867,2846,2803,2685,2780,2919,2915,2888,2870,2826,2821,2807,2783,2934,2923,2873,2837,2853,2840,2805,2780
TOF,2859,2484,2387,2377,2353,2320,2265,2181,2775,2717,2668,2686,2706,2770,2814,2409,2946,2955,2900,2851,2796,2761,2618,2616,2913,2920,2902,2871,2850,2827,2764,2790,2921,2917,2866,2856,2861,2834,2740,2813,2933,2889,2867,2854,2820,2819,2708,2777,2894,2903,2877,2833,2856,2812,2770,2799,2922,2885,2871,2858,2822,2813,2824,2802
TOF,2689,2622,2387,2459,2339,2295,2211,2152,2768,2712,2687,2723,2732,2771,2767,2409,2927,2932,2877,2846,2792,2753,2590,2604,2950,2904,2897,2847,2854,2838,2780,2802,2927,2900,2893,2900,2852,2809,2746,2774,2953,2891,2876,2852,2825,2806,2730,2785,2909,2916,2865,2863,2828,2796,2780,2776,2942,2919,2885,2840,2833,2793,2791,2835
TOF,2689,2622,2472,2404,2374,2297,2291,2108,2781,2694,2664,2685,2781,2843,2774,2563,2961,2933,2898,2855,2784,2738,2631,2621,2952,2922,2875,2891,2867,2832,2752,2779,2946,2908,2918,2867,2811,2817,2757,2798,2915,2885,2851,2855,2846,2807,2687,2807,2914,2872,2884,2853,2819,2822,2649,2798,2941,2903,2856,2875,2845,2813,2866,2833
TOF,2874,2446,2438,2396,2346,2325,2267,2142,2780,2692,2691,2679,2690,2758,2762,2423,2959,2890,2879,2838,2800,2715,2620,2640,2918,2896,2885,2866,2857,2820,2783,2778,2916,2925,2897,2869,2828,2815,2753,2803,2937,2864,2855,2855,2824,2839,2671,2774,2929,2898,2863,2850,2836,2823,2758,2792,2929,2894,2881,2859,2828,2795,2820,2798
TOF,2874,2446,2432,2390,2353,2275,2311,2142,2759,2731,2649,2723,2715,2796,2803,2732,2936,2884,2886,2871,2828,2701,2651,2594,2929,2920,2878,2872,2864,2812,2770,2775,2949,2937,2893,2875,2848,2827,2723,2799,2925,2860,2867,2858,2870,2814,2737,2810,2937,2909,2886,2846,2843,2812,2776,2801,2919,2896,2890,2853,2821,2800,2818,2803
TOF,2694,2446,2454,2414,2358,2268,2237,2046,2731,2695,2682,2686,2760,2780,2784,2732,2970,2915,2883,2882,2799,2736,2672,2623,2953,2907,2872,2875,2843,2832,2745,2788,2937,2903,2889,2874,2831,2819,2760,2795,2930,2877,2874,2858,2866,2813,2695,2763,2911,2912,2859,2851,2842,2837,2785,2800,2905,2889,2882,2850,2829,2807,2777,2780
TOF,2574,2446,2454,2414,2395,2268,2241,2287,2760,2681,2663,2761,2736,2771,2775,2680,2938,2907,2875,2856,2792,2660,2668,2604,2943,2899,2896,2875,2857,2815,2778,2797,2927,2913,2869,2858,2854,2851,2707,2784,2962,2880,2853,2858,2839,2832,2650,2784,2928,2899,2893,2843,2827,2829,2785,2803,2942,2915,2896,2864,2863,2812,2830,2820
TOF,2574,2493,2446,2413,2322,2321,2239,2159,2743,2690,2683,2706,2765,2758,2770,2680,2961,2932,2892,2847,2841,2758,2619,2592,2917,2917,2875,2868,2844,2824,2765,2808,2951,2912,2896,2864,2828,2820,2776,2792,2920,2909,2867,2867,2850,2820,2667,2779,2901,2899,2877,2868,2830,2813,2718,2783,2915,2917,2882,2842,2820,2793,2804,2787
TOF,2518,2493,2446,2395,2329,2312,2265,2136,2765,2711,2656,2724,2753,2754,2787,2661,2965,2920,2872,2847,2828,2704,2586,2590,2936,2888,2882,2874,2854,2819,2787,2808,2921,2907,2880,2852,2852,2818,2769,2796,2916,2909,2877,2848,2820,2840,2676,2788,2909,2881,2871,2840,2846,2818,2789,2810,2939,2899,2894,2869,2845,2813,2822,2831
TOF,2976,2506,2409,2350,2316,2295,2273,2200,2767,2721,2705,2736,2740,2757,2758,2727,2954,2911,2905,2865,2811,2708,2617,2609,2938,2900,2869,2888,2870,2835,2802,2781,2916,2929,2878,2867,2830,2817,2719,2816,2926,2916,2875,2848,2827,2841,2677,2789,2923,2892,2878,2868,2865,2815,2768,2801,2944,2938,2889,2868,2840,2821,2818,2792
TOF,2538,2581,2550,2416,2359,2344,2261,2079,2771,2728,2712,2740,2749,2792,2682,2719,2951,2907,2899,2855,2846,2733,2612,2597,2952,2916,2886,2869,2839,2815,2793,2788,2944,2899,2877,2845,2843,2844,2759,2800,2942,2909,2862,2872,2863,2848,2640,2781,2930,2887,2879,2865,2821,2808,2745,2773,2931,2933,2913,2860,2837,2822,2791,2793
TOF,2563,2581,2436,2472,2393,2289,2266,2012,2853,2706,2700,2694,2752,2743,2788,2654,2952,2914,2893,2868,2790,2743,2611,2592,2929,2894,2893,2878,2868,2821,2792,2806,2913,2909,2892,2862,2855,2821,2732,2781,2929,2905,2895,2853,2840,2838,2681,2809,2923,2904,2868,2863,2832,2817,2789,2790,2942,2895,2884,2845,2848,2798,2802,2806
TOF,2563,2455,2436,2409,2360,2296,2252,2156,2767,2704,2734,2737,2851,2791,2743,2723,2939,2924,2932,2856,2790,2714,2597,2618,2935,2896,2904,2855,2845,2842,2791,2800,2906,2889,2856,2856,2873,2839,2705,2795,2914,2893,2898,2832,2846,2825,2742,2768,2926,2906,2872,2848,2859,2797,2789,2764,2957,2919,2884,2848,2836,2825,2815,2803
TOF,2893,2479,2449,2422,2357,2332,2280,2099,2765,2731,2703,2800,2811,2781,2803,2558,2980,2920,2881,2860,2784,2730,2654,2585,2934,2907,2878,2867,2847,2828,2774,2806,2930,2914,2894,2851,2852,2828,2754,2784,2935,2911,2876,2875,2839,2799,2696,2797,2891,2894,2862,2849,2848,2796,2797,2794,2947,2897,2881,2850,2848,2828,2789,2790
TOF,2912,2479,2471,2386,2344,2334,2227,2245,2738,2697,2746,2693,2818,2768,2812,2625,2929,2914,2871,2857,2830,2732,2610,2600,2916,2910,2892,2866,2855,2808,2764,2781,2916,2921,2890,2857,2832,2840,2746,2802,2934,2905,2870,2872,2845,2816,2639,2790,2912,2894,2872,2859,2844,2803,2858,2795,2912,2886,2893,2847,2845,2775,2846,2813
TOF,2755,2479,2471,2370,2362,2321,2286,2211,2775,2740,2707,2776,2771,2738,2775,2701,2957,2904,2907,2838,2842,2692,2614,2616,2953,2916,2868,2860,2851,2809,2767,2791,2930,2925,2868,2890,2875,2817,2761,2808,2906,2899,2869,2844,2866,2832,2689,2782,2930,2898,2870,2854,2846,2821,2675,2765,2949,2899,2861,2851,2831,2804,2795,2757
TOF,2755,2556,2434,2434,2364,2318,2272,2124,2773,2702,2702,2764,2748,2750,2840,2701,2934,2925,2869,2854,2810,2716,2671,2571,2956,2919,2874,2872,2852,2815,2784,2796,2941,2898,2876,2886,2825,2832,2712,2780,2915,2881,2855,2877,2841,2808,2664,2773,2923,2860,2870,2838,2830,2815,2758,2777,2919,2873,2881,2843,2828,2808,2791,2812
TOF,2755,2556,2413,2389,2376,2315,2274,2207,2754,2732,2677,2779,2714,2732,2771,2842,2953,2923,2863,2839,2776,2726,2622,2577,2924,2915,2900,2877,2860,2835,2775,2788,2953,2907,2894,2856,2846,2820,2769,2769,2908,2916,2883,2861,2849,2809,2692,2825,2905,2920,2871,2874,2817,2817,2741,2777,2935,2874,2879,2854,2849,2785,2815,2819
TOF,2755,2713,2422,2384,2337,2309,2137,2173,2802,2716,2671,2709,2776,2803,2812,2842,2925,2924,2890,2866,2780,2765,2592,2606,2957,2937,2880,2890,2886,2865,2776,2800,2932,2912,2868,2879,2844,2825,2689,2817,2899,2905,2881,2889,2839,2828,2624,2772,2921,2875,2893,2870,2834,2813,2754,2772,2943,2874,2873,2870,2804,2824,2815,2829
TOF,2682,2713,2543,2392,2315,2270,2269,2173,2716,2678,2699,2727,2747,2795,2751,2747,2934,2919,2900,2868,2804,2744,2643,2605,2935,2914,2887,2885,2862,2835,2768,2780,2889,2923,2875,2862,2834,2825,2769,2814,2909,2897,2869,2832,2804,2817,2602,2770,2919,2901,2873,2855,2834,2825,2761,2790,2957,2897,2907,2848,2866,2792,2785,2825
TOF,2682,2585,2381,2410,2374,2325,2291,2002,2761,2774,2686,2757,2807,2834,2789,2712,2956,2918,2868,2870,2793,2727,2623,2600,2947,2910,2907,2866,2856,2810,2808,2785,2940,2892,2904,2884,2860,2832,2752,2787,2933,2866,2849,2867,2855,2813,2675,2781,2922,2889,2875,2848,2837,2810,2778,2791,2947,2910,2897,2856,2829,2798,2788,2814
TOF,2682,2585,2488,2403,2335,2352,2248,2190,2755,2753,2666,2737,2682,2765,2772,2787,2945,2928,2897,2860,2801,2728,2635,2580,2942,2911,2887,2880,2863,2828,2763,2778,2918,2901,2875,2862,2841,2816,2727,2802,2926,2886,2893,2833,2860,2833,2683,2794,2937,2898,2854,2847,2842,2814,2750,2827,2944,2900,2895,2859,2834,2811,2795,2794
TOF,2604,2464,2436,2398,2374,2320,2255,2227,2784,2805,2718,2732,2748,2737,2713,2759,2920,2906,2889,2873,2805,2739,2640,2589,2934,2908,2873,2864,2859,2857,2739,2782,2896,2902,2886,2859,2831,2827,2765,2775,2947,2878,2867,2857,2860,2830,2610,2809,2945,2887,2878,2845,2838,2813,2845,2802,2938,2912,2897,2861,2843,2814,2766,2799
TOF,2861,2464,2436,2373,2376,2282,2269,2210,2769,2724,2660,2640,2716,2746,2754,2741,2964,2908,2898,2851,2808,2736,2601,2608,2971,2920,2879,2854,2833,2814,2789,2785,2903,2918,2883,2885,2840,2824,2758,2772,2943,2883,2871,2849,2853,2846,2672,2787,2902,2887,2865,2836,2834,2803,2782,2807,2957,2906,2868,2857,2839,2822,2797,2820
TOF,2861,2464,2492,2373,2349,2297,2271,2179,2744,2744,2671,2797,2746,2825,2718,2741,2941,2893,2889,2873,2801,2688,2631,2567,2938,2909,2880,2847,2862,2840,2798,2766,2942,2919,2874,2860,2852,2827,2815,2813,2938,2909,2878,2837,2814,2826,2636,2772,2939,2886,2860,2873,2845,2820,2802,2774,2913,2915,2891,2865,2828,2816,2821,2826
TOF,2624,2807,2481,2410,2358,2337,2225,2276,2880,2786,2587,2739,2781,2757,2785,2732,2953,2921,2879,2872,2816,2739,2632,2623,2926,2887,2916,2882,2848,2838,2798,2792,2948,2907,2897,2882,2859,2823,2742,2787,2903,2921,2875,2854,2836,2827,2651,2771,2942,2896,2864,2842,2833,2802,2719,2792,2966,2915,2854,2848,2839,2802,2738,2770
TOF,2624,2507,2505,2387,2361,2270,2226,2104,2808,2714,2687,2654,2837,2799,2775,2778,2918,2943,2870,2847,2772,2672,2615,2579,2921,2908,2881,2876,2842,2847,2772,2791,2930,2915,2900,2870,2865,2838,2726,2802,2929,2878,2866,2861,2842,2816,2749,2823,2898,2898,2869,2849,2830,2794,2724,2790,2927,2892,2881,2844,2847,2798,2774,2782
TOF,2624,2485,2600,2412,2356,2264,2250,2261,2761,2717,2666,2694,2725,2804,2785,2709,2948,2935,2891,2858,2816,2707,2614,2639,2932,2924,2877,2866,2833,2841,2776,2797,2967,2912,2886,2876,2840,2829,2718,2784,2946,2869,2870,2869,2824,2838,2702,2788,2910,2904,2869,2850,2848,2824,2787,2774,2923,2899,2870,2846,2823,2815,2817,2794
TOF,2807,2651,2483,2395,2376,2307,2280,2133,2758,2725,2691,2724,2724,2833,2796,2413,2958,2883,2881,2842,2785,2734,2618,2589,2932,2901,2898,2869,2877,2818,2791,2786,2919,2903,2870,2883,2828,2818,2687,2775,2927,2901,2866,2878,2837,2824,2701,2780,2918,2897,2859,2847,2832,2794,2723,2811,2939,2917,2887,2849,2833,2799,2814,2841
TOF,2779,2591,2483,2386,2351,2314,2241,2015,2733,2708,2693,2718,2745,2743,2808,2638,2965,2898,2890,2861,2826,2723,2637,2646,2943,2901,2896,2857,2847,2808,2788,2782,2961,2905,2883,2869,2833,2820,2706,2815,2923,2905,2887,2850,2840,2822,2683,2786,2920,2886,2849,2865,2847,2804,2811,2805,2943,2905,2866,2866,2843,2802,2836,2790
TOF,2779,2591,2483,2391,2312,2282,2236,2188,2746,2722,2691,2654,2696,2810,2763,2750,2950,2921,2897,2869,2830,2742,2639,2629,2935,2916,2898,2873,2853,2854,2755,2787,2923,2900,2861,2856,2858,2810,2643,2785,2922,2916,2873,2868,2829,2821,2685,2791,2909,2874,2850,2838,2834,2801,2811,2795,2917,2911,2898,2868,2844,2804,2793,2747
TOF,2779,2416,2459,2377,2318,2306,2277,2188,2826,2763,2712,2663,2659,2762,2785,2365,2965,2918,2887,2864,2789,2724,2626,2630,2926,2888,2874,2875,2853,2834,2777,2807,2904,2889,2868,2888,2840,2828,2712,2786,2903,2879,2870,2836,2826,2811,2692,2814,2922,2924,2861,2861,2859,2802,2741,2821,2929,2897,2856,2871,2836,2817,2799,2824
TOF,2779,2416,2423,2402,2379,2320,2272,2188,2770,2683,2679,2770,2680,2730,2723,2691,2962,2938,2880,2832,2802,2735,2671,2587,2956,2913,2861,2874,2843,2848,2772,2776,2935,2918,2877,2859,2852,2831,2737,2796,2937,2886,2892,2847,2835,2826,2722,2768,2944,2875,2889,2855,2827,2825,2748,2809,2948,2873,2902,2854,2834,2809,2843,2828
TOF,2923,2500,2607,2390,2323,2361,2274,2188,2780,2711,2678,2683,2716,2757,2816,2784,2972,2925,2889,2860,2823,2722,2631,2617,2961,2922,2878,2872,2867,2837,2790,2776,2923,2912,2868,2852,2841,2829,2730,2803,2917,2897,2870,2872,2850,2793,2686,2806,2950,2891,2865,2839,2841,2795,2758,2791,2937,2913,2866,2875,2839,2806,2827,2779
TOF,2864,2500,2516,2411,2324,2301,2321,2167,2762,2678,2681,2726,2740,2754,2788,2737,2935,2919,2878,2842,2825,2714,2634,2600,2934,2914,2894,2870,2845,2822,2791,2773,2930,2895,2865,2867,2852,2832,2783,2800,2922,2911,2865,2858,2833,2810,2650,2784,2931,2918,2855,2825,2836,2803,2818,2787,2926,2890,2859,2858,2844,2809,2831,2771
TOF,2806,2666,2444,2360,2319,2283,2243,2167,2811,2747,2703,2687,2811,2834,2709,2744,2953,2896,2871,2872,2832,2745,2624,2609,2923,2909,2886,2879,2849,2837,2785,2778,2924,2915,2884,2885,2830,2823,2710,2802,2911,2910,2884,2856,2852,2820,2689,2798,2928,2903,2878,2860,2836,2807,2721,2780,2943,2893,2882,2824,2848,2789,2822,2811
TOF,2690,2666,2431,2437,2334,2348,2241,2217,2795,2721,2683,2728,2712,2772,2821,2501,2946,2920,2889,2847,2810,2712,2629,2569,2927,2906,2888,2882,2868,2836,2768,2802,2916,2909,2888,2873,2867,2838,2721,2796,2911,2904,2894,2858,2819,2815,2657,2789,2930,2866,2871,2865,2811,2801,2806,2787,2932,2900,2890,2843,2831,2809,2812,2799
TOF,2690,2666,2456,2416,2348,2294,2249,2203,2785,2724,2686,2711,2746,2819,2768,2342,2940,2916,2876,2857,2799,2735,2626,2591,2965,2926,2872,2866,2837,2836,2771,2778,2944,2904,2865,2892,2841,2808,2758,2791,2915,2905,2881,2860,2831,2805,2663,2777,2928,2880,2856,2849,2827,2810,2773,2774,2908,2910,2888,2822,2849,2802,2813,2784
TOF,2631,2666,2401,2424,2330,2302,2236,2195,2768,2727,2734,2760,2705,2778,2778,2705,2933,2931,2885,2851,2797,2735,2622,2579,2926,2912,2900,2861,2849,2821,2787,2790,2965,2900,2879,2862,2838,2833,2721,2773,2914,2902,2873,2869,2851,2813,2641,2783,2937,2888,2868,2842,2820,2806,2750,2794,2957,2890,2894,2832,2821,2797,2827,2784
TOF,2631,2666,2401,2306,2341,2322,2279,2201,2745,2721,2789,2737,2695,2784,2769,2667,2939,2897,2880,2852,2810,2706,2630,2606,2934,2920,2864,2886,2853,2855,2785,2777,2933,2901,2902,2893,2847,2819,2767,2792,2907,2902,2867,2844,2847,2811,2633,2786,2917,2888,2892,2850,2832,2804,2786,2792,2927,2910,2873,2836,2825,2812,2771,2784
TOF,2919,2430,2457,2432,2337,2296,2243,2201,2795,2706,2667,2660,2795,2780,2752,2667,2957,2922,2902,2873,2832,2665,2647,2612,2938,2902,2880,2880,2863,2829,2793,2776,2928,2899,2877,2878,2843,2835,2726,2805,2939,2875,2895,2834,2820,2827,2654,2801,2922,2906,2887,2831,2840,2808,2738,2817,2944,2899,2888,2882,2818,2801,2771,2786
TOF,2919,2485,2422,2369,2380,2337,2256,2137,2770,2766,2693,2717,2726,2694,2777,2667,2954,2899,2874,2855,2817,2731,2614,2569,2946,2897,2868,2881,2856,2846,2746,2793,2921,2902,2892,2864,2850,2832,2743,2814,2928,2879,2885,2858,2835,2822,2698,2786,2908,2883,2871,2821,2835,2815,2753,2788,2919,2927,2862,2872,2843,2801,2792,2781
TOF,2705,2485,2428,2353,2346,2318,2269,2137,2767,2657,2683,2655,2733,2787,2817,2667,2958,2908,2888,2849,2801,2705,2600,2606,2960,2903,2876,2876,2859,2807,2781,2796,2940,2922,2884,2866,2835,2836,2751,2807,2923,2922,2888,2851,2821,2816,2653,2796,2898,2883,2889,2858,2836,2813,2745,2782,2932,2912,2873,2847,2814,2806,2808,2809
TOF,2903,2668,2383,2416,2384,2295,2236,2112,2751,2750,2638,2737,2731,2799,2782,2702,2948,2911,2876,2843,2812,2662,2661,2650,2935,2902,2912,2870,2848,2836,2781,2795,2930,2907,2892,2862,2838,2815,2746,2811,2921,2912,2883,2858,2824,2796,2668,2777,2899,2916,2856,2861,2850,2805,2700,2802,2937,2896,2858,2859,2843,2811,2813,2797
TOF,2903,2668,2483,2416,2338,2331,2249,2185,2747,2737,2699,2699,2688,2783,2783,2716,2944,2924,2899,2838,2825,2730,2628,2694,2932,2897,2890,2870,2844,2812,2781,2797,2931,2887,2891,2861,2852,2847,2756,2792,2888,2862,2887,2861,2844,2814,2629,2798,2926,2895,2853,2827,2832,2803,2761,2800,2909,2918,2872,2849,2843,2803,2787,2799
TOF,2879,2668,2377,2388,2367,2314,2201,2121,2819,2726,2694,2705,2750,2782,2703,2391,2963,2916,2898,2844,2829,2722,2620,2608,2923,2918,2881,2871,2864,2834,2787,2788,2934,2907,2890,2854,2860,2840,2740,2800,2923,2906,2852,2870,2830,2820,2645,2797,2933,2891,2878,2858,2818,2825,2801,2786,2939,2875,2890,2849,2838,2805,2796,2755
TOF,2879,2398,2460,2386,2366,2329,2268,2058,2796,2699,2696,2715,2820,2833,2779,2391,2958,2903,2901,2849,2799,2776,2650,2636,2942,2898,2878,2871,2854,2853,2775,2775,2947,2897,2877,2866,2850,2819,2725,2763,2934,2894,2864,2845,2844,2831,2675,2793,2906,2877,2855,2858,2844,2817,2816,2794,2927,2901,2890,2876,2842,2812,2819,2766
TOF,2879,2398,2460,2404,2331,2313,2243,2204,2795,2701,2751,2718,2748,2783,2754,2391,2947,2905,2886,2861,2759,2743,2650,2681,2931,2896,2900,2903,2834,2824,2769,2793,2940,2902,2865,2866,2818,2837,2743,2786,2906,2896,2870,2879,2861,2840,2697,2815,2927,2902,2869,2855,2794,2825,2816,2795,2945,2936,2877,2856,2845,2817,2808,2778
TOF,2779,2533,2382,2384,2352,2314,2295,2233,2846,2732,2639,2689,2687,2768,2805,2733,2967,2920,2885,2857,2796,2712,2624,2591,2948,2900,2901,2885,2883,2845,2763,2811,2977,2916,2871,2858,2852,2829,2748,2793,2930,2914,2874,2851,2849,2824,2664,2778,2911,2874,2892,2864,2825,2823,2749,2801,2960,2909,2880,2858,2821,2812,2755,2809
TOF,2874,2533,2453,2422,2350,2348,2258,2234,2818,2756,2701,2683,2741,2769,2812,2729,2938,2906,2884,2859,2785,2721,2641,2570,2941,2906,2904,2862,2861,2835,2758,2787,2935,2901,2872,2852,2845,2816,2749,2815,2915,2888,2875,2856,2856,2809,2684,2797,2908,2928,2854,2854,2842,2816,2819,2788,2921,2903,2891,2844,2849,2805,2818,2806
TOF,2922,2606,2385,2417,2364,2300,2284,2234,2760,2732,2675,2745,2774,2786,2783,2729,2947,2908,2862,2847,2765,2735,2631,2566,2922,2896,2883,2865,2860,2834,2780,2783,2966,2907,2869,2870,2851,2821,2715,2789,2919,2893,2873,2852,2847,2807,2567,2807,2923,2892,2877,2878,2833,2840,2740,2801,2911,2907,2872,2852,2809,2813,2800,2842
TOF,2922,2606,2481,2364,2359,2289,2264,2099,2782,2753,2716,2796,2784,2784,2747,2723,2959,2911,2907,2846,2818,2702,2639,2611,2955,2915,2897,2870,2864,2805,2769,2795,2962,2925,2881,2894,2862,2811,2706,2788,2911,2908,2869,2856,2831,2812,2665,2803,2927,2903,2867,2839,2828,2806,2746,2768,2945,2897,2844,2854,2829,2817,2845,2809
TOF,2922,2488,2433,2404,2356,2269,2256,2137,2742,2712,2718,2765,2734,2777,2778,2337,2959,2896,2873,2847,2813,2789,2587,2604,2948,2921,2872,2887,2869,2837,2787,2790,2920,2904,2864,2852,2846,2833,2736,2805,2937,2908,2869,2846,2814,2819,2658,2778,2909,2899,2869,2842,2840,2800,2818,2784,2959,2901,2867,2854,2860,2798,2823,2799
TOF,2922,2478,2433,2357,2355,2301,2186,2091,2749,2743,2697,2702,2663,2786,2792,2337,2956,2925,2885,2854,2812,2733,2621,2616,2912,2896,2891,2869,2848,2823,2795,2787,2928,2909,2888,2873,2859,2841,2769,2787,2914,2885,2861,2828,2855,2830,2641,2764,2914,2891,2864,2841,2831,2819,2777,2800,2908,2880,2880,2867,2839,2801,2821,2786
TOF,2922,2579,2497,2366,2366,2322,2264,2173,2775,2735,2688,2755,2756,2799,2743,2750,2941,2913,2904,2863,2761,2743,2661,2587,2925,2919,2895,2876,2850,2793,2782,2790,2911,2889,2890,2857,2851,2833,2718,2795,2915,2890,2861,2849,2815,2808,2660,2787,2928,2906,2877,2841,2832,2811,2725,2786,2924,2890,2896,2870,2839,2801,2791,2776
TOF,2825,2579,2393,2422,2317,2286,2285,2143,2778,2716,2646,2793,2664,2811,2770,2778,2959,2897,2899,2853,2800,2732,2625,2581,2942,2912,2868,2872,2827,2848,2764,2785,2939,2900,2883,2876,2839,2832,2754,2758,2908,2889,2859,2872,2823,2831,2696,2790,2947,2880,2868,2841,2841,2795,2771,2800,2927,2897,2891,2848,2820,2810,2742,2818
TOF,2728,2579,2406,2409,2361,2282,2287,2176,2755,2684,2685,2712,2746,2775,2777,2577,2950,2938,2892,2881,2791,2742,2615,2602,2972,2929,2891,2878,2848,2820,2783,2760,2953,2923,2865,2857,2864,2816,2735,2811,2922,2897,2859,2881,2850,2833,2701,2793,2927,2878,2865,2860,2828,2824,2750,2806,2910,2909,2891,2824,2826,2814,2794,2797
TOF,2728,2730,2431,2387,2350,2301,2250,2166,2746,2753,2710,2711,2786,2773,2803,2730,2953,2922,2890,2873,2811,2728,2624,2628,2933,2920,2884,2885,2868,2840,2777,2798,2925,2925,2895,2866,2854,2824,2714,2803,2906,2923,2865,2865,2830,2836,2675,2797,2885,2899,2861,2839,2828,2790,2724,2783,2940,2922,2871,2853,2837,2808,2842,2790
TOF,2728,2781,2478,2375,2344,2298,2260,2080,2789,2737,2702,2731,2728,2771,2802,2730,2944,2913,2891,2864,2822,2681,2675,2611,2956,2925,2897,2876,2850,2799,2796,2788,2938,2892,2858,2846,2828,2814,2762,2801,2923,2880,2887,2872,2840,2811,2708,2776,2916,2885,2886,2857,2849,2826,2745,2806,2919,2888,2876,2870,2836,2798,2783,2786
TOF,2691,2781,2487,2365,2307,2298,2241,2183,2759,2741,2724,2720,2768,2733,2756,2730,2958,2905,2888,2879,2821,2716,2623,2593,2947,2918,2905,2885,2848,2805,2798,2780,2919,2904,2881,2869,2841,2832,2761,2790,2924,2903,2881,2872,2845,2846,2654,2785,2900,2890,2878,2847,2833,2795,2773,2793,2936,2884,2854,2850,2828,2805,2812,2813
TOF,2945,2781,2487,2385,2318,2322,2251,2197,2785,2744,2708,2707,2758,2689,2737,2730,2962,2916,2877,2849,2812,2742,2612,2568,2933,2918,2883,2886,2853,2847,2770,2773,2939,2898,2855,2867,2844,2828,2735,2780,2927,2890,2872,2856,2833,2832,2711,2771,2916,2917,2882,2836,2828,2819,2851,2790,2929,2893,2881,2861,2858,2808,2803,2807
TOF,2945,2830,2378,2390,2321,2309,2261,2093,2782,2714,2734,2754,2736,2771,2768,2745,2942,2902,2904,2841,2842,2693,2600,2600,2905,2913,2903,2861,2844,2846,2783,2795,2937,2903,2882,2877,2837,2822,2729,2779,2933,2873,2852,2857,2835,2836,2610,2793,2920,2891,2863,2842,2819,2805,2723,2806,2952,2906,2871,2869,2839,2816,2828,2803
TOF,2880,2449,2378,2416,2381,2302,2266,2093,2708,2727,2651,2747,2757,2783,2769,2745,2937,2905,2876,2858,2820,2728,2648,2632,2946,2933,2880,2859,2861,2849,2762,2789,2933,2926,2877,2860,2834,2816,2732,2783,2909,2898,2864,2854,2814,2813,2651,2766,2936,2884,2862,2840,2835,2819,2777,2779,2938,2893,2896,2857,2840,2793,2826,2823
TOF,2942,2514,2442,2400,2385,2303,2228,2093,2779,2708,2685,2737,2757,2788,2814,2340,2958,2919,2884,2871,2855,2715,2660,2565,2924,2920,2892,2873,2877,2812,2805,2765,2931,2903,2884,2882,2845,2834,2723,2794,2915,2882,2879,2849,2846,2828,2693,2792,2947,2889,2874,2867,2851,2830,2779,2801,2955,2923,2886,2858,2853,2809,2802,2795
TOF,2684,2514,2434,2435,2322,2326,2229,2093,2752,2734,2727,2747,2774,2786,2802,2340,2972,2918,2882,2866,2810,2740,2604,2662,2943,2920,2885,2877,2845,2837,2795,2790,2950,2922,2877,2876,2852,2819,2725,2797,2947,2881,2861,2849,2799,2820,2673,2784,2929,2910,2874,2855,2832,2825,2751,2794,2916,2884,2887,2856,2841,2777,2774,2803
TOF,2858,2514,2445,2385,2370,2300,2262,2221,2732,2719,2672,2717,2730,2695,2743,2666,2983,2915,2888,2857,2824,2716,2662,2613,2917,2904,2892,2867,2857,2835,2770,2816,2951,2905,2884,2901,2838,2837,2703,2784,2915,2887,2883,2866,2858,2817,2654,2809,2892,2898,2878,2848,2837,2803,2783,2797,2946,2896,2904,2865,2835,2810,2796,2799
TOF,3045,2465,2418,2364,2394,2359,2281,2167,2763,2714,2683,2697,2815,2785,2738,2790,2960,2930,2881,2857,2798,2740,2655,2591,2929,2911,2891,2871,2856,2826,2751,2775,2918,2898,2884,2865,2849,2827,2765,2780,2887,2869,2882,2882,2857,2819,2677,2793,2931,2902,2876,2865,2833,2813,2823,2807,2940,2893,2880,2855,2857,2792,2811,2783
TOF,2708,2465,2607,2380,2373,2323,2251,2136,2740,2689,2634,2759,2779,2753,2735,2802,2947,2953,2852,2850,2807,2737,2625,2604,2953,2912,2909,2867,2852,2824,2779,2775,2896,2888,2882,2848,2862,2826,2737,2777,2944,2896,2867,2856,2844,2806,2689,2785,2918,2902,2854,2842,2816,2805,2758,2786,2957,2906,2888,2843,2835,2821,2797,2768
TOF,2708,2465,2471,2333,2356,2319,2246,2070,2794,2688,2687,2729,2759,2758,2776,2750,2934,2932,2872,2865,2796,2699,2619,2594,2945,2887,2882,2865,2850,2840,2798,2808,2937,2870,2890,2870,2855,2841,2749,2801,2912,2915,2903,2856,2845,2817,2678,2775,2916,2902,2855,2864,2841,2789,2795,2806,2948,2891,2902,2847,2825,2818,2829,2753
TOF,2857,2465,2451,2400,2364,2334,2252,2070,2801,2705,2687,2717,2861,2780,2780,2865,2920,2907,2894,2869,2796,2726,2644,2587,2913,2927,2882,2874,2860,2827,2746,2789,2922,2890,2877,2843,2847,2809,2720,2831,2927,2897,2877,2846,2830,2797,2641,2797,2928,2889,2857,2857,2828,2811,2859,2805,2933,2893,2880,2867,2845,2780,2828,2817
TOF,2652,2465,2493,2369,2337,2331,2275,2164,2742,2667,2697,2693,2846,2810,2740,2865,2990,2910,2898,2861,2796,2721,2618,2588,2926,2915,2871,2873,2865,2835,2772,2791,2973,2894,2880,2860,2861,2821,2758,2798,2903,2909,2883,2850,2835,2815,2693,2771,2896,2906,2860,2863,2823,2792,2773,2787,2922,2897,2871,2862,2840,2799,2827,2816
TOF,2652,2465,2402,2398,2357,2311,2296,2159,2767,2723,2672,2730,2654,2819,2809,2682,2969,2918,2887,2889,2807,2726,2672,2586,2989,2918,2878,2884,2844,2839,2768,2794,2889,2897,2886,2879,2848,2824,2736,2799,2892,2912,2878,2855,2849,2810,2669,2783,2913,2893,2853,2838,2836,2814,2793,2785,2954,2894,2877,2857,2851,2796,2820,2800
TOF,2652,2465,2402,2379,2333,2306,2257,2193,2741,2701,2674,2706,2855,2836,2820,2744,2961,2893,2894,2848,2818,2718,2616,2614,2947,2915,2878,2858,2853,2808,2780,2788,2960,2922,2862,2848,2854,2810,2751,2794,2915,2904,2878,2877,2833,2833,2613,2781,2917,2907,2883,2839,2820,2827,2730,2795,2928,2900,2865,2862,2814,2778,2836,2795
TOF,2652,2465,2446,2423,2359,2319,2255,2099,2768,2715,2710,2713,2728,2735,2768,2427,2944,2914,2879,2851,2834,2735,2609,2613,2919,2919,2884,2876,2855,2819,2779,2797,2950,2903,2893,2858,2841,2842,2738,2771,2902,2899,2869,2866,2841,2806,2753,2783,2928,2912,2861,2849,2828,2824,2787,2813,2927,2906,2875,2842,2853,2806,2797,2782
TOF,2936,2500,2368,2366,2363,2257,2300,2106,2818,2685,2660,2749,2697,2771,2773,2514,2940,2912,2913,2859,2826,2753,2606,2602,2921,2914,2882,2874,2847,2824,2811,2783,2919,2900,2891,2864,2859,2825,2714,2786,2922,2904,2883,2847,2835,2826,2701,2784,2913,2898,2877,2870,2836,2814,2720,2789,2930,2912,2889,2833,2831,2800,2799,2762
TOF,2936,2579,2414,2415,2408,2295,2251,2033,2780,2724,2682,2764,2715,2793,2759,2514,2946,2919,2905,2856,2801,2740,2624,2632,2975,2914,2889,2868,2851,2840,2785,2762,2920,2907,2892,2878,2852,2816,2731,2775,2935,2901,2878,2871,2848,2821,2669,2780,2904,2901,2870,2849,2813,2819,2792,2785,2939,2885,2883,2816,2843,2828,2819,2786
TOF,2936,2633,2586,2420,2336,2332,2265,2033,2784,2706,2661,2721,2741,2767,2821,2386,2957,2940,2890,2865,2829,2720,2670,2592,2941,2883,2888,2873,2849,2828,2789,2801,2897,2920,2867,2852,2840,2833,2762,2788,2928,2897,2890,2831,2839,2836,2648,2773,2914,2922,2862,2846,2851,2817,2577,2797,2940,2858,2873,2836,2840,2796,2802,2824
TOF,2936,2740,2360,2418,2337,2321,2268,2145,2853,2711,2700,2702,2702,2727,2856,2335,2945,2922,2862,2860,2813,2726,2628,2657,2939,2909,2894,2882,2837,2808,2764,2815,2925,2891,2895,2856,2841,2829,2725,2774,2916,2918,2866,2858,2843,2833,2720,2797,2926,2914,2863,2867,2835,2798,2769,2790,2942,2881,2891,2845,2823,2809,2749,2784
TOF,2781,2740,2360,2384,2377,2292,2248,2163,2742,2760,2686,2752,2801,2800,2748,2335,2928,2925,2897,2857,2794,2676,2622,2615,2966,2887,2901,2867,2846,2805,2808,2805,2947,2912,2856,2856,2838,2814,2726,2792,2941,2912,2875,2851,2847,2813,2765,2814,2904,2899,2881,2872,2836,2810,2811,2799,2942,2894,2903,2848,2826,2812,2792,2775
TOF,2849,2740,2360,2429,2365,2315,2247,2189,2771,2714,2686,2756,2748,2750,2802,2335,2956,2918,2903,2861,2809,2716,2646,2572,2931,2898,2893,2861,2847,2812,2774,2780,2926,2919,2869,2874,2834,2833,2733,2778,2929,2892,2884,2850,2856,2822,2711,2804,2936,2898,2866,2862,2824,2803,2712,2796,2936,2899,2876,2832,2842,2804,2812,2797
TOF,2561,2530,2360,2375,2390,2275,2247,1989,2801,2703,2678,2749,2646,2771,2785,2463,2962,2917,2876,2858,2820,2730,2621,2631,2955,2915,2896,2866,2864,2829,2793,2788,2937,2919,2855,2862,2849,2833,2749,2796,2919,2888,2859,2869,2856,2816,2690,2786,2910,2896,2890,2873,2827,2803,2754,2810,2915,2930,2867,2837,2850,2818,2789,2803
TOF,2751,2764,2487,2396,2383,2277,2209,2051,2745,2752,2653,2782,2636,2831,2777,2463,2973,2922,2890,2849,2820,2721,2644,2601,2928,2911,2903,2874,2867,2832,2780,2788,2949,2910,2877,2877,2851,2819,2742,2793,2921,2887,2877,2846,2826,2829,2727,2798,2913,2902,2865,2845,2823,2815,2774,2809,2954,2871,2887,2852,2830,2803,2800,2777
TOF,2751,2513,2487,2374,2363,2326,2262,2180,2771,2692,2692,2823,2720,2758,2799,2463,2947,2911,2895,2853,2826,2729,2593,2564,2917,2918,2871,2869,2849,2828,2767,2808,2952,2915,2886,2855,2869,2821,2754,2790,2930,2872,2884,2850,2837,2827,2654,2782,2920,2889,2866,2865,2837,2812,2814,2779,2921,2912,2867,2847,2815,2816,2798,2788
TOF,2751,2513,2566,2391,2354,2308,2219,2180,2764,2762,2734,2716,2756,2800,2779,2825,2926,2938,2883,2853,2818,2785,2644,2623,2919,2902,2907,2863,2859,2825,2765,2801,2937,2905,2894,2861,2860,2824,2769,2788,2890,2909,2898,2832,2840,2823,2661,2786,2919,2911,2863,2843,2847,2802,2821,2796,2941,2905,2880,2860,2808,2797,2779,2784
TOF,2687,2506,2566,2406,2333,2323,2280,2133,2775,2759,2660,2750,2713,2725,2752,2825,2936,2910,2893,2848,2811,2743,2615,2615,2942,2881,2876,2869,2858,2846,2769,2781,2949,2921,2888,2863,2862,2829,2731,2778,2902,2907,2861,2855,2866,2844,2660,2783,2940,2898,2886,2842,2845,2823,2780,2794,2936,2916,2868,2845,2838,2824,2820,2754
TOF,2703,2495,2455,2388,2369,2315,2268,2172,2781,2724,2719,2713,2790,2784,2797,2341,2940,2912,2886,2850,2787,2701,2641,2602,2925,2907,2889,2877,2868,2829,2768,2766,2946,2898,2912,2850,2855,2833,2742,2772,2901,2925,2875,2861,2836,2811,2686,2787,2917,2894,2878,2879,2814,2812,2787,2799,2903,2941,2911,2837,2834,2805,2794,2813
TOF,2839,2693,2455,2391,2330,2307,2280,2153,2737,2711,2693,2751,2765,2795,2709,2340,2953,2933,2897,2871,2802,2739,2613,2573,2953,2918,2889,2884,2856,2818,2780,2804,2908,2895,2883,2887,2842,2824,2729,2769,2938,2902,2870,2866,2851,2822,2713,2765,2925,2904,2877,2833,2836,2806,2632,2789,2966,2897,2877,2829,2829,2812,2850,2801
TOF,2616,2778,2466,2378,2341,2306,2264,2237,2785,2747,2672,2745,2697,2823,2668,2409,2955,2926,2875,2868,2787,2690,2608,2571,2962,2913,2885,2864,2844,2814,2786,2816,2929,2897,2884,2852,2844,2827,2735,2806,2922,2908,2882,2876,2849,2824,2673,2805,2941,2909,2885,2855,2835,2800,2818,2789,2926,2896,2880,2846,2841,2816,2791,2807
TOF,2598,2577,2459,2433,2376,2310,2311,2031,2759,2777,2662,2737,2773,2746,2818,2607,2946,2932,2869,2845,2794,2744,2644,2588,2917,2900,2866,2879,2849,2819,2793,2800,2936,2892,2885,2848,2834,2817,2733,2795,2930,2891,2869,2854,2831,2824,2721,2796,2923,2896,2878,2848,2831,2807,2744,2787,2962,2881,2861,2869,2828,2803,2810,2799
TOF,2598,2577,2459,2416,2345,2322,2222,2130,2728,2704,2718,2732,2788,2751,2802,2511,2927,2900,2880,2884,2793,2721,2614,2582,2924,2898,2902,2875,2853,2837,2800,2794,2935,2911,2855,2862,2841,2833,2758,2783,2922,2914,2881,2860,2840,2815,2628,2803,2925,2910,2859,2842,2843,2812,2804,2797,2917,2901,2863,2854,2822,2795,2771,2827
TOF,2842,2771,2431,2427,2377,2285,2301,2130,2742,2695,2687,2735,2709,2765,2803,2717,2941,2899,2889,2851,2767,2761,2651,2621,2935,2917,2898,2863,2830,2835,2782,2787,2950,2921,2876,2858,2831,2820,2719,2797,2939,2868,2864,2858,2845,2815,2685,2762,2906,2886,2851,2850,2849,2816,2779,2782,2946,2885,2871,2843,2834,2836,2811,2813
TOF,2925,2771,2508,2409,2375,2298,2299,2186,2732,2708,2687,2650,2718,2764,2754,2717,2958,2944,2896,2848,2799,2734,2629,2591,2940,2906,2891,2886,2871,2825,2775,2784,2952,2893,2885,2878,2834,2822,2715,2794,2899,2864,2893,2846,2843,2830,2658,2788,2934,2888,2883,2864,2837,2826,2854,2821,2946,2893,2870,2854,2826,2792,2822,2819
TOF,2728,2771,2486,2395,2390,2338,2231,2186,2817,2735,2695,2701,2700,2792,2771,2734,2944,2928,2905,2848,2829,2696,2618,2578,2923,2918,2890,2859,2847,2852,2777,2783,2950,2916,2884,2859,2844,2816,2717,2784,2923,2901,2879,2867,2832,2827,2673,2783,2936,2910,2873,2846,2856,2811,2718,2794,2875,2908,2903,2839,2851,2813,2771,2788
TOF,2854,2593,2452,2442,2393,2284,2245,2049,2772,2696,2678,2705,2835,2778,2786,2393,2925,2914,2889,2867,2794,2731,2662,2611,2953,2913,2895,2876,2827,2842,2781,2770,2935,2917,2882,2880,2821,2824,2759,2782,2905,2888,2890,2862,2854,2818,2685,2792,2940,2891,2879,2876,2844,2811,2769,2767,2905,2919,2871,2852,2839,2797,2836,2794
TOF,2854,2723,2407,2388,2379,2300,2183,2049,2807,2713,2661,2780,2734,2806,2744,2733,2950,2915,2896,2842,2810,2735,2601,2655,2927,2905,2894,2861,2851,2849,2746,2789,2923,2910,2888,2846,2849,2828,2725,2778,2932,2892,2868,2855,2839,2828,2646,2790,2893,2890,2889,2833,2819,2818,2735,2797,2943,2912,2896,2851,2821,2817,2780,2792
TOF,2854,2505,2438,2405,2365,2300,2249,2130,2780,2770,2688,2700,2764,2747,2786,2406,2966,2922,2884,2851,2818,2696,2619,2571,2931,2891,2892,2870,2851,2840,2777,2770,2937,2917,2861,2850,2840,2823,2721,2786,2916,2900,2880,2863,2865,2810,2698,2796,2920,2921,2858,2886,2811,2804,2755,2772,2938,2900,2884,2863,2841,2825,2800,2806
TOF,2854,2501,2438,2375,2362,2328,2292,2130,2761,2739,2693,2746,2767,2737,2756,2706,2929,2917,2879,2868,2802,2715,2653,2646,2914,2914,2888,2869,2857,2832,2763,2757,2899,2901,2881,2841,2847,2824,2717,2803,2897,2896,2874,2855,2847,2822,2784,2788,2891,2892,2873,2846,2836,2797,2766,2812,2915,2908,2873,2856,2840,2803,2795,2814
TOF,2797,2501,2438,2409,2323,2334,2240,2145,2832,2738,2712,2732,2797,2783,2760,2808,2957,2917,2879,2862,2801,2753,2643,2565,2951,2918,2885,2875,2872,2820,2765,2775,2913,2912,2898,2856,2850,2831,2749,2790,2920,2905,2873,2854,2819,2804,2696,2806,2908,2892,2878,2856,2831,2815,2743,2772,2927,2893,2891,2863,2817,2788,2796,2788
TOF,2862,2501,2446,2385,2330,2278,2282,2116,2778,2740,2673,2749,2670,2871,2708,2808,2986,2925,2885,2857,2810,2727,2623,2603,2951,2916,2892,2866,2847,2856,2752,2805,2918,2910,2888,2853,2851,2836,2745,2782,2904,2903,2879,2847,2843,2819,2712,2773,2927,2877,2871,2858,2845,2805,2829,2766,2902,2906,2872,2862,2821,2826,2831,2796
TOF,2892,2768,2446,2390,2384,2328,2266,2161,2787,2741,2705,2648,2758,2802,2805,2675,2946,2920,2887,2844,2802,2720,2620,2591,2928,2905,2879,2866,2845,2817,2778,2781,2952,2905,2878,2874,2830,2829,2686,2801,2921,2896,2880,2883,2822,2811,2674,2797,2934,2904,2894,2844,2823,2817,2769,2788,2940,2893,2865,2851,2836,2801,2845,2785
TOF,2892,2587,2463,2387,2339,2325,2268,2097,2781,2721,2701,2656,2748,2792,2802,2763,2969,2916,2888,2844,2760,2703,2622,2643,2927,2916,2893,2872,2857,2812,2750,2788,2922,2895,2881,2862,2859,2831,2739,2786,2915,2900,2848,2857,2810,2825,2697,2786,2924,2887,2856,2852,2840,2824,2743,2786,2919,2900,2885,2851,2847,2807,2784,2804
TOF,2907,2502,2433,2386,2371,2304,2245,2195,2745,2690,2661,2740,2772,2788,2734,2593,2966,2923,2884,2853,2779,2705,2607,2574,2939,2890,2893,2870,2871,2833,2794,2784,2931,2922,2865,2863,2846,2845,2726,2808,2907,2909,2877,2855,2833,2794,2682,2785,2923,2908,2864,2854,2837,2810,2759,2802,2922,2922,2878,2852,2833,2804,2823,2814
TOF,2907,2502,2420,2403,2356,2305,2242,2195,2789,2719,2695,2673,2801,2799,2724,2748,2929,2928,2908,2862,2801,2636,2635,2621,2927,2912,2888,2881,2871,2829,2782,2788,2946,2889,2879,2853,2850,2835,2751,2796,2922,2892,2848,2855,2831,2819,2673,2789,2929,2880,2881,2867,2828,2822,2707,2805,2948,2898,2897,2850,2834,2804,2855,2786
TOF,2885,2592,2443,2412,2361,2325,2264,2195,2818,2766,2687,2731,2829,2788,2765,2769,2958,2926,2898,2874,2742,2795,2614,2562,2923,2917,2884,2871,2841,2837,2766,2787,2947,2905,2887,2865,2864,2833,2728,2795,2951,2892,2873,2862,2834,2837,2675,2795,2916,2901,2866,2850,2836,2829,2777,2785,2940,2914,2887,2845,2838,2812,2816,2798
TOF,2713,2592,2443,2400,2370,2307,2280,2195,2800,2749,2668,2701,2780,2845,2742,2448,2963,2905,2896,2863,2755,2726,2614,2585,2901,2894,2899,2868,2843,2838,2765,2804,2954,2907,2869,2861,2844,2837,2760,2804,2928,2890,2867,2864,2861,2808,2704,2768,2913,2906,2851,2845,2841,2805,2718,2801,2941,2900,2890,2847,2848,2812,2838,2791
TOF,2891,2582,2449,2386,2344,2295,2271,2208,2786,2739,2637,2727,2732,2754,2715,2448,2929,2896,2886,2852,2798,2696,2618,2607,2953,2920,2870,2876,2869,2863,2792,2805,2923,2905,2873,2874,2842,2818,2708,2767,2861,2886,2843,2854,2835,2830,2663,2792,2918,2892,2862,2857,2828,2813,2763,2795,2899,2901,2896,2835,2815,2796,2811,2783
TOF,2956,2582,2449,2416,2367,2325,2267,2152,2709,2757,2708,2716,2615,2750,2789,2448,2950,2896,2883,2862,2822,2715,2620,2574,2921,2920,2883,2872,2868,2824,2768,2788,2959,2907,2874,2860,2845,2826,2745,2794,2951,2897,2885,2851,2843,2824,2672,2789,2912,2914,2877,2849,2829,2817,2765,2806,2921,2930,2878,2856,2830,2784,2812,2804
TOF,2603,2504,2806,2455,2351,2320,2262,2066,2756,2740,2710,2767,2683,2779,2801,2763,2941,2909,2907,2865,2764,2715,2665,2608,2953,2921,2870,2872,2861,2842,2772,2794,2923,2880,2888,2870,2854,2823,2742,2773,2898,2889,2881,2880,2837,2790,2710,2775,2937,2889,2873,2847,2832,2806,2757,2802,2922,2889,2880,2843,2836,2798,2796,2791
TOF,2592,2504,2403,2389,2368,2325,2258,2239,2744,2706,2678,2729,2761,2744,2805,2763,2922,2931,2904,2874,2788,2733,2644,2618,2942,2899,2885,2873,2872,2822,2771,2798,2897,2893,2891,2864,2845,2816,2737,2818,2935,2887,2866,2847,2830,2815,2665,2794,2957,2896,2861,2845,2817,2808,2719,2806,2921,2902,2889,2846,2857,2801,2792,2769
TOF,2732,2504,2403,2425,2322,2315,2289,2201,2802,2724,2706,2698,2732,2774,2803,2763,2972,2906,2878,2865,2800,2738,2619,2623,2945,2909,2890,2869,2849,2826,2767,2794,2923,2893,2890,2871,2862,2821,2675,2797,2919,2889,2890,2849,2852,2811,2649,2766,2935,2896,2862,2877,2827,2803,2747,2782,2923,2913,2869,2846,2828,2813,2810,2819
TOF,2773,2504,2396,2427,2330,2292,2289,2002,2757,2766,2728,2763,2702,2795,2791,2649,2928,2886,2897,2865,2827,2749,2636,2614,2923,2902,2898,2872,2858,2818,2757,2783,2951,2896,2891,2874,2850,2815,2741,2783,2886,2900,2863,2846,2844,2814,2688,2785,2942,2893,2876,2830,2831,2822,2744,2783,2907,2901,2884,2868,2828,2796,2774,2790
TOF,2773,2574,2396,2349,2347,2326,2226,2185,2792,2759,2678,2696,2851,2755,2768,2649,2963,2929,2891,2859,2803,2725,2654,2619,2942,2919,2883,2864,2867,2840,2788,2789,2935,2893,2866,2837,2862,2819,2750,2793,2921,2879,2854,2842,2846,2823,2666,2786,2935,2861,2872,2860,2852,2809,2686,2791,2923,2941,2870,2867,2824,2826,2823,2791
TOF,2773,2574,2544,2453,2348,2313,2294,2185,2789,2710,2682,2710,2756,2774,2776,2778,2944,2917,2862,2876,2763,2712,2627,2604,2954,2901,2889,2876,2841,2828,2755,2780,2946,2900,2871,2852,2845,2828,2700,2807,2921,2888,2881,2868,2845,2809,2696,2786,2919,2882,2857,2852,2830,2803,2672,2813,2926,2884,2868,2869,2830,2804,2792,2801
TOF,2687,2836,2469,2396,2344,2316,2261,2073,2781,2724,2676,2731,2762,2738,2646,2718,2926,2925,2879,2862,2828,2725,2615,2593,2946,2909,2896,2879,2843,2847,2751,2793,2910,2900,2884,2868,2844,2830,2762,2784,2940,2912,2874,2855,2839,2822,2666,2791,2927,2895,2874,2839,2826,2805,2750,2800,2939,2894,2887,2844,2844,2795,2792,2814
TOF,2687,2926,2469,2399,2364,2313,2256,2259,2747,2742,2705,2773,2723,2755,2781,2769,2938,2939,2888,2856,2812,2685,2633,2645,2948,2921,2885,2879,2838,2854,2751,2803,2925,2898,2858,2862,2842,2844,2709,2796,2945,2902,2889,2854,2856,2830,2666,2775,2942,2928,2881,2859,2836,2813,2720,2779,2941,2885,2890,2848,2848,2822,2814,2825
TOF,2522,2647,2482,2347,2356,2300,2224,2162,2826,2724,2699,2633,2692,2778,2728,2451,2966,2922,2911,2882,2855,2735,2636,2573,2951,2901,2885,2887,2857,2835,2767,2805,2939,2928,2885,2856,2847,2806,2773,2784,2945,2872,2869,2857,2848,2838,2683,2801,2928,2884,2889,2868,2809,2825,2703,2785,2951,2899,2897,2867,2836,2796,2798,2818
TOF,2609,2647,2527,2411,2349,2268,2238,2155,2895,2730,2700,2678,2687,2763,2804,2769,2984,2913,2881,2849,2809,2705,2627,2593,2942,2924,2890,2882,2863,2819,2796,2772,2934,2915,2886,2862,2849,2820,2719,2795,2910,2901,2877,2846,2836,2825,2693,2746,2939,2893,2872,2849,2823,2805,2841,2839,2953,2891,2882,2826,2846,2788,2801,2789
TOF,2836,2554,2458,2379,2355,2321,2258,2155,2838,2746,2742,2677,2769,2813,2788,2792,2934,2922,2894,2850,2822,2691,2644,2603,2932,2914,2895,2852,2840,2832,2755,2798,2939,2895,2880,2872,2839,2815,2723,2779,2943,2901,2859,2864,2843,2804,2667,2798,2914,2898,2841,2853,2820,2816,2746,2813,2953,2888,2884,2874,2840,2790,2780,2800
TOF,2836,2493,2458,2395,2313,2292,2227,2142,2762,2699,2715,2731,2746,2772,2705,2792,2946,2914,2882,2846,2818,2757,2629,2626,2923,2899,2901,2871,2863,2821,2760,2796,2925,2915,2877,2859,2855,2829,2729,2774,2955,2871,2858,2856,2839,2820,2697,2776,2938,2908,2884,2866,2841,2810,2797,2790,2928,2927,2859,2854,2842,2807,2815,2817
TOF,2888,2493,2466,2398,2360,2308,2280,2122,2781,2729,2684,2789,2832,2785,2800,2789,2941,2922,2879,2828,2815,2719,2597,2613,2908,2905,2882,2875,2849,2827,2764,2800,2946,2900,2872,2864,2842,2819,2709,2804,2924,2881,2877,2862,2829,2830,2678,2797,2902,2899,2874,2864,2816,2810,2781,2813,2924,2893,2905,2838,2834,2817,2802,2796
TOF,2848,2493,2466,2416,2366,2276,2245,2122,2796,2711,2679,2697,2755,2822,2814,2615,2953,2916,2887,2863,2826,2765,2603,2640,2944,2917,2866,2865,2856,2832,2748,2788,2936,2926,2873,2883,2837,2819,2735,2799,2946,2884,2871,2847,2840,2819,2674,2796,2913,2889,2870,2856,2845,2800,2787,2785,2911,2933,2869,2851,2847,2804,2770,2769
TOF,2864,2493,2458,2407,2372,2274,2251,2122,2716,2701,2690,2714,2711,2732,2797,2358,2940,2923,2903,2851,2822,2719,2615,2596,2929,2920,2882,2868,2846,2835,2769,2790,2959,2880,2874,2861,2840,2827,2738,2773,2905,2925,2864,2842,2855,2834,2650,2786,2899,2883,2858,2843,2835,2818,2800,2802,2917,2904,2890,2859,2828,2816,2794,2768
TOF,2963,2493,2658,2396,2360,2294,2243,1927,2776,2739,2727,2679,2799,2754,2743,2688,2940,2910,2902,2881,2800,2751,2658,2614,2938,2898,2881,2872,2857,2840,2728,2796,2939,2889,2878,2891,2830,2821,2758,2802,2907,2897,2879,2862,2799,2841,2656,2794,2912,2904,2848,2843,2832,2802,2848,2796,2919,2881,2866,2850,2805,2805,2786,2817
TOF,2963,2493,2526,2389,2351,2297,2246,2029,2781,2690,2709,2722,2763,2846,2753,2688,2955,2943,2892,2843,2808,2730,2609,2599,2917,2907,2882,2883,2864,2823,2753,2808,2907,2915,2874,2867,2841,2839,2718,2794,2930,2908,2867,2851,2848,2835,2697,2762,2915,2904,2868,2867,2836,2827,2729,2796,2937,2936,2875,2849,2819,2800,2772,2781
TOF,2963,2493,2414,2444,2364,2322,2246,2183,2763,2702,2675,2681,2784,2744,2769,2423,2948,2920,2906,2841,2793,2701,2636,2574,2909,2895,2877,2864,2839,2808,2768,2811,2943,2912,2897,2877,2849,2811,2728,2788,2915,2902,2861,2855,2828,2829,2675,2784,2917,2886,2864,2854,2825,2802,2756,2783,2960,2905,2894,2862,2825,2794,2806,2788
TOF,2963,2622,2413,2397,2352,2306,2207,2156,2770,2717,2702,2671,2729,2796,2814,2423,2938,2916,2895,2865,2774,2690,2624,2582,2952,2886,2879,2873,2876,2841,2768,2799,2946,2892,2881,2871,2850,2824,2720,2782,2907,2905,2898,2866,2822,2829,2692,2791,2931,2900,2873,2857,2836,2805,2720,2788,2960,2888,2899,2851,2834,2807,2795,2793
TOF,2963,2443,2458,2368,2364,2352,2259,2327,2781,2715,2699,2722,2693,2727,2803,2721,2942,2904,2908,2869,2763,2713,2623,2627,2954,2921,2879,2859,2845,2794,2783,2795,2947,2905,2880,2888,2853,2831,2714,2782,2920,2908,2869,2869,2820,2812,2689,2778,2922,2881,2869,2872,2806,2815,2828,2802,2939,2900,2867,2851,2861,2801,2782,2782
TOF,2963,2509,2396,2395,2376,2313,2241,2327,2776,2747,2656,2761,2773,2786,2798,2374,2969,2917,2880,2859,2818,2700,2624,2585,2926,2912,2901,2858,2842,2827,2781,2790,2945,2888,2863,2873,2847,2809,2730,2792,2920,2910,2856,2857,2851,2819,2656,2756,2909,2880,2877,2853,2840,2802,2762,2779,2902,2905,2869,2857,2825,2804,2809,2795
TOF,2950,2794,2396,2419,2334,2321,2270,2327,2801,2733,2667,2712,2754,2770,2778,2334,2955,2914,2876,2844,2810,2740,2593,2601,2947,2911,2876,2888,2871,2820,2749,2794,2930,2886,2905,2874,2855,2819,2715,2807,2942,2872,2873,2873,2833,2817,2666,2783,2933,2898,2883,2852,2843,2800,2786,2800,2925,2916,2883,2853,2820,2805,2789,2788
TOF,2899,2794,2417,2361,2336,2309,2269,2062,2758,2719,2701,2769,2741,2827,2736,2391,2944,2906,2850,2843,2791,2737,2633,2584,2935,2887,2896,2886,2839,2834,2740,2797,2906,2922,2890,2882,2850,2827,2747,2798,2954,2891,2880,2845,2844,2828,2691,2782,2908,2919,2878,2853,2810,2820,2744,2783,2932,2902,2886,2870,2843,2810,2837,2796
TOF,2899,2794,2453,2401,2308,2345,2208,2203,2824,2718,2670,2710,2771,2780,2801,2391,2932,2907,2909,2860,2809,2724,2612,2587,2949,2923,2892,2875,2840,2832,2774,2792,2944,2938,2878,2862,2829,2835,2712,2803,2915,2887,2884,2850,2833,2798,2578,2768,2931,2904,2855,2845,2836,2812,2731,2795,2936,2896,2901,2871,2849,2805,2813,2812
TOF,2881,2595,2424,2411,2348,2325,2205,2165,2775,2688,2657,2671,2787,2794,2772,2756,2959,2920,2889,2870,2782,2723,2616,2612,2944,2916,2914,2875,2860,2825,2766,2794,2931,2914,2893,2861,2847,2836,2735,2777,2926,2914,2897,2864,2831,2814,2672,2789,2925,2918,2885,2872,2833,2821,2773,2800,2942,2912,2884,2849,2822,2810,2817,2796
TOF,2937,2863,2471,2404,2368,2309,2228,2176,2782,2743,2656,2666,2758,2745,2772,2756,2922,2908,2890,2872,2819,2741,2625,2621,2941,2910,2890,2884,2846,2829,2789,2773,2909,2904,2879,2890,2867,2818,2731,2787,2927,2873,2881,2864,2866,2812,2726,2792,2939,2904,2883,2850,2810,2813,2802,2800,2940,2906,2888,2861,2856,2819,2779,2812
TOF,2937,2837,2486,2395,2381,2316,2224,2178,2813,2752,2707,2692,2770,2744,2779,2525,2943,2921,2885,2859,2804,2743,2604,2607,2923,2912,2875,2878,2851,2826,2764,2785,2935,2885,2887,2866,2851,2834,2727,2788,2919,2909,2868,2844,2836,2803,2673,2784,2924,2885,2853,2851,2850,2816,2723,2803,2953,2892,2901,2866,2820,2809,2781,2804
TOF,2937,2535,2447,2418,2341,2307,2204,2185,2787,2685,2648,2707,2706,2771,2740,2628,2972,2926,2894,2873,2764,2695,2649,2598,2934,2905,2879,2863,2842,2808,2791,2797,2915,2895,2920,2875,2843,2818,2711,2788,2894,2893,2870,2878,2830,2801,2712,2785,2898,2889,2850,2838,2838,2811,2771,2783,2956,2895,2887,2862,2855,2792,2803,2838
TOF,2937,2645,2451,2395,2356,2308,2279,2159,2802,2737,2673,2746,2766,2752,2759,2450,2949,2909,2877,2873,2786,2730,2595,2605,2940,2897,2895,2861,2855,2832,2760,2780,2953,2907,2875,2878,2833,2816,2722,2796,2919,2908,2887,2847,2869,2813,2734,2794,2927,2906,2873,2861,2832,2819,2707,2810,2913,2871,2861,2838,2834,2801,2790,2790
TOF,2900,2645,2451,2421,2371,2296,2121,2159,2769,2684,2681,2711,2759,2798,2783,2432,2982,2925,2904,2866,2842,2720,2624,2601,2936,2909,2866,2872,2846,2852,2771,2791,2918,2898,2855,2858,2854,2829,2716,2797,2940,2909,2866,2862,2858,2808,2696,2815,2899,2882,2877,2849,2847,2824,2762,2785,2945,2896,2870,2866,2842,2811,2802,2821
TOF,2900,2645,2453,2400,2321,2320,2264,2159,2824,2724,2696,2692,2677,2839,2797,2467,2957,2904,2872,2867,2827,2740,2618,2632,2942,2910,2878,2874,2851,2817,2767,2787,2930,2902,2876,2892,2850,2850,2737,2793,2931,2875,2880,2856,2845,2826,2676,2772,2912,2890,2881,2849,2835,2806,2742,2793,2945,2893,2893,2859,2826,2811,2800,2785
TOF,2702,2645,2503,2420,2355,2278,2236,2176,2801,2715,2712,2757,2754,2815,2795,2544,2944,2914,2902,2863,2834,2670,2654,2579,2903,2882,2891,2867,2873,2830,2762,2808,2946,2905,2870,2888,2866,2835,2707,2801,2908,2885,2879,2874,2847,2815,2733,2798,2915,2891,2864,2853,2821,2824,2693,2794,2923,2906,2892,2866,2811,2805,2823,2796
TOF,2869,2645,2464,2388,2365,2320,2241,2215,2763,2725,2700,2761,2756,2784,2771,2516,2949,2914,2893,2851,2793,2688,2661,2596,2946,2911,2889,2857,2860,2835,2780,2786,2936,2922,2870,2870,2844,2836,2714,2807,2915,2917,2860,2855,2838,2820,2707,2806,2938,2891,2851,2849,2839,2802,2727,2775,2942,2917,2893,2867,2828,2808,2822,2786
TOF,2608,2489,2408,2389,2342,2302,2254,2226,2744,2712,2710,2718,2795,2794,2751,2852,2943,2899,2890,2845,2773,2706,2627,2587,2954,2926,2890,2881,2856,2832,2809,2792,2952,2908,2866,2883,2870,2835,2755,2776,2918,2911,2866,2855,2846,2825,2702,2780,2925,2910,2892,2848,2836,2823,2763,2773,2922,2890,2887,2856,2827,2802,2852,2818
TOF,2608,2489,2477,2339,2356,2309,2215,2226,2798,2721,2710,2698,2743,2772,2757,2778,2943,2918,2887,2859,2793,2694,2595,2633,2910,2909,2877,2852,2862,2815,2763,2780,2924,2905,2889,2865,2847,2824,2732,2791,2924,2901,2874,2863,2839,2822,2768,2774,2926,2897,2867,2856,2822,2809,2763,2801,2963,2911,2890,2843,2836,2792,2819,2783
TOF,2784,2489,2433,2369,2340,2306,2269,2226,2744,2799,2642,2743,2762,2711,2780,2812,2962,2927,2875,2862,2806,2735,2642,2639,2946,2904,2896,2893,2835,2814,2762,2791,2919,2920,2863,2874,2819,2825,2731,2806,2937,2878,2862,2869,2838,2825,2692,2788,2900,2892,2907,2870,2841,2809,2698,2773,2940,2898,2861,2847,2840,2818,2796,2794
TOF,2977,2542,2438,2394,2337,2336,2270,2075,2803,2715,2661,2776,2753,2764,2699,2778,2954,2928,2880,2859,2817,2752,2596,2599,2934,2900,2896,2871,2852,2825,2760,2788,2916,2879,2880,2855,2855,2825,2738,2782,2929,2889,2880,2861,2843,2809,2649,2789,2912,2906,2870,2841,2845,2799,2738,2793,2956,2880,2898,2848,2839,2801,2825,2795
TOF,2781,2667,2479,2422,2354,2295,2278,2120,2767,2719,2666,2713,2713,2819,2774,2778,2953,2912,2890,2844,2779,2693,2639,2607,2946,2912,2874,2890,2848,2817,2764,2795,2977,2871,2867,2875,2844,2820,2745,2780,2920,2899,2885,2848,2826,2814,2644,2781,2890,2875,2865,2839,2840,2804,2840,2814,2945,2917,2903,2861,2829,2801,2795,2794
TOF,2848,2791,2358,2398,2368,2332,2213,2138,2745,2741,2664,2782,2755,2739,2817,2701,2935,2926,2865,2871,2829,2736,2600,2569,2903,2914,2910,2883,2857,2825,2776,2782,2943,2911,2885,2861,2846,2823,2710,2828,2899,2882,2897,2843,2834,2809,2663,2797,2937,2885,2861,2848,2840,2818,2769,2781,2919,2906,2873,2841,2828,2801,2841,2805
TOF,2848,2520,2462,2376,2350,2312,2312,2138,2764,2722,2700,2661,2738,2782,2799,2421,2962,2900,2879,2860,2773,2723,2614,2577,2953,2911,2872,2887,2854,2855,2788,2770,2946,2893,2861,2884,2855,2807,2800,2781,2919,2894,2877,2870,2852,2839,2678,2773,2927,2919,2860,2840,2828,2822,2728,2780,2950,2895,2905,2864,2825,2803,2811,2816
TOF,2848,2537,2484,2425,2376,2296,2280,2176,2733,2733,2704,2711,2754,2832,2778,2558,2967,2922,2871,2860,2753,2695,2618,2593,2962,2907,2895,2868,2854,2833,2776,2771,2940,2924,2887,2887,2844,2824,2715,2794,2939,2887,2873,2856,2861,2803,2716,2769,2913,2902,2855,2859,2819,2820,2722,2776,2912,2870,2867,2862,2842,2786,2845,2807
TOF,2634,2552,2417,2379,2352,2292,2280,2114,2787,2708,2706,2734,2748,2794,2810,2586,2947,2945,2869,2875,2797,2723,2631,2593,2932,2915,2879,2887,2848,2851,2763,2796,2950,2896,2886,2861,2865,2846,2735,2792,2951,2862,2867,2866,2838,2805,2688,2761,2899,2898,2890,2862,2825,2828,2772,2776,2942,2888,2866,2845,2823,2790,2791,2835
TOF,2521,2838,2417,2392,2340,2280,2267,2113,2756,2730,2706,2726,2768,2737,2777,2732,2940,2906,2874,2861,2805,2732,2626,2585,2920,2909,2887,2864,2851,2849,2767,2799,2946,2889,2883,2879,2842,2824,2755,2829,2924,2917,2869,2858,2838,2820,2642,2796,2913,2895,2877,2872,2823,2802,2725,2789,2971,2921,2886,2854,2845,2804,2783,2806
TOF,2521,2838,2444,2371,2349,2293,2309,2165,2754,2724,2657,2708,2757,2755,2789,2732,2953,2923,2873,2870,2814,2731,2620,2607,2933,2918,2886,2868,2863,2860,2750,2799,2954,2909,2888,2879,2843,2832,2745,2795,2908,2901,2871,2863,2857,2810,2692,2814,2938,2902,2869,2867,2822,2810,2785,2768,2940,2892,2872,2830,2851,2808,2816,2827
TOF,2521,2607,2444,2396,2338,2330,2263,2165,2750,2738,2729,2766,2689,2782,2778,2665,2943,2893,2893,2868,2797,2746,2615,2606,2928,2912,2903,2865,2879,2807,2776,2803,2943,2902,2862,2868,2855,2836,2755,2803,2917,2915,2868,2867,2877,2813,2703,2786,2911,2906,2868,2857,2845,2806,2755,2786,2927,2906,2874,2861,2866,2799,2816,2802
TOF,2585,2838,2444,2413,2345,2268,2229,2165,2735,2694,2728,2777,2723,2826,2607,2665,2962,2933,2891,2852,2827,2715,2641,2629,2956,2906,2881,2871,2856,2850,2772,2795,2938,2899,2884,2857,2847,2808,2722,2810,2913,2913,2858,2870,2809,2827,2606,2816,2938,2900,2874,2852,2843,2808,2785,2795,2936,2882,2884,2860,2812,2790,2837,2792
TOF,2794,2838,2427,2356,2389,2320,2265,2131,2735,2770,2700,2714,2745,2804,2807,2789,2940,2920,2885,2867,2794,2709,2651,2602,2921,2921,2889,2871,2837,2842,2777,2783,2929,2885,2888,2876,2829,2816,2707,2784,2922,2906,2854,2856,2823,2831,2680,2790,2940,2893,2885,2859,2828,2832,2799,2784,2946,2915,2873,2849,2832,2811,2772,2820
TOF,2567,2474,2565,2407,2360,2299,2229,1976,2826,2695,2715,2700,2739,2735,2816,2757,2967,2938,2874,2866,2821,2751,2618,2614,2940,2887,2898,2871,2845,2849,2750,2780,2923,2893,2883,2869,2867,2831,2749,2794,2940,2902,2854,2851,2822,2816,2694,2793,2893,2899,2866,2827,2840,2822,2751,2782,2942,2937,2869,2873,2821,2787,2823,2802
TOF,2567,2525,2387,2362,2378,2328,2330,2243,2717,2722,2678,2734,2660,2772,2790,2739,2926,2928,2899,2856,2794,2723,2656,2585,2909,2922,2912,2875,2845,2832,2749,2775,2926,2913,2872,2865,2854,2818,2761,2779,2945,2904,2894,2856,2831,2805,2667,2810,2917,2904,2868,2852,2831,2801,2787,2795,2943,2910,2870,2858,2838,2808,2761,2804
TOF,2567,2525,2387,2395,2340,2307,2268,2203,2783,2744,2686,2725,2742,2757,2796,2750,2935,2933,2883,2847,2827,2713,2599,2589,2922,2912,2898,2869,2848,2837,2780,2795,2910,2865,2884,2848,2836,2838,2740,2778,2917,2897,2856,2856,2856,2793,2729,2771,2884,2890,2866,2846,2836,2809,2750,2778,2907,2912,2883,2844,2831,2800,2795,2791
TOF,2855,2447,2416,2352,2353,2358,2249,2203,2744,2741,2682,2764,2657,2763,2783,2750,2981,2936,2854,2845,2802,2758,2590,2611,2959,2927,2877,2883,2860,2834,2752,2765,2923,2925,2877,2853,2859,2828,2762,2797,2937,2910,2891,2861,2820,2825,2685,2770,2906,2897,2873,2841,2845,2807,2709,2799,2934,2906,2889,2844,2833,2798,2853,2818
TOF,2907,2455,2453,2359,2385,2310,2243,2231,2749,2736,2734,2763,2743,2732,2730,2633,2939,2910,2896,2847,2797,2703,2599,2606,2945,2907,2876,2888,2876,2846,2785,2769,2938,2882,2870,2869,2844,2825,2708,2802,2937,2877,2862,2860,2836,2819,2656,2798,2921,2907,2863,2833,2838,2826,2789,2777,2941,2918,2872,2840,2839,2795,2787,2813
TOF,2609,2644,2484,2371,2381,2331,2266,2079,2771,2709,2728,2733,2835,2722,2744,2741,2958,2924,2892,2882,2782,2685,2589,2610,2953,2914,2888,2882,2847,2840,2778,2767,2936,2906,2870,2873,2849,2824,2747,2798,2922,2907,2872,2856,2844,2814,2696,2770,2928,2910,2874,2837,2828,2801,2770,2784,2925,2920,2884,2853,2825,2807,2803,2798
TOF,2609,2644,2484,2367,2350,2255,2256,2060,2769,2759,2693,2741,2826,2800,2729,2602,2954,2928,2894,2866,2810,2727,2605,2598,2966,2900,2907,2870,2844,2837,2789,2787,2935,2906,2883,2875,2858,2828,2738,2780,2913,2898,2875,2855,2865,2800,2715,2774,2923,2908,2863,2868,2814,2806,2702,2775,2953,2918,2879,2867,2828,2804,2822,2777
TOF,2852,2877,2458,2406,2335,2298,2257,2137,2806,2729,2682,2714,2828,2821,2830,2602,2965,2914,2903,2848,2801,2637,2620,2558,2945,2911,2887,2866,2847,2832,2796,2783,2960,2915,2889,2868,2830,2835,2769,2774,2937,2887,2888,2849,2835,2833,2679,2786,2927,2894,2857,2841,2813,2811,2705,2773,2936,2921,2864,2860,2832,2780,2778,2813
TOF,2852,2877,2419,2388,2359,2279,2285,2192,2835,2704,2701,2676,2738,2763,2794,2602,2961,2934,2905,2855,2781,2724,2607,2601,2950,2920,2899,2898,2834,2831,2780,2763,2951,2926,2883,2879,2861,2808,2750,2783,2963,2889,2890,2860,2844,2791,2753,2776,2913,2895,2884,2824,2821,2800,2731,2776,2930,2917,2904,2875,2802,2790,2796,2771
TOF,2852,2763,2470,2418,2369,2300,2322,2046,2759,2724,2746,2688,2808,2822,2759,2337,2981,2928,2893,2869,2799,2713,2665,2595,2961,2918,2896,2870,2851,2822,2784,2791,2937,2909,2880,2864,2841,2811,2748,2819,2933,2902,2879,2863,2819,2819,2700,2792,2904,2889,2898,2852,2840,2801,2733,2786,2948,2895,2893,2849,2828,2795,2759,2797
TOF,2852,2562,2547,2419,2346,2293,2269,2028,2755,2734,2671,2788,2844,2809,2819,2337,2959,2930,2879,2848,2806,2707,2607,2575,2954,2940,2900,2876,2860,2840,2783,2765,2937,2921,2876,2855,2848,2821,2774,2781,2939,2899,2878,2854,2854,2831,2721,2780,2927,2888,2880,2846,2857,2804,2682,2754,2961,2910,2876,2847,2855,2810,2804,2773
TOF,2852,2625,2473,2393,2367,2306,2238,2176,2772,2737,2686,2755,2762,2785,2797,2380,2942,2937,2894,2874,2806,2682,2625,2621,2964,2921,2879,2873,2867,2862,2798,2768,2926,2899,2910,2862,2835,2828,2768,2795,2951,2875,2899,2849,2836,2806,2689,2778,2947,2893,2878,2859,2845,2790,2777,2767,2956,2927,2883,2859,2822,2808,2833,2786
TOF,2852,2625,2457,2420,2349,2275,2258,2127,2807,2733,2796,2780,2814,2781,2688,2337,2988,2938,2888,2864,2772,2633,2664,2593,2945,2909,2911,2881,2843,2818,2807,2774,2967,2904,2901,2886,2849,2833,2796,2777,2924,2864,2892,2843,2866,2819,2699,2763,2960,2900,2870,2863,2825,2805,2765,2778,2993,2895,2901,2821,2830,2776,2821,2795
TOF,2638,2489,2509,2405,2361,2310,2241,2111,2777,2732,2723,2603,2788,2847,2805,2341,2959,2915,2909,2860,2782,2756,2629,2630,2951,2910,2895,2881,2860,2830,2800,2797,2951,2894,2885,2877,2847,2813,2767,2789,2929,2904,2863,2837,2818,2803,2698,2790,2925,2886,2872,2836,2814,2793,2770,2775,2944,2910,2888,2823,2839,2810,2770,2768
TOF,2638,2489,2509,2450,2387,2314,2290,2010,2784,2757,2690,2736,2711,2805,2764,2341,2984,2935,2904,2885,2806,2758,2643,2581,2966,2917,2917,2866,2875,2849,2803,2746,2949,2905,2885,2862,2846,2816,2778,2823,2936,2863,2887,2873,2830,2814,2708,2799,2928,2915,2864,2851,2826,2773,2747,2777,2917,2936,2868,2841,2834,2800,2755,2775
TOF,2638,2489,2509,2440,2326,2321,2292,1868,2746,2746,2684,2689,2733,2843,2749,2394,2966,2925,2918,2846,2805,2705,2602,2573,2960,2946,2917,2871,2855,2851,2794,2805,2924,2932,2892,2864,2854,2821,2776,2788,2939,2922,2878,2864,2822,2842,2718,2772,2963,2907,2863,2861,2823,2798,2762,2771,2934,2922,2871,2844,2849,2782,2823,2788
TOF,2994,2492,2540,2420,2342,2312,2232,2036,2817,2753,2686,2686,2763,2801,2779,2312,3003,2921,2900,2851,2777,2737,2587,2588,2955,2940,2882,2886,2858,2834,2796,2738,2960,2907,2905,2865,2837,2832,2773,2793,2955,2918,2884,2861,2832,2807,2704,2763,2937,2906,2892,2814,2822,2792,2692,2772,2959,2897,2864,2824,2800,2794,2777,2781
TOF,2994,2492,2465,2395,2346,2331,2275,1963,2814,2738,2709,2714,2770,2807,2794,2407,2970,2941,2926,2858,2811,2710,2627,2565,2972,2947,2890,2881,2848,2814,2792,2758,2955,2911,2903,2854,2827,2839,2771,2792,2944,2928,2885,2882,2830,2802,2703,2792,2944,2895,2865,2862,2834,2810,2708,2756,2932,2903,2874,2868,2813,2804,2789,2786
TOF,2994,2600,2420,2376,2341,2304,2251,2079,2771,2773,2728,2751,2772,2763,2717,2349,2989,2926,2915,2843,2856,2681,2626,2595,2936,2934,2891,2880,2858,2828,2792,2760,2956,2920,2892,2876,2846,2811,2769,2777,2953,2919,2893,2857,2828,2806,2715,2795,2965,2903,2876,2849,2819,2807,2707,2764,2962,2884,2879,2870,2829,2790,2768,2774
TOF,2994,2419,2428,2389,2330,2269,2250,2077,2815,2786,2715,2708,2794,2762,2784,2333,2952,2905,2914,2870,2804,2709,2589,2588,2932,2922,2895,2893,2852,2830,2800,2740,2939,2922,2897,2867,2861,2825,2742,2794,2958,2902,2879,2847,2848,2833,2693,2766,2931,2923,2878,2855,2827,2816,2646,2775,2947,2881,2884,2841,2828,2787,2806,2795
TOF,2525,2489,2428,2405,2322,2295,2223,1950,2817,2741,2747,2675,2770,2803,2787,2333,2959,2936,2887,2852,2765,2707,2620,2619,2978,2914,2900,2876,2877,2841,2791,2772,2928,2915,2886,2875,2859,2837,2753,2773,2950,2935,2895,2859,2817,2830,2675,2774,2951,2897,2888,2841,2819,2804,2766,2771,2942,2919,2883,2842,2798,2791,2770,2763
TOF,2525,2481,2434,2431,2320,2325,2225,2103,2776,2747,2735,2756,2732,2791,2797,2392,2977,2938,2892,2870,2802,2722,2645,2560,2959,2899,2904,2878,2847,2834,2790,2750,2936,2936,2879,2876,2843,2810,2756,2776,2939,2910,2875,2853,2848,2822,2723,2750,2930,2914,2889,2851,2831,2817,2763,2760,2947,2914,2894,2871,2855,2800,2811,2791
TOF,2525,2441,2386,2456,2378,2313,2210,2119,2813,2737,2712,2684,2746,2801,2764,2379,2970,2908,2879,2838,2768,2707,2641,2603,2958,2920,2883,2872,2862,2832,2807,2753,2968,2939,2911,2879,2847,2820,2751,2800,2919,2904,2888,2857,2862,2812,2713,2795,2916,2908,2874,2813,2836,2783,2700,2781,2960,2901,2888,2861,2807,2806,2796,2779
TOF,2872,2465,2583,2379,2358,2298,2205,2195,2729,2742,2701,2716,2720,2761,2736,2379,2987,2921,2890,2872,2770,2685,2624,2633,2967,2919,2885,2883,2844,2821,2801,2780,2963,2900,2879,2878,2835,2824,2791,2794,2968,2919,2896,2863,2847,2807,2677,2789,2916,2894,2870,2847,2835,2812,2725,2756,2950,2913,2907,2844,2804,2796,2791,2787
TOF,2872,2877,2583,2389,2352,2350,2234,2195,2777,2750,2704,2688,2730,2804,2769,2379,2975,2932,2890,2859,2769,2683,2606,2618,2938,2936,2908,2876,2857,2812,2811,2765,2916,2935,2883,2889,2845,2812,2756,2767,2915,2897,2870,2877,2836,2835,2717,2769,2942,2912,2893,2864,2819,2800,2708,2780,2908,2902,2887,2855,2816,2786,2822,2756
TOF,2831,2877,2583,2401,2354,2292,2244,2135,2750,2737,2706,2680,2822,2773,2804,2717,2962,2934,2900,2889,2772,2669,2647,2581,2953,2938,2901,2891,2854,2812,2783,2761,2953,2902,2897,2843,2849,2835,2756,2785,2953,2888,2875,2864,2816,2817,2702,2776,2906,2908,2883,2847,2827,2799,2695,2792,2916,2928,2860,2844,2838,2799,2813,2788
TOF,2934,2464,2445,2427,2318,2318,2284,2057,2807,2785,2715,2749,2828,2832,2769,2607,2977,2928,2897,2868,2773,2659,2632,2603,2967,2941,2899,2891,2872,2823,2795,2739,2945,2929,2881,2857,2847,2828,2753,2787,2953,2932,2869,2879,2816,2808,2689,2769,2910,2911,2881,2864,2811,2825,2817,2768,2951,2889,2894,2858,2853,2802,2799,2767
TOF,2818,2464,2401,2368,2368,2302,2278,2136,2785,2696,2704,2684,2826,2817,2742,2757,2968,2938,2899,2854,2803,2662,2623,2600,2953,2915,2895,2879,2865,2817,2806,2754,2878,2929,2875,2837,2846,2819,2772,2780,2945,2911,2877,2858,2857,2800,2691,2772,2933,2901,2866,2858,2847,2802,2806,2772,2939,2926,2881,2861,2826,2800,2792,2786
TOF,2957,2464,2467,2386,2321,2306,2243,1999,2805,2746,2702,2746,2805,2814,2749,2757,2962,2940,2916,2848,2779,2657,2590,2540,2965,2925,2892,2875,2845,2833,2789,2756,2932,2910,2885,2860,2862,2840,2755,2795,2945,2895,2873,2862,2833,2800,2666,2775,2930,2906,2872,2827,2816,2798,2706,2777,2951,2930,2869,2838,2853,2797,2813,2813
TOF,2957,2546,2463,2396,2379,2274,2250,2103,2785,2769,2716,2711,2826,2814,2797,2411,2984,2937,2918,2882,2795,2710,2631,2556,2979,2941,2912,2879,2868,2833,2790,2759,2960,2917,2882,2877,2842,2821,2770,2782,2932,2906,2876,2857,2831,2830,2715,2753,2948,2918,2873,2848,2822,2818,2756,2778,2946,2911,2882,2859,2826,2788,2816,2798
TOF,2957,2520,2442,2488,2352,2320,2313,2103,2750,2725,2691,2761,2833,2810,2746,2407,2989,2935,2889,2869,2811,2685,2635,2590,2967,2916,2887,2866,2849,2826,2804,2747,2938,2906,2898,2890,2852,2822,2743,2790,2960,2912,2885,2870,2825,2808,2727,2778,2929,2923,2874,2855,2829,2799,2744,2783,2928,2909,2874,2864,2825,2789,2799,2781
TOF,2752,2520,2444,2392,2320,2322,2291,1961,2804,2733,2723,2704,2779,2843,2731,2467,2976,2952,2910,2880,2802,2676,2615,2664,2961,2933,2912,2875,2830,2829,2801,2750,2968,2904,2897,2864,2856,2820,2754,2765,2932,2914,2907,2869,2855,2820,2729,2756,2925,2915,2875,2859,2825,2802,2768,2765,2932,2890,2890,2848,2841,2801,2795,2769
TOF,2784,2531,2369,2382,2345,2279,2156,1961,2786,2770,2689,2698,2839,2828,2739,2328,2969,2949,2908,2858,2783,2704,2626,2585,2960,2928,2884,2875,2836,2836,2782,2790,2948,2905,2894,2861,2855,2818,2764,2770,2902,2881,2875,2859,2849,2848,2686,2786,2927,2911,2881,2827,2837,2808,2716,2794,2969,2905,2864,2839,2845,2780,2780,2802
TOF,2957,2531,2369,2400,2384,2310,2190,1961,2778,2754,2710,2671,2750,2724,2772,2364,2953,2917,2892,2865,2785,2666,2597,2651,2950,2929,2889,2879,2849,2827,2811,2760,2923,2932,2883,2866,2851,2843,2780,2765,2937,2900,2893,2849,2822,2818,2682,2766,2939,2916,2875,2841,2828,2802,2781,2756,2953,2884,2883,2846,2817,2786,2795,2757
TOF,2785,2531,2426,2419,2332,2307,2231,1961,2777,2701,2766,2715,2807,2864,2634,2575,2968,2924,2922,2863,2816,2711,2625,2757,2971,2940,2903,2878,2870,2841,2784,2764,2972,2901,2890,2871,2832,2814,2779,2795,2953,2912,2869,2868,2819,2799,2700,2765,2937,2908,2885,2857,2825,2815,2661,2767,2944,2900,2862,2848,2834,2794,2815,2804
TOF,2907,2531,2472,2410,2317,2312,2251,2044,2809,2756,2749,2747,2744,2784,2714,2714,2978,2934,2913,2864,2804,2670,2632,2591,2957,2925,2897,2879,2863,2829,2792,2726,2932,2925,2885,2878,2866,2834,2769,2782,2944,2909,2878,2849,2809,2813,2716,2777,2918,2923,2878,2830,2829,2815,2699,2761,2943,2903,2879,2841,2824,2797,2795,2760
TOF,2959,2602,2419,2357,2339,2285,2270,2242,2783,2733,2763,2673,2752,2754,2735,2590,3012,2925,2888,2879,2781,2664,2646,2638,2980,2925,2901,2867,2855,2826,2807,2752,2954,2905,2911,2840,2854,2821,2773,2776,2937,2894,2888,2861,2835,2791,2659,2758,2906,2871,2873,2849,2839,2824,2803,2776,2940,2893,2872,2847,2821,2792,2776,2778
TOF,2950,2495,2437,2375,2371,2307,2214,2011,2794,2727,2726,2724,2667,2713,2790,2486,2976,2933,2901,2847,2768,2695,2610,2611,2969,2922,2922,2900,2860,2836,2807,2772,2941,2911,2896,2866,2853,2832,2786,2767,2932,2917,2881,2896,2830,2809,2710,2796,2937,2899,2873,2841,2830,2801,2752,2760,2948,2887,2855,2862,2828,2799,2806,2785
TOF,2970,2495,2479,2399,2343,2306,2301,2014,2746,2781,2672,2677,2835,2791,2731,2260,2965,2932,2897,2858,2711,2713,2615,2634,2974,2917,2905,2884,2850,2839,2806,2750,2945,2912,2873,2880,2858,2828,2753,2782,2922,2890,2867,2856,2855,2831,2719,2778,2942,2899,2881,2836,2834,2821,2708,2773,2916,2934,2880,2858,2842,2792,2802,2764
TOF,2997,2495,2465,2401,2356,2288,2173,2118,2797,2749,2704,2745,2799,2772,2775,2656,2969,2937,2903,2858,2799,2707,2628,2558,2951,2912,2889,2870,2867,2814,2794,2754,2977,2919,2901,2860,2846,2813,2745,2780,2957,2906,2896,2870,2819,2808,2739,2771,2919,2906,2865,2830,2824,2795,2791,2770,2954,2864,2887,2852,2831,2815,2794,2770
TOF,2831,2495,2465,2409,2299,2317,2244,2118,2817,2766,2747,2742,2804,2791,2774,2604,2953,2936,2889,2895,2812,2703,2601,2588,2956,2926,2903,2886,2860,2822,2781,2743,2939,2936,2895,2871,2846,2826,2800,2773,2975,2923,2884,2869,2865,2815,2690,2771,2952,2912,2864,2847,2814,2808,2760,2745,2924,2899,2882,2827,2857,2800,2816,2809
TOF,2686,2865,2517,2394,2314,2294,2245,2118,2818,2757,2780,2656,2717,2761,2797,2763,2990,2921,2914,2866,2892,2686,2651,2649,2936,2925,2903,2882,2841,2838,2807,2739,2937,2926,2896,2862,2844,2824,2779,2772,2922,2901,2893,2858,2849,2831,2720,2771,2921,2880,2883,2851,2811,2817,2756,2786,2946,2892,2883,2842,2816,2806,2808,2787
TOF,2686,2865,2517,2393,2384,2305,2245,2034,2772,2727,2786,2728,2741,2836,2779,2551,2995,2941,2905,2851,2845,2676,2639,2630,2986,2916,2869,2879,2851,2811,2784,2740,2961,2899,2880,2857,2833,2827,2716,2787,2947,2894,2890,2868,2832,2819,2729,2789,2912,2909,2867,2833,2821,2807,2747,2769,2957,2940,2868,2882,2830,2777,2796,2799
TOF,2686,2504,2489,2417,2346,2313,2279,1898,2770,2774,2736,2709,2776,2800,2747,2409,2977,2932,2890,2862,2815,2702,2633,2581,2944,2900,2908,2887,2870,2803,2820,2746,2903,2924,2897,2878,2837,2820,2766,2791,2907,2911,2875,2855,2852,2820,2714,2780,2930,2921,2869,2859,2822,2816,2724,2751,2956,2906,2886,2872,2833,2816,2784,2781
TOF,2686,2504,2460,2389,2337,2302,2223,1898,2792,2755,2681,2702,2821,2810,2772,2310,2949,2932,2919,2880,2791,2683,2641,2637,2950,2916,2915,2900,2850,2835,2810,2760,3006,2896,2883,2857,2854,2815,2755,2788,2923,2891,2881,2853,2834,2795,2684,2775,2947,2916,2860,2853,2823,2782,2733,2777,2923,2905,2876,2833,2820,2776,2778,2767
TOF,2782,2643,2448,2360,2343,2303,2233,2024,2775,2771,2716,2686,2707,2789,2785,2443,2968,2912,2894,2868,2770,2653,2641,2674,2959,2923,2890,2870,2879,2807,2807,2779,2933,2933,2908,2888,2837,2844,2771,2797,2957,2905,2879,2866,2841,2834,2710,2770,2939,2901,2880,2866,2824,2805,2631,2767,2915,2897,2881,2859,2818,2777,2763,2760
TOF,2755,2643,2567,2517,2355,2305,2225,1944,2743,2728,2718,2731,2739,2755,2696,2422,2982,2942,2903,2875,2797,2730,2636,2623,2959,2940,2913,2875,2867,2825,2796,2765,2939,2908,2891,2864,2855,2827,2755,2780,2969,2920,2895,2864,2866,2817,2693,2797,2962,2896,2870,2839,2842,2825,2724,2779,2951,2923,2897,2848,2817,2777,2783,2770
TOF,2916,2643,2448,2421,2353,2312,2238,2021,2777,2714,2701,2687,2786,2787,2621,2699,2965,2935,2923,2849,2782,2682,2653,2559,2957,2924,2885,2885,2859,2826,2781,2733,2945,2912,2900,2886,2841,2838,2763,2801,2925,2894,2873,2870,2831,2803,2704,2771,2898,2910,2872,2847,2814,2816,2751,2786,2935,2903,2893,2845,2810,2819,2774,2804
TOF,2916,2643,2745,2387,2383,2287,2269,2083,2795,2731,2739,2750,2846,2808,2580,2699,2937,2941,2900,2860,2775,2709,2608,2642,2964,2930,2890,2861,2844,2829,2784,2753,2959,2908,2893,2851,2842,2818,2769,2797,2947,2936,2900,2851,2831,2788,2676,2772,2953,2892,2873,2840,2828,2801,2764,2802,2928,2910,2878,2847,2827,2793,2774,2767
TOF,2916,2643,2433,2444,2384,2315,2250,2099,2741,2767,2693,2726,2899,2791,2583,2438,2994,2926,2906,2860,2778,2695,2634,2618,2954,2926,2907,2881,2856,2828,2789,2748,2964,2920,2894,2859,2842,2834,2773,2786,2948,2914,2873,2860,2842,2817,2718,2752,2931,2898,2869,2854,2860,2810,2726,2779,2927,2915,2883,2845,2814,2806,2766,2787
TOF,2916,2530,2464,2460,2344,2306,2299,2099,2796,2786,2701,2807,2709,2784,2648,2438,2976,2935,2919,2869,2796,2695,2591,2533,2989,2911,2877,2876,2855,2838,2816,2745,2956,2909,2877,2874,2832,2820,2760,2796,2980,2886,2875,2858,2815,2811,2671,2746,2930,2886,2863,2846,2843,2793,2732,2783,2968,2933,2879,2877,2820,2779,2752,2767
TOF,2905,2631,2371,2416,2362,2292,2291,2099,2807,2771,2750,2855,2818,2756,2774,2438,2957,2942,2937,2841,2819,2688,2631,2563,2952,2918,2922,2866,2850,2833,2804,2767,2965,2936,2891,2867,2831,2826,2766,2796,2920,2892,2883,2874,2835,2821,2639,2768,2917,2892,2859,2858,2828,2807,2744,2767,2932,2902,2853,2860,2831,2799,2807,2785
TOF,2905,2452,2470,2422,2342,2293,2215,1976,2741,2695,2745,2718,2873,2710,2768,2358,2975,2942,2931,2846,2793,2724,2585,2601,2972,2912,2899,2886,2850,2851,2790,2754,2946,2910,2893,2873,2863,2831,2773,2788,2929,2882,2874,2870,2841,2820,2659,2762,2947,2893,2872,2853,2827,2779,2693,2768,2914,2912,2878,2833,2834,2793,2788,2799
TOF,2792,2488,2455,2387,2354,2308,2216,2027,2804,2742,2734,2698,2737,2793,2807,2368,2964,2913,2895,2842,2795,2701,2602,2622,2947,2922,2889,2872,2868,2842,2787,2792,2930,2921,2886,2856,2845,2814,2760,2780,2932,2911,2865,2857,2851,2825,2680,2746,2929,2910,2876,2868,2828,2802,2693,2802,2920,2904,2869,2847,2826,2802,2727,2773
TOF,2792,2542,2440,2386,2359,2351,2190,2021,2782,2726,2733,2670,2795,2775,2781,2389,2989,2948,2920,2861,2771,2680,2619,2606,2934,2904,2892,2880,2851,2832,2792,2739,2980,2934,2895,2895,2838,2824,2762,2797,2905,2902,2913,2870,2810,2829,2676,2782,2937,2901,2886,2875,2836,2808,2766,2782,2927,2916,2847,2862,2818,2769,2833,2807
TOF,2883,2458,2551,2408,2339,2304,2240,1885,2715,2753,2695,2746,2771,2756,2706,2333,2975,2922,2919,2841,2784,2671,2590,2659,2965,2930,2895,2893,2854,2852,2806,2764,2961,2931,2888,2855,2858,2840,2780,2778,2943,2942,2895,2855,2838,2830,2726,2763,2917,2909,2891,2858,2819,2816,2807,2773,2928,2881,2891,2836,2844,2776,2795,2771
TOF,2948,2458,2590,2464,2365,2297,2309,2136,2783,2747,2744,2776,2736,2802,2841,2753,2994,2929,2918,2861,2793,2702,2613,2631,2968,2940,2886,2868,2861,2854,2769,2779,2976,2907,2905,2881,2846,2818,2779,2766,2945,2894,2868,2871,2835,2802,2672,2766,2934,2903,2871,2847,2819,2813,2757,2785,2922,2872,2883,2813,2812,2804,2803,2801
TOF,3000,2458,2513,2384,2361,2323,2242,2022,2823,2743,2719,2757,2755,2785,2759,2733,2958,2922,2897,2884,2792,2700,2640,2598,3001,2936,2912,2870,2857,2835,2806,2753,2935,2896,2899,2889,2842,2828,2770,2769,2932,2934,2864,2875,2832,2799,2722,2797,2932,2909,2859,2888,2808,2802,2681,2761,2927,2914,2864,2866,2811,2805,2830,2784
TOF,2980,2528,2474,2395,2368,2352,2248,2022,2818,2756,2732,2752,2784,2807,2797,2766,2950,2907,2910,2828,2740,2706,2614,2587,2957,2939,2921,2874,2874,2824,2784,2758,2988,2891,2914,2854,2840,2816,2779,2790,2949,2907,2873,2861,2844,2800,2665,2791,2933,2876,2879,2860,2846,2788,2761,2781,2954,2902,2880,2862,2831,2807,2792,2780
TOF,2980,2535,2545,2373,2348,2278,2188,1979,2822,2753,2671,2746,2800,2784,2789,2683,2973,2925,2902,2865,2781,2717,2626,2600,2959,2935,2883,2869,2877,2828,2803,2785,2970,2927,2885,2874,2849,2825,2786,2757,2932,2893,2878,2872,2832,2815,2699,2768,2926,2937,2871,2838,2838,2806,2734,2788,2925,2904,2907,2841,2847,2794,2825,2801
TOF,2918,2535,2879,2438,2340,2320,2240,2119,2778,2739,2720,2801,2833,2809,2593,2683,2947,2932,2895,2874,2788,2722,2615,2560,2989,2932,2913,2868,2830,2824,2803,2786,2942,2903,2897,2882,2871,2824,2775,2779,2922,2919,2888,2871,2842,2808,2693,2769,2929,2912,2888,2868,2846,2805,2638,2773,2949,2919,2865,2828,2834,2795,2801,2789
TOF,2918,2535,2479,2385,2343,2309,2248,2012,2808,2733,2700,2703,2842,2798,2743,2305,2971,2948,2908,2861,2802,2760,2636,2588,2949,2937,2904,2863,2847,2830,2785,2731,2946,2932,2886,2892,2856,2818,2764,2772,2934,2878,2900,2864,2824,2812,2719,2783,2933,2902,2867,2850,2826,2802,2681,2772,2929,2926,2879,2865,2831,2789,2774,2808
TOF,2969,2885,2443,2433,2359,2315,2223,2012,2756,2782,2756,2675,2755,2790,2783,2305,2950,2940,2894,2874,2795,2691,2596,2609,2931,2920,2900,2871,2858,2839,2778,2749,2993,2908,2900,2876,2843,2804,2763,2805,2944,2880,2871,2855,2849,2809,2680,2804,2933,2887,2869,2866,2816,2810,2748,2774,2950,2900,2895,2854,2843,2796,2819,2780
TOF,2934,2822,2433,2379,2341,2304,2246,2012,2818,2773,2666,2759,2687,2763,2779,2305,2963,2938,2894,2859,2803,2664,2628,2603,2965,2929,2885,2873,2884,2820,2772,2761,2954,2921,2868,2859,2849,2827,2769,2808,2928,2895,2884,2864,2820,2829,2712,2769,2925,2909,2871,2871,2833,2794,2815,2779,2933,2916,2912,2861,2862,2810,2792,2811
TOF,2934,2480,2439,2402,2376,2281,2212,2183,2813,2745,2702,2763,2782,2813,2794,2305,2981,2941,2890,2875,2803,2689,2623,2585,2947,2948,2922,2878,2864,2845,2804,2780,2928,2897,2877,2878,2839,2829,2760,2780,2948,2884,2883,2866,2846,2810,2740,2781,2938,2912,2870,2857,2824,2790,2726,2778,2934,2919,2888,2847,2832,2794,2779,2776
TOF,2887,2509,2439,2353,2330,2306,2232,2074,2767,2751,2734,2719,2798,2793,2711,2305,2965,2917,2901,2861,2800,2713,2636,2613,2980,2914,2887,2885,2852,2842,2789,2732,2945,2911,2884,2863,2859,2818,2783,2783,2934,2909,2876,2850,2842,2810,2713,2775,2933,2911,2886,2857,2836,2805,2646,2759,2974,2911,2881,2851,2818,2797,2744,2783
TOF,2905,2509,2439,2458,2368,2300,2245,1934,2771,2734,2692,2716,2785,2819,2772,2305,2977,2926,2890,2855,2818,2701,2651,2604,2949,2917,2894,2896,2847,2838,2795,2805,2953,2913,2893,2863,2854,2833,2778,2787,2953,2900,2887,2861,2829,2808,2708,2776,2931,2887,2861,2867,2831,2802,2752,2802,2945,2892,2844,2861,2843,2811,2784,2798
TOF,2886,2717,2439,2387,2342,2341,2278,1948,2764,2719,2728,2687,2793,2807,2744,2756,2990,2934,2897,2872,2780,2721,2645,2616,2999,2902,2921,2890,2845,2835,2788,2755,2974,2907,2873,2866,2852,2824,2794,2776,2951,2922,2875,2855,2837,2807,2687,2776,2924,2889,2860,2871,2843,2811,2763,2771,2949,2876,2861,2868,2822,2797,2751,2779
TOF,2781,2866,2439,2416,2358,2307,2202,1957,2842,2731,2753,2651,2828,2810,2737,155,2974,2927,2900,2882,2789,2779,2644,106,2965,2923,2911,2878,2853,2847,2773,2592,2945,2922,2890,2875,2842,2807,2766,2719,2905,2909,2882,2851,2831,2808,2699,107,2913,2896,2878,2846,2808,2796,2767,2779,2943,2897,2884,2860,2838,2783,2759,111
TOF,2857,2866,2478,2416,2385,2335,2245,1974,2832,2724,2753,2702,2812,2740,2776,2382,2956,2944,2911,2875,2822,2690,2628,2557,2960,2950,2908,2871,2849,2836,2775,2764,2947,2897,2886,2870,2848,2819,2793,2774,2910,2911,2882,2853,2842,2807,2745,2756,2923,2924,2872,2834,2840,2809,2754,2741,2936,2902,2865,2861,2820,2787,2826,128
TOF,2857,2600,2591,2378,2358,2293,2219,1974,2820,2784,2655,2680,2781,2848,2763,2750,2968,2918,2918,2863,2806,2689,2636,2581,2935,2944,2896,2897,2844,2827,2778,2747,2958,2918,2894,2875,2846,2825,2767,2775,2926,2894,2866,2862,2833,2818,2688,2771,2910,2919,2892,2832,2835,2813,2759,2773,2943,2920,2884,2846,2845,2789,2779,2758
TOF,2857,2693,2445,2403,2373,2329,2226,2201,2807,2738,2672,2722,2682,2787,2742,2766,2956,2936,2897,2853,2783,2713,2594,2606,2976,2922,2894,2859,2857,2857,2779,2742,2954,2896,2881,2870,2852,2812,2776,2774,2924,2906,2877,2853,2847,2804,2726,2759,2972,2903,2877,2850,2828,2824,2672,2776,2947,2901,2901,2853,2832,2801,2795,2787
TOF,2932,2875,2520,2443,2346,2314,2238,2201,2750,2716,2688,2663,2787,2815,2741,2761,2971,2945,2899,2875,2793,2685,2634,2627,2971,2908,2904,2894,2844,2837,2807,2762,2975,2914,2886,2870,2841,2827,2738,2783,2931,2908,2884,2859,2842,2809,2688,2788,2941,2887,2872,2840,2828,2790,2779,2789,2902,2917,2890,2880,2811,2806,2791,2796
TOF,2789,2426,2412,2429,2331,2278,2260,1936,2770,2721,2697,2718,2725,2800,2795,2335,2960,2927,2904,2877,2785,2738,2651,2613,2953,2919,2898,2897,2856,2844,2785,2752,2956,2920,2874,2839,2838,2817,2791,2786,2949,2899,2896,2889,2863,2819,2720,2747,2955,2907,2883,2867,2815,2805,2792,2799,2950,2899,2879,2880,2843,2792,2780,2769
TOF,2789,2750,2412,2396,2342,2305,2264,2018,2751,2751,2707,2682,2823,2790,2787,2430,2973,2921,2916,2854,2817,2718,2644,2626,2982,2943,2909,2869,2882,2837,2785,2734,2932,2931,2879,2855,2877,2834,2760,2792,2958,2902,2859,2867,2843,2800,2697,2776,2963,2907,2876,2852,2825,2819,2739,2757,2950,2908,2899,2846,2812,2788,2792,2801
TOF,2502,2886,2449,2420,2352,2298,2277,2018,2758,2703,2739,2718,2808,2805,2739,2387,3000,2935,2912,2871,2734,2731,2646,2651,2935,2915,2897,2876,2867,2825,2790,2780,2942,2922,2894,2877,2856,2828,2773,2754,2961,2892,2869,2833,2831,2829,2703,2786,2923,2919,2865,2845,2825,2813,2746,2780,2969,2880,2891,2854,2836,2803,2793,2805
TOF,3002,2573,2449,2380,2335,2330,2217,168,2812,2743,2684,2672,2756,2803,2792,160,2955,2947,2894,2881,2780,2705,2607,2574,2958,2937,2915,2883,2858,2843,2775,2792,2938,2909,2897,2902,2855,2816,2794,2773,2953,2903,2874,2851,2838,2812,2702,2771,2949,2931,2873,2843,2853,2812,2752,2767,2946,2916,2868,2854,2845,2802,2794,2759
TOF,2777,389,358,2357,2374,2259,2230,144,2828,2761,2743,2668,2747,2843,2728,138,2988,2940,2911,2858,2850,2686,2651,2584,2971,2917,2882,2856,2842,2842,2778,2776,2956,2925,2892,2857,2848,2835,2761,2738,2933,2901,2878,2894,2852,2821,2757,2755,2952,2897,2889,2870,2837,2815,2735,2764,2926,2913,2900,2837,2820,2790,2804,132
TOF,2973,353,321,2364,2379,2295,2280,134,2838,2752,2812,2749,2787,2819,2786,130,2990,2905,2890,2869,2781,2711,2603,131,2958,2906,2892,2868,2855,2857,2779,129,2988,2923,2888,2862,2838,2823,2770,2749,2945,2886,2873,2860,2850,2799,2704,125,2928,2905,2866,2839,2818,2799,2735,123,2964,2909,2910,2845,2818,2801,2826,116
TOF,254,357,294,2405,2319,2298,144,131,2902,2736,2759,2769,2805,2794,2787,128,2943,2929,2905,2858,2780,2795,2628,128,2935,2929,2879,2875,2856,2842,2820,126,2970,2911,2883,2849,2843,2815,2747,123,2940,2902,2891,2866,2840,2809,2693,120,2937,2907,2864,2865,2821,2804,2732,117,2937,2902,2880,2861,2819,2807,2746,112
TOF,2722,337,312,2386,2338,2310,142,127,2816,2739,2734,2715,2829,2778,142,125,2985,2936,2938,2852,2844,2637,137,123,2945,2905,2895,2892,2864,2839,139,123,2927,2886,2854,2874,2843,2808,138,122,2928,2890,2881,2844,2831,2848,2682,118,2958,2941,2876,2856,2830,2818,130,115,2967,2915,2864,2851,2827,2797,123,112
TOF,295,317,302,2420,2339,2310,140,129,2810,2805,2722,2782,2847,2810,141,127,2939,2918,2898,2883,2811,2738,137,126,2967,2915,2894,2895,2852,2809,138,124,2957,2923,2875,2894,2850,2821,137,124,2932,2935,2892,2857,2825,2800,137,121,2936,2925,2890,2837,2823,2820,129,119,2922,2905,2867,2850,2833,2810,122,115
TOF,314,331,283,2382,2376,2299,137,127,2748,2715,2699,2694,2801,2824,139,125,2993,2910,2910,2855,2768,2726,136,125,2964,2930,2897,2881,2857,2825,135,121,2949,2935,2881,2873,2838,2816,133,122,2933,2923,2881,2848,2839,2782,133,117,2933,2906,2866,2831,2842,2802,127,116,2961,2911,2908,2827,2842,2787,122,113
TOF,296,324,298,2409,2320,2306,139,129,2800,2659,2700,2753,2827,2806,139,124,2982,2949,2903,2847,2814,2754,134,125,2981,2930,2908,2898,2848,2809,136,121,2968,2914,2912,2880,2839,2809,135,122,2923,2902,2891,2859,2820,2801,134,119,2953,2913,2891,2831,2819,2811,128,118,2957,2936,2877,2865,2835,2793,124,111
TOF,291,310,284,2391,2365,2296,134,125,2796,2768,2716,2720,2764,2835,132,123,2973,2932,2913,2870,2808,2769,131,120,2966,2932,2898,2879,2862,2837,131,118,2936,2893,2921,2883,2829,2805,127,118,2927,2910,2874,2852,2843,2811,131,115,2941,2915,2889,2860,2831,2794,125,114,2957,2924,2901,2853,2817,2796,118,110
TOF,292,312,279,2399,2321,2301,134,126,2789,2703,2740,2834,2856,152,132,123,2956,2927,2929,2850,2839,2704,131,122,2951,2915,2905,2894,2883,2834,133,120,2976,2893,2889,2871,2855,2827,130,119,2946,2920,2893,2861,2849,2813,131,118,2922,2912,2862,2856,2830,2804,126,115,2937,2936,2872,2862,2840,2796,122,113
TOF,307,314,270,2387,2389,152,135,127,2805,2706,2675,2698,2835,153,133,124,2993,2935,2900,2875,2829,152,133,124,3013,2918,2865,2868,2862,2829,134,124,2958,2921,2876,2887,2858,2834,131,119,2934,2910,2882,2872,2818,2811,128,119,2932,2901,2867,2852,2817,2816,128,114,2948,2910,2891,2840,2839,2820,123,111
TOF,305,313,264,2389,2330,155,137,129,2775,2757,2685,2743,2805,153,136,125,2973,2936,2919,2858,2803,151,132,126,2965,2919,2906,2898,2838,150,134,123,2964,2898,2903,2861,2855,2813,134,121,2957,2923,2880,2872,2820,2831,132,119,2938,2918,2869,2850,2838,2810,128,117,2932,2901,2893,2851,2808,2798,124,111
TOF,304,321,254,2416,2354,151,135,126,2728,2706,2711,2668,2744,147,132,125,2969,2936,2879,2868,2840,143,130,122,2964,2899,2907,2874,2848,148,130,121,2935,2908,2902,2871,2838,146,128,120,2926,2880,2871,2866,2842,2802,130,118,2957,2921,2883,2855,2843,2792,124,116,2932,2910,2905,2851,2828,143,118,109
TOF,290,302,254,2402,2345,150,134,127,2807,2708,2765,2787,2775,148,133,125,2993,2934,2890,2861,2783,147,133,124,2971,2935,2889,2864,2845,146,130,123,2949,2937,2893,2853,2871,148,128,121,2963,2911,2912,2854,2849,2815,130,117,2947,2910,2890,2839,2829,2775,123,117,2943,2931,2898,2856,2840,134,120,113
TOF,288,283,211,2423,2342,152,132,124,2813,2706,2682,2798,2824,148,131,123,2977,2913,2891,2855,2793,145,130,122,2954,2920,2909,2891,2848,144,129,123,2975,2922,2890,2855,2853,141,127,119,2977,2906,2877,2851,2825,143,126,117,2925,2900,2875,2848,2864,2792,121,115,2953,2911,2889,2881,2827,134,119,110
TOF,275,312,223,2384,2376,149,133,128,2808,2746,2723,2804,2837,143,133,126,2991,2943,2900,2880,2800,145,131,124,2964,2934,2899,2884,2868,145,129,122,2954,2925,2892,2866,2835,143,129,121,2914,2913,2898,2874,2848,144,129,117,2945,2906,2880,2839,2825,140,124,116,2945,2923,2886,2864,2826,133,119,110
TOF,286,303,219,2413,2344,144,134,128,2782,2730,2658,2702,2770,149,131,123,2959,2936,2903,2869,2797,144,128,123,2971,2934,2899,2872,2850,143,128,121,2939,2936,2905,2864,2853,147,126,118,2958,2893,2886,2853,2847,142,126,116,2938,2906,2886,2856,2838,145,122,112,2955,2896,2889,2848,2844,136,118,110
TOF,300,297,2777,2400,2346,148,134,129,2758,2710,2728,2597,2737,148,133,125,2987,2924,2893,2840,2774,146,131,124,2942,2904,2889,2866,2851,148,130,121,2957,2908,2885,2881,2847,148,130,120,2940,2932,2894,2844,2842,146,130,120,2917,2907,2876,2842,2828,142,125,118,2944,2941,2902,2860,2825,138,120,113
TOF,290,305,224,2380,2312,146,134,125,2740,2742,2700,2727,2827,148,132,123,2953,2918,2908,2862,2821,146,131,123,2941,2934,2909,2895,2856,150,130,121,2933,2892,2898,2882,2840,146,130,119,2956,2931,2899,2858,2836,148,127,117,2944,2926,2881,2855,2839,143,124,114,2928,2908,2918,2840,2850,138,120,110
TOF,302,314,2932,2409,2344,152,135,128,2817,2735,2704,2840,2805,151,136,128,3010,2939,2921,2871,2884,148,133,125,2977,2916,2907,2868,2865,147,134,124,2955,2923,2886,2844,2845,152,132,121,2926,2889,2877,2850,2848,2800,133,121,2958,2909,2866,2851,2843,146,128,116,2965,2892,2869,2855,2812,141,124,113
TOF,290,311,241,2410,2345,153,135,127,2805,2755,2706,2806,2816,145,133,127,2965,2913,2904,2856,2797,153,133,124,3004,2917,2865,2886,2848,151,131,124,2926,2914,2897,2892,2855,149,131,120,2944,2919,2873,2853,2833,2825,129,117,2948,2912,2876,2867,2824,2817,128,115,2955,2881,2895,2864,2839,145,122,114
TOF,299,307,245,2403,2369,155,139,130,2782,2809,2694,2903,2802,150,136,128,2957,2948,2903,2866,2821,150,134,127,2969,2924,2933,2893,2871,155,135,125,2975,2937,2909,2868,2851,161,134,123,2933,2899,2880,2879,2852,2816,131,119,2935,2894,2869,2842,2827,2809,128,118,2939,2907,2882,2858,2816,148,124,113
TOF,305,324,251,2417,2351,150,134,128,2800,2761,2681,2850,2830,149,135,126,2970,2934,2913,2852,2791,154,131,124,2964,2929,2897,2886,2844,157,133,123,2945,2910,2903,2886,2855,149,132,122,2937,2924,2868,2842,2819,2825,131,117,2947,2896,2882,2855,2832,2809,125,115,2981,2908,2878,2834,2811,141,122,110
TOF,305,302,243,2405,2340,152,134,127,2778,2809,2667,2726,2848,146,134,126,2975,2928,2904,2846,2709,149,130,123,2973,2913,2897,2884,2859,149,132,119,2948,2921,2897,2869,2849,149,128,119,2946,2890,2872,2856,2817,2824,130,115,2942,2893,2884,2840,2834,2807,124,112,2940,2924,2891,2848,2816,135,120,108
TOF,286,282,204,2412,2365,142,127,121,2773,2719,2700,2811,2899,135,126,120,2970,2943,2901,2865,2789,142,124,118,2948,2950,2903,2885,2856,135,124,115,2958,2922,2889,2865,2844,136,121,114,2899,2900,2884,2860,2849,2819,123,109,2929,2896,2864,2840,2825,2781,114,108,2958,2899,2903,2858,2821,119,112,101
TOF,272,272,207,2384,2329,139,126,121,2803,2729,2698,2849,2864,135,126,119,2977,2927,2895,2856,2823,136,121,116,2956,2923,2901,2882,2854,132,122,113,2969,2905,2878,2862,2852,134,119,111,2938,2892,2889,2858,2816,129,118,108,2927,2917,2893,2862,2818,126,113,106,2936,2926,2870,2833,2829,117,108,102
TOF,254,275,205,2415,2338,134,122,118,2780,2736,2790,2847,2741,134,121,116,2964,2930,2891,2864,2809,132,119,112,2966,2917,2902,2871,2852,132,119,113,2991,2928,2850,2877,2837,131,117,110,2937,2946,2860,2844,2827,128,116,106,2952,2905,2863,2848,2838,123,111,103,2957,2910,2882,2846,2812,116,106,100
TOF,262,292,211,2364,2368,139,125,118,2768,2809,2674,2791,2827,138,122,119,2990,2939,2916,2872,2822,136,123,115,2955,2922,2909,2886,2865,135,120,116,2954,2910,2888,2883,2867,132,119,111,2925,2920,2873,2857,2836,132,119,109,2940,2897,2891,2845,2830,127,112,104,2957,2916,2872,2857,2824,119,106,103
TOF,288,282,208,2409,2344,137,125,119,2751,2733,2706,2728,2738,140,125,118,2993,2943,2910,2848,2808,136,122,115,2972,2934,2876,2887,2852,134,120,113,2916,2920,2873,2867,2850,136,120,111,2931,2885,2871,2856,2849,130,118,108,2937,2900,2878,2865,2828,127,111,105,2984,2901,2864,2860,2852,121,107,102
TOF,252,291,212,2413,2364,140,126,123,2808,2736,2694,2759,2830,138,126,119,2975,2922,2907,2876,2819,137,124,119,2953,2927,2905,2884,2851,136,123,116,2968,2907,2896,2873,2839,134,122,112,2923,2885,2875,2843,2832,134,119,110,2931,2922,2869,2856,2825,132,116,105,2949,2910,2881,2856,2813,121,112,105
TOF,262,279,218,2391,2379,137,127,119,2742,2728,2676,2719,2765,138,124,119,2958,2952,2905,2858,2796,136,122,116,2980,2910,2904,2866,2863,138,124,116,2944,2898,2877,2861,2849,136,121,112,2939,2910,2862,2851,2824,136,118,110,2926,2898,2872,2843,2812,132,114,107,2935,2917,2902,2841,2833,124,108,104
TOF,283,285,250,2375,2330,142,130,122,2799,2738,2681,2712,2802,141,130,122,2966,2920,2912,2872,2788,140,127,119,2958,2906,2910,2886,2862,140,124,119,2974,2920,2871,2884,2826,136,125,115,2956,2898,2878,2836,2826,135,123,111,2930,2918,2859,2861,2818,134,116,111,2997,2926,2864,2854,2815,123,112,104
TOF,270,287,226,2439,2363,142,128,121,2797,2749,2689,2711,2745,140,128,119,2987,2924,2902,2836,2847,138,125,118,2992,2916,2907,2887,2852,141,124,117,2937,2906,2906,2848,2827,141,121,114,2955,2901,2888,2837,2824,137,120,109,2937,2893,2892,2836,2814,134,114,106,2965,2928,2886,2854,2829,123,111,102
TOF,254,291,220,2408,2348,141,128,122,2852,2720,2697,2682,2825,139,127,120,3001,2918,2897,2879,2814,137,125,117,2961,2917,2913,2874,2864,138,124,116,2958,2937,2894,2879,2859,136,122,113,2935,2925,2883,2862,2851,133,119,111,2967,2918,2879,2864,2850,130,115,106,2941,2943,2869,2841,2817,121,111,103
TOF,248,290,212,2430,2354,142,123,118,2813,2720,2687,2720,2826,136,124,117,2954,2926,2906,2861,2795,136,120,113,2965,2919,2895,2876,2830,133,121,111,2960,2920,2887,2875,2840,131,118,110,2918,2904,2888,2843,2860,129,117,106,2935,2899,2898,2848,2830,124,112,102,2968,2895,2888,2851,2812,118,106,100
TOF,248,276,214,2403,2385,139,123,118,2785,2729,2678,2775,2851,132,122,114,2967,2929,2911,2853,2845,135,120,115,2988,2927,2900,2889,2855,136,121,111,2935,2910,2869,2909,2849,129,118,110,2916,2906,2866,2861,2832,2819,118,105,2923,2894,2873,2840,2833,128,110,102,2942,2938,2866,2861,2840,117,108,99
TOF,260,287,208,2446,2390,136,119,114,2814,2724,2731,2859,2800,132,120,109,2962,2924,2902,2873,2779,131,116,109,2956,2917,2906,2900,2845,131,118,106,2936,2919,2892,2864,2856,2808,113,104,2926,2911,2887,2866,2837,2815,114,100,2955,2918,2872,2855,2808,2785,105,97,2930,2904,2894,2845,2834,111,103,92
TOF,223,259,185,2378,2364,128,112,108,2774,2866,2724,2752,2861,124,116,102,2986,2937,2916,2863,2803,124,109,105,2969,2941,2899,2857,2851,119,114,98,2979,2901,2882,2867,2851,2810,106,100,2932,2893,2878,2863,2836,2819,108,92,2910,2893,2887,2831,2838,2797,97,91,2962,2906,2907,2835,2806,105,97,85
TOF,171,282,139,2379,2378,114,102,97,2813,2793,2705,2798,2763,108,103,94,2987,2903,2903,2854,2812,111,98,93,2948,2915,2880,2884,2849,104,100,86,2938,2919,2899,2854,2845,2823,91,86,2935,2924,2876,2860,2827,2825,92,78,2923,2884,2889,2851,2803,94,82,78,2942,2910,2876,2873,2829,83,84,72
TOF,229,268,181,2408,2304,100,89,88,2792,2720,2756,2715,2696,93,95,85,2964,2912,2903,2864,2785,95,84,83,2939,2929,2905,2875,2859,86,87,78,2954,2907,2894,2859,2846,87,78,77,2943,2925,2885,2866,2843,77,79,71,2937,2927,2898,2844,2878,77,71,70,2928,2910,2894,2841,2842,68,72,64
TOF,213,184,176,2385,88,84,78,77,2785,2683,2651,2700,91,79,81,73,2970,2933,2891,2905,82,77,72,72,2979,2934,2888,2871,86,72,73,67,2949,2931,2865,2872,75,70,65,65,2977,2924,2884,2864,75,64,69,61,2938,2909,2855,2856,65,63,61,60,2925,2908,2878,62,65,57,59,55
TOF,205,211,71,82,76,73,70,71,2784,2728,2707,74,76,71,73,68,2970,2925,73,77,69,70,64,67,2976,67,72,67,71,63,66,63,2978,2929,72,68,63,62,61,61,2950,66,73,61,65,53,58,57,2943,69,61,60,54,55,56,56,2972,60,63,53,59,51,54,52
TOF,3036,205,70,67,67,64,64,64,2806,67,72,64,67,61,64,62,3003,66,62,62,60,63,60,58,2956,60,62,56,58,55,57,56,61,62,54,55,55,54,53,54,2949,49,55,53,51,49,54,50,52,51,49,48,48,48,49,50,55,46,47,42,49,45,46,47
TOF,61,65,62,61,61,61,59,60,61,60,63,60,60,59,62,58,59,59,56,56,55,58,57,58,60,54,57,53,56,53,54,52,52,52,53,53,53,50,53,52,49,48,50,50,50,47,50,49,45,46,45,46,47,48,48,48,45,42,42,41,46,43,44,46
TOF,58,58,58,55,58,57,54,55,58,56,54,55,57,54,56,57,51,52,53,52,51,52,54,53,52,47,50,48,50,51,51,53,47,46,47,48,48,48,49,52,45,43,47,45,45,43,48,49,43,42,43,43,43,43,46,47,42,39,39,38,43,43,41,49
TOF,57,60,58,57,58,56,52,59,58,57,54,55,54,54,59,58,53,53,52,52,51,54,54,53,53,48,51,50,50,51,52,54,48,47,48,46,49,49,51,54,45,46,48,46,48,45,50,51,44,43,44,43,46,46,48,52,42,40,40,40,43,43,45,51
TOF,54,55,54,49,55,51,50,53,51,51,50,50,52,50,55,53,46,47,47,47,48,48,47,53,48,45,47,46,47,46,50,48,45,44,44,45,47,46,46,49,42,41,44,42,44,42,47,46,40,41,40,40,41,42,45,47,40,36,37,36,42,41,44,48
TOF,51,53,53,50,53,50,50,53,53,53,49,52,49,49,53,53,47,48,50,47,48,48,50,48,47,44,47,47,47,47,49,49,47,43,45,45,48,45,48,48,41,42,42,42,44,44,49,46,41,40,41,39,42,44,45,49,41,40,37,37,42,43,44,45
TOF,52,54,52,51,54,47,49,52,53,49,48,48,49,48,51,50,47,46,48,46,47,47,48,47,47,44,45,45,46,47,47,48,44,42,45,44,44,45,46,46,40,41,40,41,41,41,45,45,39,39,40,38,41,41,44,46,39,36,36,35,41,39,40,45
TOF,52,56,54,51,55,51,49,51,54,51,50,51,49,47,53,50,49,49,49,49,47,48,48,47,49,44,47,46,48,48,47,49,46,44,45,44,46,44,46,48,42,41,44,42,44,41,45,44,40,38,40,40,41,41,45,46,39,37,38,37,41,40,41,44
TOF,51,53,53,50,52,49,47,48,51,50,47,49,48,46,49,49,45,44,47,46,45,46,46,45,46,43,45,42,45,45,45,47,42,42,44,42,42,43,44,43,38,39,40,39,40,37,42,42,39,38,38,39,39,39,42,44,38,35,34,35,38,38,39,42
TOF,53,56,52,52,54,50,50,52,53,50,48,51,49,48,49,53,46,47,46,47,48,48,47,46,48,46,46,46,46,47,46,48,44,43,44,44,45,43,44,46,40,42,42,42,42,39,44,44,39,39,40,39,41,40,43,43,38,37,36,35,39,38,40,42
TOF,49,53,52,48,53,50,45,48,50,46,46,48,49,46,49,52,44,45,46,47,44,44,46,46,44,42,45,42,43,44,44,46,41,40,41,42,43,41,43,46,38,39,38,38,38,40,41,42,38,38,37,37,38,37,40,42,37,34,32,33,38,37,38,39
TOF,52,53,54,50,54,50,48,50,52,50,46,51,48,47,51,52,46,45,47,46,47,46,46,47,46,44,45,44,44,44,46,47,41,42,43,42,44,42,44,46,38,40,41,40,40,39,43,44,38,38,37,37,39,39,42,42,38,35,35,35,38,38,39,41
TOF,50,53,52,48,51,47,47,48,47,46,49,49,46,46,49,50,45,45,46,44,44,44,45,46,45,42,43,42,43,42,44,45,42,40,41,40,41,40,42,45,37,38,38,38,38,36,41,42,38,36,37,35,36,37,38,41,35,34,33,33,36,35,37,40
TOF,50,55,51,51,52,51,48,51,51,50,49,50,48,48,50,54,47,47,47,46,46,46,47,46,46,42,44,43,44,44,45,46,42,42,42,43,44,41,44,46,38,39,40,39,39,38,42,44,38,37,38,37,39,39,40,41,37,34,33,34,38,36,38,43
TOF,50,53,51,48,51,47,47,49,47,47,46,47,47,45,48,52,45,42,45,45,45,44,46,43,45,41,42,41,43,43,44,45,39,40,41,40,40,40,42,45,36,37,39,38,38,36,39,41,37,34,36,34,37,36,39,40,35,33,33,33,35,35,36,41
TOF,51,53,52,50,52,51,49,49,49,50,48,49,50,48,49,52,46,46,46,45,47,47,47,46,46,44,45,44,45,46,45,46,43,42,43,42,43,42,44,46,39,41,40,40,40,37,42,42,37,37,38,38,38,39,41,42,37,34,34,34,38,36,38,42
TOF,50,51,50,47,49,49,46,48,51,49,45,47,47,46,47,50,44,44,46,46,43,44,46,43,45,41,44,42,44,44,43,46,40,39,41,40,41,41,42,43,38,37,37,38,38,38,41,42,36,36,35,35,37,37,38,42,35,32,33,33,36,35,37,39
TOF,52,52,53,50,52,51,49,49,50,49,47,50,50,46,48,53,45,45,47,46,45,46,47,44,46,43,45,44,45,45,45,46,43,41,42,43,43,43,44,44,38,39,40,40,40,39,43,44,37,39,38,37,39,37,42,43,37,35,34,34,37,38,39,42
TOF,49,48,50,47,50,45,43,48,47,47,46,46,47,44,46,48,42,44,44,44,43,45,43,44,44,42,42,41,43,42,43,45,41,40,40,40,41,40,42,43,36,37,38,37,39,36,41,42,37,35,36,36,37,37,40,41,36,33,32,33,37,35,36,44
TOF,50,52,50,47,49,47,46,49,47,48,46,48,48,46,48,52,44,44,44,46,44,44,46,45,44,43,43,43,43,45,45,46,41,40,41,41,42,41,42,46,38,39,38,38,39,36,41,42,37,37,37,36,37,38,41,43,36,34,34,32,38,36,39,42
TOF,48,50,49,44,50,45,44,47,45,44,44,45,46,45,49,51,43,42,43,42,43,41,43,43,43,40,41,41,42,42,42,45,39,38,40,39,41,39,41,44,36,36,36,36,37,35,39,40,35,35,34,34,36,35,38,40,34,31,32,31,36,35,37,41
TOF,49,49,51,47,49,48,44,48,47,47,46,46,46,45,50,49,43,43,44,45,42,44,45,45,44,40,42,42,43,43,43,45,39,39,40,40,41,40,43,44,37,36,38,38,37,36,41,41,36,35,36,34,36,37,39,42,35,32,32,33,36,35,39,42
TOF,45,47,47,44,45,45,43,47,44,43,44,45,45,42,45,46,41,41,43,40,42,42,43,43,41,38,40,39,41,40,41,43,37,38,38,37,39,38,40,42,34,34,36,35,35,35,39,40,34,33,34,32,35,35,38,38,33,30,30,30,33,34,35,39
TOF,49,51,50,46,49,46,44,48,46,45,42,46,46,45,49,50,43,43,42,43,42,43,44,42,43,41,42,40,42,42,42,45,39,39,41,39,40,39,42,46,36,37,37,37,38,37,40,43,37,35,36,35,36,36,39,43,34,33,32,32,36,36,37,41
TOF,51,50,50,46,49,44,45,47,44,47,42,46,44,45,47,50,42,42,43,43,43,43,44,43,43,40,41,41,41,42,41,43,39,39,39,38,39,38,42,44,36,37,36,36,37,36,40,39,35,34,34,34,35,34,38,39,34,33,31,31,35,35,36,39
TOF,50,54,52,48,53,51,46,50,49,50,46,47,49,47,48,53,46,47,47,46,45,44,47,47,45,43,44,42,44,43,44,45,43,40,41,41,42,41,43,43,39,38,39,39,39,37,41,41,38,37,37,36,38,38,40,41,37,34,33,34,37,37,38,41
TOF,49,53,50,49,52,48,45,47,51,50,46,47,46,45,48,51,44,45,45,46,44,44,46,44,46,41,43,43,43,45,44,45,40,40,41,40,41,39,42,43,37,37,37,37,37,36,39,40,36,37,37,35,37,36,40,40,35,33,32,31,37,35,36,41
TOF,50,54,54,50,52,50,47,50,49,51,48,50,48,45,50,52,46,46,47,46,46,47,48,46,45,43,45,44,44,45,45,46,42,43,43,42,43,41,45,47,38,40,39,39,39,39,41,43,37,38,39,37,38,38,42,42,36,35,35,34,38,36,38,41
TOF,53,54,54,50,53,49,46,50,49,49,47,50,47,47,48,50,47,45,47,46,43,44,45,43,43,42,43,44,43,43,45,46,42,42,41,40,43,41,44,45,39,38,38,39,39,38,42,42,36,36,37,36,37,37,40,41,36,35,33,33,37,36,38,42
TOF,54,54,53,50,55,52,48,51,53,51,49,50,50,49,52,53,47,49,47,47,47,48,47,46,46,46,46,46,46,46,45,48,43,43,44,44,44,43,43,47,40,41,41,42,41,40,43,44,38,39,39,38,39,39,41,44,38,35,36,35,40,38,39,42
TOF,54,52,51,51,51,48,46,48,51,49,46,48,49,46,49,51,44,46,44,46,44,45,47,45,47,41,43,44,46,44,46,46,41,41,42,42,43,40,45,44,39,39,38,39,40,38,42,41,38,37,37,36,38,37,40,42,37,34,33,32,38,37,37,41
TOF,52,55,54,52,55,52,48,51,52,52,47,49,49,49,51,53,46,46,48,47,47,47,48,47,47,44,45,46,46,47,45,48,42,42,43,43,43,44,45,47,40,41,40,39,40,40,42,43,38,38,39,38,39,38,41,43,37,35,34,35,38,38,38,44
TOF,51,53,52,48,51,51,44,51,47,48,47,49,49,46,48,52,45,45,46,45,44,46,47,45,44,42,44,43,44,42,45,47,42,40,41,41,44,40,43,45,39,37,40,38,38,36,41,42,36,36,36,36,37,38,40,39,37,34,34,34,37,35,36,40
TOF,53,54,52,51,53,51,46,51,52,49,48,49,48,47,51,53,46,45,47,46,45,46,46,45,47,43,44,45,45,45,47,47,42,42,42,43,42,43,44,46,39,40,39,39,40,39,42,43,38,39,38,37,38,39,42,42,38,35,35,34,38,37,37,42
TOF,49,51,54,49,49,46,48,49,48,48,46,47,47,44,48,51,46,44,45,45,44,46,46,45,44,41,43,43,43,43,43,47,41,39,39,40,41,40,43,43,36,38,38,37,37,36,40,39,36,36,36,35,36,37,39,41,35,33,33,32,36,36,37,40
TOF,50,54,53,49,53,49,47,49,49,50,48,50,48,47,49,53,47,45,47,45,46,46,47,46,45,43,44,45,45,45,46,48,43,41,41,44,43,43,44,44,39,39,39,39,39,38,42,42,38,37,37,36,37,39,39,41,37,34,33,33,37,36,40,42
TOF,49,52,50,48,50,49,44,49,49,46,46,47,46,44,49,50,44,45,44,44,43,44,45,43,45,41,42,41,43,43,42,46,40,39,42,41,41,39,43,44,37,38,37,38,38,36,40,41,36,36,36,35,36,36,38,39,34,33,32,32,36,34,35,41
TOF,51,53,51,49,53,49,47,49,49,50,46,49,49,47,49,51,46,45,46,46,45,46,47,45,45,42,43,43,45,45,45,47,43,42,41,42,42,42,43,45,38,38,40,39,38,38,43,41,37,36,38,35,38,37,42,42,37,34,34,33,37,36,37,42
TOF,52,50,51,48,51,48,47,49,48,48,45,46,45,45,49,49,43,44,44,45,43,43,44,45,43,40,42,41,42,42,42,45,40,41,38,39,40,39,42,43,37,36,37,37,38,37,40,41,35,35,35,35,35,36,37,37,34,33,32,32,36,35,36,39
TOF,51,53,52,50,50,50,46,49,51,50,45,49,48,47,49,52,43,46,45,45,43,46,46,47,45,42,44,43,43,44,45,48,41,41,41,41,41,41,43,44,38,38,39,38,39,37,40,40,37,37,37,36,38,38,39,42,36,33,34,34,37,36,38,42
TOF,50,50,50,47,51,49,44,48,47,45,44,46,46,44,47,50,42,45,43,43,43,42,44,46,44,41,42,42,40,43,43,45,39,39,39,40,40,39,40,41,35,36,38,37,36,36,38,40,35,35,36,34,36,35,37,39,34,32,33,32,35,35,35,37
TOF,50,53,53,49,52,49,48,49,48,49,46,50,49,46,49,52,44,45,45,47,44,45,46,46,47,42,43,42,44,44,44,47,40,41,42,41,42,42,42,47,38,39,38,39,39,37,41,41,37,36,38,36,37,38,41,40,36,34,33,33,36,36,37,39
TOF,49,52,51,46,52,46,43,48,46,46,46,47,46,44,48,49,42,42,43,44,42,44,44,44,43,40,42,40,42,42,42,43,38,38,38,38,41,38,40,44,35,37,37,36,37,35,39,40,35,34,33,35,35,36,38,39,35,32,31,31,35,35,36,38
TOF,50,54,52,48,52,48,48,48,50,49,47,49,48,48,51,51,44,44,45,44,44,45,46,45,45,42,42,43,43,44,43,46,40,41,42,40,42,41,42,44,37,38,39,38,38,37,39,42,37,36,37,36,37,37,39,42,35,33,32,34,37,36,37,39
TOF,47,50,48,46,50,45,45,47,45,45,45,46,46,42,46,47,42,43,44,42,42,41,43,43,43,40,41,40,42,41,43,45,39,38,39,38,40,39,41,42,36,37,37,37,36,35,38,39,34,33,35,33,35,35,38,40,34,32,30,31,35,35,36,39
TOF,50,50,52,47,52,49,46,49,48,48,46,47,46,48,49,51,45,45,45,45,45,44,44,45,45,42,44,42,44,44,45,46,40,40,41,40,41,40,44,44,39,37,38,38,38,38,40,40,37,35,35,34,36,37,39,41,35,33,32,32,36,35,37,42
TOF,47,51,51,47,50,44,43,49,47,45,46,48,45,45,46,49,43,44,43,43,41,43,43,45,42,40,41,41,41,42,42,44,39,39,38,38,40,38,41,42,34,36,38,36,36,35,39,41,35,33,34,33,34,35,38,39,33,32,32,32,34,34,33,38
TOF,51,51,52,48,52,48,47,47,47,50,46,46,46,46,48,51,44,44,45,44,45,45,46,45,45,41,44,43,43,44,43,46,41,39,41,40,42,41,42,45,37,38,38,39,38,37,40,42,37,35,36,35,37,37,39,39,36,33,32,33,36,36,36,41
TOF,49,49,47,46,48,46,45,49,48,46,45,45,47,43,49,50,42,42,42,43,42,42,44,43,43,39,41,40,42,40,42,44,40,39,40,37,40,38,41,42,36,36,37,36,37,35,38,39,34,34,34,34,35,35,37,39,34,32,30,30,34,35,35,38
TOF,51,53,50,48,51,48,46,50,50,48,47,50,46,46,47,51,43,43,45,46,44,46,45,44,44,42,44,42,43,43,43,45,41,41,41,41,41,40,42,44,38,37,38,37,38,37,40,40,36,36,37,35,36,38,39,40,35,33,33,33,37,36,37,42
TOF,49,51,50,45,48,46,43,47,49,45,44,45,45,45,47,49,43,42,44,43,43,44,43,43,44,40,41,42,42,41,43,44,40,38,39,39,41,39,41,43,35,36,36,37,36,35,38,39,34,35,35,35,35,35,38,40,34,32,32,31,35,34,36,38
TOF,51,51,51,48,52,50,45,50,47,48,46,46,47,46,49,51,44,44,46,45,45,45,47,44,43,42,44,42,44,45,43,47,41,40,42,41,41,40,42,44,38,39,38,38,38,37,40,40,37,35,37,36,37,37,39,41,36,34,33,32,35,36,35,40
TOF,49,51,49,47,52,44,45,49,47,45,44,45,44,44,47,46,43,42,43,43,42,43,43,43,43,41,42,41,42,41,43,45,39,38,38,39,40,38,40,43,37,36,36,35,36,35,39,39,34,34,35,34,36,35,38,37,33,32,31,30,34,35,35,38
TOF,50,50,50,49,51,49,47,49,47,48,46,48,46,46,49,52,43,44,45,46,44,45,45,46,45,42,44,42,44,44,44,46,41,40,41,40,42,41,43,43,37,38,38,37,39,37,41,42,36,36,37,35,37,37,40,43,35,34,33,33,37,36,36,42
TOF,48,51,51,44,50,45,45,49,47,45,45,45,45,43,47,50,44,43,43,43,41,43,44,41,43,39,41,40,41,42,43,44,39,39,38,38,40,39,41,43,36,36,36,37,36,34,38,40,36,34,35,33,35,35,39,40,33,31,30,30,35,33,33,38
TOF,50,51,51,47,49,48,47,49,47,49,45,48,47,46,49,51,44,44,43,43,42,46,45,45,43,41,42,42,42,44,45,45,41,40,40,39,42,41,41,42,37,38,38,37,38,36,40,40,37,36,36,34,37,37,40,41,35,33,32,32,35,35,37,40
TOF,47,50,49,47,51,45,45,48,46,47,44,45,46,44,47,50,43,42,42,41,42,42,43,42,43,39,41,39,41,41,42,43,39,37,39,38,40,39,40,41,34,36,35,36,37,34,38,39,34,34,34,32,34,34,37,39,33,31,30,30,34,33,35,38
TOF,50,53,51,45,49,47,46,48,47,45,45,47,47,46,49,51,44,44,45,44,43,45,45,45,44,41,42,42,42,42,43,44,41,40,41,39,42,40,42,44,37,37,37,37,37,36,41,42,36,36,35,36,36,35,40,41,34,32,33,32,36,35,36,40
TOF,47,50,47,48,47,46,44,47,45,46,42,44,46,43,48,47,42,42,42,41,41,42,45,44,43,39,40,38,41,40,40,44,38,37,38,37,39,37,40,41,35,35,36,36,36,34,39,37,34,34,34,33,33,33,37,38,33,31,30,30,33,33,35,38
TOF,51,50,50,47,51,47,46,50,48,46,46,46,47,45,49,52,43,43,43,43,43,45,47,45,43,42,44,42,43,44,42,45,41,39,39,40,40,40,41,45,36,38,37,37,37,35,39,41,36,36,36,35,36,36,38,42,36,33,32,31,36,34,36,41
TOF,44,48,49,46,48,46,44,50,46,45,43,45,45,43,47,49,42,43,43,42,41,43,43,44,43,40,41,40,40,42,42,44,39,39,38,38,39,38,39,41,34,35,36,37,35,33,39,38,34,34,35,33,33,34,36,38,32,31,30,30,34,33,34,39
TOF,49,50,52,49,48,46,45,49,47,47,46,46,48,45,48,49,44,44,44,45,44,44,45,44,43,41,42,42,42,42,42,46,39,39,41,40,39,40,42,44,36,37,39,37,38,35,40,39,36,35,36,34,36,35,39,41,34,32,33,31,36,35,37,41
TOF,48,48,48,46,48,45,45,45,45,46,44,45,43,43,46,49,42,40,41,42,40,41,43,43,42,38,40,40,41,40,41,42,37,37,38,37,39,38,40,42,33,35,35,35,35,34,37,38,34,34,34,33,33,35,37,38,33,31,30,29,33,33,34,38
TOF,47,50,50,47,51,47,45,49,47,46,44,45,45,45,47,52,44,42,44,44,43,44,45,43,43,40,41,41,42,42,42,45,39,39,39,39,39,39,41,43,36,37,36,37,38,37,39,40,35,35,35,34,35,36,38,40,35,32,31,31,35,34,36,39
TOF,45,49,48,43,48,45,45,47,46,44,42,44,45,42,46,51,40,41,41,41,40,40,42,43,40,37,40,39,40,40,42,42,37,37,37,37,38,37,40,41,35,35,35,35,34,32,36,38,34,33,34,32,33,34,36,38,32,30,31,29,33,31,33,37
TOF,48,49,51,48,50,46,45,48,47,47,43,46,45,45,47,50,44,43,44,44,43,43,44,45,43,39,41,40,42,42,42,45,38,37,39,38,40,39,41,45,36,37,37,36,37,36,38,39,34,35,35,34,35,35,38,38,34,32,32,31,35,33,35,38
TOF,50,49,49,44,47,46,43,46,46,44,42,44,45,44,46,48,41,40,42,41,41,41,44,41,41,38,40,38,41,41,40,42,38,37,36,36,38,38,40,42,34,35,36,35,35,34,38,38,34,33,33,32,33,34,35,39,33,30,30,30,33,32,34,38
TOF,47,50,50,46,50,47,45,47,46,45,44,47,46,46,49,50,42,43,44,43,42,45,44,46,43,41,42,40,41,41,43,44,40,40,40,39,38,39,41,42,36,37,36,38,38,36,38,39,35,35,36,33,35,36,38,41,34,32,31,32,35,34,35,39
TOF,46,50,48,44,48,44,44,47,45,45,43,43,44,43,46,50,40,41,43,43,41,41,43,45,41,38,41,40,39,41,42,42,38,37,38,37,38,36,40,41,36,36,34,36,36,34,37,38,34,33,34,32,34,34,37,38,33,31,30,30,32,32,33,39
TOF,48,49,48,44,50,48,48,49,47,46,44,46,46,46,48,52,43,42,43,43,43,44,44,45,43,41,41,40,42,42,43,47,39,39,40,40,41,40,42,45,36,37,37,37,38,36,40,41,35,34,36,35,37,36,39,41,33,32,31,32,36,34,35,41
TOF,47,50,46,45,47,46,45,47,46,44,43,46,44,43,46,49,41,41,43,42,40,42,43,42,42,39,41,40,42,40,42,42,37,36,38,37,38,38,40,40,35,36,36,34,36,33,38,40,33,34,34,33,33,35,35,38,33,31,29,31,34,32,32,39
TOF,50,52,50,46,52,49,46,49,46,49,45,47,48,45,47,50,41,44,44,43,44,44,46,44,44,40,42,42,43,42,44,46,40,39,40,40,41,39,42,44,36,37,37,38,37,36,41,40,37,35,36,34,36,36,39,41,34,32,32,32,37,35,37,41
TOF,47,50,49,46,49,46,45,49,45,46,43,48,45,45,47,51,42,42,42,44,42,42,43,46,41,40,42,41,41,41,42,45,38,38,38,38,39,37,41,42,34,36,36,36,36,36,38,40,34,34,34,32,34,35,35,40,33,30,30,30,34,34,35,39
TOF,48,53,51,46,52,48,45,50,49,48,46,48,48,45,50,53,42,44,46,44,43,44,46,46,43,41,42,42,43,43,43,47,39,39,40,39,40,40,43,45,36,37,37,38,37,36,40,42,35,36,36,34,36,38,40,41,35,33,32,32,36,36,36,40
TOF,49,50,48,46,49,48,44,47,46,44,45,45,45,43,46,50,42,44,42,42,42,43,46,43,41,38,41,41,41,41,41,46,37,39,39,38,38,39,41,42,35,35,36,35,36,35,40,39,34,33,33,32,35,35,38,39,33,31,31,31,35,33,35,39
TOF,49,50,51,47,51,48,47,50,47,47,45,48,46,46,49,55,43,43,44,44,44,45,47,44,43,41,42,41,43,43,44,46,40,39,41,40,41,39,42,45,36,38,38,39,38,37,40,43,36,35,36,35,36,37,39,44,34,33,32,31,36,34,37,39
TOF,47,49,49,46,49,45,44,49,46,46,45,46,44,45,47,51,42,43,44,41,42,43,45,43,42,39,42,40,42,41,41,44,38,38,39,38,39,39,41,43,34,36,36,37,36,35,38,40,35,34,35,34,35,36,37,39,33,30,31,30,35,34,34,39
TOF,50,52,52,47,53,49,48,50,47,47,47,47,48,46,48,53,43,44,43,46,43,46,45,46,43,40,43,42,43,44,45,46,40,39,41,41,41,41,43,43,36,37,39,38,38,37,41,41,36,36,36,35,36,37,40,43,36,33,33,33,36,36,37,42
TOF,48,48,51,48,51,49,46,48,46,46,41,45,46,45,48,52,41,43,42,43,43,44,45,44,41,40,41,41,42,42,42,46,38,37,39,38,39,39,41,43,35,36,37,36,36,35,39,40,34,35,35,33,34,36,38,41,33,30,30,30,35,35,37,39
TOF,49,51,50,49,53,51,47,52,48,46,45,49,47,47,49,52,42,43,44,44,44,44,47,47,43,40,43,42,44,45,44,47,40,39,41,40,42,40,43,44,37,38,38,38,39,37,41,42,36,37,36,36,36,36,40,43,35,33,32,32,36,36,38,42
TOF,45,48,49,46,49,47,46,48,48,44,44,44,45,44,48,49,41,41,42,42,42,44,44,43,41,38,42,41,41,41,42,44,37,38,38,37,39,38,40,43,36,36,37,36,36,33,38,42,35,34,34,33,35,34,38,41,34,29,30,30,34,34,35,39
TOF,48,50,50,46,50,46,45,50,47,46,44,46,46,45,50,51,42,43,43,44,43,44,46,47,42,40,41,40,41,43,42,44,39,38,39,38,40,40,42,45,36,35,37,37,38,36,40,40,35,35,35,34,35,36,38,42,33,31,31,31,35,34,37,39
TOF,47,48,49,45,48,44,43,47,44,44,42,44,45,43,46,50,41,41,41,42,41,41,44,42,40,37,40,37,39,40,41,44,37,36,37,35,37,37,38,42,33,34,35,35,34,35,37,38,33,32,33,31,33,34,36,37,31,28,29,29,33,32,34,38
TOF,47,50,49,46,48,46,45,49,45,45,43,46,47,44,48,49,41,42,43,42,42,45,44,44,41,39,41,40,41,43,43,45,38,38,39,40,40,39,40,44,34,36,36,36,36,36,38,40,34,33,34,33,34,35,37,40,33,30,30,31,34,34,35,39
TOF,46,47,46,45,50,44,45,47,43,44,41,43,45,42,45,50,40,39,41,41,39,40,43,42,39,37,38,39,40,40,40,43,36,35,37,37,37,37,39,41,32,33,34,34,33,33,36,38,32,32,32,31,33,33,36,37,31,29,29,29,32,32,34,39
TOF,47,50,50,46,49,47,44,48,46,45,43,45,46,43,47,49,40,40,42,42,42,44,45,45,41,40,41,40,41,41,42,46,38,38,39,37,39,39,40,43,35,34,36,36,36,35,39,42,33,33,34,33,34,34,37,40,33,31,30,30,34,33,35,39
TOF,47,47,48,46,49,45,43,46,44,42,43,43,44,42,45,51,38,39,41,41,40,40,43,43,40,37,39,38,39,39,39,44,36,35,37,37,36,35,38,39,32,35,34,34,35,32,36,37,32,33,32,32,33,33,36,37,31,28,28,28,31,31,32,36
TOF,46,50,49,46,48,47,46,48,45,44,44,44,46,45,48,52,42,41,44,43,43,43,45,45,41,37,41,40,42,41,41,44,37,38,38,38,40,38,40,44,34,36,37,35,36,34,39,39,33,34,35,32,35,34,37,39,33,31,30,31,33,33,34,38
TOF,43,46,46,43,46,44,44,47,43,43,42,43,43,43,47,50,38,40,40,42,40,41,43,43,40,39,40,38,39,40,41,43,36,35,37,37,36,36,37,41,32,33,34,35,34,33,36,38,31,32,33,30,32,33,35,38,31,29,29,28,32,31,32,37
TOF,45,50,50,47,49,46,45,49,44,46,44,44,45,45,48,52,42,42,42,42,42,42,45,44,41,39,40,40,41,42,41,43,38,38,38,38,39,39,40,42,36,34,36,36,37,35,38,38,35,34,33,31,34,34,37,38,33,31,30,30,34,33,35,37
TOF,44,47,48,43,46,45,45,47,43,44,43,44,45,43,46,49,40,40,40,40,39,41,42,41,40,37,40,38,40,39,40,43,37,36,37,36,36,36,38,42,33,34,34,34,34,33,36,39,32,32,32,30,32,33,35,38,31,27,28,28,32,30,33,34
TOF,45,48,48,46,49,46,46,46,46,45,43,46,45,45,46,52,40,41,43,41,41,43,44,43,40,39,40,40,40,41,42,44,38,37,38,38,38,39,39,43,34,35,36,36,36,35,38,39,33,33,34,32,34,34,36,39,33,31,31,30,34,33,35,38
TOF,44,47,48,43,47,45,43,45,42,43,42,44,45,44,45,50,39,39,40,39,39,41,40,43,40,35,39,37,38,38,38,42,36,36,36,36,36,35,38,40,34,33,34,34,33,32,35,38,31,32,31,30,31,31,35,38,31,28,26,27,32,31,33,35
TOF,49,49,48,45,47,46,44,47,44,44,42,45,45,44,47,51,41,42,43,42,41,43,43,42,41,38,40,40,40,41,40,44,37,37,39,37,39,37,38,41,33,36,36,35,35,34,38,37,33,34,33,31,34,33,37,37,33,29,30,29,33,34,35,37
TOF,45,48,46,42,47,45,43,46,43,41,41,41,43,44,45,48,42,38,40,41,39,40,40,42,38,36,38,38,38,39,39,41,36,36,37,36,36,34,37,41,32,33,33,33,34,32,36,38,32,31,32,30,31,32,34,38,31,28,27,28,31,31,32,37
TOF,47,49,48,46,50,45,45,48,43,46,44,46,46,45,47,49,41,42,43,43,41,42,43,43,42,38,40,40,40,41,41,44,38,36,39,37,39,38,39,43,34,35,36,36,35,33,37,38,33,34,34,32,34,34,36,37,33,31,29,30,33,32,33,38
TOF,43,48,45,43,49,44,45,46,44,44,43,45,44,41,47,50,39,40,40,40,40,41,42,41,39,36,38,37,39,39,39,42,36,35,37,36,38,36,39,41,33,34,33,34,34,33,36,37,32,32,32,31,32,33,35,36,32,29,27,29,32,30,32,34
TOF,48,50,49,47,50,46,47,48,45,46,45,44,46,44,48,51,42,42,42,43,42,42,45,44,41,39,41,40,41,42,42,44,37,37,38,37,39,37,40,43,34,35,36,37,35,35,38,40,34,34,35,33,34,34,37,37,34,31,30,30,35,33,34,39
TOF,45,47,48,46,47,44,43,47,44,43,41,44,44,45,46,52,41,41,42,42,41,43,43,40,40,37,39,38,39,39,41,41,37,36,35,36,37,37,39,40,34,35,35,33,34,33,35,38,32,33,33,31,33,32,35,36,31,29,29,28,32,31,33,37
TOF,48,49,49,45,51,46,45,49,47,47,45,46,45,46,47,50,42,42,43,43,43,42,45,44,41,40,40,41,41,42,42,43,38,38,40,38,39,38,40,42,35,36,36,37,35,34,36,38,34,33,33,32,35,33,37,39,32,31,30,30,34,33,34,38
TOF,45,48,47,44,48,45,43,48,45,44,41,44,44,43,46,50,38,40,42,42,40,41,43,42,39,38,38,38,39,39,42,42,37,36,36,35,37,36,38,42,33,35,34,35,34,32,37,39,32,33,32,31,33,33,35,37,31,29,28,28,32,30,35,36
TOF,48,50,51,46,52,47,46,48,47,45,44,45,45,47,47,52,42,41,42,43,42,43,43,42,42,39,41,41,40,42,41,45,38,39,39,38,39,39,41,42,35,36,37,35,37,35,38,39,34,33,35,33,35,34,36,37,33,30,31,30,34,33,34,39
TOF,47,50,49,47,50,46,44,46,44,46,42,45,43,42,46,51,41,40,42,42,40,43,44,44,40,37,40,39,40,40,39,41,37,35,37,38,38,36,39,41,34,34,35,36,35,33,36,37,33,32,33,32,32,32,36,38,31,29,28,28,32,31,33,37
TOF,48,51,51,48,50,47,47,49,48,48,43,47,45,45,47,52,42,42,42,43,41,44,44,43,42,40,42,40,41,42,42,45,39,38,39,39,40,39,42,41,36,36,37,36,37,35,37,39,33,34,34,33,35,34,36,39,33,30,30,30,34,34,35,39
TOF,45,48,49,45,48,48,44,47,44,45,44,42,44,43,46,48,41,41,43,41,41,41,43,44,41,37,38,39,40,40,40,44,36,35,37,36,37,37,39,41,33,34,35,34,34,32,36,37,32,32,32,31,33,33,36,37,31,29,29,28,32,31,33,37
TOF,47,49,50,47,51,49,48,48,49,47,44,46,46,45,48,50,42,41,43,43,42,42,45,43,42,40,41,41,41,41,41,43,38,37,40,39,39,39,40,42,35,37,37,37,35,35,39,38,35,34,34,33,35,35,35,40,33,30,31,30,34,33,35,38
TOF,48,48,50,44,48,48,43,46,45,42,41,45,42,42,48,49,41,40,41,40,41,42,43,43,40,38,39,38,39,40,40,42,37,37,37,37,37,36,37,41,34,35,36,35,35,34,36,37,34,32,33,31,33,32,35,36,31,29,28,29,33,31,32,35
TOF,48,51,51,48,51,49,47,49,46,47,45,46,48,44,49,52,42,43,44,43,42,45,46,44,42,40,40,40,41,43,43,44,39,39,39,37,40,39,42,43,35,36,37,37,38,36,39,39,34,34,35,33,36,34,37,39,33,31,31,31,35,34,34,39
TOF,47,49,49,45,49,46,45,48,46,44,43,44,45,45,47,49,41,42,42,42,41,43,43,43,41,38,39,38,39,41,40,42,36,37,37,37,37,37,39,41,34,36,34,35,35,34,36,38,34,33,33,32,34,33,35,37,31,30,29,28,32,32,33,37
TOF,49,51,50,48,50,49,48,50,49,49,45,47,47,45,49,50,42,44,44,44,43,45,45,45,44,40,42,41,42,42,42,44,40,39,39,39,41,39,40,44,35,36,38,37,37,35,39,38,35,34,35,34,35,35,38,39,33,31,31,31,35,34,36,39
TOF,48,47,49,45,49,46,45,47,47,44,42,44,46,43,46,49,40,41,41,42,39,41,43,44,40,39,40,38,39,40,41,41,36,37,38,37,38,37,38,40,34,34,36,34,35,32,36,37,33,33,32,31,33,34,36,36,31,29,29,28,33,31,32,37
TOF,47,49,49,46,52,46,47,47,47,45,43,45,47,43,46,51,41,41,42,43,43,43,43,43,41,39,40,41,40,41,42,44,38,37,39,38,39,38,39,43,35,35,36,35,36,34,38,39,34,35,34,32,34,35,37,37,32,31,30,30,34,32,34,38
TOF,44,47,47,46,46,45,44,46,44,44,43,44,44,42,46,50,40,38,40,41,40,40,42,41,41,37,37,38,40,39,40,42,36,35,37,36,36,35,38,41,32,33,35,33,33,33,35,35,32,33,32,31,32,32,35,35,31,28,28,29,31,30,32,37
TOF,48,51,49,46,50,48,46,49,45,44,44,47,46,45,47,50,42,42,45,42,42,43,43,44,43,40,40,41,41,41,43,45,38,38,39,39,39,39,41,43,36,36,36,37,35,34,38,38,35,33,35,34,34,34,37,39,33,32,30,31,33,33,34,39
TOF,48,50,49,44,48,46,45,48,46,45,41,45,46,44,46,49,41,40,42,42,42,43,41,43,40,39,40,39,40,40,39,44,37,36,37,38,38,36,39,40,33,36,35,36,35,33,37,40,33,32,33,33,34,33,37,38,32,31,30,29,32,32,33,37
TOF,49,51,53,50,52,47,47,49,47,48,46,47,48,45,48,50,43,45,45,45,44,45,48,46,43,41,42,43,44,44,44,46,40,39,41,39,41,40,42,44,37,38,37,37,38,37,40,40,36,36,37,35,37,36,38,42,34,34,32,32,36,35,35,41
TOF,50,51,50,47,52,48,46,48,47,46,45,46,46,46,48,52,42,43,42,44,44,43,46,44,42,39,41,40,40,42,43,45,38,39,39,39,39,39,41,41,34,37,37,37,36,35,37,38,34,35,34,33,35,35,38,39,33,32,31,30,35,34,34,39
TOF,48,52,52,50,52,49,47,49,49,48,45,47,49,46,50,52,44,45,46,45,44,43,47,46,44,42,43,42,43,44,43,47,41,41,41,42,41,41,42,45,38,39,39,38,38,36,40,40,38,37,36,35,37,37,39,41,35,34,33,33,37,37,38,42
TOF,49,51,51,48,49,47,46,48,46,47,44,46,46,45,48,50,43,44,43,43,42,44,43,45,43,40,42,40,41,43,42,43,38,38,39,38,41,38,42,44,35,37,36,37,36,35,38,40,34,34,34,34,36,36,37,39,34,31,32,31,34,34,34,39
TOF,50,53,52,48,52,49,48,50,48,49,46,50,47,47,50,53,46,44,46,45,44,44,46,47,44,42,44,43,43,45,44,47,40,40,40,40,43,42,44,46,36,39,39,39,39,37,40,43,37,37,37,37,37,38,39,42,36,34,32,33,37,36,37,41
TOF,49,51,51,48,48,48,46,50,47,46,43,47,48,46,48,50,45,44,44,43,43,44,45,44,44,41,41,41,43,41,43,45,40,40,39,41,42,40,42,43,35,37,37,38,37,35,40,41,36,35,36,35,36,36,38,41,35,32,32,31,35,35,36,40
TOF,51,52,54,50,52,50,46,50,47,48,47,50,48,47,51,52,46,45,45,46,46,46,48,46,46,42,44,44,43,45,45,45,42,41,41,41,43,41,43,45,37,38,39,38,38,38,41,42,37,37,37,36,38,39,40,42,36,34,34,34,37,37,38,41
TOF,49,52,49,48,49,46,45,48,47,46,44,48,46,44,49,52,41,43,44,45,42,44,44,47,43,39,41,42,44,43,43,44,38,39,40,40,40,39,42,43,36,36,36,37,36,36,40,42,34,34,36,33,35,36,38,39,33,32,32,31,34,35,34,41
TOF,50,55,51,49,53,49,44,50,48,47,47,49,49,48,50,53,43,45,46,46,44,46,46,47,45,41,42,43,43,44,45,46,41,40,42,41,42,39,43,46,37,39,39,38,39,37,40,41,37,36,37,36,37,37,40,42,35,34,32,33,37,36,37,41
TOF,49,49,49,47,51,47,43,48,47,46,46,46,45,44,49,50,42,43,42,42,43,45,45,44,43,40,40,40,42,42,42,45,38,38,39,39,40,39,41,45,35,37,37,36,37,34,39,40,34,34,34,34,35,36,38,40,33,31,31,29,33,34,35,38
TOF,49,50,52,49,51,47,47,50,47,49,47,48,48,46,49,52,44,44,46,45,44,43,45,45,45,41,43,43,44,44,44,46,39,40,40,40,40,40,42,43,36,39,38,39,37,37,40,41,36,35,37,35,36,38,40,41,36,33,33,34,36,35,36,42
TOF,48,49,50,45,48,46,44,47,46,45,43,45,47,44,47,47,42,42,43,43,42,41,43,43,42,40,40,41,41,42,42,42,38,39,39,39,39,39,40,43,34,35,38,36,36,35,38,38,34,36,34,33,34,35,37,39,34,31,30,30,34,33,35,38
TOF,50,52,52,48,51,48,45,49,48,47,45,46,47,44,49,51,41,45,43,45,43,43,44,45,44,42,42,42,43,42,42,46,40,38,41,39,42,39,42,43,36,37,37,37,39,36,39,40,35,35,37,34,36,36,38,41,35,33,32,32,35,34,37,39
TOF,48,51,49,47,48,45,45,48,44,46,45,47,45,43,47,51,42,41,43,42,41,43,43,43,42,38,40,39,41,40,40,43,38,37,39,38,40,37,40,42,36,37,35,36,36,35,37,37,35,32,34,33,34,33,38,38,33,31,30,31,35,33,35,38
TOF,49,50,51,47,51,48,47,47,48,46,46,48,47,45,48,53,43,44,44,45,43,43,45,45,45,42,42,43,42,43,43,46,40,39,40,39,41,40,42,44,37,38,38,38,37,37,41,40,36,35,35,34,35,36,38,40,34,32,32,31,35,34,35,40
TOF,47,50,50,44,48,46,45,48,46,45,44,44,44,44,48,50,41,43,42,43,42,42,43,43,42,37,40,40,40,40,41,43,39,38,37,38,38,38,40,44,34,35,36,36,35,35,37,39,33,34,34,33,35,35,37,38,33,31,31,30,33,32,33,38
TOF,49,51,53,48,53,47,46,49,47,46,46,46,46,46,48,51,42,43,44,44,43,43,45,43,44,41,42,42,41,42,43,44,39,40,39,40,40,40,42,43,35,37,38,37,37,36,40,42,35,35,35,34,36,36,38,38,34,33,32,31,34,35,35,40
TOF,48,48,49,46,51,46,43,47,45,45,43,45,45,43,45,49,40,41,42,42,41,41,43,43,41,39,40,40,40,40,39,45,37,37,37,38,39,37,39,41,34,34,35,35,36,35,38,38,33,34,34,32,34,34,36,38,33,29,30,29,33,31,34,37
TOF,50,49,50,48,48,46,46,48,47,48,44,46,47,45,48,51,42,43,43,43,41,44,45,44,41,40,42,42,42,41,42,44,39,40,39,39,40,39,41,44,36,38,37,36,36,34,39,40,34,34,35,34,36,35,37,38,34,33,32,31,35,34,35,41
TOF,45,51,48,44,49,47,43,46,47,42,43,44,44,44,46,49,41,40,42,41,40,41,43,42,40,39,39,39,39,41,41,42,38,36,37,38,38,37,40,40,34,33,35,35,35,33,36,37,33,32,33,32,33,33,36,38,33,30,29,29,33,33,34,37
TOF,48,50,50,47,50,48,45,47,46,45,44,45,46,44,48,52,43,42,42,44,42,43,46,44,42,39,41,41,41,42,42,45,39,38,39,38,40,39,42,43,35,36,37,37,36,35,39,38,35,34,35,33,35,36,37,38,34,32,31,30,35,34,35,39
TOF,47,48,47,45,48,45,44,46,45,45,42,44,45,43,46,50,41,42,42,41,40,41,43,41,40,39,40,39,39,41,40,42,38,36,36,37,38,38,38,41,34,35,35,34,35,33,37,38,33,33,32,32,33,33,35,38,31,30,29,30,33,32,34,37
TOF,48,51,51,47,50,46,45,48,46,46,44,46,45,45,48,49,41,44,44,42,43,43,44,44,42,41,42,41,42,42,41,45,38,36,39,38,40,38,42,43,35,36,37,38,36,34,39,39,35,35,36,34,34,35,37,39,35,32,33,31,34,34,35,39
TOF,47,48,50,44,47,46,45,47,46,44,42,42,44,42,46,50,42,41,41,41,41,41,42,43,41,39,39,39,39,39,41,43,37,36,37,37,39,37,39,42,33,35,36,35,34,33,37,38,33,32,33,31,33,33,34,37,33,30,29,29,33,31,35,37
TOF,48,49,49,47,50,47,46,47,46,46,43,47,47,46,49,52,42,43,44,43,43,43,45,43,43,40,42,41,42,42,42,44,40,38,39,38,39,39,41,44,36,37,38,36,36,36,39,40,35,34,35,34,36,35,38,38,34,31,31,31,34,34,35,38
TOF,50,47,49,45,48,45,44,47,46,43,43,45,45,44,46,49,38,40,42,42,40,43,42,41,41,39,39,39,40,39,39,43,38,36,37,38,38,37,39,41,34,34,36,34,35,34,36,38,33,33,34,31,33,34,36,38,32,31,30,29,33,32,33,37
TOF,50,50,49,47,48,47,47,48,46,46,45,46,45,45,46,50,43,43,43,44,42,45,44,44,43,40,41,41,41,42,41,44,39,38,40,38,40,39,39,42,35,36,37,37,38,35,38,38,35,34,34,33,35,36,38,40,34,33,32,30,34,34,36,41
TOF,45,49,49,46,48,43,43,46,44,44,42,44,45,44,47,48,40,41,41,43,41,42,44,42,42,37,40,39,41,41,42,43,38,37,38,36,38,39,40,41,34,35,36,34,35,33,36,38,33,33,32,32,33,33,35,38,32,30,29,30,32,32,34,37
TOF,48,50,48,47,51,44,45,49,47,45,45,47,45,46,48,52,42,43,42,44,43,43,45,43,42,40,42,41,42,41,42,45,38,39,39,38,40,39,41,43,37,37,37,37,37,36,40,40,35,35,35,33,35,35,36,39,34,32,31,31,34,35,35,39
TOF,47,48,48,44,48,45,42,46,45,43,41,43,43,43,46,47,41,41,42,41,41,42,44,42,40,38,40,40,40,41,41,42,37,37,37,36,38,36,38,42,33,35,35,35,34,32,36,37,33,33,34,31,33,33,36,38,33,30,29,29,34,33,34,39
TOF,49,50,50,47,50,47,45,48,47,45,45,46,45,44,49,51,42,43,43,43,42,43,45,44,43,39,41,40,41,42,42,45,39,37,39,39,39,39,41,44,36,36,37,36,36,33,38,38,34,35,35,33,35,34,37,40,33,31,31,30,34,33,34,37
TOF,46,48,43,46,48,44,44,47,45,44,43,42,45,42,46,48,41,41,41,41,40,41,41,42,40,37,40,38,38,38,40,41,36,36,35,36,37,35,38,40,34,34,34,33,33,33,37,37,32,32,32,30,32,32,35,37,32,28,29,28,32,30,32,35
TOF,48,50,50,46,49,47,44,47,46,46,44,45,45,43,46,50,41,41,42,41,41,42,43,42,41,39,38,40,40,40,40,44,38,38,38,37,38,36,38,41,35,36,34,35,35,33,37,38,34,33,34,33,33,33,36,38,33,31,30,30,33,33,33,39
TOF,45,49,47,43,48,43,43,46,45,45,42,44,45,42,45,50,40,41,40,41,39,41,40,43,40,38,39,39,39,38,39,43,36,34,36,37,37,36,38,39,32,34,34,34,33,32,35,36,32,32,32,31,32,33,34,35,31,28,28,29,31,32,33,36
TOF,49,50,50,46,51,46,45,47,47,47,45,46,46,44,47,49,41,41,43,43,41,42,43,44,43,39,41,40,41,40,41,44,38,39,39,39,39,39,41,42,35,35,37,37,36,34,38,38,34,34,35,33,34,35,36,38,33,31,31,30,35,32,33,38
TOF,47,49,50,44,49,44,45,46,44,44,42,44,43,42,45,50,39,41,40,41,41,41,43,43,40,38,40,38,39,39,40,43,36,35,37,36,36,36,38,39,34,35,34,34,34,32,36,37,32,32,33,32,32,33,35,36,31,28,30,29,32,30,32,36
TOF,49,50,49,46,50,47,44,48,46,47,43,45,46,45,47,50,41,42,43,42,42,43,43,44,42,39,40,40,40,41,41,44,38,37,38,38,39,38,40,41,34,35,36,36,36,34,38,38,34,34,35,33,34,35,36,38,31,32,30,30,34,33,34,38
TOF,47,48,48,43,49,43,43,46,44,44,42,45,44,42,46,48,40,40,39,40,40,41,45,42,42,36,38,38,39,40,40,43,37,36,37,36,37,36,39,39,33,34,34,33,35,32,36,36,33,31,32,30,31,32,35,37,32,29,28,28,32,31,32,36
TOF,49,50,50,43,49,45,45,50,46,47,45,47,45,46,49,51,43,42,43,41,41,43,45,43,41,38,40,41,40,41,42,42,38,37,38,38,39,38,39,42,35,36,36,35,35,34,36,39,34,34,35,32,35,34,37,38,32,31,30,30,33,33,34,38
TOF,48,51,49,47,50,45,45,46,44,44,43,44,45,43,45,50,41,41,42,41,41,43,42,43,41,40,39,39,39,40,41,43,37,38,37,36,37,36,39,41,34,36,34,35,35,33,35,38,34,32,33,31,33,33,35,37,31,29,29,29,32,32,33,38
TOF,52,51,52,48,52,49,45,49,50,48,46,48,49,45,48,51,44,43,43,43,44,46,45,45,44,41,42,42,42,42,42,45,40,40,41,39,41,39,41,41,36,38,37,37,36,36,39,38,35,34,35,34,36,35,37,39,35,31,31,31,34,34,36,37
TOF,53,51,49,48,48,46,46,48,45,46,44,44,46,45,46,50,41,42,43,43,40,43,45,42,42,40,39,39,40,40,42,44,40,37,38,37,38,37,38,41,35,34,37,36,35,34,37,37,35,33,33,33,33,33,36,37,32,30,30,30,33,33,32,38
TOF,53,54,54,49,54,50,48,52,50,51,48,51,50,48,49,55,47,46,48,46,46,47,47,44,45,44,44,43,42,45,42,48,41,41,42,40,41,40,42,44,36,38,38,40,38,38,40,40,38,37,36,35,38,36,38,40,36,34,32,34,35,36,36,39
TOF,56,56,58,52,55,53,51,53,53,57,49,52,52,50,51,57,51,49,48,48,49,48,50,50,46,47,46,47,46,48,45,49,44,43,44,43,45,43,45,44,39,42,40,42,40,40,41,42,39,37,39,38,40,38,42,40,36,37,34,36,38,38,37,43
TOF,60,63,62,59,60,57,57,58,59,61,56,60,57,57,56,57,59,56,53,55,53,54,55,52,53,53,52,53,51,52,50,52,50,47,49,49,48,48,50,50,45,47,46,47,46,45,47,47,44,44,44,44,43,43,45,47,43,41,39,40,43,41,41,45
TOF,66,65,69,61,67,59,59,58,61,64,59,64,57,60,58,60,64,61,61,57,58,55,56,54,58,58,54,59,54,57,50,55,58,50,52,51,52,48,51,50,49,53,47,51,47,48,47,49,51,45,47,44,46,46,46,47,43,47,41,44,43,46,42,51
TOF,79,73,81,78,80,71,71,70,66,75,73,80,70,74,71,73,69,79,76,71,71,68,71,65,66,74,67,73,64,70,62,68,76,72,73,66,67,63,67,63,62,74,59,66,58,64,59,64,61,63,63,58,60,58,59,56,60,63,51,58,54,59,54,61
TOF,224,215,88,93,95,86,84,81,2777,2763,90,100,85,86,80,88,2956,2954,94,91,88,83,81,75,2955,2934,86,96,76,83,79,79,2970,86,91,81,84,76,78,79,78,88,79,85,73,75,67,75,2943,87,84,71,73,69,74,69,75,88,67,77,68,71,63,76
TOF,298,252,116,102,115,105,104,99,2812,2721,103,2700,106,109,98,100,2988,2932,2903,109,103,101,99,93,2957,2921,104,117,102,104,93,99,3005,2930,2910,106,104,92,98,90,2934,2918,103,115,92,92,87,93,2948,2889,107,98,92,87,91,88,2946,2910,96,100,84,88,78,86
TOF,196,2866,2455,2404,130,119,115,111,2773,2745,2698,2741,121,121,112,111,2960,2934,2928,2856,127,113,110,106,2965,2937,2891,2872,120,115,105,105,2974,2931,2892,2860,125,107,106,102,2956,2898,2883,2856,115,112,101,101,2914,2918,2888,124,113,101,99,96,2990,2911,115,2866,103,100,92,95
TOF,238,201,2386,2376,2366,136,125,121,2774,2752,2703,2789,136,138,122,119,2958,2930,2882,2849,140,128,119,115,2968,2938,2918,2876,135,131,117,113,2985,2919,2885,2864,2875,123,116,110,2931,2941,2889,2868,128,127,113,112,2978,2918,2862,2865,132,117,113,107,2944,2926,2864,2886,117,113,102,104
TOF,271,208,2409,2418,2328,143,131,125,2834,2707,2672,2752,2824,147,128,122,2957,2940,2919,2866,2813,138,127,120,2946,2905,2895,2885,2866,140,124,119,2962,2928,2884,2885,2860,134,121,114,2927,2926,2875,2868,2861,133,119,111,2932,2892,2878,2852,2829,127,115,107,2960,2910,2865,2850,2834,126,110,107
TOF,284,246,196,2391,2362,150,137,128,2787,2788,2772,2742,2865,149,136,127,3018,2925,2895,2849,2811,153,134,123,2963,2929,2891,2876,2851,2840,133,124,2952,2923,2884,2856,2858,2822,132,120,2946,2893,2888,2864,2865,2813,127,116,2907,2893,2885,2841,2820,2802,122,114,2950,2917,2918,2867,2818,139,118,111
TOF,281,237,214,2413,2336,2304,137,127,2775,2847,2703,2814,2768,2863,138,125,2984,2933,2901,2860,2813,2740,133,125,2949,2903,2883,2872,2844,2830,134,123,2950,2947,2902,2884,2870,2824,133,119,2921,2892,2864,2866,2856,2844,130,117,2968,2892,2862,2854,2832,2800,124,116,2925,2926,2896,2827,2798,2811,118,111
TOF,275,2696,202,2370,2383,2293,142,130,2762,2728,2785,2679,2805,2796,138,128,2952,2918,2901,2858,2792,2765,135,125,2990,2924,2903,2883,2870,2831,137,124,2949,2928,2892,2910,2857,2835,135,123,2943,2908,2891,2844,2835,2822,133,121,2929,2920,2865,2861,2826,2803,130,118,2927,2917,2885,2853,2832,2795,123,114
TOF,280,2699,2703,2412,2339,2293,139,130,2793,2773,2726,2689,2830,2774,137,128,2955,2922,2931,2877,2793,2680,136,126,2948,2924,2902,2871,2856,2828,134,125,2935,2943,2878,2870,2843,2836,137,122,2942,2896,2881,2853,2844,2822,136,120,2910,2887,2881,2849,2844,2794,128,117,2963,2894,2870,2864,2834,2798,123,114
TOF,2883,241,2886,2408,2330,2294,142,134,2800,2729,2858,2720,2823,2816,140,131,3008,2931,2909,2866,2795,2712,140,127,2984,2934,2893,2878,2867,2821,139,127,3004,2937,2876,2881,2855,2825,138,127,2934,2912,2909,2845,2828,2819,138,123,2918,2899,2887,2853,2816,2810,132,120,2961,2911,2893,2840,2837,2784,126,117
TOF,2942,247,2575,2362,2408,2306,144,133,2880,2735,2732,2791,2817,2805,142,131,2989,2959,2901,2851,2798,2690,139,128,2976,2919,2907,2877,2848,2813,139,125,2941,2908,2883,2860,2847,2809,137,124,2943,2905,2873,2866,2836,2825,136,124,2935,2903,2889,2847,2832,2811,131,121,2950,2929,2882,2838,2831,2814,125,117
TOF,267,2813,2669,2401,2343,2298,147,135,2879,2681,2733,2805,2871,2804,142,133,2983,2938,2901,2849,2838,2744,141,130,2972,2932,2918,2888,2846,2832,141,128,2964,2924,2890,2868,2847,2838,140,127,2961,2942,2876,2858,2843,2824,139,125,2928,2906,2882,2857,2830,2813,134,122,2921,2886,2900,2850,2804,2800,128,120
TOF,273,249,2417,2410,2329,2297,142,131,2766,2755,2731,2700,2775,2822,141,130,2949,2928,2914,2873,2871,2677,139,128,2973,2931,2907,2873,2860,2832,139,129,2943,2922,2893,2869,2831,2829,136,127,2958,2928,2882,2878,2833,2824,136,124,2923,2911,2893,2861,2799,2784,131,121,2948,2906,2868,2840,2828,2793,127,117
TOF,272,2694,2600,2417,2361,2325,143,135,2806,2735,2700,2674,2740,2810,141,133,2956,2943,2896,2880,2790,2746,141,130,2961,2903,2900,2886,2864,2839,139,128,2965,2916,2894,2863,2843,2821,138,127,2942,2877,2885,2868,2851,2825,140,126,2950,2915,2900,2829,2823,2775,134,122,2944,2918,2877,2858,2828,2791,129,119
TOF,279,229,194,2346,2410,162,142,132,2739,2768,2721,2793,2816,159,141,130,2963,2936,2886,2859,2815,2744,137,128,2978,2933,2883,2879,2859,2850,137,127,2993,2921,2900,2868,2851,2829,136,124,2924,2895,2861,2854,2842,2830,135,123,2929,2894,2888,2861,2825,2796,130,120,2915,2894,2865,2833,2825,2801,126,116
TOF,273,227,2446,2407,2351,160,141,133,2780,2716,2687,2772,2754,154,142,130,2997,2924,2930,2850,2825,156,136,130,2971,2922,2906,2884,2857,159,136,127,2987,2910,2879,2853,2867,2811,135,125,2948,2912,2879,2858,2854,2814,135,125,2924,2903,2893,2851,2830,2803,132,122,2941,2894,2880,2862,2837,146,128,119
TOF,259,239,2515,2409,2349,158,139,130,2847,2728,2707,2798,2879,154,137,128,2979,2911,2890,2868,2807,153,136,127,2939,2942,2908,2871,2862,154,135,126,2982,2923,2874,2858,2852,154,134,123,2929,2907,2889,2853,2831,2802,133,122,2939,2917,2890,2862,2835,151,128,121,2966,2910,2901,2868,2847,147,124,115
TOF,280,2894,2408,2395,2352,159,140,132,2760,2819,2685,2797,2755,158,138,129,2974,2950,2912,2867,2819,155,137,127,2967,2950,2887,2882,2872,156,134,127,2954,2915,2890,2858,2834,154,135,125,2940,2887,2884,2849,2865,153,134,124,2945,2901,2873,2834,2827,157,131,120,2939,2896,2856,2854,2806,145,125,118
TOF,258,2603,197,2383,2346,155,141,132,2762,2741,2702,2673,2844,153,137,131,2977,2901,2892,2864,2795,150,136,127,2955,2920,2909,2886,2866,152,135,127,2936,2931,2892,2890,2848,155,135,126,2945,2907,2883,2859,2832,156,134,122,2956,2916,2868,2820,2822,152,131,120,2945,2893,2889,2843,2839,147,126,115
TOF,259,234,2480,2397,2367,165,145,138,2763,2720,2694,2695,2821,163,141,136,2979,2950,2912,2864,2791,155,142,133,2956,2936,2889,2899,2865,154,140,133,2953,2916,2876,2889,2847,159,140,131,2946,2908,2905,2862,2828,164,137,130,2923,2920,2874,2868,2826,148,137,125,2939,2913,2863,2851,2833,156,130,124
TOF,279,2493,2467,2401,2391,169,151,143,2820,2731,2691,2797,2819,168,147,143,2974,2922,2924,2833,2780,167,146,140,3002,2933,2887,2874,2847,170,146,140,2948,2933,2874,2869,2844,164,148,137,2950,2929,2879,2854,2816,179,144,138,2931,2907,2890,2868,2839,165,143,130,2916,2903,2887,2835,2838,157,136,129
TOF,282,2884,2460,2392,2436,176,163,154,2826,2786,2736,2649,2790,182,156,154,2977,2911,2905,2877,2800,181,160,149,2980,2923,2930,2884,2852,188,156,153,2956,2930,2861,2849,2852,182,159,148,2958,2890,2877,2866,2789,2812,157,148,2956,2910,2872,2874,2827,181,155,143,2944,2909,2870,2859,2852,183,148,145
TOF,314,254,2378,2388,2316,186,169,161,2845,2706,2734,2820,2749,199,167,161,2977,2945,2913,2851,2822,193,168,158,2959,2925,2911,2896,2843,197,168,161,2989,2925,2907,2864,2846,204,172,157,2916,2921,2880,2858,2845,2804,168,159,2953,2903,2881,2844,2839,2778,168,154,2935,2906,2874,2837,2822,2812,159,155
TOF,327,270,246,2392,2340,208,180,169,2825,2726,2654,2798,2855,206,176,173,2982,2932,2908,2841,2814,209,180,168,2994,2941,2897,2892,2871,226,177,172,2990,2940,2911,2855,2856,2823,183,168,2914,2902,2854,2852,2835,2829,180,170,2938,2903,2882,2849,2843,2792,178,166,2920,2912,2875,2850,2824,2793,172,165
TOF,313,274,250,2403,2367,210,184,174,2752,2756,2670,2723,2752,216,183,171,3006,2921,2897,2857,2792,218,183,173,3024,2944,2898,2869,2843,2807,186,172,2946,2907,2877,2878,2853,2824,186,173,2922,2909,2884,2867,2848,2824,189,172,2923,2930,2898,2852,2814,2803,184,168,2941,2912,2870,2847,2830,2792,179,168
TOF,323,2969,2486,2423,2375,219,182,174,2746,2739,2789,2819,2876,209,185,173,2965,2935,2878,2867,2800,2746,182,174,3006,2941,2912,2876,2849,2814,188,172,2948,2927,2906,2883,2845,2831,187,175,2964,2908,2900,2864,2841,2797,193,172,2940,2911,2871,2866,2842,2802,187,170,2957,2906,2898,2861,2838,2836,184,168
TOF,329,279,2498,2411,2331,198,175,169,2787,2738,2722,2700,2810,202,178,165,3006,2926,2894,2874,2795,2711,176,167,2957,2943,2905,2869,2857,2811,180,166,2961,2897,2900,2861,2838,2815,180,167,2942,2915,2886,2873,2844,2811,183,163,2926,2908,2881,2840,2814,2819,177,162,2941,2868,2890,2863,2870,2799,178,158
TOF,321,278,244,2382,2368,199,169,163,2778,2731,2670,2730,2835,189,170,158,2971,2937,2894,2862,2824,2710,168,162,2949,2927,2906,2896,2857,2849,172,158,2955,2922,2885,2865,2859,2810,168,158,2936,2897,2893,2860,2830,2815,176,155,2909,2913,2890,2852,2838,2814,165,158,2960,2938,2890,2860,2843,2792,165,149
TOF,309,285,2510,2370,2341,177,157,153,2812,2711,2769,2651,2770,170,161,146,2968,2932,2894,2840,2820,176,155,149,2960,2916,2908,2874,2842,169,160,148,2930,2906,2894,2856,2854,176,154,149,2957,2928,2868,2873,2851,172,158,143,2922,2925,2869,2853,2826,2821,150,144,2934,2891,2887,2851,2829,165,152,137
TOF,312,273,2404,2414,2356,166,151,147,2780,2798,2690,2708,2753,160,153,144,2950,2928,2909,2882,2791,161,146,144,2973,2944,2902,2892,2858,155,148,140,2947,2916,2882,2879,2858,159,144,142,2946,2915,2883,2865,2857,154,148,138,2944,2890,2878,2833,2833,159,141,139,2924,2939,2871,2840,2821,149,141,133
TOF,283,253,2527,2383,2351,151,141,139,2759,2786,2683,2711,2824,147,142,135,2934,2923,2886,2864,2781,147,137,136,2978,2946,2905,2873,2852,145,139,130,2958,2922,2886,2865,2855,145,135,131,2924,2918,2870,2869,2851,141,137,129,2912,2909,2853,2864,2840,143,134,131,2957,2906,2861,2861,2829,136,133,128
TOF,292,239,2409,2422,156,146,138,136,2774,2747,2735,2715,159,142,138,132,2977,2921,2898,2855,153,142,133,132,2963,2918,2909,2877,2865,138,134,129,2955,2932,2901,2872,150,137,131,127,2958,2897,2889,2867,154,134,132,125,2928,2913,2882,2839,146,135,128,127,2937,2901,2873,2866,147,131,129,125
TOF,282,248,2501,2407,148,139,133,132,2845,2677,2726,2751,149,136,134,129,3004,2942,2886,2848,143,134,130,126,2951,2916,2884,153,145,131,128,123,2969,2936,2908,2853,140,131,125,121,2924,2886,2894,147,141,127,124,118,2938,2924,2893,153,135,129,124,120,2976,2933,2887,147,138,124,124,120
TOF,276,240,2469,2412,147,137,131,132,2828,2724,2669,150,144,134,132,127,2979,2956,2912,149,141,133,128,127,2946,2920,2909,149,142,127,126,122,2956,2940,2884,146,135,128,122,121,2946,2911,2884,142,134,126,124,118,2945,2938,2875,145,131,127,122,119,2939,2938,2893,142,130,123,122,118
TOF,278,233,157,2385,142,134,130,129,2805,2741,2663,150,139,129,127,124,2978,2918,2918,147,134,127,126,123,2969,2916,2903,143,132,125,121,118,2985,2923,2874,142,130,122,119,117,2942,2894,2873,136,129,121,119,112,2937,2921,2861,137,126,119,117,115,2968,2926,134,132,127,116,116,113
TOF,274,238,161,144,141,133,129,129,2781,2732,2677,146,138,131,129,126,2958,2936,2921,143,134,127,126,123,2970,2915,2912,143,133,124,123,120,2961,2935,2883,144,130,123,121,116,2950,2907,2882,135,129,122,119,117,2925,2918,2867,135,125,122,119,116,2940,2913,142,132,125,117,117,115
TOF,277,251,2452,147,140,130,129,128,2773,2687,2687,148,135,129,126,123,2969,2940,2897,143,131,124,126,122,2956,2920,2877,143,129,124,121,121,2997,2929,141,137,128,120,118,116,2966,2899,144,136,128,120,120,114,2942,2908,137,134,124,119,113,113,2997,2916,138,130,123,118,116,113
TOF,279,235,163,147,141,132,132,128,198,2719,2709,141,136,130,129,126,2970,2921,2906,147,134,128,127,124,2978,2936,148,142,132,128,125,121,2965,2921,143,140,130,123,121,121,2928,2933,145,137,129,122,120,119,2925,2892,148,135,125,123,118,116,2960,2905,140,134,127,121,118,117
TOF,277,248,160,147,140,131,129,126,205,2708,2673,148,135,129,128,125,2979,2945,2900,145,133,127,125,125,2937,2929,2882,144,131,125,123,121,2965,2920,148,140,128,123,121,119,2946,2916,147,136,126,121,120,117,2978,2891,147,137,125,122,119,118,2930,2915,145,133,125,118,118,116
TOF,274,249,165,151,141,134,131,130,212,2759,2712,150,138,131,130,128,3008,2930,2909,147,136,130,129,126,2995,2952,2876,146,134,128,124,122,2944,2904,153,142,132,125,123,120,2941,2901,148,140,130,123,122,118,2952,2892,148,138,127,123,121,119,2963,2915,143,135,127,120,119,117
TOF,274,267,161,156,140,132,129,130,219,2713,2715,146,137,130,130,128,2980,2965,2917,146,135,128,126,124,2964,2929,2931,142,132,126,124,123,2964,2917,152,143,131,125,123,119,2960,2910,148,138,128,122,122,117,2958,2919,148,136,126,121,120,117,2967,2931,141,134,125,121,119,118
TOF,276,267,170,157,141,135,132,130,219,2741,2707,150,139,133,131,128,2999,2923,2909,153,137,128,129,129,2991,2927,2882,144,135,129,126,125,2967,2921,152,144,132,126,122,122,2954,2926,150,140,129,124,123,119,2951,2914,146,137,128,124,122,118,2952,2934,142,134,126,121,120,119
TOF,272,267,166,159,139,134,132,128,234,2750,2690,147,138,133,128,126,2982,2954,148,149,135,129,128,125,2973,2929,151,145,132,126,126,124,2930,2904,150,138,130,126,123,121,2943,2914,146,139,129,124,123,118,2922,2892,150,135,124,124,121,118,2936,2921,138,134,123,119,117,117
TOF,270,269,168,162,141,135,134,132,226,2673,2715,151,138,133,131,129,3005,2956,158,149,137,131,127,127,2982,2933,153,144,135,130,128,125,2952,2933,157,143,132,125,125,122,2950,2895,149,139,131,125,125,120,2927,2920,144,135,127,127,122,121,2938,2930,142,133,127,122,121,119
TOF,269,271,168,160,139,134,131,130,243,2650,2697,149,136,133,130,127,3003,2929,147,145,135,128,129,125,2941,2931,154,143,133,129,128,126,2937,2923,147,141,128,125,124,120,2946,2898,150,136,129,122,123,119,2936,2905,146,133,128,122,121,119,2961,2912,142,133,124,121,119,119
TOF,272,270,168,161,140,135,134,133,237,2695,153,152,138,134,131,129,2978,2940,155,146,136,131,130,129,2974,2944,154,143,136,128,128,126,2943,2942,154,142,134,128,126,123,2954,2935,147,139,128,125,126,124,2924,2913,148,136,129,124,123,119,2929,2903,143,133,128,123,121,121
TOF,269,268,172,157,137,133,131,131,223,2751,153,146,138,131,131,128,2994,2949,152,143,135,129,130,125,2932,2922,154,140,133,128,127,123,2918,2888,148,139,130,127,124,120,3013,2917,150,135,130,126,122,119,2937,2928,143,132,126,121,121,119,2940,2893,135,132,124,121,120,119
TOF,271,261,167,157,137,136,133,132,238,2735,150,149,138,133,131,129,3009,2916,152,142,137,131,131,128,2950,2930,153,142,133,130,125,125,2965,2905,147,141,131,126,125,123,2941,2886,151,137,130,124,125,121,2945,2915,145,135,128,124,122,121,2930,2921,142,131,128,121,122,119
TOF,261,266,169,156,136,132,132,129,232,2763,154,146,137,133,129,127,2960,2952,148,144,132,129,128,126,2938,2920,150,140,131,127,126,123,2955,2909,145,139,130,124,124,121,2939,2909,147,134,128,125,125,121,2949,2901,145,132,127,125,121,119,2949,2928,141,131,125,121,121,118
TOF,265,265,169,158,138,135,133,131,224,2679,151,149,138,135,131,128,2974,2932,152,145,135,131,131,127,2971,2917,149,142,133,130,126,125,2917,2910,147,139,131,128,125,124,2948,2911,145,136,131,126,125,122,2944,2901,146,134,129,125,122,122,2964,2941,146,133,126,123,122,119
TOF,265,265,168,156,137,134,130,129,246,183,150,148,136,131,129,128,2963,2942,148,144,135,130,129,126,2973,2927,150,143,133,127,124,125,3007,2899,149,139,129,126,124,122,2929,2940,150,135,127,124,125,119,2937,2901,143,131,128,125,123,122,2936,2888,142,133,124,121,119,119
TOF,266,267,168,157,137,137,134,130,246,2716,155,150,138,135,132,129,2986,2952,152,144,135,130,130,129,2980,2939,151,143,133,130,127,127,2952,2930,151,141,133,128,126,125,2950,2917,152,140,133,126,127,122,2963,2897,146,135,129,127,125,120,2952,2922,143,134,128,123,121,121
TOF,267,266,166,156,137,134,132,130,246,2715,156,149,137,133,133,128,2981,2924,154,145,134,130,129,127,2971,2933,154,142,134,128,128,124,2956,2925,148,139,132,126,124,122,2954,2910,148,139,129,127,126,120,2930,2897,147,135,128,126,122,121,2948,2916,142,131,127,121,120,119
TOF,264,269,171,159,138,136,134,131,251,193,159,150,137,135,133,130,3009,2936,152,148,135,132,131,127,2951,2955,152,143,135,130,129,127,2941,2919,153,142,132,128,124,123,2915,2916,152,139,133,128,126,121,2945,2916,143,136,129,128,123,121,2978,2929,147,133,128,124,121,122
TOF,266,269,174,157,137,134,132,130,245,198,153,153,136,133,131,128,2961,2926,151,145,136,129,129,126,2956,2938,154,144,133,129,128,123,2942,2910,154,140,132,125,125,124,2964,2884,151,137,129,124,125,120,2950,2897,145,136,129,125,122,119,2940,2935,145,135,126,121,120,119
TOF,264,262,165,159,138,137,133,131,249,194,154,152,139,135,132,130,2994,2939,152,148,135,132,132,130,2950,2918,153,145,137,132,129,126,2949,2925,151,142,133,127,127,124,2975,2907,155,140,131,126,126,122,2934,2909,148,137,129,125,124,123,2960,2909,147,136,129,122,122,122
TOF,262,264,172,157,137,135,133,131,250,197,2685,149,136,133,130,127,2971,2933,154,148,134,129,129,127,2942,2926,154,143,133,129,127,126,2973,2877,149,141,129,125,123,122,2977,2898,147,138,133,127,125,119,2939,2927,147,136,127,123,122,118,2937,2932,148,134,127,123,120,120
TOF,265,267,175,160,139,136,134,131,266,197,161,158,140,135,134,130,2988,2930,156,151,137,131,131,127,2976,2918,159,146,136,131,129,127,2937,2900,154,145,135,128,126,125,2923,2875,151,141,132,127,125,124,2922,2933,151,140,129,126,123,122,2981,2903,147,135,128,124,123,121
TOF,262,268,176,160,138,137,134,130,270,203,159,153,139,134,130,129,2958,2922,151,148,136,131,129,128,2950,2921,155,147,136,128,126,124,2978,2917,148,144,132,127,124,123,2953,2900,152,138,131,126,125,123,2927,2904,151,139,128,124,121,121,2953,2912,140,135,127,122,123,120
TOF,265,269,194,163,141,137,134,131,270,210,160,157,141,135,133,130,2979,2934,154,153,139,131,132,129,2964,2926,160,150,138,133,129,129,2932,2952,154,145,133,129,127,126,2953,2902,156,142,135,129,126,124,2949,2918,156,140,133,129,125,123,2985,2916,149,139,129,125,123,121
TOF,261,272,196,160,140,134,133,132,270,216,162,152,138,133,130,128,2974,2940,146,152,138,131,131,127,2980,2911,152,151,135,129,128,126,2993,2925,155,146,135,125,125,124,2929,2887,153,142,133,126,126,120,2941,2906,148,140,130,127,122,121,2927,2898,148,138,130,122,121,120
TOF,263,270,194,164,141,135,134,131,269,226,164,156,142,135,134,130,2986,2947,159,149,138,134,131,128,2963,2923,2896,152,138,131,128,127,2951,2945,2909,152,137,126,128,125,2949,2921,158,146,134,127,126,123,2937,2912,148,142,131,126,123,121,2945,2932,148,140,131,126,123,119
TOF,261,266,194,163,140,134,131,131,270,221,162,156,142,136,131,128,2959,2944,2912,150,138,131,129,128,2985,2940,2918,152,137,131,127,127,2956,2915,2892,148,136,125,126,125,2933,2910,2900,142,132,125,125,122,2899,2887,151,143,131,126,123,121,2936,2921,148,140,129,123,123,120
TOF,264,266,202,164,145,136,135,135,275,222,165,157,144,137,134,131,2971,2941,2916,155,143,132,131,130,2970,2930,2912,152,139,132,132,128,2947,2922,2878,153,138,131,127,127,2950,2903,2877,147,135,128,127,125,2929,2915,2883,148,133,129,125,124,2919,2905,152,142,131,127,124,124
TOF,261,270,207,160,143,136,135,132,275,224,169,156,143,134,132,130,2958,2925,2882,154,141,133,131,129,2967,2932,2918,154,141,129,127,127,2953,2935,2872,151,138,128,128,124,2947,2911,2877,148,135,127,125,123,2939,2898,152,142,134,127,125,122,2948,2900,150,142,130,123,123,122
TOF,263,270,217,161,148,137,135,133,273,219,159,160,145,140,134,133,2969,2930,2908,156,144,132,133,130,2960,2920,2910,160,141,134,130,129,2946,2883,2887,155,137,130,128,127,2934,2902,2895,151,137,129,130,124,2924,2920,150,146,136,129,127,123,2923,2926,154,144,132,127,124,123
TOF,265,270,208,162,149,137,134,131,280,222,171,155,146,137,133,129,2981,2941,2892,156,144,135,131,130,2977,2922,2894,162,141,134,129,126,2950,2943,2897,155,138,129,127,125,2930,2918,2886,154,134,130,127,124,2952,2908,2868,149,134,127,127,124,2929,2903,156,145,131,127,124,122
TOF,269,271,216,163,157,141,138,134,279,246,169,2712,153,141,136,132,2978,2938,2897,161,149,137,133,131,2948,2910,2910,160,147,136,130,131,2943,2902,2926,163,145,133,130,130,2966,2919,2896,158,140,133,129,125,2914,2916,2871,154,139,133,126,124,2940,2946,2881,154,134,131,126,127
TOF,268,277,234,170,164,139,136,135,292,259,2669,2843,155,141,135,131,2977,2927,2893,2879,157,136,133,129,2966,2911,2890,2880,151,138,129,129,2961,2930,2880,2883,149,133,127,124,2951,2922,2880,2850,144,133,128,125,2922,2876,2874,158,142,131,126,124,2942,2910,2870,158,139,131,128,124
TOF,271,282,247,2410,171,144,140,136,296,263,2660,2772,163,148,139,132,2954,2915,2908,2892,158,142,135,131,2963,2923,2892,2874,163,143,133,130,2914,2930,2902,2877,161,140,130,129,2942,2916,2880,2846,155,137,130,125,2922,2906,2871,2849,150,137,130,126,2959,2922,2888,160,147,134,129,128
TOF,270,278,242,2428,168,145,138,134,290,262,2661,2666,163,144,136,131,2990,2937,2935,2862,157,140,134,128,2990,2922,2904,2883,159,140,132,128,2953,2912,2876,2880,153,136,129,126,2936,2919,2870,2868,151,135,131,122,2959,2909,2857,2855,148,134,128,124,2996,2898,2889,153,143,131,127,123
TOF,272,281,238,2343,168,144,141,136,285,262,2716,2684,157,147,139,133,210,2921,2905,2870,159,142,135,132,2968,2910,2889,2896,158,142,133,130,2966,2897,2914,2855,156,138,129,129,2907,2909,2877,2855,151,134,132,127,2945,2926,2887,164,146,135,128,125,2938,2903,2883,155,145,132,130,126
TOF,275,284,251,2430,171,147,137,136,286,266,2721,2679,162,147,138,132,2987,2924,2907,2865,160,143,135,131,2972,2931,2898,2874,161,141,131,131,2980,2949,2890,2859,157,140,130,127,2946,2914,2890,2851,151,137,128,125,2922,2886,2875,2840,151,135,128,125,2947,2890,2906,2854,144,134,128,126
TOF,282,298,260,2395,172,153,143,141,296,255,2678,2733,166,153,139,138,2964,2932,2901,2845,174,147,139,134,2952,2929,2896,2887,165,149,137,135,2966,2931,2907,2884,170,144,137,131,2938,2901,2881,2877,163,143,133,131,2938,2921,2868,2849,159,141,134,128,2920,2913,2880,2847,149,141,131,129
TOF,296,309,277,2402,176,160,148,143,292,264,2685,2698,173,159,145,144,2998,2940,2908,2868,2804,155,144,138,2974,2923,2888,2866,2859,157,141,138,2940,2906,2891,2879,2866,149,139,137,2922,2915,2886,2860,169,151,137,135,2952,2903,2877,2858,173,147,140,133,2895,2885,2874,2861,163,151,138,136
TOF,307,321,298,2385,2369,173,158,152,306,268,2745,2754,189,176,153,152,2967,2947,2904,2871,2799,170,156,148,2955,2926,2914,2875,2842,172,152,149,2947,2928,2890,2855,2847,161,151,146,2924,2902,2879,2864,186,165,149,147,2943,2922,2902,2850,188,162,154,146,2929,2938,2901,2847,2829,167,149,149
TOF,314,339,287,2408,2354,183,167,158,278,2756,2722,2745,2873,189,164,162,2953,2933,2908,2890,2805,181,166,156,2936,2933,2904,2899,2852,191,162,158,2956,2913,2894,2886,2852,182,164,154,2937,2904,2883,2868,2820,183,160,156,2943,2904,2885,2861,2815,179,163,154,2951,2882,2889,2842,2809,187,158,161
TOF,329,347,321,2376,2347,202,178,169,2773,2737,2695,2776,2819,212,175,169,2984,2925,2886,2862,2809,205,177,168,2960,2923,2908,2886,2842,208,173,170,2968,2934,2881,2861,2845,207,180,166,2938,2887,2886,2863,2847,206,174,170,2953,2911,2891,2857,2838,203,178,169,2971,2938,2895,2861,2840,207,176,171
TOF,335,347,321,2398,2412,225,186,175,2768,2735,2714,2777,2785,224,182,176,2989,2952,2884,2881,2776,233,186,173,2951,2931,2895,2876,2845,2814,184,175,2924,2890,2898,2870,2854,220,189,173,2941,2909,2862,2854,2843,2817,186,179,2951,2906,2873,2831,2845,2804,191,175,2948,2883,2860,2856,2830,2785,186,176
TOF,338,350,330,2378,2343,2334,194,182,2782,2751,2752,2717,2877,2803,194,181,2977,2926,2916,2866,2799,2740,197,180,2949,2926,2893,2890,2852,2832,194,183,2952,2918,2874,2852,2834,2827,198,183,2960,2939,2869,2863,2841,2824,199,185,2963,2904,2893,2845,2837,2799,205,184,2956,2918,2862,2881,2818,2801,197,184
TOF,336,361,314,2375,2370,2247,194,182,2818,2716,2744,2657,2855,2791,197,180,2963,2917,2923,2866,2849,2707,200,183,2961,2917,2874,2885,2854,2821,200,184,2971,2906,2907,2879,2840,2828,201,185,2947,2902,2866,2861,2839,2850,205,186,2914,2899,2892,2852,2817,2797,206,182,2963,2896,2868,2874,2824,2790,199,184
TOF,321,380,312,2404,2353,2286,197,185,2829,2713,2727,2757,2772,2791,200,185,2993,2918,2886,2866,2828,2689,201,184,2974,2926,2883,2882,2854,2837,200,187,2976,2932,2883,2847,2850,2811,210,189,2952,2890,2853,2867,2851,2829,217,190,2950,2916,2880,2845,2812,2817,208,187,2905,2943,2876,2852,2820,2808,205,184
TOF,305,353,2474,2414,2344,2300,198,183,2813,2763,2703,2697,2774,2784,201,182,3001,2928,2899,2878,2765,2697,205,182,2955,2922,2916,2899,2858,2796,205,184,2963,2918,2878,2878,2840,2841,211,186,2949,2879,2881,2873,2824,2811,219,188,2922,2893,2871,2849,2831,2818,228,180,2928,2907,2885,2849,2841,2790,210,183
TOF,271,359,2446,2362,2377,2310,201,182,2729,2794,2734,2744,2811,2803,203,182,2984,2930,2929,2881,2829,2765,206,182,2947,2917,2902,2878,2858,2824,216,182,2928,2917,2890,2866,2847,2820,2780,187,2941,2922,2869,2859,2846,2818,2681,187,2928,2883,2889,2843,2840,2816,2678,185,2929,2907,2871,2837,2812,2801,219,184
TOF,326,358,337,2371,2326,2326,197,174,2824,2708,2684,2677,2795,2798,203,172,2979,2920,2894,2877,2832,2722,210,177,2987,2918,2909,2891,2877,2844,2822,177,2950,2915,2881,2874,2828,2811,2742,181,2924,2876,2880,2865,2824,2796,2753,184,2935,2890,2885,2854,2826,2806,2743,184,2960,2912,2884,2855,2818,2810,224,181
TOF,305,348,300,2378,2309,2314,193,170,2783,2716,2681,2637,2853,2783,207,168,2954,2941,2920,2857,2792,2690,2618,174,2946,2918,2890,2899,2832,2832,2812,171,2940,2907,2898,2882,2834,2832,2774,177,2949,2915,2876,2855,2794,2813,2724,182,2900,2888,2865,2848,2830,2804,2736,183,2940,2901,2874,2861,2808,2792,2774,177
TOF,344,340,2447,2409,2310,2273,185,160,2750,2714,2763,2767,2866,2816,194,157,2998,2944,2910,2834,2837,2744,2640,161,2951,2917,2917,2878,2853,2836,2796,157,2917,2902,2889,2875,2848,2817,2765,165,2939,2917,2876,2856,2838,2820,2713,166,2915,2874,2860,2823,2832,2806,2743,176,2972,2890,2871,2840,2820,2790,2741,168
TOF,345,368,301,2391,2348,2323,176,154,2781,2801,2737,2863,2789,2796,180,151,2948,2948,2913,2842,2771,2778,2598,154,2953,2937,2886,2862,2854,2826,2798,152,2937,2917,2918,2872,2845,2820,2768,155,2939,2918,2864,2870,2842,2830,2645,157,2924,2907,2888,2858,2858,2795,2770,165,2945,2914,2903,2849,2837,2782,2782,162
TOF,351,366,293,2392,2375,2292,163,145,2778,2718,2794,2825,2821,2801,170,144,2975,2921,2909,2852,2793,2667,167,143,2972,2924,2895,2878,2855,2831,2801,143,2941,2921,2889,2862,2853,2809,2747,146,2984,2930,2906,2875,2849,2807,2750,144,2971,2886,2848,2853,2833,2809,2657,150,2951,2944,2891,2835,2840,2788,2855,150
TOF,324,350,2445,2364,2362,2292,155,140,2760,2753,2722,2801,2843,2779,160,137,2967,2930,2894,2867,2789,2691,154,139,2966,2933,2904,2880,2826,2816,2815,137,2960,2905,2888,2864,2838,2827,2757,138,2938,2915,2873,2877,2825,2831,2723,136,2945,2921,2885,2840,2815,2806,2711,140,2942,2904,2851,2867,2837,2805,2785,139
TOF,323,344,302,2398,2367,2307,144,132,2795,2723,2791,2811,2797,2795,148,129,3003,2916,2882,2863,2794,2747,144,130,2983,2928,2902,2904,2858,2831,151,128,2987,2905,2886,2887,2842,2832,145,128,2936,2913,2871,2858,2843,2822,2755,126,2948,2908,2866,2841,2817,2806,2664,129,2964,2918,2897,2843,2821,2788,2780,129
TOF,321,323,285,2350,2405,2315,138,130,2795,2694,2716,2808,2774,2787,142,126,2979,2920,2903,2885,2767,2688,139,127,2996,2916,2915,2869,2847,2832,142,123,2951,2884,2870,2869,2836,2826,138,123,2941,2897,2879,2875,2820,2811,143,120,2915,2906,2869,2864,2843,2809,137,124,2927,2913,2877,2860,2819,2801,2825,122
TOF,311,324,293,2403,2322,2275,133,123,2752,2682,2720,2812,2842,2812,135,122,2968,2920,2897,2872,2769,2707,132,120,2920,2928,2916,2866,2874,2830,133,118,2947,2926,2880,2869,2834,2809,130,118,2966,2895,2894,2876,2825,2815,131,115,2927,2914,2863,2846,2826,2818,128,118,2953,2923,2880,2874,2830,2798,132,117
TOF,313,321,277,2378,2334,2319,134,124,306,268,2761,2807,2859,2789,135,123,2983,2945,2912,2838,2788,2832,129,120,2972,2920,2898,2871,2864,2814,131,117,2966,2909,2893,2878,2869,2813,128,115,2967,2899,2898,2852,2828,2796,127,115,2931,2916,2881,2850,2817,2793,127,117,2958,2932,2888,2855,2829,2793,128,115
TOF,304,312,263,2399,2370,146,129,120,296,261,2704,2725,2810,142,129,119,2965,2901,2892,2883,2787,2698,126,117,2970,2909,2874,2882,2841,2828,127,117,2959,2922,2909,2885,2844,2804,125,113,2944,2890,2881,2868,2832,2787,126,113,2944,2909,2879,2854,2810,2822,123,114,2960,2893,2901,2856,2836,2805,123,112
TOF,306,315,256,2381,2367,153,132,123,303,277,2657,2676,2874,146,131,120,2976,2932,2908,2861,2786,2750,129,117,2964,2926,2911,2878,2852,2832,127,118,2972,2935,2861,2873,2863,2822,126,114,2958,2908,2909,2875,2834,2819,126,114,2936,2906,2865,2852,2829,2806,124,115,2915,2919,2872,2853,2834,2816,125,113
TOF,302,315,255,2409,2361,150,129,121,297,257,2679,2778,2836,144,130,118,2966,2921,2901,2840,2781,152,126,117,2956,2931,2907,2883,2857,148,126,114,2948,2912,2879,2861,2855,2839,124,113,2936,2907,2871,2871,2848,2818,127,114,2932,2894,2887,2857,2847,2794,122,113,2962,2897,2867,2846,2850,2796,122,112
TOF,300,311,243,2419,2383,146,130,122,297,255,2692,2788,2804,147,130,119,2987,2922,2903,2869,2806,146,127,119,2947,2936,2907,2883,2847,143,126,116,2927,2931,2898,2896,2853,139,123,114,2924,2932,2873,2849,2835,2827,125,113,2943,2929,2875,2866,2823,2830,121,114,2944,2936,2880,2846,2843,2794,123,115
TOF,298,304,248,2394,2354,146,128,119,286,244,2690,2733,2811,142,127,120,2955,2932,2897,2882,2774,143,123,115,2947,2926,2909,2865,2841,139,123,113,2988,2932,2897,2864,2841,133,120,113,2944,2903,2873,2867,2832,133,122,112,2915,2894,2867,2867,2837,135,120,110,2976,2937,2856,2818,2784,2788,119,108
TOF,298,304,239,2387,2348,142,128,122,289,246,2682,2674,2834,140,127,120,2961,2936,2895,2858,2793,138,124,118,2963,2920,2893,2881,2849,139,123,115,2939,2941,2852,2871,2852,135,122,114,2947,2899,2899,2861,2806,132,120,112,2947,2901,2875,2881,2828,132,120,113,2938,2935,2873,2854,2837,132,120,113
TOF,289,295,235,2403,2378,140,124,120,278,244,2692,2674,2854,137,122,118,2995,2939,2918,2867,2801,135,121,113,2961,2922,2879,2878,2858,133,119,112,2956,2946,2887,2881,2855,131,118,110,2939,2922,2887,2882,2839,129,119,110,2963,2936,2883,2848,2826,127,114,112,2963,2947,2897,2890,2805,126,118,110
TOF,291,297,248,2409,2388,141,127,121,283,238,2693,2730,2811,133,125,120,2970,2941,2901,2863,2809,134,121,114,2967,2919,2912,2882,2847,134,121,116,2947,2922,2903,2876,2846,130,118,113,2932,2908,2880,2857,2823,130,119,110,2936,2887,2897,2861,2815,130,116,111,2965,2906,2900,2824,2834,127,118,109
TOF,289,296,217,2422,2362,138,124,120,282,219,2705,2765,2808,133,125,117,2953,2927,2903,2860,2817,134,120,115,2997,2903,2891,2896,2864,133,117,112,2948,2908,2914,2870,2854,128,116,110,2941,2923,2896,2869,2815,127,117,109,2907,2919,2872,2817,2842,126,114,108,2944,2876,2899,2855,2832,124,115,109
TOF,287,300,238,2394,2368,139,125,119,275,217,2690,2710,2767,135,123,118,2996,2920,2906,2851,2801,134,120,118,2966,2931,2893,2876,2852,133,119,115,2960,2906,2883,2862,2861,130,118,112,2934,2894,2903,2870,2840,128,119,110,2967,2906,2886,2860,139,126,116,110,2964,2924,2883,2840,2818,125,115,110
TOF,287,301,225,2370,2341,139,124,119,281,232,2684,2674,2827,135,123,117,2966,2926,2913,2873,2826,131,120,114,2946,2936,2904,2891,2846,131,118,112,2924,2937,2878,2871,2837,127,117,110,2928,2925,2895,2862,2829,125,116,109,2937,2906,2875,2820,140,124,113,108,2967,2921,2884,2848,145,123,112,108
TOF,291,300,223,2436,2358,137,125,119,262,218,2679,2797,2766,134,124,119,2990,2929,2916,2854,2853,132,121,116,2981,2936,2899,2887,2863,132,120,114,2956,2924,2886,2866,2845,127,118,112,2958,2902,2876,2881,2852,126,118,109,2956,2924,2882,2853,139,125,115,109,2929,2915,2911,2842,136,123,116,109
TOF,288,298,240,2395,2346,134,125,119,265,220,2683,2833,2801,133,121,115,2979,2924,2904,2848,2791,130,118,115,2949,2899,2896,2859,2866,131,116,113,2970,2919,2885,2875,2855,126,115,111,2949,2916,2872,2860,138,124,116,108,2935,2892,2872,2852,138,123,114,107,2934,2900,2868,2881,136,121,113,107
TOF,290,298,221,2376,148,137,125,119,261,217,2715,2861,2763,133,123,119,2962,2924,2919,2867,142,130,121,116,2982,2922,2895,2875,2865,128,119,113,2952,2922,2890,2862,2857,125,116,112,2926,2932,2876,2864,134,124,117,109,2912,2906,2876,2858,137,123,114,110,2950,2929,2864,2849,136,120,113,110
TOF,285,293,215,144,2366,134,121,118,269,213,2670,2817,135,131,120,118,2996,2924,2914,2864,141,128,116,112,2968,2924,2870,2888,145,124,117,112,2942,2923,2872,2863,138,123,112,108,2911,2891,2883,2855,136,123,117,108,2950,2928,2857,2836,130,120,113,107,2956,2942,2894,2839,131,119,112,107
TOF,284,291,198,2364,144,134,124,120,256,207,2699,2739,141,133,122,119,2983,2922,2906,2869,136,129,119,114,2990,2931,2903,2895,138,128,117,112,2980,2905,2881,2864,139,124,116,112,2935,2917,2880,2832,140,122,116,109,2953,2907,2881,2850,131,123,113,108,2974,2917,2882,2852,130,118,113,108
TOF,284,291,203,2420,142,133,122,116,251,207,2677,2804,135,128,120,116,2984,2910,2899,2874,140,126,116,112,2965,2922,2903,2874,138,125,115,112,3006,2913,2893,2889,139,122,113,110,2911,2903,2894,2849,136,119,115,108,2927,2896,2877,2830,129,119,110,105,2938,2912,2866,2829,128,119,110,106
TOF,280,287,203,2385,142,131,122,119,261,203,2706,2707,142,129,121,118,2975,2929,2879,2874,138,127,121,114,2926,2918,2904,2872,142,126,118,113,2970,2905,2887,2865,139,124,115,112,2927,2898,2887,2876,138,120,115,109,2941,2893,2855,2853,131,120,113,108,2967,2907,2909,2845,128,119,111,108
TOF,286,291,202,2411,141,131,123,119,251,200,2729,2789,139,127,120,115,2977,2933,2907,2858,136,125,118,114,2986,2937,2911,2877,136,124,116,110,2952,2924,2871,2884,136,120,112,109,2926,2884,2893,2868,132,118,115,108,2919,2919,2848,2891,131,121,112,107,2970,2918,2886,2861,127,116,112,107
TOF,281,288,180,2382,137,133,123,119,251,206,2665,2829,134,130,120,118,2981,2926,2912,2863,139,127,117,116,2961,2934,2904,2882,141,124,116,113,2927,2903,2894,2883,142,121,113,109,2955,2928,2882,2864,137,120,113,109,2943,2892,2877,2855,132,120,113,108,2950,2883,2870,2852,130,117,112,108
TOF,281,285,197,2429,143,130,122,116,260,201,2747,2682,137,129,118,115,2963,2915,2923,2849,136,126,116,113,2951,2919,2900,2877,139,123,117,111,2958,2924,2894,2843,140,120,113,109,2940,2888,2892,2852,136,119,113,107,2933,2920,2851,2873,129,119,111,107,2948,2922,2886,2869,131,117,110,106
TOF,280,288,198,2422,141,133,124,119,271,198,2718,2605,145,129,123,118,2999,2933,2902,2857,143,125,118,116,2999,2937,2906,2881,141,126,117,112,2960,2926,2886,2883,136,123,114,111,2943,2906,2876,2855,135,120,115,110,2949,2899,2865,2844,132,119,112,109,2934,2903,2887,2855,131,117,113,109
TOF,285,291,194,2396,145,131,122,117,266,201,2723,2672,141,130,120,117,2957,2944,2874,2866,144,127,119,112,2971,2945,2869,2877,142,128,116,112,2983,2931,2884,2859,138,121,116,110,2917,2921,2882,2853,135,121,114,109,2959,2922,2873,2877,131,118,112,108,2932,2924,2905,2837,127,119,110,107
TOF,287,291,208,2404,148,135,122,121,252,207,2697,2615,150,135,123,117,2959,2938,2886,2868,142,129,120,114,2967,2918,2877,2867,142,129,117,116,2983,2915,2878,2865,139,124,116,112,2955,2938,2885,2849,141,123,114,110,2947,2895,2873,2846,133,122,114,110,2954,2909,2891,2838,135,119,112,109
TOF,288,294,203,2399,2357,135,124,120,277,208,2681,2722,146,134,122,118,2965,2922,2916,2862,142,130,122,116,2967,2913,2898,2874,2862,129,118,113,2994,2929,2910,2877,143,123,116,112,2933,2901,2871,2864,139,125,116,110,2930,2926,2880,2854,135,122,114,107,2950,2876,2886,2888,132,121,113,108
TOF,286,299,210,2441,2350,139,127,123,264,200,2676,2786,2802,136,126,122,2981,2915,2925,2874,2832,133,122,118,2928,2942,2900,2886,2850,132,121,115,2937,2935,2899,2870,2860,128,119,113,2920,2922,2880,2864,138,125,118,112,2941,2925,2882,2830,146,126,115,111,2976,2916,2907,2854,140,123,115,112
TOF,295,300,213,2420,2331,139,124,120,256,205,2701,2774,2767,137,126,119,2957,2944,2908,2859,2807,131,121,115,2971,2928,2905,2894,2882,130,118,112,2968,2927,2884,2867,2854,126,117,113,2939,2910,2882,2864,144,124,120,112,2926,2911,2869,2828,140,124,116,109,2951,2944,2865,2854,139,122,115,110
TOF,298,298,219,2379,2370,139,127,123,269,212,2707,2710,2742,139,127,122,2954,2935,2912,2871,2766,134,124,118,2952,2917,2905,2886,2846,133,119,117,2980,2922,2893,2865,2847,132,119,113,2969,2900,2885,2855,144,128,120,112,2939,2903,2870,2863,139,127,119,111,2934,2911,2875,2858,138,123,119,111
TOF,295,298,220,2405,2353,139,127,121,253,207,2688,2782,2812,135,127,119,2972,2910,2890,2837,2811,134,124,119,3005,2930,2916,2885,2857,133,120,116,2939,2915,2888,2865,2842,127,119,113,2913,2878,2876,2847,147,126,117,111,2921,2913,2881,2851,145,124,116,109,2944,2906,2869,2870,142,123,116,111
TOF,296,302,219,2411,2390,144,129,125,253,213,2681,2785,162,142,129,124,2960,2933,2900,2862,2791,136,127,121,2987,2919,2892,2871,2878,136,125,120,2951,2920,2914,2874,2848,133,119,117,2960,2917,2901,2859,147,129,123,115,2953,2901,2873,2857,146,128,119,114,2932,2935,2908,2837,139,127,118,111
TOF,292,309,239,2388,2362,143,131,126,251,220,2669,2729,155,141,130,125,2979,2930,2889,2871,2769,139,127,121,2956,2922,2892,2875,2852,138,123,121,2990,2933,2897,2863,2857,134,122,118,2933,2877,2887,2843,2856,133,122,115,2914,2939,2865,2861,153,130,122,115,2976,2922,2887,2820,141,128,119,116
TOF,298,309,256,2372,2337,150,137,133,263,245,2676,2782,2803,150,133,130,2990,2951,2918,2875,2820,145,132,126,2976,2941,2888,2896,2857,146,128,126,2953,2922,2890,2878,2866,141,129,122,2940,2925,2880,2865,2825,139,124,122,2944,2892,2879,2849,155,137,126,120,2944,2913,2887,2833,152,137,124,121
TOF,295,308,248,2392,2351,154,139,134,279,241,2668,2680,2861,152,138,134,2978,2934,2905,2843,2819,147,136,130,2975,2927,2895,2900,2838,149,130,130,2936,2934,2909,2888,2832,143,132,124,2954,2893,2871,2858,2829,143,129,125,2945,2923,2884,2859,159,140,130,122,2950,2928,2887,2829,2823,142,129,125
TOF,297,315,267,2420,2389,161,146,138,284,252,2655,2765,2787,154,141,138,2964,2934,2890,2859,2822,154,140,133,2945,2941,2899,2868,2855,154,140,134,2958,2924,2913,2885,2858,149,136,130,2950,2935,2884,2881,2834,148,135,130,2922,2920,2860,2858,168,148,135,129,2974,2907,2886,2862,2833,145,132,129
TOF,294,315,275,2418,2372,164,144,140,279,256,2596,2765,2852,156,140,136,2948,2921,2899,2868,2807,154,140,135,2959,2915,2910,2892,2853,153,139,131,3007,2930,2891,2882,2818,150,136,129,2965,2916,2879,2856,2862,148,137,130,2943,2912,2887,2851,2835,147,133,127,2954,2904,2878,2848,2817,143,135,128
TOF,289,314,277,2406,2325,162,145,140,292,261,2651,2751,2808,157,144,136,3003,2932,2905,2878,2808,157,141,136,2951,2904,2898,2864,2863,155,140,132,2965,2916,2899,2873,2849,152,135,133,2946,2896,2864,2860,2837,148,139,128,2943,2912,2879,2856,2828,147,135,129,2932,2903,2884,2862,2821,146,135,128
TOF,287,305,281,2371,2341,163,143,136,283,268,2716,2870,2762,152,140,133,2961,2937,2928,2872,2798,153,140,131,2989,2940,2907,2874,2848,152,137,129,2971,2914,2885,2866,2838,148,132,128,2929,2939,2878,2845,2843,145,135,125,2930,2926,2872,2840,167,145,132,126,2919,2926,2905,2838,2851,139,132,127
TOF,286,303,287,2414,2362,162,143,137,284,280,2726,2712,2862,157,142,135,2957,2949,2907,2872,2787,154,138,134,2981,2914,2890,2875,2861,151,138,129,2957,2930,2898,2874,2849,149,135,128,2939,2930,2890,2866,2851,144,134,127,2929,2919,2873,2849,2813,143,130,126,2962,2882,2870,2858,2835,139,131,126
TOF,275,297,292,2373,2361,159,141,134,283,283,2694,2736,2792,154,139,131,3001,2933,2922,2848,2815,150,136,128,2942,2909,2901,2888,2850,152,135,129,2920,2922,2890,2884,2845,146,132,127,2937,2925,2891,2856,2829,144,132,124,2927,2900,2878,2849,2812,139,130,125,2975,2944,2907,2821,156,140,129,123
TOF,278,291,295,2382,2367,163,142,137,286,288,2707,2740,2772,159,140,135,2979,2923,2885,2863,2848,150,137,133,2952,2924,2882,2877,2864,151,136,130,2970,2919,2893,2884,2848,146,133,129,2945,2927,2891,2849,2848,146,134,126,2968,2900,2877,2852,161,142,130,127,2940,2895,2881,2870,150,141,131,127
TOF,273,289,290,2407,179,159,141,136,288,282,213,2798,2840,152,140,135,3001,2938,2944,2866,2828,150,137,131,2989,2935,2923,2885,2854,149,135,130,2959,2910,2900,2861,2867,144,133,128,2936,2895,2899,2856,171,143,135,125,2913,2906,2882,2857,153,141,129,126,2951,2905,2905,2837,164,139,129,126
TOF,273,290,291,2382,171,162,144,138,295,293,216,2843,171,155,141,137,2990,2928,2920,2868,2792,150,140,133,2969,2917,2877,2880,2845,151,137,133,2966,2935,2883,2874,2848,147,135,130,2978,2908,2880,2861,165,144,133,130,2953,2895,2863,2862,156,142,132,128,2966,2902,2881,2825,153,139,131,129
TOF,270,289,296,2419,175,157,141,138,290,287,207,2781,176,152,141,135,2978,2918,2909,2870,173,149,137,132,2980,2919,2899,2870,2877,147,136,131,2945,2912,2890,2900,2841,144,133,129,2950,2893,2881,2852,170,141,133,126,2926,2910,2899,2868,161,140,129,126,2964,2892,2871,2859,161,137,130,125
TOF,275,283,284,2405,174,155,142,138,285,275,206,2798,169,153,141,136,2969,2923,2915,2864,165,151,139,134,2966,2947,2906,2883,2846,149,137,132,2946,2912,2883,2889,165,145,135,131,2949,2896,2850,2860,163,142,134,129,2922,2920,2879,2837,158,141,132,130,2962,2916,2869,2840,152,138,132,128
TOF,276,288,277,187,165,155,139,136,284,286,218,2722,163,150,139,132,2979,2937,2908,2875,2812,148,136,133,2989,2911,2903,2905,2859,145,134,131,2927,2930,2885,2878,167,142,133,128,2935,2874,2879,2850,167,140,134,127,2927,2882,2871,2868,155,137,132,127,2955,2923,2869,2843,152,132,131,126
TOF,273,280,277,2379,169,154,140,137,289,266,206,2771,164,150,140,136,2954,2922,2911,2866,166,148,136,133,2955,2928,2895,2856,167,147,136,131,3020,2930,2911,2874,163,143,134,131,2945,2919,2874,2849,161,141,133,127,2949,2931,2867,2833,154,139,131,128,2950,2924,2887,2839,155,137,133,126
TOF,273,285,271,2420,171,149,138,136,292,281,207,2772,162,149,138,132,3010,2931,2920,2866,167,147,134,132,3007,2948,2921,2899,169,144,135,131,2978,2906,2882,2867,169,142,132,129,2957,2908,2871,2862,154,138,132,127,2926,2909,2876,2839,151,137,130,127,2972,2920,2875,2815,151,134,130,125
TOF,273,283,272,177,168,149,141,136,285,265,204,2682,168,149,139,136,2947,2946,2914,2861,167,146,137,133,2952,2939,2892,2885,163,144,137,133,2968,2895,2884,2877,163,141,133,129,2944,2894,2902,2860,155,140,133,129,2937,2921,2887,2852,153,138,130,126,2917,2918,2911,159,148,135,132,127
TOF,270,282,267,2394,165,147,139,135,280,269,2734,2739,167,147,138,133,2967,2940,2914,2841,165,143,134,131,2935,2932,2903,2879,162,141,135,130,2938,2930,2888,2894,158,140,132,128,2924,2881,2906,2853,153,137,129,126,2966,2891,2851,2863,150,137,130,125,2940,2887,2869,157,148,133,129,125
TOF,270,282,273,2404,172,148,139,139,293,262,2678,2791,166,149,140,135,2949,2922,2912,2879,167,145,139,134,2967,2938,2875,2886,165,144,136,132,2935,2920,2866,2883,158,139,134,132,2961,2908,2881,2858,156,139,134,128,2940,2919,2870,164,149,136,132,128,2936,2913,2907,165,147,136,131,126
TOF,268,279,264,2336,170,146,139,135,289,274,2756,2840,166,146,138,134,219,2943,2895,2870,158,142,136,133,2961,2941,2904,2898,168,142,135,130,2960,2914,2870,2876,157,140,130,127,2927,2913,2900,2860,152,138,132,128,2948,2918,2861,2830,149,136,129,125,2956,2949,2891,2869,148,135,130,126
TOF,271,277,273,2402,171,148,142,138,285,265,2696,2695,160,148,139,135,216,2937,2918,2836,157,145,139,135,2962,2949,2903,2862,160,143,135,132,2968,2923,2890,2885,159,140,133,131,2974,2911,2899,2857,152,139,134,129,2966,2912,2871,167,150,138,131,127,2925,2900,2880,155,147,136,132,127
TOF,275,284,254,2437,169,145,140,135,282,261,2696,2807,158,147,138,135,219,2937,2904,2868,159,143,137,132,2970,2932,2901,2877,162,142,136,131,2928,2933,2900,2869,156,140,134,130,2951,2931,2868,2859,154,136,133,125,2941,2907,2882,164,150,135,129,125,2987,2903,2868,158,146,134,131,128
TOF,269,284,272,2428,172,149,141,138,285,277,2700,2797,165,150,139,136,2975,2922,2893,2886,167,147,137,133,2949,2934,2891,2871,163,147,136,133,2954,2918,2879,2879,164,143,132,132,2957,2897,2876,2857,156,141,136,130,2928,2893,2873,2863,152,137,133,129,2939,2915,2878,2869,148,139,132,128
TOF,274,290,277,2361,172,153,141,137,284,277,2675,2808,169,152,140,136,2976,2932,2898,2900,170,146,137,132,2955,2932,2901,2889,168,148,134,131,2929,2880,2885,2866,164,142,134,129,2937,2883,2870,2864,157,141,133,129,2931,2905,2886,2894,155,139,131,127,2951,2920,2885,2857,151,142,131,128
TOF,290,300,290,2412,2337,161,146,141,302,296,222,2741,180,164,145,140,2964,2935,2914,2858,2804,157,145,136,2963,2928,2893,2869,2848,161,140,135,2940,2927,2883,2872,2856,151,140,136,2966,2908,2895,2853,167,154,137,134,2956,2886,2875,2850,166,147,136,131,2939,2909,2888,2874,168,151,137,134
TOF,294,311,315,2391,2363,176,152,145,303,317,246,2686,2794,189,150,144,2977,2927,2914,2884,2811,173,151,139,2972,2944,2905,2878,2845,2811,145,139,2946,2923,2898,2871,2831,170,151,136,2960,2900,2889,2856,2854,2818,145,139,2930,2889,2880,2882,2830,169,148,138,2954,2891,2874,2864,2826,2796,141,141
TOF,314,331,347,2490,2315,206,176,156,315,341,2665,2703,2812,2772,173,159,2981,2935,2890,2874,2820,2671,192,151,2925,2918,2882,2876,2859,2803,168,159,2953,2940,2908,2860,2862,2821,2757,151,2951,2924,2878,2856,2827,2788,178,167,2936,2888,2883,2840,2825,2823,2709,155,2930,2896,2878,2872,2811,2780,195,181
TOF,321,348,370,2414,2364,2310,225,179,332,382,2700,2677,2784,2770,2801,204,2985,2934,2911,2873,2769,2779,2635,192,2935,2918,2879,2865,2865,2832,2762,2761,2969,2930,2893,2870,2833,2823,2778,2778,2924,2910,2894,2859,2816,2819,2688,2771,2920,2903,2887,2872,2837,2802,2770,2764,2970,2900,2858,2850,2830,2776,2760,2789
TOF,339,368,397,2403,2329,2294,2250,227,2799,2731,2682,2703,2773,2817,2834,2360,2981,2927,2894,2867,2812,2701,2621,2665,2979,2919,2891,2868,2850,2834,2801,2734,2942,2924,2885,2892,2836,2801,2797,2798,2944,2915,2874,2847,2836,2824,2716,2782,2925,2894,2866,2867,2844,2809,2750,2787,2942,2910,2868,2859,2812,2791,2820,2782
TOF,380,397,412,2395,2364,2275,2236,2061,2764,2744,2709,2727,2777,2774,2854,2566,2988,2944,2907,2840,2817,2691,2648,2561,2986,2919,2922,2860,2848,2828,2800,2772,2955,2886,2899,2870,2842,2808,2765,2760,2948,2915,2872,2872,2828,2791,2706,2756,2906,2907,2880,2844,2837,2820,2701,2783,2966,2898,2872,2856,2812,2812,2813,2780
TOF,380,428,2466,2412,2358,2332,2240,2057,2815,2763,2742,2665,2793,2769,2777,2318,2956,2918,2906,2882,2796,2724,2600,2612,2951,2933,2891,2880,2825,2840,2785,2748,2933,2914,2899,2874,2844,2831,2761,2774,2932,2918,2879,2861,2825,2797,2716,2770,2923,2905,2852,2846,2819,2808,2755,2769,2957,2919,2892,2847,2846,2800,2774,2779
TOF,2876,2816,2466,2452,2347,2299,2225,2167,2752,2758,2711,2705,2790,2772,2744,2318,2951,2945,2919,2867,2797,2699,2600,2619,2983,2931,2901,2869,2864,2827,2795,2797,2928,2913,2896,2861,2853,2815,2772,2757,2928,2892,2901,2842,2834,2826,2709,2770,2949,2900,2879,2849,2843,2804,2743,2791,2948,2904,2877,2871,2793,2797,2849,2735
TOF,2927,2816,2412,2388,2396,2299,2235,2143,2745,2698,2685,2685,2725,2785,2779,2687,2976,2940,2900,2875,2803,2742,2630,2621,2937,2936,2907,2881,2866,2821,2813,2767,2970,2928,2904,2852,2858,2825,2765,2795,2935,2927,2884,2863,2823,2819,2632,2760,2928,2915,2885,2856,2838,2809,2775,2777,2964,2935,2906,2859,2831,2805,2762,314
TOF,2791,2816,2420,2332,2348,2306,2248,2195,2841,2732,2685,2700,2848,2836,2767,2517,2964,2935,2888,2863,2749,2735,2635,2633,2955,2938,2888,2879,2835,2817,2793,2785,2922,2914,2890,2878,2859,2822,2755,2767,2907,2881,2868,2887,2844,2787,2704,359,2933,2891,2854,2861,2840,2803,367,339,2941,2923,2892,2859,2840,2802,330,345
TOF,2859,2816,2511,2402,2345,2277,2265,2054,2780,2704,2699,2657,2796,2783,2813,2296,2958,2934,2906,2849,2796,2704,2633,2589,2956,2930,2906,2873,2866,2827,2793,2765,2929,2918,2880,2868,2840,2831,2780,397,2935,2901,2869,2861,2841,2822,2706,393,2935,2891,2877,2853,2825,2813,410,377,2929,2923,2892,2857,2837,2785,376,393
TOF,2859,2446,2511,2483,2350,2300,2183,2177,2796,2726,2739,2677,2772,2786,2769,2296,2960,2929,2897,2876,2813,2670,2615,2626,2975,2949,2897,2906,2868,2847,2807,2730,2996,2914,2900,2881,2859,2818,2764,419,2943,2925,2902,2854,2845,2799,446,424,2944,2909,2881,2838,2851,2801,452,426,2951,2907,2893,2847,2835,2789,465,439
TOF,2965,2533,2489,2380,2382,2318,2224,2177,2785,2759,2694,2772,2791,2813,2803,2752,2962,2936,2918,2868,2830,2727,2610,2643,2945,2922,2889,2877,2847,2826,2798,413,2947,2925,2886,2889,2850,2823,2736,417,2924,2891,2880,2864,2840,2795,2703,428,2943,2884,2876,2854,2831,2793,2679,460,2916,2900,2856,2866,2837,2789,2779,2781
TOF,2972,2558,2585,2391,2331,2286,2155,2042,2867,2762,2733,2616,2803,2810,2796,2745,2988,2911,2887,2863,2791,2716,2629,2578,2972,2905,2900,2881,2872,2805,2800,396,2967,2926,2883,2869,2853,2828,2762,401,2931,2872,2869,2862,2870,2824,2729,2793,2956,2919,2854,2850,2826,2802,2682,2794,2952,2895,2880,2865,2834,2797,2777,2791
TOF,2947,2568,2510,2409,2346,2324,2234,1989,2870,2708,2770,2761,2753,2777,2793,2637,2979,2951,2904,2857,2822,2711,2639,2611,2976,2937,2909,2880,2846,2815,2788,2779,2976,2930,2899,2852,2858,2831,2788,2810,2928,2909,2899,2861,2815,2808,2684,2776,2922,2891,2885,2833,2836,2826,2763,2770,2930,2949,2886,2845,2839,2816,2796,2777
TOF,2756,2568,2510,2424,2322,2328,2282,2163,2820,2735,2716,2727,2738,2802,2756,2345,2979,2952,2922,2856,2810,2745,2642,2571,2966,2931,2917,2897,2841,2842,2765,2731,2942,2906,2908,2877,2843,2820,2742,2788,2941,2925,2884,2870,2831,2828,2681,2798,2943,2915,2876,2869,2851,2795,2671,2815,2947,2888,2896,2868,2846,2808,2794,2764
TOF,2581,2568,2501,2392,2316,2309,2274,1982,2800,2793,2710,2664,2744,2795,2788,2345,2975,2933,2891,2841,2774,2778,2609,2614,2961,2938,2898,2886,2865,2857,2818,2745,2932,2902,2884,2871,2834,2817,2770,2799,2951,2916,2867,2854,2857,2828,2690,2779,2941,2889,2867,2837,2836,2800,2726,2778,2943,2932,2882,2856,2819,2808,2785,2794
TOF,2581,2489,2385,2391,2343,2264,2262,2125,2777,2760,2720,2734,2804,2797,2741,2341,2978,2940,2907,2858,2722,2682,2640,2601,2984,2923,2915,2882,2870,2833,2799,2753,2927,2921,2875,2888,2856,2816,2788,2753,2915,2919,2875,2861,2842,2789,2712,2798,2969,2899,2878,2849,2832,2808,2667,2757,2959,2901,2868,2842,2815,2812,2835,2773
TOF,2927,2489,2385,2405,2377,2299,2200,1950,2839,2710,2707,2654,2840,2813,2786,2368,2982,2920,2904,2870,2805,2685,2581,2652,3004,2923,2889,2871,2865,2838,2796,2755,2926,2907,2895,2906,2850,2819,2760,2773,2914,2908,2872,2876,2844,2812,2699,2791,2916,2916,2871,2820,2841,2807,2708,2759,2964,2901,2876,2866,2826,2809,2818,2789
TOF,2927,2489,2486,2391,2347,2314,2271,1992,2756,2752,2755,2806,2768,2855,2803,2332,2960,2944,2894,2882,2800,2701,2633,2611,2970,2927,2893,2891,2856,2853,2804,2769,2962,2913,2893,2893,2852,2807,2769,2782,2950,2941,2875,2865,2829,2816,2732,2799,2922,2898,2869,2845,2839,2803,2712,2782,2932,2933,2899,2837,2834,2808,2855,2768
TOF,2927,2446,2459,2431,2371,2311,2191,2020,2809,2784,2743,2651,2796,2788,2837,2386,2955,2927,2905,2874,2793,2702,2624,2653,2976,2924,2890,2876,2865,2822,2791,2743,2955,2926,2891,2883,2846,2813,2774,2784,2989,2891,2858,2851,2818,2793,2700,2778,2944,2889,2841,2864,2843,2816,2749,2791,2939,2939,2861,2843,2825,2797,2705,2781
TOF,2927,2446,2469,2383,2320,2289,2228,2065,2774,2729,2685,2767,2821,2783,2709,2390,2970,2942,2905,2846,2773,2711,2596,2623,2951,2934,2889,2873,2861,2858,2806,2789,2973,2907,2907,2869,2842,2824,2767,2790,2952,2920,2881,2844,2838,2819,2668,2778,2920,2895,2851,2822,2838,2809,2679,2771,2942,2907,2883,2861,2820,2784,2799,2795
TOF,2951,2446,2454,2389,2378,2299,2188,2065,2822,2753,2784,2744,2781,2736,2798,2424,2980,2930,2904,2870,2833,2697,2628,2638,2946,2954,2909,2886,2849,2847,2788,2741,2926,2916,2892,2886,2853,2823,2781,2776,2944,2912,2896,2872,2863,2824,2698,2762,2948,2934,2885,2845,2836,2818,2667,2780,2924,2907,2885,2862,2826,2788,2785,2809
TOF,3006,2543,2454,2396,2354,2285,2281,1969,2815,2737,2696,2800,2772,2800,2775,2342,2979,2919,2912,2877,2815,2753,2648,2636,2931,2921,2862,2878,2869,2816,2792,2755,2968,2932,2899,2892,2836,2820,2776,2772,2935,2924,2883,2849,2835,2826,2661,2776,2933,2904,2868,2872,2831,2803,2800,2782,2972,2922,2883,2851,2827,2777,2798,2778
TOF,3006,2632,2487,2415,2366,2330,2190,2096,2808,2737,2703,2673,2767,2780,2764,2649,2968,2935,2912,2860,2777,2717,2621,2628,2969,2934,2905,2894,2856,2845,2817,2743,2915,2925,2907,2856,2850,2825,2763,2800,2919,2910,2874,2870,2835,2826,2708,2762,2927,2911,2869,2863,2815,2811,2698,2800,2941,2913,2892,2856,2824,2799,2745,2782
TOF,2845,2623,2375,2396,2370,2287,2280,2096,2791,2751,2719,2744,2863,2794,2706,2740,2975,2925,2902,2854,2753,2666,2637,2633,2951,2938,2902,2864,2861,2839,2805,2790,2966,2912,2898,2890,2866,2842,2784,2796,2926,2873,2874,2836,2812,2790,2691,2756,2950,2882,2872,2840,2830,2783,2701,2761,2976,2907,2887,2875,2833,2802,2831,2749
TOF,2987,2623,2456,2367,2381,2335,2177,2064,2785,2755,2678,2689,2758,2788,2785,2403,3003,2892,2903,2847,2813,2717,2603,2648,2965,2925,2905,2877,2872,2841,2795,2751,2959,2935,2884,2865,2842,2839,2767,2792,2923,2895,2894,2851,2823,2814,2666,2773,2934,2884,2882,2874,2841,2821,2733,2766,2948,2936,2872,2855,2837,2797,2764,2790
TOF,2757,2510,2444,2387,2333,2330,2189,2064,2818,2754,2689,2719,2844,2803,2778,2313,2993,2933,2905,2875,2807,2676,2598,2597,2960,2925,2908,2862,2840,2837,2791,2743,2922,2901,2879,2853,2850,2822,2741,2782,2944,2904,2889,2869,2830,2819,2676,2787,2962,2894,2865,2854,2841,2805,2759,2779,2967,2905,2897,2837,2842,2801,2807,2774
TOF,2757,2587,2415,2375,2344,2277,2225,1920,2798,2781,2703,2734,2747,2812,2746,2617,2993,2950,2881,2851,2773,2699,2615,2623,2951,2934,2891,2887,2861,2823,2773,2748,2954,2916,2886,2864,2845,2831,2779,2797,2926,2892,2884,2864,2826,2816,2694,2785,2926,2897,2871,2843,2824,2802,2766,2785,2963,2899,2866,2829,2837,2822,2830,2826
TOF,2870,2469,2391,2428,2360,2329,2268,1920,2848,2782,2712,2793,2754,2765,2748,2617,2966,2943,2896,2875,2780,2731,2635,2576,2948,2934,2889,2894,2847,2826,2762,2779,2910,2933,2894,2862,2849,2833,2771,2768,2926,2916,2869,2870,2825,2804,2775,2795,2945,2908,2860,2872,2824,2812,2734,2767,2916,2914,2868,2864,2811,2793,2796,2775
TOF,2929,2623,2472,2417,2310,2303,2207,1922,2844,2753,2695,2755,2788,2782,2799,2507,2971,2932,2903,2868,2795,2680,2626,2598,2998,2916,2916,2875,2859,2808,2787,2797,2929,2924,2910,2853,2856,2837,2772,2769,2936,2939,2888,2851,2847,2819,2680,2769,2940,2905,2886,2864,2840,2802,2749,2787,2969,2891,2890,2848,2823,2785,2810,2792
TOF,2929,2546,2406,2421,2336,2309,2269,2166,2828,2761,2698,2777,2728,2727,2751,2507,2984,2931,2906,2871,2784,2739,2650,2610,2968,2936,2866,2887,2859,2828,2823,2761,2963,2927,2889,2878,2852,2829,2784,2762,2958,2912,2887,2846,2818,2811,2718,2808,2931,2904,2875,2870,2823,2799,2759,2778,2938,2949,2878,2846,2843,2818,2811,2783
TOF,2929,2546,2435,2359,2323,2283,2172,2128,2808,2738,2719,2701,2737,2802,2791,2651,2962,2944,2919,2845,2787,2759,2632,2603,2925,2933,2882,2867,2851,2812,2768,2738,2970,2909,2864,2863,2854,2815,2797,2761,2921,2889,2896,2878,2848,2809,2691,2797,2923,2896,2870,2840,2836,2807,2738,2782,2933,2914,2887,2855,2823,2810,2788,2779
TOF,2929,2424,2435,2388,2330,2323,2233,2183,2757,2790,2716,2738,2781,2725,2768,2460,2970,2947,2901,2865,2812,2769,2604,2659,2978,2920,2909,2902,2869,2853,2797,2763,2977,2913,2901,2853,2819,2813,2768,2783,2936,2912,2871,2867,2813,2820,2674,2786,2947,2888,2892,2856,2839,2820,2735,2807,2941,2893,2881,2843,2843,2798,2783,2794
TOF,2745,2424,2444,2385,2362,2317,2267,2064,2795,2760,2694,2696,2766,2804,2758,2336,2962,2951,2906,2857,2833,2708,2613,2596,2956,2919,2898,2889,2854,2818,2805,2727,2948,2916,2905,2853,2851,2820,2786,2777,2951,2904,2877,2873,2824,2816,2702,2766,2958,2914,2863,2860,2842,2804,2757,2773,2949,2939,2873,2835,2835,2806,2792,2773
TOF,2890,2424,2513,2384,2337,2331,2216,2148,2730,2741,2727,2770,2739,2824,2692,2413,3007,2936,2898,2860,2795,2710,2638,2630,2957,2896,2908,2873,2860,2827,2784,2728,2964,2937,2902,2865,2850,2832,2755,2802,2929,2911,2894,2855,2854,2809,2651,2775,2947,2901,2880,2859,2840,2805,2773,2764,2951,2932,2896,2866,2826,2788,2841,2774
TOF,2913,2424,2435,2427,2355,2282,2183,2106,2787,2761,2767,2735,2752,2734,2786,2325,2966,2943,2907,2877,2781,2706,2642,2629,2955,2934,2896,2875,2869,2826,2793,2770,2954,2907,2894,2837,2848,2832,2761,2798,2937,2890,2894,2868,2818,2819,2720,2777,2931,2913,2865,2847,2836,2803,2704,2759,2948,2906,2853,2839,2838,2828,2786,2805
TOF,2913,2424,2564,2440,2324,2301,2254,2106,2766,2761,2743,2762,2765,2815,2796,2390,2982,2943,2902,2856,2774,2713,2635,2607,2935,2922,2905,2876,2852,2817,2806,2760,2957,2921,2892,2889,2832,2831,2760,2781,2936,2916,2894,2862,2837,2838,2706,2783,2941,2881,2879,2852,2838,2784,2739,2781,2947,2909,2884,2870,2809,2803,2799,2805
TOF,2892,2424,2491,2403,2366,2289,2285,2099,2804,2757,2708,2754,2742,2790,2773,2757,2952,2934,2906,2856,2750,2716,2618,2590,2962,2924,2914,2891,2862,2832,2786,2785,2952,2909,2880,2869,2854,2820,2795,2773,2941,2890,2891,2875,2842,2837,2760,2787,2915,2903,2890,2858,2831,2805,2703,2781,2946,2918,2872,2859,2818,2805,2772,2807
TOF,2892,2424,2610,2402,2363,2309,2300,2152,2770,2707,2695,2672,2768,2785,2776,2632,2969,2937,2913,2861,2828,2718,2610,2624,2965,2926,2917,2882,2860,2841,2783,2742,2966,2912,2892,2844,2849,2825,2763,2787,2934,2889,2881,2863,2833,2809,2717,2774,2940,2900,2872,2857,2840,2790,2733,2783,2945,2895,2876,2852,2825,2802,2802,2794
TOF,2892,2424,2610,2414,2356,2293,2277,1983,2789,2741,2690,2716,2801,2805,2729,2387,2968,2918,2887,2865,2804,2702,2636,2596,2979,2933,2904,2862,2847,2809,2797,2763,2938,2928,2882,2855,2848,2830,2774,2783,2937,2915,2886,2852,2824,2813,2667,2775,2944,2905,2871,2847,2826,2826,2752,2770,2944,2901,2878,2856,2859,2801,2804,2827
TOF,2789,2609,2469,2409,2350,2296,2258,1983,2814,2761,2763,2803,2731,2773,2758,2387,2971,2912,2908,2852,2789,2708,2630,2631,2969,2923,2903,2881,2855,2844,2799,2754,2948,2912,2872,2882,2848,2820,2765,2770,2947,2903,2867,2864,2847,2814,2729,2771,2947,2885,2877,2850,2818,2823,2729,2770,2936,2893,2880,2846,2834,2793,2786,2791
TOF,3063,2676,2490,2403,2348,2312,2240,2082,2781,2752,2741,2784,2718,2777,2752,2569,2985,2925,2904,2885,2802,2746,2626,2585,2966,2930,2899,2886,2865,2831,2811,2734,2958,2932,2901,2880,2848,2825,2768,2796,2941,2909,2865,2858,2836,2804,2709,2753,2928,2912,2883,2848,2842,2799,2668,2793,2961,2893,2864,2846,2819,2819,2761,2804
TOF,3006,2559,2645,2402,2297,2308,2286,2055,2808,2736,2715,2728,2843,2805,2839,2460,2948,2929,2911,2848,2822,2786,2622,2623,2951,2923,2902,2880,2862,2830,2805,2743,2981,2898,2889,2872,2852,2819,2790,2788,2954,2884,2875,2832,2841,2827,2654,2743,2913,2907,2887,2835,2828,2787,2706,2775,2912,2935,2887,2865,2844,2801,2808,2770
TOF,2773,2559,2645,2419,2301,2287,2286,2055,2796,2762,2720,2734,2772,2774,2798,2644,2975,2934,2885,2864,2814,2721,2630,2598,2934,2915,2909,2865,2867,2856,2791,2775,2953,2927,2908,2892,2861,2835,2759,2781,2940,2900,2876,2862,2832,2816,2695,2766,2916,2921,2864,2838,2827,2811,2766,2790,2931,2920,2917,2854,2832,2789,2807,2765
TOF,2773,2559,2419,2399,2343,2297,2206,1965,2759,2714,2740,2723,2754,2791,2838,2417,2941,2932,2901,2848,2837,2725,2603,2603,2967,2911,2913,2889,2850,2837,2797,2772,2912,2936,2890,2864,2868,2823,2737,2764,2915,2898,2875,2856,2833,2789,2693,2776,2920,2900,2867,2855,2833,2805,2791,2785,2955,2900,2850,2865,2793,2796,2773,2759
TOF,2876,2441,2508,2404,2347,2305,2198,1980,2781,2759,2670,2723,2742,2855,2726,2417,2986,2912,2904,2851,2784,2712,2633,2573,2978,2945,2894,2877,2856,2825,2782,2747,2960,2907,2889,2852,2841,2828,2759,2795,2944,2891,2894,2860,2852,2818,2734,2767,2931,2901,2872,2831,2835,2803,2746,2783,2897,2912,2909,2843,2846,2787,2794,2779
TOF,2876,2441,2491,2420,2420,2276,2264,1907,2795,2770,2693,2763,2797,2744,2781,2417,2971,2940,2925,2868,2792,2692,2627,2702,2993,2915,2894,2888,2856,2826,2798,2774,2977,2910,2884,2858,2842,2827,2722,2780,2945,2889,2880,2875,2834,2806,2764,2786,2910,2917,2872,2867,2792,2817,2777,2794,2954,2933,2864,2867,2811,2801,2807,2779
TOF,2808,2883,2752,2381,2339,2244,2262,2025,2808,2714,2730,2792,2766,2770,2773,2310,3013,2934,2906,2885,2811,2691,2615,2629,2968,2947,2896,2897,2853,2844,2785,2769,2944,2923,2871,2884,2851,2843,2763,2801,2966,2893,2865,2860,2843,2816,2726,2788,2967,2909,2888,2848,2830,2790,2727,2783,2951,2871,2871,2862,2816,2822,2801,2785
TOF,2606,2883,2418,2388,2371,2311,2281,2213,2837,2763,2704,2649,2753,2785,2782,2310,2951,2926,2903,2855,2779,2714,2626,2604,2956,2917,2891,2876,2855,2828,2795,2754,2995,2926,2891,2853,2866,2824,2787,2788,2942,2912,2871,2871,2859,2819,2710,2782,2922,2907,2888,2857,2844,2815,2704,2772,2929,2870,2887,2872,2848,2791,2812,2766
TOF,2904,2883,2539,2349,2364,2295,2231,1964,2791,2771,2720,2715,2748,2844,2814,2581,2960,2929,2908,2854,2807,2676,2605,2632,2972,2921,2891,2886,2866,2795,2796,2747,2955,2907,2898,2867,2848,2838,2765,2741,2961,2923,2876,2853,2832,2814,2680,2776,2930,2907,2868,2846,2819,2816,2719,2793,2939,2917,2852,2863,2835,2804,2836,2815
TOF,2904,2883,2604,2412,2342,2295,2277,1935,2830,2763,2721,2901,2738,2804,2706,2581,2987,2925,2906,2852,2794,2691,2631,2547,2995,2923,2899,2879,2852,2830,2797,2773,2918,2937,2881,2872,2842,2825,2769,2790,2931,2915,2880,2847,2849,2832,2699,2774,2941,2900,2868,2861,2837,2801,2702,2763,2920,2883,2871,2865,2851,2784,2804,2811
TOF,2959,2883,2455,2374,2361,2292,2172,2025,2818,2764,2705,2685,2732,2753,2710,2572,2994,2940,2885,2871,2795,2733,2630,2606,2933,2915,2902,2886,2852,2838,2792,2798,2947,2928,2871,2879,2863,2817,2791,2799,2921,2881,2856,2852,2845,2810,2663,2765,2930,2882,2866,2859,2852,2790,2776,2777,2945,2909,2871,2843,2821,2815,2824,2796
TOF,2929,2570,2459,2394,2365,2287,2187,2052,2856,2710,2744,2705,2778,2804,2762,2576,2985,2916,2920,2853,2834,2733,2622,2619,2975,2926,2927,2861,2859,2836,2818,2713,2950,2942,2888,2900,2846,2828,2761,2782,2980,2884,2872,2848,2850,2817,2701,2790,2920,2896,2869,2875,2819,2794,2683,2799,2946,2919,2879,2846,2823,2801,2811,2782
TOF,2929,2570,2459,2415,2338,2315,2197,2050,2838,2783,2697,2692,2789,2800,2768,2576,2954,2941,2894,2877,2795,2672,2627,2665,2932,2913,2891,2863,2866,2846,2817,2755,2951,2913,2887,2864,2848,2815,2783,2766,2944,2935,2872,2848,2836,2843,2719,2783,2941,2900,2864,2861,2840,2818,2736,2790,2949,2912,2862,2865,2838,2787,2777,2783
TOF,2929,2606,2444,2364,2347,2301,2248,2175,2803,2702,2683,2681,2841,2720,2735,2403,2966,2955,2901,2864,2775,2689,2581,2646,2942,2922,2881,2879,2854,2869,2795,2737,2975,2900,2885,2886,2844,2819,2777,2779,2932,2913,2879,2859,2844,2815,2718,2778,2940,2906,2874,2861,2806,2808,2721,2769,2957,2918,2910,2834,2839,2795,2822,2788
TOF,2929,2537,2472,2401,2358,2324,2185,2100,2820,2696,2741,2779,2801,2764,2769,2739,2972,2949,2919,2844,2773,2702,2624,2617,2947,2919,2891,2871,2868,2806,2812,2757,2956,2900,2885,2879,2852,2817,2774,2786,2945,2912,2882,2867,2826,2832,2728,2778,2938,2913,2877,2858,2832,2814,2724,2783,2944,2914,2881,2847,2837,2786,2833,2782
TOF,2632,2913,2519,2401,2312,2323,2342,2100,2801,2733,2766,2701,2766,2837,2764,2706,2956,2908,2925,2854,2789,2692,2602,2575,2930,2929,2890,2897,2847,2837,2786,2755,2927,2913,2899,2862,2870,2826,2780,2784,2940,2898,2878,2860,2849,2805,2696,2769,2919,2923,2879,2847,2838,2800,2745,2768,2935,2939,2878,2846,2837,2801,2778,2774
TOF,2900,2544,2519,2372,2350,2302,2201,2100,2812,2758,2721,2767,2864,2768,2732,2421,2980,2922,2918,2845,2792,2724,2646,2579,2979,2922,2914,2883,2853,2825,2795,2757,2932,2903,2897,2884,2833,2824,2756,2780,2958,2941,2890,2851,2836,2808,2697,2755,2917,2895,2881,2877,2821,2802,2734,2786,2968,2923,2882,2865,2836,2802,2764,2792
TOF,2959,2544,2536,2426,2372,2321,2271,1979,2810,2737,2683,2737,2741,2823,2790,2421,2949,2938,2920,2855,2770,2740,2611,2580,2954,2941,2897,2881,2871,2835,2804,2766,2932,2916,2867,2858,2855,2840,2738,2792,2920,2932,2874,2837,2857,2793,2696,2771,2951,2912,2884,2861,2827,2807,2771,2785,2924,2890,2873,2840,2841,2809,2776,2794
TOF,2959,2544,2422,2410,2359,2379,2292,2133,2805,2766,2728,2724,2711,2813,2827,2397,2958,2933,2920,2867,2771,2721,2599,2633,2978,2927,2899,2892,2856,2844,2804,2757,2930,2909,2882,2855,2838,2818,2753,2779,2958,2907,2880,2854,2832,2838,2721,2777,2929,2898,2877,2871,2822,2828,2712,2787,2944,2908,2865,2872,2832,2807,2777,2778
TOF,2935,2496,2358,2362,2355,2318,2161,2133,2722,2719,2666,2726,2802,2798,2793,2427,2981,2948,2898,2866,2803,2645,2649,2587,2985,2922,2888,2865,2835,2821,2808,2768,2974,2908,2885,2886,2866,2836,2750,2795,2939,2887,2881,2857,2851,2810,2686,2788,2930,2890,2893,2847,2827,2805,2711,2760,2970,2918,2893,2851,2834,2807,2795,2808
TOF,2935,2596,2519,2388,2376,2288,2230,1977,2729,2717,2692,2746,2806,2781,2805,2335,2969,2917,2903,2858,2752,2727,2669,2613,2970,2923,2902,2868,2857,2847,2791,2745,2927,2925,2871,2893,2838,2820,2793,2795,2971,2923,2900,2825,2819,2819,2719,2771,2912,2917,2865,2855,2822,2773,2687,2773,2920,2894,2861,2832,2837,2799,2826,2782
TOF,2935,2596,2496,2398,2382,2307,2228,1977,2751,2715,2713,2700,2866,2758,2810,2335,2974,2920,2906,2867,2790,2746,2636,2575,2935,2932,2906,2866,2840,2821,2787,2752,2958,2929,2895,2859,2834,2810,2790,2783,2941,2917,2876,2853,2837,2800,2698,2763,2921,2892,2857,2858,2819,2801,2761,2780,2939,2932,2877,2856,2821,2812,2789,2770
TOF,2935,2538,2459,2410,2356,2348,2257,2107,2793,2751,2730,2709,2822,2769,2816,2362,2974,2934,2895,2857,2772,2740,2642,2565,2979,2921,2907,2873,2853,2867,2798,2758,2956,2925,2873,2852,2852,2820,2761,2798,2958,2882,2897,2865,2849,2814,2641,2795,2919,2904,2868,2860,2832,2822,2759,2771,2941,2892,2896,2857,2833,2802,2784,2773
TOF,2890,2538,2393,2413,2378,2281,2224,2027,2779,2731,2696,2688,2765,2807,2703,2362,2972,2927,2914,2879,2794,2684,2644,2583,2986,2942,2898,2869,2860,2809,2805,2786,2942,2921,2880,2892,2849,2837,2781,2768,2927,2898,2894,2865,2838,2830,2738,2746,2951,2905,2874,2851,2822,2797,2749,2785,2923,2912,2887,2865,2825,2810,2757,2771
TOF,2746,2538,2508,2416,2341,2321,2205,2118,2774,2750,2742,2689,2790,2787,2772,2323,2991,2936,2882,2879,2793,2739,2602,2616,2972,2932,2901,2888,2854,2830,2784,2762,2956,2909,2886,2884,2858,2812,2741,2791,2929,2894,2884,2864,2849,2813,2696,2785,2925,2924,2864,2845,2865,2813,2777,2764,2982,2903,2871,2851,2842,2803,2761,2780
TOF,2746,2538,2508,2381,2359,2270,2267,2058,2781,2760,2772,2717,2832,2810,2767,2408,2954,2931,2886,2856,2779,2713,2650,2598,2960,2934,2894,2872,2860,2833,2795,2702,2950,2910,2892,2873,2854,2853,2768,2787,2923,2920,2877,2855,2855,2814,2721,2782,2927,2890,2864,2877,2831,2807,2792,2762,2942,2892,2890,2843,2833,2787,2821,2804
TOF,2746,2482,2508,2409,2380,2311,2200,2071,2781,2692,2725,2713,2881,2803,2802,2603,2987,2932,2873,2876,2804,2660,2652,2571,3018,2924,2898,2859,2869,2841,2807,2760,2969,2942,2903,2860,2858,2808,2792,2797,2948,2903,2873,2855,2842,2815,2736,2797,2928,2907,2899,2849,2823,2809,2678,2783,2932,2906,2888,2832,2835,2789,2763,2783
TOF,2972,2451,2496,2441,2351,2322,2128,1993,2806,2741,2707,2686,2762,2843,2768,2437,2974,2926,2907,2876,2762,2705,2635,2594,2931,2932,2902,2867,2836,2836,2802,2758,2931,2910,2889,2864,2842,2832,2776,2780,2949,2885,2871,2847,2828,2814,2788,2784,2923,2918,2878,2845,2843,2803,2803,2780,2933,2952,2852,2848,2818,2800,2792,2788
TOF,2942,2451,2446,2426,2381,2313,2239,1993,2820,2721,2733,2666,2708,2706,2720,2668,2939,2931,2919,2842,2801,2646,2599,2639,2981,2930,2888,2867,2872,2845,2809,2763,2943,2910,2894,2864,2842,2811,2763,2793,2946,2890,2881,2850,2836,2807,2694,2781,2933,2875,2869,2858,2827,2819,2759,2790,2958,2888,2879,2853,2849,2767,2795,2791
TOF,2942,2451,2481,2411,2373,2326,2215,2120,2812,2736,2716,2699,2847,2828,2779,2696,2973,2960,2894,2871,2803,2769,2647,2595,2961,2926,2909,2888,2861,2807,2784,2757,2967,2893,2890,2875,2863,2827,2778,2807,2986,2913,2867,2853,2823,2808,2716,2766,2941,2901,2859,2860,2835,2793,2754,2775,2962,2921,2864,2867,2843,2807,2791,2779
TOF,2942,2492,2697,2386,2365,2246,2191,2193,2753,2688,2714,2767,2772,2788,2800,2289,2967,2924,2924,2871,2801,2720,2601,2608,2949,2918,2891,2891,2872,2823,2787,2745,2942,2920,2888,2876,2844,2817,2769,2792,2941,2890,2887,2868,2826,2811,2705,2785,2962,2891,2884,2851,2828,2815,2701,2764,2961,2925,2874,2848,2814,2805,2779,2799
TOF,2942,2514,2451,2360,2383,2317,2180,2193,2788,2709,2697,2760,2836,2790,2786,2406,2972,2940,2899,2877,2793,2700,2599,2614,2929,2927,2896,2882,2867,2817,2786,2776,2967,2930,2887,2857,2849,2819,2736,2799,2934,2896,2890,2868,2819,2834,2701,2765,2919,2912,2877,2858,2831,2788,2714,2767,2938,2908,2871,2835,2829,2816,2734,2814
TOF,2942,2514,2484,2386,2353,2298,2225,2099,2766,2743,2709,2712,2852,2861,2729,2334,2981,2931,2919,2866,2802,2689,2612,2585,2953,2950,2925,2886,2840,2836,2818,2728,2936,2912,2891,2864,2863,2818,2767,2798,2932,2915,2887,2856,2827,2796,2666,2773,2948,2892,2862,2873,2844,2824,2709,2783,2947,2911,2881,2846,2831,2808,2803,2810
TOF,2711,2445,2452,2385,2338,2296,2224,2099,2805,2680,2766,2779,2808,2823,2749,2722,2950,2911,2906,2858,2826,2625,2614,2600,2978,2922,2925,2874,2845,2802,2782,2802,2961,2927,2889,2854,2847,2819,2745,2781,2936,2883,2894,2853,2834,2811,2664,2763,2958,2911,2872,2847,2848,2803,2745,2791,2966,2903,2862,2857,2819,2797,2776,2779
TOF,2941,2487,2459,2377,2309,2299,2264,2138,2794,2718,2719,2723,2815,2790,2796,2722,2961,2927,2921,2868,2798,2681,2593,2588,2964,2937,2899,2887,2842,2832,2795,2762,2974,2927,2895,2888,2842,2806,2769,2801,2959,2897,2888,2866,2834,2790,2683,2763,2937,2894,2884,2870,2836,2804,2765,2774,2970,2884,2873,2860,2840,2796,2821,2786
TOF,2927,2487,2451,2373,2343,2287,2262,2076,2781,2740,2729,2737,2753,2788,2698,2722,2974,2926,2873,2864,2793,2704,2595,2685,2959,2936,2904,2892,2855,2830,2798,2787,2960,2928,2882,2883,2848,2811,2785,2769,2917,2940,2883,2862,2845,2814,2700,2800,2948,2905,2853,2836,2832,2794,2781,2768,2924,2892,2883,2854,2841,2806,2788,2794
TOF,2927,2487,2451,2389,2361,2307,2230,1997,2793,2707,2704,2730,2760,2803,2771,2394,2965,2922,2924,2857,2788,2767,2646,2542,2956,2922,2919,2868,2863,2817,2783,2760,2971,2922,2884,2863,2840,2827,2798,2766,2931,2893,2886,2855,2841,2816,2609,2772,2946,2901,2871,2852,2833,2815,2740,2757,2931,2893,2876,2842,2828,2797,2804,2798
TOF,2927,2487,2751,2352,2370,2313,2136,2019,2728,2749,2702,2728,2730,2779,2763,2376,2999,2931,2893,2866,2780,2717,2602,2640,2962,2940,2879,2879,2857,2832,2784,2743,2965,2930,2872,2879,2852,2820,2771,2791,2907,2906,2872,2863,2823,2808,2716,2777,2917,2924,2870,2851,2825,2797,2686,2784,2943,2925,2870,2841,2830,2808,2750,2792
TOF,2927,2566,2516,2393,2345,2298,2256,2019,2830,2726,2684,2648,2766,2819,2760,2470,2966,2952,2897,2848,2763,2768,2638,2567,2970,2921,2906,2862,2855,2823,2820,2754,2970,2901,2889,2874,2857,2813,2775,2764,2950,2908,2873,2853,2842,2823,2705,2791,2913,2928,2864,2844,2844,2820,2766,2772,2941,2931,2860,2843,2833,2796,2757,2777
TOF,2952,2440,2523,2373,2308,2307,2276,2019,2769,2769,2699,2730,2855,2814,2682,2337,2960,2914,2908,2855,2819,2671,2668,2645,2965,2926,2902,2860,2845,2834,2811,2749,2935,2906,2894,2867,2851,2816,2755,2784,2924,2921,2891,2854,2851,2829,2695,2762,2914,2893,2879,2862,2817,2827,2706,2781,2954,2906,2897,2864,2839,2803,2722,2760
TOF,2989,2669,2545,2382,2374,2339,2221,2091,2853,2761,2717,2684,2750,2785,2715,2319,2962,2919,2889,2849,2815,2732,2605,2609,2960,2923,2889,2886,2855,2823,2817,2785,2970,2922,2894,2858,2848,2834,2757,2804,2918,2902,2863,2860,2822,2816,2674,2780,2930,2908,2869,2857,2810,2794,2730,2765,2950,2868,2867,2837,2844,2802,2816,2797
TOF,2896,2669,2373,2381,2344,2284,2230,2091,2818,2745,2727,2760,2760,2742,2805,2785,2956,2918,2904,2865,2799,2720,2612,2666,2960,2942,2886,2870,2856,2826,2811,2774,2955,2903,2898,2862,2859,2827,2759,2779,2934,2899,2883,2868,2835,2811,2706,2779,2931,2896,2880,2855,2844,2810,2758,2802,2921,2927,2875,2842,2821,2809,2792,2783
TOF,2846,2488,2489,2361,2350,2278,2200,2091,2756,2718,2708,2729,2764,2793,2713,2363,2966,2945,2909,2874,2828,2692,2628,2656,2964,2918,2904,2853,2867,2823,2808,2749,2951,2949,2901,2871,2865,2806,2744,2792,2940,2895,2877,2853,2846,2817,2682,2773,2932,2893,2889,2848,2806,2800,2687,2761,2943,2888,2904,2850,2840,2783,2790,2798
TOF,2866,2488,2489,2429,2372,2337,2217,1892,2793,2775,2673,2768,2700,2770,2818,2363,2987,2935,2895,2845,2795,2680,2595,2650,2955,2926,2917,2868,2855,2834,2795,2763,2931,2937,2877,2879,2833,2813,2749,2790,2937,2901,2877,2862,2870,2822,2701,2777,2906,2912,2846,2846,2836,2801,2711,2758,2950,2900,2891,2871,2835,2803,2810,2793
TOF,2623,2856,2457,2384,2382,2315,2233,2228,2802,2744,2721,2785,2812,2810,2754,2363,2976,2940,2911,2867,2802,2698,2650,2599,2945,2914,2891,2891,2846,2830,2807,2772,2944,2923,2876,2870,2838,2817,2795,2799,2920,2886,2891,2865,2845,2825,2677,2789,2936,2895,2879,2860,2812,2815,2733,2785,2935,2915,2879,2858,2824,2805,2816,2764
TOF,2623,2856,2457,2381,2353,2314,2285,1902,2757,2754,2688,2686,2818,2814,2773,2363,2968,2942,2898,2878,2785,2743,2613,2621,2971,2934,2903,2874,2846,2818,2787,2754,2941,2918,2880,2880,2857,2820,2784,2798,2908,2882,2881,2861,2830,2812,2652,2770,2945,2915,2890,2863,2841,2801,2720,2800,2934,2928,2873,2853,2838,2807,2791,2801
TOF,2623,2856,2414,2356,2340,2279,2260,2041,2814,2715,2725,2631,2778,2778,2817,2464,2962,2936,2898,2885,2792,2701,2641,2594,2978,2928,2912,2896,2861,2839,2795,2755,2934,2912,2902,2868,2857,2818,2766,2774,2941,2900,2865,2849,2857,2788,2661,2787,2924,2913,2858,2859,2843,2805,2759,2802,2949,2912,2872,2843,2851,2804,2856,2781
TOF,2992,2856,2427,2433,2338,2333,2236,1888,2779,2761,2691,2707,2716,2826,2710,2618,2969,2912,2901,2861,2830,2725,2632,2598,2965,2930,2918,2880,2866,2816,2803,2713,2944,2914,2894,2880,2860,2812,2766,2795,2943,2856,2880,2862,2834,2804,2679,2786,2913,2903,2884,2842,2837,2812,2799,2817,2930,2910,2878,2825,2845,2800,2808,2791
TOF,2774,2856,2473,2385,2355,2320,2240,1973,2783,2719,2678,2739,2663,2838,2783,2723,2977,2935,2895,2868,2806,2732,2629,2571,2980,2918,2904,2889,2879,2828,2799,2782,2978,2919,2881,2849,2855,2832,2773,2778,2953,2920,2866,2864,2841,2804,2694,2799,2923,2901,2859,2854,2831,2800,2745,2784,2929,2900,2881,2856,2814,2803,2786,2789
TOF,2723,2484,2473,2430,2373,2295,2273,2073,2767,2742,2738,2720,2784,2820,2794,2344,2996,2916,2909,2886,2769,2682,2618,2562,2961,2910,2898,2886,2858,2807,2797,2757,2932,2918,2882,2861,2853,2814,2726,2807,2975,2939,2895,2850,2816,2811,2750,2780,2935,2887,2863,2866,2828,2808,2681,2799,2948,2891,2903,2855,2807,2814,2762,2772
TOF,2645,2484,2437,2395,2342,2295,2266,2073,2767,2770,2758,2664,2788,2841,2739,2674,2984,2915,2899,2857,2769,2668,2620,2604,2975,2915,2910,2868,2854,2840,2783,2753,2961,2902,2884,2854,2852,2826,2780,2794,2933,2900,2883,2867,2838,2813,2707,2759,2927,2903,2862,2853,2812,2804,2760,2767,2933,2933,2872,2841,2841,2820,2808,2782
TOF,2645,2484,2440,2401,2347,2284,2276,2028,2785,2737,2683,2703,2734,2761,2729,2326,2999,2937,2911,2845,2810,2694,2666,2611,2942,2927,2907,2889,2858,2835,2800,2742,2971,2913,2907,2870,2844,2826,2785,2809,2951,2916,2873,2860,2829,2821,2711,2780,2930,2936,2896,2864,2823,2813,2765,2766,2945,2929,2881,2860,2825,2789,2820,2758
TOF,2844,2764,2440,2376,2348,2291,2295,2028,2752,2734,2682,2746,2755,2769,2822,2398,2998,2936,2907,2839,2783,2698,2623,2603,2949,2901,2873,2865,2846,2830,2788,2752,2972,2901,2889,2889,2847,2824,2792,2802,2936,2919,2883,2865,2832,2806,2719,2770,2942,2907,2869,2848,2838,2804,2753,2787,2949,2896,2875,2832,2821,2803,2808,2778
TOF,2919,2764,2447,2388,2356,2294,2201,2223,2808,2710,2747,2688,2781,2818,2780,2398,2979,2929,2897,2839,2808,2729,2583,2660,2963,2932,2909,2891,2841,2803,2782,2772,2966,2922,2891,2882,2833,2811,2794,2783,2928,2942,2869,2867,2847,2822,2751,2762,2939,2889,2872,2845,2839,2807,2659,2789,2954,2917,2878,2886,2823,2789,2765,2772
TOF,2919,2764,2478,2382,2337,2306,2277,2049,2838,2736,2727,2689,2750,2835,2806,2584,2997,2944,2921,2867,2808,2733,2618,2587,2939,2921,2883,2898,2878,2830,2813,2763,2938,2897,2896,2870,2851,2831,2753,2777,2910,2916,2870,2859,2800,2805,2710,2758,2902,2925,2864,2825,2829,2797,2707,2791,2937,2907,2874,2859,2849,2791,2832,2775
TOF,2962,2764,2338,2433,2342,2341,2266,2091,2840,2801,2685,2722,2758,2837,2792,2713,2979,2921,2901,2855,2783,2727,2606,2668,2953,2926,2878,2884,2852,2815,2771,2753,2983,2927,2873,2876,2842,2827,2791,2792,2928,2934,2868,2867,2820,2814,2681,2774,2926,2896,2871,2846,2822,2803,2810,2775,2974,2913,2863,2879,2849,2794,2807,2793
TOF,2962,2688,2404,2431,2354,2328,2246,2080,2783,2787,2706,2730,2740,2796,2791,2766,2962,2936,2917,2844,2802,2738,2582,2586,2980,2929,2889,2888,2863,2846,2777,2743,2977,2925,2863,2874,2839,2812,2797,2809,2949,2889,2881,2855,2835,2817,2686,2755,2924,2898,2884,2865,2822,2802,2693,2772,2965,2899,2881,2842,2808,2811,2788,2811
TOF,2887,2461,2445,2419,2367,2309,2256,2080,2778,2695,2721,2671,2860,2788,2729,2693,2970,2933,2917,2863,2815,2700,2623,2620,2939,2923,2891,2893,2838,2832,2782,2729,2943,2900,2901,2830,2853,2822,2751,2781,2942,2922,2868,2863,2855,2812,2630,2775,2918,2881,2871,2858,2850,2813,2735,2754,2911,2899,2889,2842,2841,2788,2742,2765
TOF,2972,2461,2477,2384,2345,2325,2244,1970,2790,2778,2746,2666,2758,2754,2807,2451,2957,2924,2880,2862,2776,2701,2611,2572,2971,2931,2904,2883,2851,2834,2785,2762,2951,2929,2900,2862,2835,2821,2764,2761,2918,2901,2880,2876,2839,2821,2738,2744,2936,2879,2864,2864,2820,2810,2689,2787,2953,2905,2887,2859,2820,2790,2804,2756
TOF,2913,2854,2686,2409,2356,2297,2233,1965,2793,2752,2641,2691,2760,2803,2689,2451,2976,2934,2906,2890,2809,2706,2617,2605,2979,2922,2887,2870,2862,2816,2768,2769,2916,2898,2892,2866,2850,2816,2770,2768,2933,2902,2866,2867,2814,2815,2689,2775,2911,2871,2887,2848,2827,2798,2779,2758,2945,2926,2868,2851,2804,2799,2737,2788
TOF,2913,2854,2440,2412,2339,2252,2245,2157,2817,2732,2704,2671,2798,2814,2756,2375,2979,2930,2897,2866,2766,2697,2647,2573,2955,2918,2904,2890,2854,2809,2797,2757,2940,2934,2884,2882,2848,2830,2773,2786,2958,2904,2889,2856,2859,2809,2720,2767,2914,2883,2875,2874,2834,2796,2756,2791,2920,2902,2891,2868,2834,2810,2772,2784
TOF,2913,2536,2539,2367,2355,2336,2256,2158,2762,2739,2714,2725,2778,2784,2794,2293,2987,2928,2923,2863,2813,2713,2624,2569,2962,2914,2891,2882,2862,2847,2778,2745,2946,2913,2884,2875,2846,2822,2756,2766,2934,2899,2870,2856,2826,2812,2719,2788,2928,2888,2879,2832,2815,2799,2746,2747,2939,2923,2876,2850,2833,2808,2797,2792
TOF,2974,2603,2469,2394,2358,2314,2223,2158,2812,2761,2745,2705,2854,2821,2750,2725,2942,2938,2909,2861,2810,2705,2654,2605,2964,2941,2906,2879,2866,2838,2796,2748,2945,2915,2886,2869,2841,2829,2746,2779,2946,2911,2866,2858,2830,2821,2685,2771,2922,2909,2899,2849,2842,2803,2745,2757,2954,2949,2838,2864,2838,2788,2793,2792
TOF,2755,2435,2454,2408,2333,2333,2218,2019,2775,2736,2735,2723,2793,2801,2776,2308,2954,2927,2912,2861,2798,2677,2613,2588,2938,2922,2916,2877,2865,2839,2805,2747,2939,2939,2890,2880,2842,2800,2804,2799,2914,2921,2891,2875,2858,2808,2665,2785,2949,2908,2888,2861,2844,2799,2775,2788,2969,2916,2882,2843,2831,2805,2800,2777
TOF,3042,2435,2495,2397,2339,2324,2182,2079,2805,2760,2760,2718,2768,2807,2688,2324,2977,2955,2923,2872,2799,2671,2584,2570,2992,2943,2917,2894,2860,2839,2794,2758,2937,2899,2886,2869,2841,2840,2778,2783,2952,2921,2868,2860,2853,2804,2676,2785,2929,2931,2878,2892,2837,2810,2774,2769,2920,2898,2853,2858,2835,2790,2738,2763
TOF,2976,2792,2526,2419,2330,2309,2229,2079,2804,2746,2701,2644,2811,2756,2788,2306,2969,2941,2907,2849,2813,2690,2626,2620,2944,2926,2921,2877,2864,2808,2787,2791,2954,2910,2871,2880,2860,2819,2776,2789,2956,2927,2879,2850,2837,2795,2683,2769,2932,2885,2897,2854,2848,2802,2738,2789,2935,2914,2882,2839,2844,2802,2776,2758
TOF,2976,2507,2526,2396,2367,2302,2191,2216,2779,2756,2661,2775,2821,2784,2785,2620,2969,2937,2887,2864,2760,2695,2624,2592,2972,2920,2896,2886,2861,2808,2786,2744,2945,2929,2896,2881,2838,2830,2783,2807,2937,2910,2873,2869,2835,2795,2675,2798,2947,2915,2868,2862,2826,2798,2757,2767,2947,2916,2897,2836,2837,2790,2791,2802
TOF,2976,2662,2504,2441,2355,2293,2227,2216,2796,2729,2795,2742,2811,2773,2734,2620,2975,2921,2915,2858,2806,2730,2621,2579,2978,2933,2902,2880,2858,2823,2794,2761,2962,2914,2894,2894,2837,2819,2797,2786,2932,2949,2890,2849,2838,2811,2654,2765,2934,2904,2878,2847,2816,2820,2682,2780,2974,2932,2899,2858,2839,2818,2815,2800
TOF,2967,2662,2501,2397,2366,2296,2229,1894,2822,2749,2825,2763,2849,2788,2708,2441,2984,2959,2919,2862,2798,2689,2605,2648,2947,2915,2893,2874,2871,2837,2798,2766,2924,2925,2881,2868,2843,2821,2741,2781,2922,2923,2886,2859,2821,2799,2696,2779,2940,2904,2881,2840,2839,2782,2691,2770,2941,2910,2872,2864,2832,2816,2790,2779
TOF,2799,2644,2456,2348,2354,2278,2139,2171,2814,2746,2716,2716,2726,2765,2768,2441,2963,2924,2912,2869,2843,2704,2644,2665,2979,2922,2899,2875,2857,2829,2780,2748,2929,2901,2901,2875,2862,2824,2769,2764,2981,2881,2860,2859,2839,2811,2671,2763,2922,2929,2874,2861,2823,2820,2819,2775,2926,2917,2896,2858,2855,2786,2789,2755
TOF,2799,2493,2508,2347,2383,2285,2174,2171,2781,2729,2719,2710,2810,2838,2746,2320,2986,2919,2899,2828,2819,2676,2636,2687,2952,2930,2904,2892,2874,2854,2784,2750,2946,2920,2902,2867,2838,2811,2787,2753,2941,2920,2898,2862,2838,2828,2726,2758,2933,2905,2876,2867,2825,2808,2774,2769,2958,2926,2872,2876,2848,2806,2772,2788
TOF,2651,2842,2508,2416,2328,2324,2252,2171,2819,2725,2731,2715,2750,2849,2775,2320,2950,2944,2925,2854,2761,2712,2646,2589,2965,2914,2887,2877,2864,2839,2796,2776,2939,2917,2901,2880,2858,2812,2749,2780,2943,2905,2905,2854,2833,2814,2692,2769,2909,2893,2892,2841,2827,2794,2697,2760,2964,2913,2850,2859,2823,2817,2780,2792
TOF,2944,2823,2405,2411,2384,2322,2208,2044,2779,2710,2715,2715,2783,2798,2759,2320,2979,2951,2915,2860,2789,2701,2639,2626,2974,2904,2903,2898,2861,2836,2800,2776,2909,2929,2888,2893,2847,2833,2787,2796,2935,2899,2891,2860,2842,2837,2720,2790,2924,2902,2861,2860,2825,2806,2763,2744,2928,2881,2914,2851,2824,2800,2834,2772
TOF,2686,2823,2405,2393,2370,2283,2244,2041,2789,2753,2664,2750,2721,2828,2783,2320,2936,2931,2906,2843,2781,2728,2625,2564,2988,2930,2892,2885,2852,2809,2801,2786,2955,2941,2893,2895,2872,2840,2783,2765,2951,2936,2890,2853,2848,2814,2694,2783,2923,2912,2862,2849,2845,2813,2715,2774,2913,2897,2873,2843,2828,2816,2811,2791
TOF,2686,2823,2449,2386,2350,2302,2238,2234,2788,2744,2677,2682,2775,2743,2766,2320,2989,2946,2897,2878,2762,2706,2628,2635,2976,2919,2887,2886,2864,2858,2789,2762,2944,2933,2903,2884,2847,2826,2764,2788,2935,2881,2881,2860,2837,2810,2699,2781,2939,2908,2875,2864,2826,2803,2664,2777,2917,2919,2896,2862,2829,2815,2806,2780
TOF,2980,2849,2449,2445,2378,2305,2231,2234,2828,2749,2708,2765,2740,2789,2798,2339,2990,2950,2908,2860,2832,2735,2643,2601,2956,2923,2899,2876,2850,2852,2796,2763,2943,2900,2917,2870,2829,2834,2772,2782,2933,2910,2851,2852,2874,2826,2716,2790,2933,2912,2871,2858,2807,2802,2668,2782,2954,2912,2866,2833,2819,2802,2827,2761
TOF,2980,2849,2387,2414,2371,2273,2247,2109,2751,2730,2725,2722,2759,2807,2764,2405,2999,2977,2900,2843,2824,2677,2604,2613,2975,2928,2892,2889,2843,2840,2791,2735,2967,2926,2893,2860,2854,2815,2767,2805,2912,2901,2887,2853,2832,2797,2657,2779,2927,2929,2889,2858,2843,2806,2753,2769,2949,2882,2896,2860,2824,2814,2868,2764
TOF,2860,2849,2443,2377,2347,2298,2190,2034,2814,2729,2743,2712,2799,2765,2793,2405,2964,2930,2886,2883,2794,2702,2630,2574,2957,2915,2894,2866,2839,2856,2807,2734,2944,2945,2866,2868,2853,2829,2767,2794,2946,2883,2882,2867,2866,2827,2673,2769,2924,2885,2880,2854,2836,2802,2697,2774,2977,2925,2866,2852,2812,2789,2799,2787
TOF,2622,2539,2443,2409,2341,2312,2226,1983,2841,2722,2713,2705,2857,2798,2727,2405,2967,2925,2888,2867,2809,2711,2581,2572,3001,2912,2910,2873,2861,2836,2788,2756,2976,2926,2895,2881,2863,2828,2757,2800,2961,2914,2898,2865,2847,2821,2684,2758,2923,2918,2860,2848,2835,2789,2727,2774,2947,2902,2895,2838,2831,2788,2780,2790
TOF,2622,2493,2469,2380,2364,2328,2162,1960,2752,2781,2783,2672,2815,2781,2762,2405,2949,2946,2914,2841,2798,2699,2621,2639,2956,2927,2865,2888,2856,2852,2793,2771,2903,2917,2890,2872,2843,2834,2770,2794,2934,2908,2895,2862,2838,2810,2722,2760,2916,2914,2882,2851,2829,2783,2697,2772,2940,2908,2892,2862,2855,2804,2754,2777
TOF,2622,2493,2486,2402,2348,2294,2174,2010,2823,2749,2743,2685,2823,2790,2780,2648,2996,2933,2907,2858,2816,2731,2642,2649,2932,2920,2876,2876,2859,2813,2801,2738,2915,2912,2881,2865,2859,2827,2744,2764,2902,2931,2888,2850,2836,2829,2683,2771,2956,2921,2884,2865,2834,2806,2759,2768,2964,2889,2887,2856,2834,2818,2725,2779
TOF,2950,2493,2465,2400,2365,2323,2223,1891,2786,2735,2721,2688,2794,2813,2824,2648,2991,2915,2904,2838,2782,2689,2616,2623,2976,2913,2900,2898,2852,2845,2795,2767,2951,2930,2882,2873,2842,2823,2791,2797,2937,2901,2875,2858,2849,2825,2679,2783,2955,2921,2885,2832,2845,2793,2721,2767,2954,2908,2845,2867,2814,2801,2778,2819
TOF,2885,2493,2486,2361,2347,2311,2136,2152,2783,2727,2701,2670,2777,2765,2723,2648,2974,2932,2912,2880,2831,2711,2619,2596,2956,2935,2891,2873,2844,2830,2817,2775,2955,2931,2899,2874,2862,2826,2768,2783,2926,2893,2880,2846,2819,2822,2706,2794,2932,2913,2887,2858,2828,2793,2754,2787,2923,2894,2905,2850,2827,2788,2785,2774
TOF,2957,2493,2451,2381,2366,2316,2152,2152,2790,2684,2746,2722,2803,2787,2819,2610,2948,2922,2894,2852,2779,2701,2628,2646,2952,2928,2898,2851,2839,2813,2799,2788,2936,2907,2892,2888,2849,2812,2765,2789,2944,2897,2877,2874,2844,2807,2739,2756,2901,2896,2863,2849,2823,2802,2793,2768,2944,2883,2880,2853,2839,2805,2757,2809
TOF,2869,2493,2451,2385,2350,2310,2184,2120,2771,2755,2721,2700,2779,2812,2797,2495,2988,2931,2924,2874,2799,2708,2634,2605,2954,2940,2892,2872,2862,2830,2800,2755,2950,2909,2893,2856,2854,2829,2787,2796,2936,2927,2898,2846,2845,2813,2660,2766,2932,2924,2873,2861,2817,2813,2714,2760,2938,2901,2897,2850,2858,2809,2807,2764
TOF,2869,2493,2478,2375,2379,2307,2218,2120,2780,2726,2692,2717,2750,2808,2758,2495,2982,2927,2904,2871,2808,2654,2604,2562,2962,2929,2906,2869,2859,2830,2779,2743,2950,2921,2878,2864,2854,2825,2758,2788,2927,2873,2868,2875,2832,2813,2723,2777,2928,2913,2892,2874,2830,2791,2752,2745,2955,2880,2878,2860,2834,2802,2814,2794
TOF,3005,2493,2414,2375,2344,2278,2228,2120,2766,2769,2645,2693,2743,2833,2808,2372,2970,2940,2897,2854,2773,2697,2604,2629,2958,2915,2903,2878,2856,2853,2776,2733,2933,2932,2870,2863,2861,2816,2783,2795,2934,2896,2882,2851,2844,2816,2706,2791,2931,2882,2878,2830,2829,2809,2725,2775,2937,2927,2894,2864,2822,2801,2792,2770
TOF,3005,2522,2445,2362,2354,2295,2236,2120,2791,2764,2715,2679,2789,2843,2812,2372,2995,2938,2897,2854,2809,2729,2641,2603,2974,2934,2905,2881,2868,2824,2803,2748,2940,2938,2886,2886,2844,2821,2748,2788,2960,2903,2882,2860,2838,2797,2662,2780,2924,2922,2868,2863,2838,2812,2762,2797,2954,2896,2889,2828,2851,2778,2777,2785
TOF,3005,2522,2393,2405,2343,2295,2259,1922,2827,2740,2694,2683,2784,2756,2752,2280,2966,2927,2896,2869,2785,2704,2644,2633,2956,2947,2893,2870,2850,2824,2787,2751,2949,2912,2918,2870,2832,2823,2774,2803,2937,2944,2882,2854,2840,2819,2649,2767,2937,2914,2874,2857,2836,2806,2781,2780,2957,2895,2890,2845,2838,2805,2791,2785
TOF,3005,2522,2491,2440,2388,2269,96,96,2768,2864,2691,2699,2821,110,2780,120,2977,2912,2910,2864,2795,2706,2630,2620,2970,2931,2897,2870,2863,2837,2772,2746,2925,2914,2891,2867,2846,2828,2779,2772,2941,2886,2892,2834,2858,2830,2721,2772,2944,2905,2857,2862,2806,2813,2703,2783,2932,2930,2886,2816,2822,2799,2811,2778
TOF,207,229,203,2367,146,150,159,162,2784,2716,2749,2709,2812,154,157,163,2992,2935,2908,2868,2803,160,167,113,2949,2923,2901,2881,2878,169,145,158,2970,2927,2895,2866,160,151,144,2783,2936,2929,2883,2874,138,162,2703,99,2941,2898,2881,2832,152,145,2788,2768,2956,2896,2855,2842,2825,2788,2799,2786
TOF,2914,2553,223,2397,2372,160,160,147,2784,2734,2737,2714,159,162,147,155,2978,2934,2897,2852,155,148,146,158,2986,2922,2898,2888,146,152,169,160,2952,2908,2904,144,147,171,170,166,2933,2922,2876,142,173,171,171,166,2940,2912,2869,2865,176,174,170,153,2951,2913,2878,180,169,177,133,156
TOF,236,2508,2490,2367,2369,2310,2181,2233,2805,2731,2709,2765,2868,2831,2762,2335,2976,2949,2912,2886,2819,2736,2673,177,2956,2925,2905,2897,178,2834,154,178,2992,2958,2894,2880,182,155,156,156,2971,2893,2884,2856,153,155,163,159,2944,2908,2870,156,157,163,164,169,2929,2925,2816,155,178,168,174,169
TOF,2781,2508,2528,2363,2363,2299,2285,1989,2825,2690,2728,2820,2843,2820,2732,2340,2973,2929,2913,2864,2789,2703,2605,2540,2974,2931,2899,2879,2863,2840,2816,2791,2948,2902,2904,2882,2829,2808,2764,179,2937,2945,2879,2854,2817,2821,174,173,2922,2894,2884,2850,194,165,168,167,2922,2927,2895,202,156,160,160,163
TOF,2801,2530,2542,2399,2336,2304,2251,2106,2860,2736,2684,2680,2820,2790,2781,2453,2982,2914,2897,2870,2814,2762,2616,2604,2970,2915,2915,2880,2858,2830,2806,2750,2955,2899,2888,2873,2862,2836,2782,200,2924,2916,2896,2859,2808,2803,205,181,2933,2896,2886,2852,2796,2793,186,173,2956,2884,2890,2866,186,186,174,169
TOF,2454,2489,2525,2387,2311,2287,2196,2106,2821,2753,2726,2678,2736,2818,2732,2333,2973,2948,2917,2887,2802,2732,2596,2649,2985,2920,2915,2889,2871,2830,2817,2795,2955,2934,2904,2877,2855,2837,2788,2780,2937,2919,2878,2859,2841,2834,2754,2773,2943,2902,2875,2864,2820,2797,2723,174,2936,2936,2867,2841,2840,2794,179,169
TOF,2882,2489,2462,2388,2324,2297,2249,1956,2802,2718,2703,2787,2771,2805,2751,2333,2985,2950,2910,2846,2804,2700,2647,2643,2914,2935,2886,2867,2864,2827,2803,2778,2968,2904,2889,2842,2853,2818,2737,2789,2935,2900,2855,2877,2835,2829,2699,2800,2944,2905,2873,2840,2834,2802,2660,2771,2966,2917,2888,2850,2823,2808,197,178
TOF,2927,2489,2634,2414,2358,2304,2249,1956,2777,2777,2721,2781,2785,2742,2720,2333,2954,2935,2905,2866,2794,2687,2623,2616,2923,2908,2891,2871,2841,2837,2788,2758,2913,2908,2900,2852,2836,2828,2787,2784,2926,2922,2901,2857,2841,2814,2668,2757,2907,2890,2884,2879,2830,2807,2775,2769,2939,2900,2880,2857,2798,2801,2853,195
TOF,2927,2428,2406,2454,2360,2314,2252,1956,2766,2739,2710,2710,2759,2798,2771,2349,2979,2945,2886,2849,2797,2689,2610,2614,2938,2928,2906,2869,2860,2839,2805,2775,2955,2919,2879,2878,2850,2840,2744,2767,2952,2909,2878,2855,2853,2829,2685,2790,2935,2907,2895,2844,2832,2805,2670,2794,2939,2866,2874,2849,2839,2807,2769,2754
TOF,2927,2461,2406,2378,2336,2281,2165,1956,2754,2699,2731,2791,2810,2814,2814,2355,2969,2949,2884,2854,2822,2748,2653,2595,2981,2925,2890,2880,2852,2841,2781,2758,2957,2907,2893,2890,2837,2820,2789,2786,2955,2898,2884,2852,2842,2826,2697,2759,2931,2897,2880,2842,2850,2795,2753,2765,2929,2885,2871,2863,2822,2813,2780,2746
TOF,2927,2586,2565,2403,2344,2302,2161,2054,2802,2788,2699,2763,2770,2770,2800,2350,2967,2936,2914,2872,2783,2696,2621,2582,2952,2903,2901,2890,2855,2843,2788,2760,2970,2931,2865,2877,2845,2829,2772,2756,2937,2879,2876,2864,2820,2817,2705,2767,2960,2935,2872,2847,2847,2802,2747,2776,2919,2906,2876,2871,2856,2788,2810,2794
TOF,2941,2586,2509,2353,2331,2311,2307,1926,2773,2743,2741,2700,2887,2810,2796,2406,2953,2934,2899,2834,2799,2711,2653,2581,2955,2927,2869,2884,2845,2833,2804,2759,2937,2912,2875,2856,2839,2843,2734,2799,2941,2893,2867,2849,2822,2812,2712,2781,2955,2898,2878,2857,2814,2805,2753,2771,2948,2896,2879,2867,2826,2808,2805,2813
TOF,2919,2586,2509,2410,2356,2319,2301,1902,2779,2724,2734,2735,2712,2842,2752,2374,2963,2929,2906,2884,2784,2714,2609,2602,2955,2932,2923,2890,2833,2827,2803,2754,2955,2906,2877,2883,2841,2830,2734,2779,2950,2880,2894,2856,2844,2816,2639,2759,2931,2911,2882,2854,2836,2801,2732,2758,2949,2878,2890,2864,2820,2806,2779,2757
TOF,2669,2608,2432,2419,2352,2294,2089,1902,2809,2715,2733,2749,2835,2793,2783,2374,2966,2920,2905,2866,2812,2711,2618,2617,2955,2928,2888,2867,2863,2849,2794,2785,2953,2921,2880,2859,2845,2836,2723,2793,2949,2900,2885,2865,2864,2812,2675,2763,2950,2912,2877,2842,2833,2794,2757,2758,2947,2921,2844,2834,2831,2804,2789,187
TOF,2857,2502,2811,2411,2356,2272,2197,2162,2834,2736,2712,2774,2710,2825,2776,2374,3017,2935,2896,2867,2789,2682,2603,2592,2939,2935,2900,2894,2852,2846,2784,2721,2944,2918,2904,2873,2851,2826,2791,2781,2932,2917,2891,2858,2834,2822,2692,2794,2952,2901,2892,2870,2838,2809,2665,2775,2972,2923,2895,2854,2865,2800,2804,185
TOF,2897,2502,2426,2418,2353,2314,2219,2193,2779,2699,2730,2753,2788,2784,2773,2293,2979,2936,2875,2836,2809,2721,2641,2640,2958,2923,2888,2881,2873,2810,2784,2768,2935,2932,2868,2853,2848,2823,2786,2776,2952,2915,2885,2851,2840,2798,2690,2792,2955,2891,2880,2836,2810,2800,2695,2775,2967,2909,2904,2860,2841,2805,2803,183
TOF,2927,2502,2537,2468,2363,2292,2270,2138,2762,2734,2672,2737,2808,2800,2782,2509,2947,2926,2904,2871,2805,2720,2622,2572,2966,2929,2907,2879,2862,2836,2813,2721,2940,2916,2884,2871,2862,2818,2793,2766,2941,2937,2889,2848,2832,2841,2728,2782,2949,2906,2870,2830,2822,2796,2787,2756,2965,2894,2857,2853,2832,2833,2783,176
TOF,2879,2502,2455,2397,2356,2275,2217,2138,2785,2723,2703,2740,2747,2834,2781,2735,2971,2924,2897,2859,2781,2706,2614,2569,2960,2926,2892,2866,2861,2829,2787,2725,2951,2923,2899,2872,2845,2826,2769,2788,2939,2928,2871,2855,2835,2809,2714,2769,2894,2901,2870,2862,2830,2818,2671,2767,2947,2893,2884,2847,2852,2804,2794,175
TOF,2879,2776,2399,2358,2347,2325,2263,1990,2828,2744,2711,2746,2748,2777,2777,2683,3004,2936,2893,2856,2824,2687,2609,2612,2963,2919,2914,2879,2859,2840,2789,2768,2926,2910,2881,2860,2862,2832,2756,2769,2956,2931,2882,2861,2834,2823,2688,2752,2923,2917,2869,2850,2819,2790,2779,2763,2922,2907,2866,2842,2808,2799,2779,178
TOF,2928,2671,2399,2467,2373,2291,2311,2165,2768,2766,2766,2723,2720,2801,2824,2316,2998,2942,2908,2869,2793,2753,2590,2607,2972,2929,2878,2887,2860,2827,2803,2735,2994,2908,2914,2889,2841,2812,2778,2788,2953,2896,2884,2854,2840,2823,2682,2770,2957,2892,2877,2851,2817,2796,2759,2745,2953,2965,2871,2816,2810,2802,2807,176
TOF,2928,2671,2498,2434,2319,2269,2213,2165,2780,2771,2737,2708,2778,2807,2775,2313,2968,2951,2906,2864,2769,2695,2634,2585,2940,2936,2890,2883,2841,2833,2803,2748,2937,2901,2897,2876,2827,2824,2771,2799,2928,2907,2890,2848,2823,2793,2697,2781,2917,2895,2891,2846,2840,2798,2771,2774,2971,2901,2881,2824,2828,2796,2811,188
TOF,2768,2671,2407,2409,2370,2301,2228,2119,2804,2757,2683,2671,2777,2795,2752,2503,2974,2933,2904,2864,2774,2715,2605,2625,2973,2916,2904,2878,2838,2807,2800,2765,2959,2927,2891,2893,2852,2820,2781,2782,2945,2907,2879,2867,2850,2803,2715,2781,2964,2902,2862,2891,2836,2802,2750,2771,2969,2913,2893,2818,2847,2790,2799,178
TOF,2768,2429,2466,2396,2309,2285,2268,2083,2821,2739,2692,2672,2782,2808,2758,2337,2972,2932,2893,2859,2766,2745,2613,2583,2940,2923,2906,2888,2845,2827,2792,2769,2992,2909,2885,2864,2849,2845,2743,2798,2919,2902,2877,2850,2841,2804,2700,2763,2929,2901,2884,2856,2842,2806,2750,2764,2934,2903,2861,2852,2821,2795,2764,161
TOF,2768,2429,2466,2381,2348,2293,2234,188,2747,2732,2685,2694,2755,2780,2822,2364,2980,2958,2904,2862,2787,2791,2618,2583,2952,2933,2868,2880,2859,2820,2772,2740,2958,2918,2905,2879,2845,2819,2758,2786,2946,2897,2874,2875,2846,2813,2717,147,2940,2898,2894,2846,2823,2802,2690,151,2946,2953,2923,2865,2830,2805,2700,141
TOF,2919,2512,2493,2398,2369,2228,2271,150,2863,2843,2716,2824,2795,2814,2783,149,2976,2925,2894,2867,2845,2796,2604,2602,2953,2930,2896,2892,2862,2833,2790,144,2910,2937,2864,2858,2846,2824,2776,138,2906,2907,2885,2846,2825,2834,2745,134,2919,2896,2871,2850,2824,2795,2632,133,2930,2922,2901,2847,2826,2796,2607,129
TOF,235,232,246,2371,2393,2287,158,143,2814,2785,2690,2819,2843,2776,2794,141,2973,2931,2884,2861,2795,2753,151,140,2972,2903,2882,2873,2861,2816,2787,136,2986,2928,2872,2881,2870,2820,2824,134,2966,2909,2886,2868,2846,2808,2750,131,2917,2911,2891,2839,2820,2815,138,126,2970,2930,2884,2830,2822,2797,135,122
TOF,205,245,2773,2449,2380,2316,152,142,2816,2750,2701,2662,2855,2853,152,138,2975,2944,2877,2855,2738,2783,147,137,2966,2920,2898,2876,2847,2819,147,136,2957,2896,2889,2879,2820,2803,142,134,2981,2884,2871,2876,2835,2841,144,132,2935,2888,2872,2850,2842,2814,138,130,2935,2912,2912,2871,2846,148,133,128
TOF,252,297,280,2369,2376,2308,146,138,2868,2699,2716,2670,2820,159,146,134,2996,2925,2893,2854,2792,156,141,135,2961,2929,2885,2900,2849,156,141,131,2942,2919,2876,2863,2839,152,137,128,2971,2938,2885,2870,2856,148,138,129,2950,2928,2872,2855,2837,146,134,128,2972,2938,2882,2840,2814,144,133,126
TOF,294,305,288,2395,2347,161,143,137,2796,2724,2693,2685,2709,154,143,134,2998,2924,2916,2882,2826,153,137,133,2956,2928,2896,2881,2862,151,138,130,2959,2918,2910,2857,2854,147,135,129,2951,2921,2880,2846,2830,144,135,127,2967,2891,2871,2851,2822,142,130,128,2977,2910,2879,2835,2827,138,134,125
TOF,292,301,309,2367,2363,162,138,133,2867,2719,2696,2790,2819,153,137,129,2987,2925,2884,2857,2801,145,135,129,2919,2919,2898,2870,2851,144,134,128,2978,2898,2878,2885,2845,140,129,124,2955,2920,2886,2864,162,138,131,122,2910,2920,2865,2845,152,135,126,124,2930,2908,2916,2855,152,134,129,122
TOF,282,284,292,2440,171,155,134,132,2836,262,2782,2798,2856,150,136,131,2996,2952,2917,2875,167,146,133,128,2975,2915,2905,2900,2856,142,133,126,2930,2918,2904,2876,164,139,130,126,2928,2920,2881,2861,151,136,129,121,2926,2897,2885,2850,150,134,126,124,2943,2942,2872,2845,148,132,127,121
TOF,269,273,279,181,165,149,130,129,268,264,204,2796,158,151,132,127,2972,2923,2885,2875,152,143,130,127,2969,2924,2922,2883,2834,142,131,125,2931,2935,2900,2879,159,136,126,123,2940,2894,2880,2889,147,136,125,121,2959,2902,2883,2854,150,132,123,121,2963,2868,2874,2838,145,130,125,121
TOF,261,271,269,180,166,150,130,129,273,283,218,2703,161,149,136,129,2945,2922,2926,2885,166,146,131,127,2969,2933,2909,2878,2860,143,132,127,2937,2919,2869,2864,2848,139,128,123,2953,2950,2877,2867,153,137,128,123,2934,2904,2867,2862,150,135,128,121,2936,2895,2888,2874,146,131,126,123
TOF,257,261,260,177,168,146,129,125,281,282,229,2722,165,152,132,126,2975,2907,2912,2873,159,142,129,126,2985,2907,2876,2870,2844,140,128,124,2958,2920,2895,2864,2855,136,126,121,2930,2907,2886,2859,154,134,127,121,2932,2908,2879,2871,148,131,126,121,2957,2906,2890,2860,145,131,124,120
TOF,260,261,266,174,170,148,129,128,274,284,229,2771,163,152,134,128,210,204,2933,2829,161,145,132,128,2960,2946,2905,2861,2856,144,130,127,3025,2930,2897,2858,2850,138,127,123,2963,2901,2874,2845,151,138,128,123,2952,2906,2880,2872,151,135,127,123,2933,2890,2855,2856,144,132,126,122
TOF,256,257,275,189,170,150,130,128,279,291,232,2793,164,153,134,129,2995,215,2902,2888,171,145,132,126,2966,2956,2895,2863,2849,144,128,124,2949,2960,2912,2873,2838,138,125,122,2937,2963,2881,2876,151,138,127,122,2934,2898,2906,2832,152,133,126,121,2966,2915,2909,2856,145,131,125,120
TOF,264,265,287,2409,172,156,136,131,279,288,231,2770,166,158,136,130,2981,205,2905,2869,2796,147,134,129,2951,2927,2893,2857,2852,148,133,127,2960,2907,2886,2862,2857,141,130,125,2974,2900,2879,2868,159,141,129,122,2924,2915,2882,2836,156,136,126,124,2956,2916,2876,2831,147,135,126,123
TOF,271,276,298,195,2379,162,139,134,284,299,254,2804,2716,160,137,130,2995,2924,2911,2876,2824,154,136,127,3036,2919,2894,2878,2856,161,134,127,2941,2948,2870,2879,2842,145,131,123,2927,2883,2881,2857,2831,145,131,123,2918,2902,2849,2838,161,139,128,122,2959,2903,2889,2836,156,140,126,123
TOF,275,289,314,217,2351,174,145,136,286,310,252,2791,2815,174,146,136,2972,2937,2918,2841,2763,166,144,130,2953,2925,2880,2867,2849,2826,139,133,2973,2922,2890,2866,2840,159,139,128,2935,2917,2877,2861,2853,163,135,129,2946,2925,2884,2840,2830,154,136,126,2940,2890,2897,2842,2852,153,132,127
TOF,290,310,327,2426,2434,2328,161,138,293,333,2640,2717,2803,2779,151,141,2979,2927,2896,2850,2818,2620,155,135,2976,2922,2892,2889,2857,2853,150,136,2973,2921,2898,2849,2845,2810,152,133,2956,2901,2886,2867,2846,2788,145,134,2947,2905,2886,2849,2829,2808,148,130,2899,2929,2882,2835,2842,2808,145,135
TOF,298,322,345,2427,2350,2306,198,151,323,356,2690,2694,2772,2789,2781,156,2967,2949,2906,2862,2823,2757,2659,148,2990,2949,2902,2900,2841,2810,2785,156,2947,2913,2887,2879,2853,2824,2760,147,2958,2897,2876,2865,2841,2824,2734,159,2941,2897,2879,2867,2845,2793,2713,149,2936,2889,2855,2870,2827,2789,2802,175
TOF,312,336,365,2392,2339,2289,2270,177,340,2754,2777,2662,2790,2831,2746,2313,2971,2921,2904,2865,2769,2678,2616,2598,2956,2931,2906,2871,2842,2833,2783,2752,2993,2923,2885,2882,2842,2829,2760,2759,2918,2911,2891,2862,2836,2826,2687,2786,2926,2917,2868,2854,2836,2805,2768,2771,2949,2907,2875,2873,2824,2801,2762,2772
TOF,348,355,381,2406,2324,2269,2267,2047,2752,2761,2723,2720,2760,2824,2751,2383,2978,2918,2901,2848,2778,2725,2639,2618,2960,2933,2907,2889,2855,2831,2814,2742,2949,2942,2909,2870,2861,2809,2764,2795,2944,2914,2894,2847,2831,2808,2687,2764,2909,2913,2862,2842,2836,2801,2807,2774,2921,2902,2873,2892,2826,2798,2757,2790
TOF,385,366,378,2405,2359,2311,2236,2047,2857,2685,2716,2653,2826,2781,2761,2399,2953,2927,2903,2875,2744,2702,2598,2612,2981,2916,2900,2861,2859,2838,2790,2754,2950,2924,2891,2887,2851,2843,2756,2799,2966,2915,2891,2863,2846,2823,2708,2790,2924,2921,2900,2842,2833,2792,2768,2769,2943,2888,2868,2851,2828,2813,2751,2807
TOF,395,396,410,2420,2385,2346,2274,2162,2769,2740,2693,2738,2766,2800,2818,2731,2986,2932,2907,2886,2806,2695,2602,2617,2977,2926,2904,2885,2857,2821,2803,2722,2925,2897,2901,2891,2843,2825,2779,2805,2954,2898,2890,2856,2829,2829,2683,2781,2950,2886,2878,2875,2821,2793,2796,2771,2957,2906,2884,2842,2818,2826,2783,2781
TOF,402,389,409,2405,2382,2328,2274,2125,2750,2706,2714,2716,2755,2820,2788,2717,2991,2933,2898,2886,2812,2719,2627,2590,2953,2926,2897,2892,2871,2852,2791,2766,2927,2937,2888,2843,2849,2823,2767,2796,2926,2896,2875,2845,2874,2807,2673,2771,2942,2930,2881,2858,2817,2812,2846,2780,2956,2924,2908,2858,2823,2827,2825,2785
TOF,420,398,408,2397,2342,2314,2234,2023,2775,2702,2721,2760,2744,2866,2767,2621,2973,2936,2896,2887,2796,2750,2649,2631,2969,2935,2895,2876,2844,2836,2804,2744,2982,2923,2872,2888,2832,2823,2763,2816,2938,2936,2889,2864,2843,2830,2688,2762,2933,2921,2875,2858,2826,2795,2704,2786,2956,2915,2880,2865,2841,2803,2778,2799
TOF,420,406,427,2425,2329,2317,2134,2023,2794,2742,2678,2750,2781,2810,2735,2332,2951,2930,2894,2877,2785,2712,2617,2689,2967,2933,2908,2865,2866,2836,2787,2746,2978,2928,2893,2891,2868,2816,2761,2758,2958,2901,2873,2879,2821,2817,2724,2775,2944,2892,2876,2858,2837,2810,2722,2787,2949,2890,2887,2870,2828,2800,2789,2767
TOF,2767,414,419,2384,2350,2302,2178,2137,2788,2689,2687,2737,2812,2790,2749,2513,2978,2933,2909,2871,2767,2686,2603,2614,2932,2932,2889,2867,2855,2857,2819,2770,2954,2920,2872,2861,2856,2813,2780,2785,2941,2912,2878,2869,2836,2802,2699,2769,2927,2895,2873,2867,2852,2809,2717,2789,2912,2949,2871,2824,2825,2797,2752,2775
TOF,2767,396,453,2385,2349,2316,2254,2137,2800,2740,2664,2724,2728,2799,2747,2513,2973,2901,2901,2856,2790,2701,2594,2618,2934,2925,2889,2880,2838,2835,2797,2775,2953,2876,2905,2874,2862,2827,2775,2792,2941,2924,2892,2867,2836,2801,2687,2775,2929,2887,2882,2853,2834,2805,2731,2775,2950,2914,2860,2850,2833,2811,2769,2793
TOF,398,385,386,2395,2342,2313,2215,2068,2810,2783,2720,2744,2860,2802,2814,188,2978,2957,2898,2875,2809,2691,2624,2568,2966,2933,2899,2883,2836,2819,2773,2771,2953,2908,2881,2852,2842,2825,2771,2787,2943,2896,2890,2856,2829,2821,2704,2767,2926,2900,2899,2869,2817,2801,2689,2774,2920,2920,2872,2846,2824,2805,2773,2776
TOF,334,371,365,2400,2351,2314,2197,153,2784,2730,2789,2720,2806,2822,2805,148,2994,2935,2911,2871,2810,2781,2669,2570,2982,2917,2910,2883,2847,2830,2810,2697,2944,2932,2894,2889,2854,2831,2784,2781,2962,2899,2864,2876,2847,2817,2713,2754,2912,2882,2884,2848,2821,2808,2793,2772,2958,2923,2878,2834,2791,2783,2804,162
TOF,322,348,357,2407,2368,2322,2204,145,2774,2786,2703,2744,2731,2818,2746,142,2985,2940,2913,2870,2817,2785,2598,144,2970,2919,2906,2879,2844,2834,2803,141,2951,2895,2893,2852,2832,2820,2766,142,2923,2901,2886,2868,2846,2827,2732,142,2929,2892,2854,2855,2843,2820,2736,2766,2923,2936,2882,2870,2843,2788,2793,142
TOF,339,336,317,2424,2355,2321,154,138,2868,2674,2690,2697,2811,2819,155,136,2967,2929,2923,2879,2836,2673,2591,136,2993,2933,2898,2877,2836,2840,2805,134,2948,2936,2890,2863,2863,2836,2785,134,2930,2922,2915,2859,2846,2813,2741,132,2923,2927,2884,2862,2843,2793,2683,135,2928,2920,2867,2862,2802,2794,2731,131
TOF,310,335,310,2437,2353,2302,152,138,2829,2760,2724,2789,2789,2805,150,138,2949,2953,2889,2854,2843,2815,145,135,2959,2906,2883,2866,2866,2841,148,134,2943,2919,2865,2852,2825,2821,144,134,2942,2940,2878,2866,2858,2818,149,134,2952,2908,2876,2862,2840,2806,145,133,2979,2890,2869,2836,2839,2802,145,130
TOF,306,324,299,197,2360,2305,144,136,2786,2757,2705,2675,2707,2820,147,134,2982,2898,2898,2854,2816,2742,141,132,2947,2940,2889,2880,2850,2808,143,131,2926,2926,2915,2886,2820,2828,140,131,2939,2916,2878,2863,2834,2801,143,129,2948,2896,2877,2858,2840,2811,139,131,2943,2888,2873,2859,2832,2813,140,129
TOF,312,326,289,2462,2335,165,144,137,2762,2785,2806,2714,2761,165,144,135,2973,2917,2894,2887,2779,166,140,133,2977,2927,2894,2881,2867,166,141,130,2982,2933,2887,2864,2840,165,140,131,2946,2911,2887,2867,2844,169,141,129,2917,2915,2861,2857,2822,158,138,131,2920,2921,2869,2856,2835,2805,140,128
TOF,310,327,275,2450,2351,2272,144,133,2832,2742,2693,2722,2757,2786,143,131,2965,2927,2920,2869,2804,2710,140,130,2983,2919,2896,2893,2862,2834,140,128,2978,2919,2889,2885,2855,2832,141,128,2957,2871,2870,2855,2861,2808,140,128,2926,2921,2882,2851,2837,2814,141,128,2948,2921,2882,2827,2814,2824,136,127
TOF,317,342,315,2390,2362,2298,156,136,2791,2712,2687,2842,2824,2787,150,139,2979,2935,2897,2871,2823,2773,155,133,2968,2930,2895,2870,2869,2820,148,136,2914,2900,2864,2854,2852,2816,161,135,2937,2879,2906,2859,2819,2828,152,141,2937,2901,2892,2843,2819,2821,2627,135,2923,2864,2878,2858,2847,2783,150,143
TOF,346,367,375,2395,2338,2287,2233,149,2799,2700,2679,2698,2826,2847,2724,167,2998,2925,2905,2858,2786,2740,2601,150,2981,2906,2915,2858,2863,2830,2788,2741,2968,2910,2874,2887,2843,2821,2778,166,2922,2869,2854,2860,2824,2805,2731,2788,2913,2917,2861,2849,2828,2807,2751,2776,2964,2905,2888,2849,2832,2801,2823,2777
TOF,381,371,389,2420,2324,2309,2275,2044,2797,2746,2744,2703,2759,2785,2773,2327,2962,2942,2897,2853,2786,2703,2641,2616,2956,2933,2894,2867,2873,2819,2805,2740,2955,2901,2890,2877,2872,2820,2768,2770,2929,2887,2885,2872,2816,2822,2750,2764,2906,2906,2871,2842,2839,2816,2806,2784,2945,2925,2881,2865,2809,2798,2805,2804
TOF,391,389,397,2410,2324,2294,2254,2055,2781,2762,2724,2780,2803,2808,2785,2315,2962,2958,2899,2859,2783,2654,2598,2579,2956,2918,2909,2876,2852,2839,2790,2752,2911,2923,2860,2876,2844,2829,2757,2796,2963,2898,2870,2866,2835,2807,2688,2770,2926,2880,2881,2855,2832,2803,2700,2749,2941,2905,2890,2841,2829,2790,2773,2776
TOF,387,400,421,2356,2362,2288,2244,2143,2761,2715,2698,2736,2739,2820,2717,2315,2958,2928,2896,2891,2866,2667,2645,2633,2986,2934,2915,2883,2873,2825,2795,2773,2955,2909,2890,2872,2857,2846,2775,2792,2964,2917,2867,2861,2835,2823,2705,2774,2944,2911,2885,2862,2849,2819,2687,2758,2934,2905,2869,2841,2826,2795,2782,2778
TOF,376,374,401,2424,2339,2289,2255,2167,2843,2722,2655,2743,2803,2817,2741,2377,2975,2934,2893,2890,2778,2687,2620,2645,2932,2927,2903,2854,2853,2806,2790,2777,2941,2905,2892,2869,2847,2827,2776,2780,2947,2915,2876,2858,2835,2808,2714,2778,2918,2877,2875,2852,2827,2816,2761,2771,2970,2911,2898,2837,2833,2769,2788,166
TOF,2924,321,248,2430,2347,2305,2232,2076,2818,2712,2656,2798,2864,2804,2802,2373,3051,2935,2924,2879,2840,2798,2628,2603,2953,2921,2880,2887,2866,2846,2783,2745,2945,2898,2876,2863,2835,2832,2757,2781,2902,2871,2882,2874,2855,117,2749,123,2921,2896,2880,2846,120,130,122,139,2985,2916,2912,104,130,137,133,152
TOF,3010,2471,86,2397,2376,2295,98,113,2786,2726,2716,2699,2718,2778,2831,116,2960,2947,2920,84,2977,94,120,2713,2976,2935,2911,2911,95,119,111,130,2937,2890,2902,2855,121,129,130,136,2946,90,2890,100,129,108,140,118,2947,2908,99,116,113,127,121,134,2937,75,115,90,128,85,134,95
TOF,3010,67,171,2274,2330,51,74,82,2735,2758,2726,2758,61,2690,105,96,2973,2932,2894,2864,2731,60,2581,55,2956,2917,2895,2876,61,2806,58,2784,2944,2890,2889,2887,2850,2821,2788,2791,2934,2919,2893,2855,2847,2795,54,2778,2931,2896,2882,2858,2819,2807,121,2780,2913,75,2878,2854,2803,2835,2796,2813
TOF,3010,2528,171,2274,2364,51,2270,82,2800,2750,2705,2765,61,2771,2730,2348,2978,2945,2889,2870,2780,2689,2638,55,2995,2916,2895,2876,61,2824,58,2779,2935,2912,2883,2856,2830,2833,2796,2770,2946,2886,2885,2835,2822,2812,2632,2809,2930,2904,2875,2840,2827,2815,2762,2769,2966,2909,2890,2860,2854,2800,2811,2810
TOF,2901,2528,171,2368,2371,2311,2183,82,2759,2741,2718,2733,2707,2768,2774,2348,2987,2934,2881,2873,2766,2707,2606,2568,2970,2925,2883,2880,2874,2836,2776,2787,2942,2929,2886,2884,2831,2831,2778,2787,2943,2901,2879,2855,2816,2809,2706,2770,2935,2887,2867,2843,2820,2802,2717,2783,2944,2890,2872,2844,2818,2792,2792,2809
TOF,2875,2528,171,2394,2320,2282,2275,2165,2765,2719,2684,2736,2684,2785,2793,2488,2949,2945,2891,2864,2804,2714,2627,2620,2952,2914,2893,2886,2850,2841,2788,2769,2926,2918,2883,2861,2838,2820,2743,2769,2911,2900,2896,2860,2835,2803,2662,2790,2936,2911,2859,2858,2837,2812,2730,2805,2917,2932,2884,2873,2831,2779,2875,2804
TOF,2875,2528,2477,2434,2319,2311,2282,2196,2840,2710,2707,2757,2721,2778,2751,2383,2953,2926,2886,2866,2847,2766,2598,2631,2953,2923,2890,2870,2855,2832,2804,2785,2947,2917,2882,2851,2837,2820,2762,2786,2924,2921,2880,2868,2841,2808,2635,2792,2930,2911,2865,2831,2837,2823,2655,2776,2955,2894,2891,2834,2814,2824,2790,2834
TOF,2944,2528,2441,2396,2329,2284,2263,1869,2787,2734,2713,2673,2710,2781,2764,2709,2973,2910,2876,2858,2778,2738,2634,2606,2939,2914,2899,2876,2871,2818,2802,2772,2920,2914,2888,2910,2857,2830,2747,2786,2926,2898,2892,2855,2835,2844,2670,2790,2936,2908,2881,2849,2837,2805,2738,2769,2914,2898,2885,2865,2821,2798,2794,2795
TOF,2892,2528,2441,2429,2351,2332,2272,2128,2789,2710,2719,2726,2690,2836,2738,2802,2931,2916,2901,2856,2830,2741,2647,2644,2920,2905,2894,2877,2849,2843,2799,2783,2959,2907,2880,2858,2837,2823,2743,2812,2892,2892,2887,2846,2852,2836,2684,2778,2916,2917,2864,2855,2827,2817,2792,2786,2900,2911,2892,2849,2848,2808,2840,2782
TOF,2941,2528,2453,2431,2345,2293,2208,2139,2806,2710,2717,2735,2777,2759,2768,2802,2962,2919,2901,2852,2832,2704,2679,2640,2933,2893,2903,2859,2848,2825,2802,2808,2930,2912,2900,2881,2855,2819,2766,2814,2911,2901,2862,2861,2834,2818,2671,2785,2923,2904,2883,2866,2841,2811,2792,2791,2947,2919,2893,2877,2834,2803,2785,2782
TOF,2892,2511,2651,2452,2403,2330,2221,2111,2822,2752,2697,2713,2831,2756,2788,2747,2975,2927,2897,2875,2838,2749,2623,2593,2957,2924,2919,2878,2833,2829,2803,2795,2922,2930,2879,2869,2836,2833,2763,2800,2929,2909,2879,2857,2843,2813,2660,2774,2938,2924,2867,2826,2838,2810,2768,2781,2938,2914,2901,2838,2836,2799,2780,2777
TOF,2904,2511,2480,2379,2389,2318,2233,2111,2786,2730,2728,2672,2815,2718,2763,2352,2985,2920,2898,2832,2836,2779,2590,2614,2964,2918,2891,2867,2839,2809,2806,2798,2929,2897,2877,2851,2861,2840,2715,2804,2929,2870,2869,2869,2828,2820,2696,2793,2890,2922,2872,2850,2835,2808,2821,2790,2924,2913,2877,2840,2807,2783,2819,2786
TOF,2925,2835,2439,2415,2369,2287,2272,2049,2762,2720,2690,2750,2725,2801,2766,2819,2933,2912,2916,2873,2807,2736,2619,2611,2950,2922,2895,2878,2834,2828,2769,2792,2928,2882,2873,2856,2847,2836,2732,2800,2907,2893,2862,2869,2839,2818,2685,2794,2930,2906,2866,2850,2828,2813,2785,2790,2947,2897,2878,2864,2822,2809,2808,2788
TOF,2925,2835,2460,2367,2317,2317,2208,2127,2748,2697,2699,2716,2741,2771,2697,2490,2975,2929,2867,2855,2815,2719,2645,2575,2930,2922,2872,2872,2857,2820,2781,2807,2918,2899,2881,2877,2855,2827,2737,2821,2928,2871,2880,2851,2849,2856,2659,2799,2897,2895,2865,2854,2831,2811,2769,2799,2913,2902,2882,2827,2828,2791,2827,2817
TOF,2872,2835,2404,2395,2350,2339,2259,2127,2820,2726,2742,2716,2755,2775,2819,2566,2943,2911,2875,2863,2822,2722,2659,2632,2926,2918,2893,2870,2860,2837,2802,2787,2949,2899,2863,2859,2847,2826,2690,2778,2928,2888,2868,2871,2809,2803,2645,2783,2921,2907,2869,2858,2819,2820,2776,2787,2911,2899,2881,2891,2864,2797,2790,2831
TOF,2886,2835,2523,2388,2361,2332,2240,2127,2829,2712,2709,2701,2835,2784,2737,2360,2949,2896,2906,2850,2784,2702,2620,2609,2945,2896,2902,2863,2839,2833,2797,2803,2939,2916,2882,2877,2863,2818,2732,2802,2941,2907,2876,2849,2840,2813,2715,2813,2916,2881,2857,2850,2844,2796,2783,2784,2936,2919,2893,2858,2827,2797,2816,2820
TOF,2886,2400,2682,2422,2328,2337,2303,2127,2765,2727,2717,2725,2819,2785,2799,2292,2937,2915,2878,2865,2796,2730,2607,2608,2949,2926,2872,2874,2848,2840,2770,2804,2948,2898,2875,2841,2852,2836,2733,2821,2933,2884,2888,2865,2835,2828,2692,2804,2920,2887,2876,2866,2835,2808,2793,2810,2934,2882,2889,2841,2834,2767,2801,2803
TOF,2908,2700,2682,2383,2370,2315,2165,2059,2778,2733,2707,2712,2729,2810,2759,2292,2973,2913,2890,2848,2796,2764,2626,2637,2924,2903,2898,2864,2828,2822,2792,2809,2901,2892,2876,2870,2846,2833,2730,2812,2902,2874,2867,2857,2851,2827,2673,2787,2922,2894,2884,2856,2828,2801,2746,2788,2936,2883,2879,2869,2834,2818,2832,2792
TOF,2942,2700,2517,2353,2345,2308,2243,2059,2779,2726,2660,2694,2746,2851,2789,2292,2981,2907,2878,2892,2776,2712,2619,2617,2949,2915,2864,2873,2844,2825,2772,2817,2940,2884,2867,2868,2848,2806,2722,2807,2911,2904,2890,2860,2847,2805,2634,2775,2923,2926,2841,2855,2854,2784,2691,2788,2939,2903,2871,2852,2833,2787,2788,2797
TOF,2890,2704,2517,2407,2340,2281,2204,2059,2792,2741,2674,2740,2802,2794,2777,2292,2935,2904,2890,2852,2800,2732,2616,2575,2920,2891,2900,2860,2841,2863,2805,2795,2938,2888,2854,2887,2860,2815,2749,2761,2929,2888,2873,2845,2841,2816,2686,2795,2920,2901,2885,2858,2848,2805,2749,2808,2931,2894,2882,2853,2812,2793,2865,2826
TOF,2946,2704,2452,2393,2372,2285,2286,2030,2814,2728,2719,2669,2734,2825,2815,2292,2938,2929,2893,2870,2782,2699,2599,2629,2942,2910,2890,2878,2840,2838,2753,2801,2904,2932,2885,2858,2846,2831,2730,2788,2914,2894,2867,2849,2839,2818,2669,2779,2892,2898,2847,2850,2820,2811,2753,2806,2948,2902,2861,2850,2833,2792,2812,2802
TOF,2958,2704,2452,2382,2302,2287,2260,2106,2776,2707,2693,2736,2708,2814,2762,2383,2955,2905,2892,2855,2797,2702,2597,2647,2916,2900,2887,2854,2871,2860,2731,2771,2942,2895,2890,2834,2840,2841,2754,2791,2924,2864,2888,2858,2840,2814,2695,2800,2933,2876,2866,2849,2827,2802,2862,2810,2924,2903,2866,2850,2849,2803,2770,2791
TOF,2901,2704,2441,2403,2354,2300,2242,1964,2767,2732,2688,2696,2767,2783,2750,2383,2946,2907,2893,2876,2800,2714,2625,2636,2928,2913,2891,2886,2843,2825,2762,2800,2946,2905,2878,2863,2854,2837,2758,2786,2924,2896,2881,2861,2852,2807,2703,2811,2918,2913,2865,2839,2851,2813,2776,2786,2921,2917,2874,2848,2821,2799,2829,2771
TOF,2901,2730,2441,2346,2351,2348,2266,1928,2800,2771,2661,2651,2783,2774,2779,2358,2951,2919,2882,2862,2772,2694,2619,2599,2935,2900,2866,2868,2850,2831,2783,2788,2943,2925,2894,2877,2857,2841,2676,2810,2903,2903,2865,2834,2837,2823,2689,2771,2914,2901,2866,2849,2836,2802,2772,2796,2938,2881,2874,2845,2849,2796,2817,2828
TOF,2915,2440,2441,2406,2338,2321,2264,2038,2777,2736,2704,2704,2769,2756,2637,2396,2972,2925,2895,2860,2783,2734,2628,2605,2940,2906,2888,2882,2859,2830,2762,2787,2909,2905,2858,2861,2863,2831,2726,2795,2903,2869,2896,2866,2858,2806,2661,2804,2913,2907,2851,2843,2836,2805,2742,2789,2934,2888,2882,2848,2841,2826,2828,2797
TOF,2959,2440,2441,2370,2313,2285,2226,2047,2794,2738,2662,2676,2802,2754,2788,2557,2950,2905,2888,2851,2813,2725,2633,2636,2918,2902,2888,2873,2856,2825,2768,2787,2958,2902,2861,2873,2864,2825,2749,2779,2943,2903,2892,2843,2804,2845,2642,2775,2914,2875,2855,2840,2837,2815,2784,2807,2919,2893,2866,2847,2841,2802,2795,2794
TOF,2959,2440,2441,2386,2332,2251,2209,2150,2808,2715,2719,2738,2815,2807,2811,2747,2953,2918,2892,2848,2869,2812,2613,2584,2952,2913,2893,2874,2854,2844,2730,2790,2925,2927,2894,2874,2842,2838,2740,2817,2913,2902,2866,2854,2820,2821,2679,2808,2904,2890,2887,2859,2829,2813,2791,2787,2959,2916,2905,2840,2824,2791,2774,2830
TOF,2959,2440,2392,2440,2355,2325,2272,2150,2776,2730,2686,2750,2762,2763,2762,2752,2931,2930,2865,2869,2796,2773,2618,2607,2933,2901,2884,2869,2843,2835,2761,2809,2930,2882,2888,2853,2832,2850,2690,2799,2914,2893,2850,2842,2866,2833,2672,2792,2914,2884,2868,2863,2817,2825,2819,2780,2939,2902,2893,2844,2852,2786,2793,2818
TOF,2926,2440,2533,2421,2362,2335,2202,2152,2809,2742,2693,2766,2784,2793,2788,2747,2968,2929,2866,2866,2807,2770,2657,2623,2931,2908,2880,2869,2862,2839,2784,2799,2933,2884,2854,2851,2855,2832,2721,2786,2908,2906,2871,2878,2829,2799,2604,2806,2934,2885,2861,2868,2822,2824,2774,2788,2939,2921,2872,2850,2845,2793,2814,2807
TOF,2926,2440,2426,2405,2365,2264,2268,1944,2793,2754,2687,2749,2751,2780,2791,2747,2984,2917,2860,2864,2803,2737,2619,2619,2930,2896,2872,2856,2862,2826,2778,2804,2936,2884,2877,2854,2848,2833,2755,2801,2921,2877,2875,2845,2829,2837,2635,2792,2925,2903,2855,2852,2825,2815,2783,2781,2909,2884,2853,2878,2821,2789,2827,2821
TOF,2794,2824,2437,2397,2363,2310,2280,2105,2824,2708,2698,2683,2770,2771,2816,2452,2943,2923,2887,2881,2809,2692,2662,2585,2926,2888,2883,2877,2856,2815,2773,2824,2960,2925,2895,2870,2850,2828,2734,2804,2901,2883,2857,2868,2848,2814,2651,2770,2914,2913,2851,2850,2850,2820,2768,2807,2929,2903,2873,2840,2859,2802,2783,2810
TOF,2794,2887,2414,2397,2336,2292,2234,2105,2828,2784,2663,2738,2781,2766,2750,2725,2959,2902,2905,2865,2793,2732,2649,2635,2939,2893,2878,2858,2866,2832,2756,2786,2935,2915,2861,2862,2838,2825,2762,2833,2900,2888,2844,2839,2852,2818,2644,2763,2892,2884,2869,2892,2838,2819,2753,2804,2930,2901,2890,2867,2843,2790,2836,2798
TOF,2657,2887,2473,2399,2363,2305,2250,2105,2755,2723,2671,2776,2810,2748,2772,2319,2929,2914,2868,2864,2759,2773,2578,2611,2927,2892,2877,2869,2843,2828,2790,2790,2946,2890,2878,2868,2860,2811,2750,2796,2907,2889,2860,2837,2827,2815,2652,2794,2917,2889,2879,2851,2831,2814,2761,2788,2939,2890,2870,2861,2827,2795,2812,2836
TOF,2657,2887,2458,2362,2324,2329,2252,1967,2768,2753,2657,2693,2740,2829,2794,2454,2959,2895,2871,2882,2821,2689,2647,2610,2929,2920,2900,2858,2843,2818,2773,2807,2940,2907,2862,2870,2874,2821,2737,2799,2937,2895,2881,2863,2850,2824,2638,2803,2908,2888,2842,2876,2844,2803,2830,2794,2920,2880,2867,2862,2860,2789,2783,2775
TOF,2880,2887,2401,2412,2329,2357,2253,2116,2765,2752,2740,2701,2728,2804,2796,2379,2965,2910,2909,2876,2822,2747,2619,2597,2933,2928,2889,2879,2853,2835,2788,2790,2933,2896,2861,2857,2843,2824,2736,2799,2905,2895,2856,2860,2845,2813,2645,2787,2908,2890,2858,2855,2832,2795,2771,2774,2901,2890,2888,2866,2847,2791,2827,2812
TOF,2838,2866,2401,2375,2370,2312,2188,2114,2790,2705,2675,2755,2752,2794,2797,2379,2915,2920,2880,2874,2790,2734,2590,2618,2971,2892,2887,2867,2862,2829,2766,2792,2940,2904,2883,2870,2847,2820,2705,2808,2931,2900,2863,2849,2826,2822,2685,2774,2918,2905,2843,2852,2823,2809,2745,2799,2962,2890,2893,2841,2834,2810,2811,2823
TOF,2838,2866,2513,2396,2327,2266,2286,2114,2788,2746,2709,2718,2766,2809,2789,2661,2960,2929,2906,2858,2812,2751,2614,2594,2968,2909,2890,2872,2842,2799,2764,2820,2942,2888,2899,2869,2844,2832,2734,2785,2891,2886,2875,2854,2839,2824,2691,2784,2913,2898,2858,2866,2836,2826,2804,2792,2960,2921,2877,2844,2841,2809,2819,2804
TOF,2838,2866,2513,2396,2373,2255,2243,2145,2791,2685,2651,2733,2818,2788,2765,2733,2958,2901,2885,2869,2830,2736,2625,2634,2934,2901,2891,2875,2872,2824,2777,2808,2963,2888,2872,2866,2840,2834,2726,2788,2923,2929,2871,2850,2814,2822,2654,2818,2896,2925,2855,2860,2827,2815,2757,2800,2947,2898,2915,2875,2840,2815,2795,2828
TOF,2838,2866,2475,2448,2336,2316,2235,1980,2779,2781,2665,2704,2821,2795,2777,2464,2949,2910,2879,2835,2777,2739,2644,2666,2913,2914,2885,2868,2865,2846,2770,2785,2947,2903,2877,2855,2839,2819,2742,2788,2924,2890,2870,2860,2831,2830,2723,2797,2902,2888,2862,2869,2824,2823,2772,2810,2943,2901,2908,2856,2838,2808,2805,2777
TOF,2838,2866,2446,2367,2385,2318,2134,2116,2786,2699,2668,2724,2770,2794,2742,2428,2926,2920,2906,2851,2832,2747,2616,2746,2928,2925,2879,2864,2867,2837,2811,2778,2943,2909,2884,2839,2841,2820,2718,2796,2932,2898,2868,2860,2861,2806,2650,2795,2925,2890,2839,2837,2849,2810,2789,2797,2962,2918,2893,2866,2825,2804,2831,2827
TOF,2946,2866,2449,2398,2320,2332,2249,2105,2793,2733,2699,2679,2698,2869,2787,2331,2943,2911,2867,2869,2818,2714,2624,2628,2925,2907,2877,2877,2850,2825,2745,2811,2936,2910,2865,2856,2850,2840,2726,2799,2923,2913,2877,2850,2836,2810,2654,2801,2907,2906,2857,2850,2818,2837,2807,2801,2937,2908,2903,2829,2840,2784,2843,2795
TOF,2946,2895,2451,2364,2338,2331,2252,2162,2828,2704,2677,2650,2686,2807,2788,2331,2943,2940,2887,2879,2796,2724,2638,2597,2952,2918,2885,2879,2872,2830,2755,2796,2922,2880,2885,2860,2865,2848,2719,2795,2934,2883,2856,2871,2838,2816,2748,2769,2925,2879,2864,2865,2827,2811,2814,2785,2922,2912,2868,2836,2852,2825,2825,2829
TOF,2946,2825,2413,2405,2373,2288,2223,2162,2798,2726,2675,2706,2744,2783,2575,2559,2942,2921,2910,2832,2781,2692,2602,2580,2930,2911,2887,2871,2850,2812,2800,2789,2921,2891,2879,2869,2854,2826,2721,2799,2900,2879,2863,2839,2859,2825,2669,2806,2904,2900,2832,2825,2834,2812,2741,2810,2952,2889,2880,2870,2832,2803,2806,2801
TOF,2873,2539,2423,2380,2392,2319,2212,1973,2728,2717,2687,2766,2727,2788,2816,2433,2952,2925,2904,2857,2785,2699,2610,2613,2942,2922,2881,2859,2858,2859,2741,2797,2930,2879,2872,2882,2840,2827,2726,2788,2906,2887,2856,2853,2841,2822,2671,2783,2927,2906,2876,2845,2836,2824,2823,2802,2928,2915,2885,2845,2852,2810,2822,2811
TOF,2951,2539,2576,2388,2358,2289,2073,2169,2818,2734,2669,2675,2676,2792,2774,2389,2948,2925,2912,2869,2811,2746,2620,2582,2929,2922,2854,2854,2863,2842,2753,2801,2935,2898,2888,2878,2846,2827,2732,2796,2904,2896,2888,2872,2850,2821,2682,2778,2882,2914,2888,2843,2827,2810,2731,2792,2929,2893,2885,2841,2831,2776,2795,2792
TOF,2966,2546,2576,2460,2337,2322,2306,2169,2757,2737,2675,2781,2715,2804,2831,2389,2919,2922,2911,2870,2827,2698,2643,2580,2945,2916,2877,2885,2854,2825,2797,2802,2946,2902,2853,2865,2856,2837,2732,2810,2907,2903,2902,2867,2846,2836,2696,2767,2928,2918,2887,2874,2841,2787,2778,2785,2924,2898,2869,2856,2841,2790,2820,2814
TOF,2888,2546,2851,2376,2361,2311,2266,1962,2811,2721,2700,2734,2738,2802,2786,2422,2937,2934,2902,2848,2847,2777,2644,2693,2938,2911,2884,2881,2858,2833,2772,2791,2925,2883,2872,2885,2845,2825,2724,2815,2928,2888,2887,2845,2839,2826,2687,2794,2916,2904,2882,2865,2851,2814,2805,2778,2933,2915,2871,2841,2838,2800,2838,2795
TOF,2935,2863,2851,2390,2369,2284,2245,2137,2796,2753,2695,2719,2677,2691,2786,2422,2934,2889,2907,2866,2803,2698,2631,2603,2941,2918,2873,2851,2853,2834,2754,2805,2936,2924,2890,2863,2845,2828,2733,2813,2921,2910,2871,2876,2839,2819,2645,2805,2925,2882,2873,2866,2823,2810,2787,2777,2936,2903,2863,2850,2843,2812,2848,2801
TOF,2746,2436,2851,2356,2374,2307,2281,2108,2799,2743,2703,2726,2773,2785,2753,2422,2931,2920,2890,2847,2782,2707,2653,2579,2928,2909,2872,2880,2866,2821,2799,2791,2923,2890,2869,2836,2839,2832,2732,2802,2917,2918,2850,2875,2832,2826,2663,2778,2924,2897,2879,2852,2830,2810,2778,2814,2920,2918,2867,2855,2813,2805,2802,2811
TOF,2828,2711,2425,2417,2388,2331,2252,2107,2815,2712,2659,2744,2696,2800,2797,2403,2941,2902,2878,2844,2805,2716,2652,2593,2928,2876,2897,2868,2860,2840,2755,2813,2934,2886,2881,2853,2841,2824,2753,2803,2914,2902,2866,2854,2840,2831,2660,2794,2930,2864,2876,2851,2826,2830,2737,2781,2952,2903,2864,2857,2839,2802,2808,2813
TOF,2819,2711,2439,2388,2325,2307,2224,2107,2775,2727,2641,2783,2711,2813,2760,2414,2942,2912,2882,2876,2834,2719,2635,2647,2923,2912,2893,2861,2854,2848,2763,2787,2924,2906,2884,2863,2850,2831,2723,2793,2937,2879,2867,2849,2843,2838,2703,2807,2936,2889,2869,2836,2827,2821,2806,2798,2917,2904,2871,2833,2836,2790,2811,2821
TOF,2819,2848,2520,2418,2338,2237,2268,2098,2770,2724,2669,2672,2867,2770,2773,2414,2961,2900,2889,2872,2788,2710,2616,2662,2937,2906,2865,2861,2861,2834,2762,2805,2903,2879,2866,2868,2846,2840,2738,2811,2951,2855,2879,2839,2838,2807,2701,2803,2910,2910,2866,2860,2840,2835,2795,2792,2955,2897,2873,2855,2837,2780,2796,2812
TOF,2906,2769,2520,2434,2387,2289,2241,2051,2742,2721,2679,2646,2733,2762,2797,2383,2921,2905,2914,2860,2791,2730,2627,2725,2929,2901,2882,2884,2855,2830,2782,2797,2902,2906,2884,2880,2845,2824,2729,2803,2905,2913,2859,2852,2842,2809,2677,2793,2924,2893,2866,2852,2824,2801,2808,2809,2928,2899,2880,2869,2823,2821,2839,2776
TOF,2906,2528,2434,2395,2358,2263,2285,1983,2762,2692,2674,2724,2733,2778,2755,2634,2947,2893,2902,2857,2779,2692,2628,2618,2935,2913,2882,2865,2852,2850,2787,2775,2930,2901,2876,2877,2834,2817,2721,2794,2899,2869,2864,2847,2844,2832,2630,2815,2912,2901,2853,2894,2822,2811,2777,2790,2952,2876,2882,2865,2842,2803,2815,2818
TOF,2848,2528,2411,2377,2384,2249,2243,2220,2802,2719,2684,2714,2745,2771,2764,2634,2912,2933,2880,2852,2788,2730,2624,2612,2926,2905,2848,2862,2849,2827,2773,2763,2935,2914,2890,2838,2868,2832,2748,2812,2915,2919,2882,2867,2842,2826,2669,2792,2905,2919,2885,2855,2851,2836,2770,2800,2907,2886,2875,2838,2844,2793,2805,2790
TOF,2656,2786,2560,2448,2328,2312,2270,2043,2822,2754,2682,2726,2823,2811,2777,2634,2962,2913,2898,2848,2781,2767,2607,2566,2930,2914,2887,2886,2863,2844,2725,2764,2928,2889,2875,2871,2855,2831,2708,2795,2924,2899,2868,2853,2834,2791,2644,2796,2927,2892,2859,2841,2821,2808,2795,2799,2917,2897,2856,2814,2843,2803,2827,2823
TOF,2872,2759,2440,2448,2378,2301,2281,2111,2790,2731,2665,2731,2721,2751,2776,2634,2923,2917,2916,2858,2775,2722,2653,2583,2957,2930,2894,2876,2853,2828,2786,2779,2921,2888,2892,2883,2848,2821,2723,2792,2902,2884,2861,2858,2850,2821,2616,2818,2921,2905,2884,2872,2843,2802,2766,2791,2910,2902,2876,2860,2855,2809,2805,2790
TOF,2872,2614,2426,2448,2340,2283,2317,2111,2732,2722,2628,2663,2783,2792,2793,2361,2937,2936,2893,2851,2822,2731,2659,2667,2958,2896,2890,2853,2837,2834,2774,2781,2929,2915,2888,2877,2859,2850,2711,2815,2914,2900,2850,2882,2837,2831,2700,2835,2923,2908,2867,2846,2848,2808,2765,2769,2910,2882,2896,2846,2854,2801,2819,2799
TOF,2974,2784,2802,2485,2360,2279,2266,2111,2829,2708,2668,2711,2720,2815,2767,2361,2907,2916,2891,2876,2808,2725,2617,2596,2947,2912,2893,2881,2874,2835,2774,2790,2980,2921,2887,2865,2838,2842,2715,2793,2893,2876,2887,2862,2854,2848,2714,2795,2872,2901,2875,2870,2839,2799,2802,2789,2932,2884,2846,2864,2834,2801,2779,2752
TOF,2981,2784,2375,2430,2373,2258,2234,2112,2821,2726,2652,2651,2743,2794,2786,2398,2923,2897,2875,2863,2795,2721,2601,2606,2913,2918,2884,2883,2863,2846,2760,2790,2941,2907,2872,2862,2850,2830,2751,2801,2933,2892,2869,2845,2839,2825,2642,2805,2895,2896,2858,2839,2835,2807,2807,2801,2953,2894,2869,2858,2810,2778,2808,2802
TOF,2892,2843,2451,2379,2356,2276,2259,2035,2813,2766,2691,2728,2755,2679,2760,2387,2966,2906,2880,2865,2808,2785,2644,2649,2945,2913,2872,2868,2857,2855,2757,2796,2927,2900,2897,2863,2858,2827,2720,2794,2917,2873,2875,2864,2844,2816,2663,2815,2887,2862,2879,2865,2833,2807,2814,2802,2936,2925,2865,2845,2838,2794,2827,2803
TOF,2892,2843,2451,2370,2378,2297,2281,2040,2816,2765,2687,2678,2756,2755,2800,2387,2942,2882,2892,2872,2824,2781,2625,2571,2947,2881,2885,2869,2849,2846,2745,2796,2959,2905,2866,2864,2845,2841,2681,2798,2914,2894,2875,2855,2840,2812,2676,2813,2905,2890,2858,2822,2830,2803,2807,2810,2936,2900,2886,2839,2824,2835,2794,2798
TOF,2958,2843,2521,2380,2368,2336,2257,2226,2816,2719,2715,2697,2759,2784,2802,2387,2950,2924,2901,2867,2790,2707,2605,2641,2952,2921,2867,2878,2863,2849,2788,2765,2955,2894,2878,2861,2841,2824,2671,2794,2910,2897,2867,2839,2826,2815,2607,2797,2909,2903,2883,2852,2823,2815,2822,2793,2951,2905,2892,2837,2841,2787,2805,2801
TOF,2932,2843,2806,2366,2356,2325,2198,2056,2739,2752,2711,2686,2802,2796,2762,2455,2930,2929,2904,2884,2800,2722,2657,2598,2941,2899,2876,2870,2857,2825,2777,2776,2941,2908,2866,2862,2838,2827,2721,2796,2905,2855,2858,2830,2854,2820,2667,2810,2925,2901,2883,2851,2843,2793,2747,2810,2928,2891,2862,2855,2842,2800,2812,2804
TOF,2853,2450,2535,2446,2357,2292,2252,2056,2805,2728,2672,2710,2886,2815,2786,2736,2950,2907,2872,2851,2757,2700,2656,2587,2914,2909,2860,2875,2860,2834,2767,2815,2933,2894,2875,2867,2845,2827,2722,2799,2917,2905,2874,2867,2843,2810,2673,2795,2922,2900,2850,2857,2850,2821,2806,2806,2959,2912,2872,2841,2817,2794,2825,2784
TOF,2853,2450,2592,2389,2369,2316,2185,2041,2808,2696,2643,2672,2725,2770,2750,2504,2946,2913,2889,2842,2813,2659,2623,2592,2928,2903,2888,2887,2841,2820,2770,2790,2917,2894,2864,2861,2852,2834,2726,2812,2903,2890,2869,2852,2858,2832,2660,2770,2878,2915,2868,2840,2827,2814,2762,2804,2926,2887,2864,2840,2846,2799,2805,2786
TOF,2806,2561,2592,2406,2357,2331,2241,2051,2766,2729,2676,2660,2715,2783,2782,2448,2948,2912,2890,2854,2820,2695,2634,2617,2928,2914,2890,2876,2847,2850,2788,2788,2932,2911,2870,2870,2859,2820,2762,2802,2905,2893,2863,2870,2848,2801,2643,2773,2927,2867,2862,2844,2846,2796,2794,2789,2943,2847,2889,2853,2836,2790,2792,2788
TOF,2942,2561,2481,2438,2375,2311,2233,1858,2774,2754,2663,2657,2723,2787,2786,2448,2929,2909,2883,2852,2804,2750,2599,2644,2927,2889,2897,2879,2851,2830,2792,2802,2930,2912,2901,2869,2836,2822,2707,2798,2905,2927,2882,2845,2824,2835,2715,2809,2907,2881,2852,2841,2851,2819,2797,2788,2948,2882,2884,2887,2820,2844,2791,2808
TOF,2942,2846,2531,2428,2350,2322,2247,2015,2792,2768,2657,2705,2806,2805,2829,2406,2926,2914,2901,2866,2821,2710,2648,2639,2920,2914,2873,2861,2846,2824,2785,2778,2942,2925,2891,2874,2857,2830,2685,2788,2947,2904,2870,2864,2842,2836,2680,2770,2923,2871,2863,2843,2839,2814,2815,2810,2920,2911,2882,2845,2852,2801,2836,2813
TOF,2895,2817,2486,2389,2363,2307,2265,2053,2793,2735,2674,2714,2815,2807,2782,2766,2949,2927,2876,2860,2815,2647,2619,2545,2941,2900,2897,2864,2844,2819,2785,2771,2951,2901,2882,2872,2834,2834,2742,2816,2942,2901,2879,2863,2853,2833,2757,2801,2927,2892,2868,2848,2843,2820,2790,2812,2947,2877,2873,2846,2836,2818,2816,2839
TOF,2918,2817,2486,2431,2371,2301,2256,2174,2781,2771,2697,2757,2759,2795,2712,2514,2935,2915,2897,2868,2810,2717,2591,2585,2936,2926,2887,2873,2850,2825,2768,2777,2922,2934,2885,2858,2855,2853,2707,2800,2921,2872,2874,2852,2833,2838,2745,2803,2927,2886,2868,2869,2822,2803,2788,2805,2897,2914,2885,2865,2819,2805,2823,2828
TOF,2868,2540,2486,2381,2359,2281,2211,2174,2799,2739,2707,2742,2744,2803,2684,2319,2924,2916,2897,2884,2794,2721,2623,2645,2940,2909,2897,2861,2870,2857,2751,2765,2957,2895,2886,2850,2858,2832,2751,2806,2915,2897,2853,2841,2855,2832,2672,2774,2917,2885,2865,2838,2836,2814,2753,2812,2927,2911,2878,2839,2818,2808,2789,2846
TOF,2856,2540,2432,2426,2336,2345,2164,2184,2802,2710,2669,2761,2711,2798,2793,2352,2954,2909,2891,2858,2775,2731,2597,2579,2960,2908,2896,2877,2857,2833,2766,2808,2934,2922,2873,2883,2850,2823,2694,2793,2921,2929,2874,2846,2861,2810,2653,2786,2907,2911,2851,2846,2839,2802,2786,2790,2940,2900,2881,2844,2829,2821,2815,2790
TOF,2945,2540,2432,2398,2372,2309,2246,2124,2819,2700,2682,2801,2692,2760,2787,2728,2927,2899,2873,2882,2807,2734,2654,2574,2932,2922,2890,2867,2849,2822,2763,2800,2934,2891,2885,2866,2854,2833,2717,2784,2928,2890,2871,2868,2824,2820,2686,2817,2910,2889,2871,2853,2823,2792,2771,2799,2922,2906,2908,2851,2843,2808,2824,2824
TOF,2947,2540,2432,2431,2363,2308,2284,1952,2781,2743,2669,2666,2696,2801,2770,2570,2914,2911,2891,2859,2817,2738,2612,2592,2939,2925,2893,2880,2862,2848,2755,2787,2941,2894,2856,2857,2841,2822,2709,2804,2914,2873,2881,2864,2847,2836,2736,2789,2919,2902,2864,2884,2815,2816,2760,2783,2934,2867,2890,2851,2829,2797,2804,2840
TOF,2883,2540,2487,2397,2405,2305,2196,2015,2785,2742,2702,2688,2741,2836,2818,2373,2938,2913,2891,2890,2806,2682,2655,2604,2917,2902,2878,2869,2867,2807,2755,2747,2954,2910,2862,2863,2823,2833,2730,2796,2918,2882,2878,2843,2841,2833,2709,2805,2930,2895,2863,2863,2822,2833,2786,2790,2919,2883,2857,2847,2830,2823,2805,2799
TOF,2900,2399,2823,2392,2367,2272,2174,2015,2789,2702,2694,2740,2738,2743,2814,2403,2951,2924,2902,2854,2794,2775,2589,2593,2938,2912,2887,2868,2847,2851,2769,2808,2932,2905,2881,2861,2839,2823,2705,2795,2906,2905,2878,2866,2847,2827,2670,2781,2889,2878,2873,2863,2837,2814,2761,2815,2941,2889,2877,2864,2825,2791,2810,2818
TOF,2752,2399,2593,2409,2380,2317,2292,2042,2815,2747,2701,2686,2689,2799,2763,2671,2943,2895,2893,2857,2822,2776,2601,2597,2977,2899,2882,2859,2859,2840,2751,2810,2937,2932,2875,2866,2857,2825,2723,2777,2931,2877,2862,2844,2841,2841,2678,2782,2933,2875,2877,2851,2838,2812,2809,2808,2917,2933,2878,2848,2829,2805,2818,2821
TOF,2752,2521,2344,2420,2335,2310,2236,2024,2774,2692,2671,2691,2734,2805,2763,2734,2922,2914,2878,2862,2806,2744,2620,2581,2941,2893,2868,2884,2864,2842,2746,2801,2918,2890,2870,2851,2856,2834,2702,2801,2888,2871,2880,2856,2818,2806,2692,2808,2921,2891,2873,2866,2842,2837,2799,2805,2932,2900,2871,2872,2846,2819,2841,2811
TOF,2752,2521,2344,2419,2335,2305,2252,2181,2741,2697,2664,2757,2740,2792,2800,2734,2951,2885,2878,2875,2798,2686,2634,2587,2933,2907,2881,2865,2853,2838,2739,2816,2932,2907,2855,2872,2844,2830,2708,2811,2921,2901,2867,2858,2801,2839,2679,2827,2923,2918,2871,2855,2843,2822,2778,2824,2937,2902,2874,2831,2824,2821,2808,2813
TOF,2752,2919,2460,2380,2357,2283,2256,2137,2804,2715,2674,2721,2823,2802,2797,2461,2932,2915,2894,2853,2774,2732,2689,2614,2917,2896,2873,2876,2849,2836,2767,2785,2919,2900,2868,2857,2852,2835,2721,2804,2917,2879,2865,2855,2841,2824,2678,2792,2909,2876,2876,2836,2811,2808,2792,2806,2931,2873,2862,2852,2831,2817,2836,2797
TOF,2633,2553,2818,2396,2385,2301,2262,2169,2738,2751,2699,2669,2791,2735,2774,2407,2938,2911,2866,2858,2809,2740,2652,2642,2927,2888,2866,2871,2844,2823,2752,2799,2901,2907,2880,2849,2859,2828,2694,2809,2894,2916,2871,2871,2840,2853,2645,2793,2884,2889,2867,2848,2854,2847,2771,2797,2883,2882,2859,2844,2833,2828,2819,2826
TOF,2925,2562,2818,2372,2366,2294,2238,2080,2833,2703,2633,2710,2761,2760,2790,2447,2949,2912,2877,2852,2802,2737,2627,2612,2941,2910,2879,2866,2845,2835,2748,2797,2917,2913,2890,2856,2865,2821,2689,2791,2908,2886,2859,2846,2855,2824,2673,2797,2935,2901,2866,2849,2828,2809,2853,2788,2923,2919,2856,2838,2818,2794,2821,2806
TOF,2768,2562,2818,2444,2367,2328,2217,136,2819,2759,2716,2784,2706,2825,2802,135,2910,2919,2884,2869,2814,2722,2622,2617,2929,2908,2885,2873,2853,2852,2777,2786,2896,2893,2863,2844,2870,2834,2714,2784,2885,2905,2876,2871,2861,2810,2622,2799,2914,2894,2853,2857,2845,2817,2816,2809,2942,2884,2917,2840,2845,2808,2813,2833
TOF,2987,2562,2476,2317,2345,2304,2222,213,2768,2713,2671,2725,2877,2798,185,183,2947,2901,2887,2874,2821,2723,2628,145,2908,2912,2882,2877,2866,2842,2769,2801,2917,2892,2878,2858,2841,2843,2733,2813,2909,2886,2861,2862,2826,2843,2682,2816,2911,2906,2877,2868,2844,2833,2825,2795,2920,2883,2874,2860,2832,2812,2823,2817
TOF,2933,2562,2544,2395,2340,2300,198,203,2742,2745,2688,2671,2752,2831,2755,2412,2922,2911,2882,2846,2783,2759,2602,185,2930,2901,2864,2868,2871,2811,2791,157,2935,2899,2853,2872,2852,2815,2779,2837,2890,2896,2866,2860,2841,2823,2721,2785,2916,2893,2865,2851,2825,2808,2765,2810,2919,2884,2872,2884,2817,2793,2795,2825
TOF,2933,2562,2544,2371,2375,2279,197,186,2774,2697,2724,2727,2741,2815,2824,2576,2909,2918,2869,2851,2782,2754,2628,2736,2907,2899,2881,2886,2845,2844,214,194,2940,2890,2875,2836,2838,2829,2770,146,2909,2890,2869,2842,2879,2819,2767,2789,2893,2892,2871,2858,2831,2805,2796,2806,2915,2910,2837,2835,2853,2831,2825,2794
TOF,2800,2742,2477,2415,2344,2325,2282,189,2787,2743,2700,2761,2850,2789,215,197,2930,2925,2876,2857,2799,2718,2577,2596,2909,2899,2879,2880,2867,2835,2761,2802,2920,2905,2884,2874,2839,2840,2736,179,2921,2889,2863,2855,2847,2842,2728,158,2925,2878,2842,2842,2827,2810,2789,2795,2917,2890,2879,2837,2811,2824,2808,2797
TOF,2971,2864,2477,2387,2359,2295,2245,196,2827,2766,2688,2759,2810,2795,2772,199,2941,2928,2905,2829,2811,2724,2636,2577,2951,2904,2862,2873,2840,2835,2786,2785,2910,2874,2883,2881,2848,2849,2720,197,2932,2886,2863,2864,2838,2825,2671,174,2927,2888,2856,2853,2819,2817,2788,172,2949,2925,2869,2874,2829,2804,2829,2785
TOF,2924,2833,2477,2390,2399,2290,2209,2106,2824,2729,2701,2787,2826,2820,2661,205,2933,2927,2889,2861,2806,2659,2634,2691,2933,2901,2865,2870,2839,2839,2752,2803,2929,2879,2875,2860,2863,2825,2717,2805,2915,2886,2848,2829,2846,2848,2685,2783,2912,2875,2861,2817,2823,2800,2800,2798,2918,2897,2873,2841,2824,2798,2795,2815
TOF,2924,2833,2403,2405,2378,2309,2286,1988,2770,2709,2684,2755,2829,2805,2789,238,2986,2910,2885,2861,2811,2676,2632,2631,2915,2925,2880,2873,2858,2843,2770,2797,2946,2910,2870,2848,2850,2833,2754,2818,2912,2902,2866,2857,2832,2835,2683,2797,2915,2882,2862,2844,2816,2820,2802,2788,2912,2872,2872,2870,2813,2792,2804,2811
TOF,2924,2910,2489,2452,2385,2318,2239,1988,2743,2758,2675,2773,2690,2780,2800,2715,2953,2916,2869,2865,2839,2757,2620,2591,2939,2900,2891,2867,2866,2837,2771,2789,2933,2879,2859,2855,2834,2828,2724,2807,2931,2891,2881,2858,2835,2803,2704,2803,2908,2915,2854,2868,2859,2782,2804,2794,2922,2895,2868,2884,2825,2799,2841,2780
TOF,2883,2861,2418,2361,2354,2348,2250,2049,2768,2735,2685,2771,2791,2774,2797,2732,2935,2921,2887,2862,2839,2701,2644,2641,2938,2911,2886,2856,2860,2827,2759,2788,2927,2901,2893,2881,2858,2841,2736,2806,2922,2893,2889,2865,2830,2820,2670,2799,2921,2884,2866,2855,2837,2818,2780,2803,2930,2940,2876,2856,2855,2796,2833,2782
TOF,2943,2861,2545,2390,2352,2323,2241,2049,2763,2697,2660,2729,2765,2806,2679,2732,2975,2910,2882,2870,2827,2720,2609,2600,2938,2924,2874,2854,2853,2821,2774,2802,2902,2920,2868,2867,2845,2827,2657,2782,2898,2927,2878,2849,2853,2821,2655,2789,2927,2890,2861,2850,2843,2826,2834,2807,2948,2902,2896,2849,2813,2776,2832,2801
TOF,2943,2861,2536,2425,2338,2298,2240,2191,2802,2779,2671,2718,2750,2775,2759,2749,2926,2917,2874,2868,2788,2669,2640,2631,2972,2889,2903,2873,2854,2837,2778,2810,2941,2906,2890,2871,2845,2842,2722,2811,2936,2890,2881,2872,2824,2817,2641,2827,2917,2905,2888,2858,2844,2814,2775,2805,2920,2905,2881,2840,2823,2800,2796,2795
TOF,2890,2861,2536,2368,2358,2290,2197,2164,2806,2726,2665,2674,2756,2776,2808,2396,2957,2920,2900,2853,2781,2701,2629,2626,2913,2926,2889,2886,2870,2817,2765,2767,2928,2901,2863,2870,2832,2834,2704,2798,2906,2912,2865,2848,2850,2827,2697,2799,2916,2895,2869,2859,2836,2797,2831,2796,2917,2925,2859,2866,2837,2808,2820,2785
TOF,2890,2705,2431,2412,2388,2323,2236,2114,2778,2742,2726,2735,2700,2780,2781,2396,2929,2894,2895,2869,2789,2750,2632,2627,2933,2909,2880,2866,2838,2836,2789,2790,2910,2885,2885,2871,2857,2837,2737,2798,2883,2883,2881,2854,2835,2827,2701,2783,2907,2892,2852,2848,2823,2820,2839,2815,2919,2877,2881,2856,2845,2775,2825,2807
TOF,2823,2827,2471,2388,2368,2322,2225,2114,2786,2732,2658,2711,2722,2800,2812,2396,2940,2937,2883,2846,2776,2777,2607,2676,2934,2919,2869,2883,2870,2830,2780,2773,2925,2900,2866,2857,2845,2818,2697,2809,2906,2903,2903,2848,2818,2831,2672,2776,2918,2875,2880,2855,2846,2811,2792,2803,2923,2906,2872,2851,2839,2795,2803,2828
TOF,2938,2827,2805,2416,2352,2289,2249,2114,2795,2708,2689,2726,2757,2789,2723,2679,2918,2904,2888,2868,2795,2713,2642,2617,2943,2889,2908,2873,2852,2825,2764,2801,2930,2902,2864,2858,2862,2824,2719,2819,2920,2873,2856,2853,2842,2807,2720,2781,2887,2913,2870,2847,2828,2809,2809,2775,2934,2897,2872,2866,2821,2798,2805,2803
TOF,2905,2827,2469,2396,2360,2308,2185,2114,2784,2752,2709,2746,2712,2742,2790,2374,2955,2925,2891,2832,2783,2732,2596,2628,2925,2893,2886,2870,2870,2827,2778,2786,2921,2910,2870,2850,2837,2835,2697,2803,2908,2882,2849,2838,2839,2802,2713,2800,2908,2898,2866,2855,2830,2797,2828,2816,2917,2921,2858,2843,2860,2807,2841,2835
TOF,2882,2827,2462,2467,2384,2304,2228,2016,2784,2720,2672,2702,2763,2806,2823,2342,2944,2913,2918,2860,2796,2718,2628,2653,2919,2912,2891,2878,2857,2849,2760,2785,2935,2895,2881,2873,2847,2819,2701,2786,2923,2881,2876,2860,2841,2821,2630,2819,2923,2891,2883,2852,2840,2826,2775,2788,2917,2886,2884,2840,2837,2818,2800,2802
TOF,2884,2827,2482,2418,2331,2315,2210,2016,2781,2736,2693,2708,2756,2837,2731,2658,2950,2915,2872,2864,2845,2759,2641,2644,2905,2908,2878,2881,2872,2830,2806,2782,2911,2896,2864,2847,2858,2809,2757,2790,2911,2888,2892,2853,2842,2812,2726,2792,2921,2882,2850,2858,2841,2813,2819,2802,2968,2916,2885,2853,2835,2805,2829,2811
TOF,2825,2827,2482,2405,2366,2348,2279,2144,2815,2746,2648,2683,2797,2727,2772,2337,2957,2900,2900,2861,2802,2733,2616,2618,2936,2891,2897,2863,2858,2841,2752,2794,2919,2905,2893,2874,2832,2821,2755,2791,2921,2892,2871,2861,2850,2824,2712,2808,2927,2881,2860,2849,2818,2815,2848,2799,2920,2889,2876,2854,2828,2781,2813,2791
TOF,2825,2827,2482,2378,2353,2294,2264,2144,2797,2740,2673,2666,2825,2767,2778,2371,2936,2902,2883,2849,2785,2698,2631,2608,2899,2909,2859,2870,2842,2840,2824,2801,2942,2892,2874,2828,2834,2834,2765,2793,2926,2892,2893,2855,2841,2817,2737,2791,2898,2886,2863,2849,2819,2824,2748,2789,2944,2926,2908,2845,2829,2782,2814,2795
TOF,2757,2827,2482,2410,2336,2267,2253,2033,2826,2733,2690,2666,2787,2816,2779,2521,2968,2902,2893,2866,2810,2742,2611,2606,2899,2896,2880,2864,2875,2826,2740,2800,2932,2905,2867,2887,2842,2823,2763,2804,2903,2882,2865,2865,2866,2813,2676,2794,2907,2881,2865,2847,2809,2814,2837,2806,2918,2898,2870,2863,2836,2792,2827,2796
TOF,2684,2827,2482,2421,2356,2305,2208,1934,2799,2725,2694,2765,2828,2767,2808,2747,2931,2929,2893,2894,2802,2740,2614,2589,2933,2912,2885,2866,2865,2846,2768,2795,2883,2905,2886,2873,2847,2828,2726,2790,2933,2874,2859,2853,2868,2841,2657,2819,2927,2886,2886,2896,2827,2813,2741,2806,2934,2897,2872,2862,2847,2804,2818,2780
TOF,2684,2808,2454,2382,2341,2290,2264,2045,2802,2727,2687,2734,2756,2773,2738,2432,2947,2913,2890,2867,2802,2738,2639,2631,2933,2905,2886,2864,2861,2812,2752,2794,2934,2900,2878,2862,2852,2837,2747,2784,2926,2913,2875,2868,2862,2828,2718,2770,2923,2893,2870,2835,2815,2813,2758,2795,2915,2909,2899,2857,2835,2814,2799,2804
TOF,2866,2808,2454,2467,2349,2326,2264,2013,2795,2732,2687,2674,2745,2766,2795,2387,2960,2906,2896,2847,2814,2730,2643,2643,2938,2896,2866,2901,2845,2823,2794,2804,2940,2898,2887,2853,2844,2823,2723,2785,2934,2898,2877,2849,2825,2844,2756,2798,2919,2886,2843,2844,2862,2815,2800,2813,2965,2895,2865,2837,2813,2814,2799,2798
TOF,2747,2875,2433,2397,2334,2326,2246,1943,2828,2697,2663,2722,2753,2782,2793,2387,2934,2908,2887,2853,2787,2716,2652,2606,2949,2903,2895,2869,2862,2830,2767,2784,2929,2906,2891,2874,2844,2831,2749,2815,2938,2912,2876,2866,2826,2797,2675,2810,2890,2913,2852,2858,2834,2791,2779,2780,2933,2926,2879,2845,2837,2797,2783,2789
TOF,2747,2565,2426,2411,2357,2291,2219,2033,2759,2728,2692,2745,2752,2777,2807,2382,2973,2921,2875,2849,2781,2687,2649,2597,2918,2910,2883,2884,2842,2836,2778,2787,2964,2893,2879,2859,2854,2838,2714,2798,2907,2902,2875,2851,2820,2839,2656,2796,2914,2897,2852,2827,2845,2824,2738,2803,2934,2876,2868,2823,2823,2817,2808,2828
TOF,2972,2798,2600,2350,2339,2256,2205,2033,2781,2709,2677,2757,2763,2769,2483,2364,2969,2903,2899,2867,2798,2722,2625,2631,2917,2906,2875,2875,2849,2828,2763,2798,2940,2879,2882,2849,2837,2842,2715,2801,2936,2887,2862,2859,2830,2858,2673,2803,2896,2911,2866,2823,2829,2838,2736,2794,2948,2899,2873,2866,2834,2806,2829,2801
TOF,2989,2793,2848,2565,2342,2307,2279,2033,2798,2741,2682,2773,2735,2808,2698,2364,2943,2940,2879,2853,2857,2739,2623,2608,2972,2921,2865,2879,2854,2863,2772,2754,2955,2886,2869,2892,2834,2825,2709,2792,2923,2891,2875,2857,2852,2839,2633,2802,2922,2875,2870,2854,2843,2833,2769,2811,2954,2920,2894,2866,2835,2824,2820,2774
TOF,2924,2793,2848,2404,2364,2300,2323,2128,2802,2712,2677,2654,2688,2694,2771,2803,2938,2891,2897,2862,2789,2713,2605,2597,2951,2902,2885,2863,2850,2812,2782,2788,2970,2900,2882,2867,2863,2819,2737,2821,2923,2892,2879,2868,2824,2838,2696,2793,2901,2898,2892,2860,2816,2790,2782,2803,2936,2914,2882,2842,2810,2787,2827,2816
TOF,2924,2686,2563,2385,2379,2338,2199,2147,2781,2717,2672,2753,2734,2770,2797,2803,2975,2917,2887,2867,2782,2683,2643,2675,2929,2915,2886,2891,2854,2831,2769,2821,2929,2897,2875,2878,2849,2822,2727,2790,2960,2896,2857,2843,2852,2809,2671,2801,2916,2886,2891,2835,2846,2804,2793,2768,2944,2893,2875,2868,2851,2843,2818,2821
TOF,2894,2686,2563,2421,2384,2299,2206,2037,2814,2742,2691,2704,2749,2829,2728,2355,2959,2928,2889,2882,2846,2749,2676,2636,2910,2918,2890,2875,2856,2823,2779,2803,2917,2912,2862,2871,2845,2839,2741,2814,2920,2899,2873,2885,2823,2828,2604,2814,2924,2884,2881,2853,2861,2818,2806,2807,2937,2865,2859,2852,2859,2821,2773,2812
TOF,2894,2686,2563,2376,2351,2310,2205,2134,2763,2739,2739,2726,2778,2783,2766,2355,2937,2921,2923,2892,2815,2720,2622,2614,2924,2901,2872,2882,2864,2827,2778,2788,2943,2912,2888,2875,2868,2827,2726,2808,2912,2874,2874,2841,2832,2813,2740,2801,2900,2901,2879,2842,2819,2807,2809,2801,2935,2885,2883,2859,2832,2796,2823,2791
TOF,2927,2686,2474,2386,2374,2283,2267,2134,2798,2728,2692,2761,2728,2759,2780,2323,2954,2912,2880,2866,2820,2757,2629,2560,2928,2916,2884,2872,2848,2857,2800,2785,2950,2909,2874,2875,2849,2837,2733,2805,2913,2882,2876,2851,2835,2844,2713,2775,2930,2909,2868,2843,2830,2812,2780,2818,2911,2893,2879,2839,2823,2792,2807,2821
TOF,2927,2852,2634,2349,2380,2309,2185,2134,2740,2755,2654,2716,2657,2835,2764,2745,2922,2915,2877,2862,2821,2733,2636,2670,2962,2916,2888,2872,2844,2828,2779,2790,2938,2913,2890,2861,2865,2831,2722,2795,2910,2916,2865,2855,2851,2814,2672,2800,2923,2915,2883,2868,2818,2810,2829,2817,2919,2900,2885,2848,2826,2778,2830,2805
TOF,2822,2852,2499,2385,2385,2275,2285,2134,2745,2764,2688,2720,2689,2827,2786,2309,2909,2908,2899,2869,2811,2757,2646,2627,2927,2912,2901,2886,2859,2839,2792,2799,2964,2890,2869,2852,2849,2831,2715,2799,2889,2892,2866,2859,2855,2832,2716,2784,2923,2905,2872,2849,2840,2815,2786,2775,2912,2915,2880,2857,2846,2798,2811,2797
TOF,2822,2851,2499,2409,2371,2316,2308,2212,2772,2693,2684,2646,2850,2733,2823,2309,2967,2912,2887,2862,2795,2717,2650,2595,2920,2904,2884,2862,2842,2812,2766,2775,2893,2883,2892,2864,2847,2823,2705,2783,2906,2912,2879,2870,2845,2810,2673,2785,2930,2870,2864,2861,2844,2819,2785,2821,2924,2905,2867,2852,2825,2808,2833,2811
TOF,2813,2925,2486,2373,2365,2332,2224,2212,2767,2724,2687,2699,2893,2765,2773,2479,2927,2916,2883,2855,2810,2713,2648,2592,2942,2913,2885,2860,2873,2832,2780,2790,2933,2909,2885,2860,2847,2842,2752,2814,2940,2878,2876,2848,2851,2823,2697,2793,2922,2882,2879,2847,2837,2805,2738,2812,2912,2894,2878,2867,2826,2816,2814,2791
TOF,2940,2925,2493,2378,2342,2322,2233,2134,2781,2750,2677,2714,2771,2754,2802,2479,2929,2918,2896,2883,2790,2681,2593,2649,2959,2895,2882,2869,2879,2837,2740,2800,2895,2922,2896,2848,2843,2822,2697,2811,2932,2865,2862,2855,2871,2804,2698,2802,2899,2892,2876,2861,2825,2816,2764,2797,2930,2907,2868,2862,2823,2801,2797,2816
TOF,2940,2804,2470,2440,2406,2286,2161,2134,2692,2737,2641,2744,2760,2838,2831,2344,2985,2943,2898,2850,2805,2724,2616,2664,2923,2902,2883,2880,2853,2860,2768,2838,2964,2902,2900,2869,2854,2839,2730,2782,2958,2901,2870,2849,2880,2849,2640,2791,2919,2906,2872,2846,2840,2815,2752,2803,2924,2895,2883,2868,2831,2808,2835,2809
TOF,2940,2804,2470,2413,2353,2311,2235,2134,2790,2740,2648,2770,2767,2762,2806,2381,2924,2910,2906,2851,2807,2697,2592,2617,2949,2902,2859,2878,2849,2845,2809,2781,2919,2902,2878,2879,2852,2830,2752,2817,2897,2887,2888,2844,2842,2836,2676,2790,2915,2901,2882,2855,2822,2816,2802,2791,2940,2875,2880,2846,2849,2807,2815,2807
TOF,2894,2804,2470,2410,2385,2325,2267,2134,2757,2730,2690,2716,2751,2792,2798,2381,2962,2914,2908,2872,2809,2720,2630,2604,2949,2922,2876,2858,2865,2829,2778,2790,2940,2898,2903,2857,2844,2824,2747,2796,2920,2925,2888,2871,2847,2812,2681,2780,2897,2891,2883,2841,2841,2804,2725,2811,2942,2888,2876,2875,2848,2809,2793,2814
TOF,2894,2804,2470,2410,2333,2298,2222,2115,2746,2730,2690,2673,2739,2809,2791,2659,2939,2916,2904,2894,2778,2745,2640,2587,2931,2912,2876,2862,2846,2841,2779,2775,2930,2906,2888,2864,2837,2837,2704,2809,2888,2891,2862,2848,2825,2808,2646,2793,2905,2911,2868,2841,2838,2820,2811,2784,2957,2870,2890,2832,2839,2797,2818,2834
TOF,2942,2523,2470,2407,2363,2314,2222,2118,2794,2742,2701,2711,2769,2795,2790,2659,2936,2908,2901,2868,2824,2723,2664,2587,2917,2901,2868,2890,2853,2856,2757,2795,2921,2922,2894,2871,2849,2823,2737,2796,2915,2907,2882,2853,2846,2819,2702,2801,2921,2878,2851,2848,2828,2825,2775,2781,2937,2915,2893,2865,2825,2809,2830,2783
TOF,2942,2523,2553,2415,2346,2322,2241,2086,2771,2754,2682,2745,2789,2812,2683,2769,2931,2915,2872,2845,2767,2736,2609,2605,2939,2914,2896,2845,2867,2825,2781,2795,2922,2912,2889,2873,2846,2828,2706,2785,2909,2896,2880,2844,2825,2823,2662,2814,2929,2867,2864,2842,2845,2806,2797,2789,2913,2886,2872,2842,2847,2809,2820,2773
TOF,2791,2557,2506,2384,2349,2302,2250,2273,2753,2736,2702,2713,2777,2765,2774,2769,2915,2906,2898,2844,2830,2710,2648,2581,2931,2929,2885,2877,2867,2842,2782,2784,2945,2910,2870,2861,2828,2840,2722,2825,2918,2880,2876,2850,2864,2827,2663,2802,2932,2897,2883,2836,2824,2816,2802,2792,2917,2902,2875,2873,2813,2781,2788,2792
TOF,2886,2557,2445,2412,2380,2287,2265,2051,2776,2718,2715,2649,2742,2796,2808,2610,2973,2907,2886,2853,2821,2728,2622,2577,2934,2916,2874,2871,2862,2826,2778,2790,2934,2915,2882,2850,2849,2828,2779,2786,2904,2888,2881,2860,2826,2841,2711,2769,2888,2908,2868,2826,2821,2795,2797,2806,2962,2898,2863,2839,2853,2809,2826,2830
TOF,2886,2557,2582,2418,2360,2286,2256,2051,2787,2753,2708,2700,2716,2793,2773,2610,2933,2905,2895,2865,2807,2711,2652,2628,2941,2909,2881,2857,2852,2849,2776,2778,2934,2902,2882,2895,2844,2832,2753,2795,2909,2884,2890,2874,2823,2830,2695,2789,2911,2887,2873,2855,2833,2818,2793,2796,2910,2895,2886,2859,2860,2786,2821,2797
TOF,2818,2643,2660,2397,2355,2300,2255,2092,2811,2752,2710,2674,2716,2807,2749,2648,2971,2922,2874,2868,2781,2735,2596,2594,2954,2898,2880,2880,2865,2836,2772,2789,2968,2903,2866,2852,2850,2834,2748,2832,2911,2904,2895,2870,2846,2829,2640,2793,2939,2886,2872,2877,2833,2801,2806,2804,2904,2921,2886,2871,2834,2802,2817,2778
TOF,2818,2847,2660,2399,2334,2313,2213,2225,2785,2725,2740,2725,2751,2772,2653,2692,2959,2921,2891,2874,2793,2709,2657,2632,2955,2898,2911,2875,2873,2840,2777,2795,2950,2934,2881,2875,2858,2836,2742,2806,2934,2882,2872,2857,2851,2802,2609,2822,2915,2886,2886,2872,2840,2808,2777,2789,2938,2910,2873,2837,2835,2815,2817,2817
TOF,2835,2847,2446,2473,2357,2311,2274,2018,2818,2725,2645,2714,2797,2773,2823,2692,2917,2902,2890,2875,2808,2739,2632,2613,2923,2903,2895,2880,2861,2855,2786,2783,2931,2899,2885,2853,2846,2840,2771,2792,2908,2879,2880,2856,2838,2841,2663,2795,2921,2918,2895,2864,2829,2832,2666,2799,2963,2900,2894,2860,2827,2787,2789,2814
TOF,2835,2847,2468,2397,2344,2320,2246,2138,2741,2739,2666,2731,2773,2746,2821,2279,2950,2912,2892,2866,2789,2700,2635,2597,2958,2904,2863,2883,2850,2821,2786,2777,2931,2895,2878,2870,2873,2824,2746,2794,2935,2898,2873,2857,2843,2815,2644,2818,2931,2892,2847,2835,2820,2819,2770,2803,2943,2910,2884,2845,2852,2824,2822,2801
TOF,3019,2847,2561,2422,2353,2289,2236,2109,2790,2766,2729,2654,2713,2754,2768,2354,2935,2910,2894,2875,2737,2729,2625,2642,2938,2920,2903,2870,2853,2841,2788,2773,2917,2903,2865,2875,2855,2816,2687,2798,2913,2912,2875,2869,2843,2823,2717,2811,2931,2921,2855,2833,2837,2811,2794,2802,2932,2885,2889,2857,2810,2790,2816,2802
TOF,2876,2911,2547,2391,2372,2297,2236,2109,2836,2724,2709,2723,2861,2811,2734,2329,2951,2917,2890,2869,2826,2693,2623,2632,2949,2919,2900,2862,2862,2809,2757,2777,2900,2881,2884,2870,2865,2825,2697,2787,2914,2884,2870,2863,2837,2830,2673,2788,2925,2907,2870,2847,2828,2804,2780,2793,2935,2894,2873,2844,2854,2814,2827,2811
TOF,2979,2911,2479,2373,2392,2342,2105,2069,2757,2721,2705,2677,2768,2755,2729,2603,2956,2906,2915,2874,2835,2724,2622,2601,2919,2923,2894,2880,2860,2826,2774,2765,2950,2900,2887,2891,2847,2826,2722,2803,2903,2861,2864,2858,2817,2825,2645,2810,2887,2877,2864,2867,2828,2802,2730,2788,2922,2899,2890,2850,2829,2812,2803,2773
TOF,2919,2704,2363,2400,2346,2269,2188,2227,2748,2744,2690,2756,2742,2758,2732,2603,2931,2924,2872,2868,2786,2720,2658,2600,2923,2900,2881,2873,2856,2834,2775,2792,2927,2889,2874,2852,2846,2829,2757,2784,2919,2928,2872,2865,2843,2831,2664,2804,2908,2908,2842,2876,2842,2806,2751,2784,2918,2910,2883,2850,2830,2806,2793,2793
TOF,2919,2630,2534,2417,2345,2318,2270,1986,2736,2741,2716,2711,2711,2775,2791,2603,2946,2934,2870,2867,2816,2766,2613,2590,2932,2916,2909,2885,2865,2816,2803,2789,2950,2884,2871,2869,2842,2808,2742,2800,2914,2914,2873,2856,2843,2827,2673,2813,2921,2884,2857,2876,2849,2811,2761,2800,2954,2903,2861,2855,2836,2805,2796,2815
TOF,2892,2740,2502,2402,2352,2309,2188,1986,2800,2753,2675,2740,2772,2814,2775,2462,2965,2902,2877,2848,2801,2735,2647,2536,2887,2932,2886,2883,2834,2821,2778,2774,2939,2909,2885,2877,2855,2847,2740,2779,2949,2887,2857,2860,2851,2821,2675,2788,2905,2877,2857,2853,2837,2809,2839,2798,2942,2873,2882,2837,2864,2809,2817,2794
TOF,2892,2864,2502,2400,2330,2296,2258,1986,2849,2767,2682,2719,2747,2767,2791,2357,2946,2912,2892,2852,2804,2711,2637,2596,2940,2901,2895,2891,2859,2830,2774,2816,2900,2893,2892,2870,2838,2829,2729,2800,2901,2889,2868,2868,2816,2802,2702,2793,2931,2884,2846,2839,2851,2821,2797,2788,2944,2919,2900,2865,2824,2788,2782,2768
TOF,2924,2864,2940,2400,2336,2309,2269,2173,2793,2736,2692,2720,2778,2778,2770,2357,2939,2918,2875,2885,2832,2736,2635,2625,2942,2894,2895,2861,2849,2820,2795,2797,2913,2919,2885,2868,2838,2839,2740,2798,2952,2899,2861,2866,2849,2814,2691,2787,2919,2873,2889,2844,2828,2819,2829,2788,2927,2920,2881,2850,2842,2818,2780,2818
TOF,2880,2864,2442,2400,2378,2313,2241,2184,2849,2769,2651,2754,2765,2733,2734,2357,2936,2936,2910,2874,2789,2687,2617,2602,2925,2913,2862,2868,2858,2835,2760,2768,2933,2906,2883,2858,2852,2812,2728,2833,2922,2905,2880,2844,2850,2819,2660,2779,2927,2906,2871,2857,2834,2815,2805,2782,2907,2906,2872,2860,2850,2798,2810,2811
TOF,2880,2864,2442,2394,2339,2300,2264,2037,2796,2766,2710,2718,2690,2786,2789,2753,2949,2918,2895,2858,2799,2722,2590,2652,2939,2899,2887,2854,2856,2837,2768,2807,2891,2877,2877,2862,2859,2824,2687,2775,2919,2906,2889,2849,2846,2833,2685,2782,2913,2915,2864,2854,2830,2808,2755,2799,2979,2917,2845,2814,2839,2816,2830,2801
TOF,2903,2893,2442,2456,2368,2304,2235,2037,2788,2718,2659,2737,2767,2765,2743,2399,2949,2932,2897,2841,2777,2693,2634,2635,2954,2926,2885,2875,2839,2853,2764,2805,2938,2919,2886,2873,2839,2814,2758,2819,2940,2933,2862,2865,2856,2829,2700,2787,2886,2896,2873,2879,2828,2813,2777,2778,2919,2902,2896,2874,2847,2794,2784,2778
TOF,2818,2893,2442,2401,2348,2293,2279,1967,2759,2760,2701,2746,2719,2814,2828,2732,2936,2896,2910,2855,2808,2749,2633,2633,2931,2902,2894,2869,2843,2843,2765,2797,2932,2900,2860,2869,2853,2838,2734,2789,2914,2905,2864,2854,2845,2802,2637,2790,2902,2864,2874,2863,2834,2820,2814,2820,2954,2886,2870,2851,2857,2783,2817,2845
TOF,2884,2779,2540,2389,2338,2285,2270,2073,2795,2737,2640,2722,2856,2818,2783,2381,2914,2913,2894,2853,2816,2756,2682,2647,2944,2906,2877,2859,2849,2846,2777,2792,2936,2932,2861,2855,2850,2836,2715,2770,2911,2895,2863,2845,2856,2810,2653,2775,2920,2901,2854,2880,2837,2807,2726,2776,2941,2893,2883,2871,2830,2796,2799,2774
TOF,2910,2779,2464,2379,2369,2279,2296,2073,2787,2746,2660,2666,2737,2850,2806,2606,2957,2926,2907,2847,2811,2712,2614,2633,2936,2913,2871,2855,2854,2836,2787,2760,2944,2900,2899,2876,2845,2834,2742,2773,2924,2885,2870,2878,2829,2838,2687,165,2934,2899,2855,2850,2827,2812,2751,2807,2912,2900,2877,2832,2848,2795,2810,2762
TOF,2910,2779,2464,2404,2341,2301,2245,2073,2802,2711,2703,2753,2751,2809,2814,2606,2942,2905,2883,2837,2780,2717,2631,2554,2923,2906,2886,2889,2838,2851,2773,2814,2932,2902,2895,2841,2856,2834,2719,220,2928,2893,2870,2845,2839,2812,2630,199,2931,2898,2867,2823,2839,2822,2760,183,2924,2921,2880,2831,2825,2802,2768,2810
TOF,2910,2779,2410,2384,2343,2284,2284,2121,2831,2758,2699,2739,2764,2765,2756,2381,2966,2928,2877,2874,2786,2690,2638,2603,2930,2919,2863,2876,2854,2833,2782,2781,2948,2916,2894,2882,2872,2828,2704,2792,2921,2903,2891,2841,2835,2820,2671,2773,2928,2878,2866,2851,2830,2807,2799,2783,2943,2896,2876,2859,2836,2812,2813,2811
TOF,2838,2868,2443,2396,2358,2296,2199,2121,2789,2756,2706,2704,2767,2792,2792,2445,2939,2920,2877,2871,2826,2699,2656,2600,2944,2901,2904,2873,2836,2827,2794,2772,2919,2916,2858,2854,2862,2831,2734,2817,2884,2874,2894,2855,2835,2814,2659,2784,2931,2890,2877,2860,2833,2793,2749,2795,2942,2912,2887,2852,2836,2780,2811,2833
TOF,2838,2868,2443,2385,2355,2303,2253,1981,2805,2760,2677,2706,2755,2802,2612,2445,2944,2888,2906,2875,2815,2690,2621,2634,2944,2905,2891,2873,2846,2858,2773,2791,2910,2901,2873,2860,2843,2827,2712,2801,2906,2892,2872,2853,2838,2803,2650,2787,2919,2882,2870,2860,2822,2831,2847,2799,2933,2920,2887,2836,2841,2789,2778,2794
TOF,2882,2663,2444,2407,2364,2324,2238,1981,2788,2729,2706,2667,2658,2716,2688,2365,2969,2901,2874,2853,2801,2719,2635,2619,2928,2933,2870,2873,2861,2823,2785,2783,2937,2893,2894,2857,2843,2834,2736,2809,2916,2911,2861,2860,2851,2833,2618,2741,2909,2867,2870,2875,2817,2811,2730,2777,2917,2877,2865,2843,2822,2808,2802,2790
TOF,2850,2663,2444,2422,2319,2328,2275,1967,2829,2762,2725,2704,2680,2749,2829,2317,2957,2914,2902,2847,2834,2704,2614,2573,2941,2911,2881,2855,2843,2841,2798,2805,2959,2898,2893,2866,2862,2817,2730,2817,2926,2899,2881,2837,2827,2833,2658,2785,2929,2917,2886,2858,2824,2812,2782,2786,2924,2896,2898,2861,2812,2790,2815,2788
TOF,2861,2663,2717,2373,2354,2280,2271,2202,2827,2734,2691,2672,2766,2763,2806,2745,2944,2919,2907,2845,2797,2715,2653,2612,2936,2920,2890,2891,2849,2824,2766,2784,2915,2914,2869,2856,2852,2827,2719,2803,2910,2914,2879,2847,2833,2811,2633,2778,2916,2886,2881,2864,2847,2807,2689,2781,2961,2906,2880,2832,2821,2783,2782,2770
TOF,2726,2839,2717,2437,2333,2295,2261,1939,2785,2752,2722,2728,2745,2755,2802,2718,2938,2908,2874,2864,2780,2722,2634,2608,2942,2921,2896,2881,2859,2839,2809,2796,2941,2920,2882,2870,2860,2846,2750,2776,2919,2866,2853,2859,2850,2809,2696,2789,2932,2904,2854,2863,2837,2813,2717,2789,2922,2895,2896,2857,2829,2813,2823,2816
TOF,2726,2839,2610,2376,2325,2300,2261,1939,2786,2730,2723,2725,2826,2749,2785,2621,2956,2928,2903,2857,2777,2737,2654,2595,2932,2920,2896,2871,2866,2840,2766,2806,2928,2906,2881,2883,2848,2828,2764,2762,2926,2871,2880,2850,2807,2828,2705,2793,2935,2881,2877,2844,2831,2823,2657,2815,2927,2904,2880,2865,2820,2793,2794,2802
TOF,2726,2839,2475,2382,2366,2334,2239,1939,2809,2727,2695,2682,2762,2790,2753,2751,2966,2917,2893,2871,2843,2720,2607,2611,2953,2910,2906,2884,2867,2838,2774,2790,2945,2887,2873,2876,2857,2833,2689,2807,2943,2908,2843,2851,2852,2809,2682,2808,2920,2891,2864,2848,2852,2824,2750,2786,2936,2914,2892,2833,2818,2814,2808,2797
TOF,2996,2839,2413,2406,2376,2290,2239,2190,2806,2714,2704,2710,2801,2778,2768,2707,2977,2919,2901,2890,2825,2713,2608,2611,2956,2918,2875,2871,2848,2849,2752,2807,2949,2924,2882,2870,2855,2827,2762,2792,2926,2919,2872,2874,2849,2830,2723,2766,2922,2891,2858,2828,2821,2824,2812,2806,2932,2877,2888,2834,2838,2778,2807,2822
TOF,2851,2839,2597,2434,2372,2324,2235,2190,2748,2754,2695,2726,2750,2780,2740,2409,2930,2911,2897,2866,2776,2775,2619,2563,2933,2911,2878,2884,2856,2814,2764,2786,2925,2908,2868,2866,2844,2818,2730,2803,2950,2884,2886,2852,2834,2831,2695,2793,2914,2901,2865,2850,2824,2805,2782,2807,2953,2871,2885,2871,2827,2826,2838,2794
TOF,2900,2722,2521,2359,2358,2324,2200,2190,2746,2750,2731,2758,2729,2745,2863,2409,2966,2930,2895,2847,2813,2758,2615,2639,2954,2915,2895,2877,2842,2814,2771,2808,2916,2889,2889,2869,2857,2810,2720,2810,2913,2884,2862,2862,2843,2826,2681,2803,2919,2912,2853,2843,2813,2802,2776,2784,2969,2895,2885,2861,2846,2797,2800,2805
TOF,2925,2722,2551,2423,2341,2346,2231,2190,2794,2720,2735,2726,2826,2766,2786,2170,2960,2914,2896,2878,2841,2724,2604,2616,2937,2933,2877,2871,2851,2821,2780,2785,2930,2913,2872,2854,2868,2835,2697,2814,2894,2913,2870,2854,2839,2814,2704,2780,2951,2917,2846,2849,2836,2792,2769,2789,2945,2911,2875,2874,2859,2816,2800,2795
TOF,2925,2665,2607,2409,2339,2308,2279,2026,2829,2699,2671,2675,2850,2791,2749,2474,2954,2928,2888,2870,2780,2780,2619,2573,2951,2912,2897,2876,2830,2842,2778,2791,2907,2907,2881,2867,2859,2827,2772,2799,2919,2901,2889,2861,2866,2834,2646,2780,2938,2898,2870,2833,2850,2814,2758,2790,2933,2914,2885,2848,2829,2825,2812,2779
TOF,2907,2665,2444,2425,2370,2327,2264,2069,2842,2747,2681,2722,2763,2801,2750,2369,2938,2924,2885,2855,2776,2699,2634,2611,2930,2904,2901,2874,2849,2810,2740,2790,2927,2912,2883,2867,2850,2831,2732,2817,2908,2899,2868,2855,2843,2826,2699,2797,2921,2895,2857,2842,2831,2802,2711,2787,2941,2917,2868,2841,2830,2815,2795,2807
TOF,2907,2665,2553,2413,2323,2349,2292,2158,2787,2704,2656,2729,2791,2780,2804,2369,2925,2931,2884,2827,2833,2671,2643,2641,2954,2886,2886,2862,2843,2825,2776,2783,2925,2906,2892,2851,2862,2823,2736,2790,2929,2889,2866,2849,2839,2822,2702,2789,2918,2877,2870,2855,2852,2790,2777,2783,2913,2904,2880,2830,2837,2806,2838,2815
TOF,2956,2601,2553,2392,2359,2307,2272,2210,2837,2761,2698,2696,2814,2831,2751,2369,2937,2905,2883,2854,2817,2709,2636,2592,2901,2895,2894,2871,2857,2828,2769,2769,2960,2896,2887,2871,2855,2828,2733,2817,2935,2898,2889,2853,2843,2824,2681,2798,2909,2891,2869,2841,2805,2797,2817,2788,2940,2911,2882,2878,2853,2812,2813,2797
TOF,2944,2601,2545,2392,2365,2319,2272,2032,2810,2716,2696,2713,2736,2830,2821,2425,2984,2910,2903,2851,2803,2704,2675,2600,2946,2912,2914,2866,2847,2846,2744,2762,2913,2926,2885,2858,2850,2830,2770,2808,2914,2874,2873,2866,2852,2804,2725,2810,2926,2863,2877,2819,2826,2816,2731,2800,2939,2891,2870,2845,2839,2799,2823,2809
TOF,2944,2461,2462,2409,2387,2331,2207,2032,2854,2728,2676,2688,2780,2743,2822,2425,2926,2920,2895,2844,2776,2680,2640,2627,2927,2917,2885,2874,2854,2835,2762,2802,2926,2918,2874,2875,2852,2820,2744,2808,2930,2893,2878,2871,2856,2795,2681,2790,2899,2903,2879,2833,2812,2820,2751,2802,2929,2921,2868,2859,2829,2795,2819,2790
TOF,2944,2567,2462,2407,2354,2300,2282,2099,2812,2726,2763,2721,2832,2803,2795,2425,2964,2922,2905,2869,2803,2661,2643,2583,2932,2914,2889,2874,2861,2829,2752,2771,2917,2890,2885,2872,2845,2819,2739,2807,2911,2872,2868,2864,2846,2820,2664,2810,2919,2891,2895,2865,2846,2837,2741,2791,2902,2893,2885,2860,2844,2816,2802,2788
TOF,2923,2567,2462,2409,2375,2322,2248,2184,2838,2708,2691,2718,2775,2835,2787,2356,2953,2907,2887,2861,2786,2720,2619,2615,2935,2908,2886,2875,2837,2852,2771,2789,2920,2890,2863,2870,2853,2833,2753,2802,2929,2880,2884,2863,2855,2823,2670,2775,2915,2885,2877,2861,2840,2807,2738,2794,2916,2874,2876,2860,2849,2802,2805,2818
TOF,2987,2684,2507,2416,2318,2316,2229,2092,2826,2733,2699,2715,2730,2812,2782,2489,2967,2914,2884,2871,2785,2693,2640,2574,2924,2904,2873,2872,2851,2823,2801,2786,2916,2891,2886,2867,2847,2828,2746,2774,2947,2896,2881,2860,2823,2816,2700,2787,2910,2886,2863,2836,2839,2821,2773,2801,2925,2890,2857,2847,2851,2822,2799,2834
TOF,3011,2684,2642,2375,2343,2294,2210,2120,2805,2706,2709,2762,2749,2757,2744,2710,2995,2936,2889,2858,2809,2707,2608,2585,2940,2912,2893,2884,2853,2830,2791,2783,2944,2902,2893,2870,2858,2835,2715,2806,2914,2870,2851,2852,2856,2820,2707,2820,2916,2905,2871,2868,2832,2795,2808,2801,2949,2904,2880,2871,2831,2809,2815,2803
TOF,2899,2684,2434,2400,2345,2339,2277,2165,2822,2770,2690,2725,2788,2809,2789,2710,2910,2898,2905,2857,2790,2726,2633,2576,2932,2913,2905,2850,2857,2839,2794,2797,2966,2939,2887,2873,2853,2846,2722,2784,2948,2877,2869,2865,2829,2804,2746,2789,2917,2862,2880,2866,2842,2812,2791,2801,2914,2925,2854,2845,2832,2793,2825,2803
TOF,2924,2684,2434,2334,2341,2318,2279,2165,2815,2712,2656,2752,2785,2796,2839,2710,2958,2917,2896,2856,2801,2742,2628,2585,2935,2909,2896,2869,2865,2826,2783,2799,2938,2928,2855,2862,2832,2843,2747,2789,2934,2883,2877,2848,2842,2822,2663,2790,2933,2904,2872,2849,2834,2816,2753,2774,2939,2894,2909,2859,2828,2806,2804,2816
TOF,2924,2684,2341,2444,2323,2306,2246,2040,2775,2712,2665,2693,2746,2783,2799,2710,2925,2921,2917,2855,2831,2752,2632,2567,2938,2908,2877,2860,2827,2853,2767,2794,2930,2919,2869,2866,2860,2830,2738,2812,2890,2922,2884,2864,2853,2826,2685,2803,2918,2898,2872,2858,2832,2802,2769,2814,2917,2915,2883,2849,2802,2799,2795,2778
TOF,2871,2772,2473,2348,2356,2292,2245,2003,2758,2734,2723,2659,2743,2779,2728,2710,2969,2901,2896,2841,2802,2722,2656,2616,2943,2919,2899,2889,2847,2837,2775,2788,2928,2897,2883,2871,2862,2841,2737,2790,2951,2915,2869,2858,2836,2841,2647,2787,2918,2875,2871,2847,2827,2808,2765,2798,2939,2899,2894,2874,2824,2806,2838,2750
TOF,2903,2772,2551,2526,2371,2311,2164,1984,2841,2721,2693,2675,2772,2778,2700,2337,2946,2924,2889,2851,2831,2759,2600,2578,2938,2912,2891,2862,2839,2840,2765,2788,2910,2915,2868,2863,2828,2841,2745,2776,2912,2897,2856,2843,2855,2847,2678,2793,2913,2912,2867,2858,2859,2808,2778,2798,2941,2922,2882,2845,2843,2785,2802,2810
TOF,2903,2772,2551,2428,2333,2320,2221,2114,2852,2745,2715,2661,2736,2761,2779,2385,2927,2918,2869,2855,2791,2720,2639,2667,2941,2884,2890,2866,2858,2840,2761,2788,2935,2912,2883,2857,2834,2827,2745,2806,2927,2869,2871,2860,2833,2834,2699,2780,2902,2904,2870,2846,2813,2817,2746,2803,2936,2886,2860,2880,2860,2802,2808,2812
TOF,2903,2772,2522,2355,2355,2288,2266,2225,2740,2725,2670,2670,2784,2790,2816,2385,2961,2900,2895,2855,2820,2721,2600,2595,2920,2905,2897,2877,2852,2840,2801,2778,2944,2901,2890,2854,2859,2832,2720,2787,2945,2892,2873,2855,2824,2824,2685,2769,2917,2881,2869,2864,2850,2802,2748,2816,2949,2910,2863,2865,2848,2807,2815,2827
TOF,2880,2873,2437,2375,2356,2310,2261,2225,2794,2739,2710,2738,2699,2800,2840,2516,2953,2917,2901,2884,2798,2748,2619,2645,2929,2915,2877,2886,2846,2824,2772,2796,2924,2926,2901,2890,2866,2818,2767,2795,2903,2909,2866,2864,2847,2830,2662,2835,2867,2900,2874,2850,2836,2818,2808,2791,2937,2897,2884,2860,2864,2820,2805,2835
TOF,2880,2873,2603,2394,2394,2343,2272,1995,2797,2738,2668,2693,2728,2857,2819,2662,2934,2919,2903,2857,2828,2712,2612,2614,2940,2930,2904,2868,2859,2857,2772,2786,2924,2922,2878,2883,2839,2834,2689,2808,2905,2896,2870,2873,2810,2813,2659,2777,2900,2887,2848,2840,2828,2817,2763,2777,2929,2952,2870,2837,2847,2799,2785,2842
TOF,2880,2873,2603,2373,2355,2300,2217,1995,2764,2720,2683,2718,2737,2809,2836,2662,2942,2909,2878,2869,2801,2782,2627,2592,2935,2901,2887,2900,2841,2833,2755,2780,2909,2900,2889,2853,2837,2830,2766,2790,2924,2889,2884,2882,2820,2822,2682,2792,2914,2914,2849,2840,2826,2780,2735,2789,2928,2887,2854,2845,2819,2804,2812,2855
TOF,2805,2864,2477,2373,2365,2271,2260,1995,2802,2740,2682,2683,2712,2778,2711,2353,2952,2936,2885,2864,2798,2737,2594,2603,2911,2913,2886,2868,2850,2811,2776,2783,2920,2882,2868,2872,2843,2839,2736,2810,2938,2888,2877,2855,2794,2806,2672,2807,2929,2882,2854,2861,2862,2818,2735,2771,2944,2898,2870,2861,2842,2782,2785,2801
TOF,2985,2864,2477,2371,2391,2311,2253,2104,2819,2714,2686,2709,2844,2754,2801,2353,2932,2919,2891,2868,2767,2733,2650,2576,2940,2914,2885,2891,2863,2843,2788,2767,2930,2906,2890,2872,2856,2834,2717,2791,2915,2880,2875,2847,2836,2810,2687,2784,2916,2880,2870,2854,2832,2820,2733,2788,2922,2889,2864,2848,2824,2825,2815,2814
TOF,2751,2864,2480,2474,2351,2313,2287,2104,2821,2755,2696,2698,2744,2770,2778,270,2941,2894,2874,2860,2787,2729,2641,2604,2949,2921,2893,2880,2841,2828,2765,2726,2940,2902,2877,2888,2841,2827,2759,2791,2896,2900,2870,2863,2849,2788,2734,197,2916,2916,2850,2859,2810,2807,2719,2748,2909,2877,2873,2866,2830,2779,2814,223
TOF,2751,2880,2436,2375,2312,2281,2264,2213,2815,2733,2702,2703,2773,2790,2836,179,2933,2915,2874,2860,2795,2727,2613,184,2954,2923,2886,2886,2844,2815,2773,181,2948,2917,2874,2862,2845,2843,2747,185,2942,2867,2865,2845,2849,2813,2653,208,2918,2924,2895,2854,2832,2806,218,224,2928,2884,2870,2855,2861,2830,232,2809
TOF,2811,2880,2741,2424,2334,2317,177,167,2794,2725,2663,2806,2739,2768,2751,169,2957,2925,2888,2861,2797,2753,177,174,2898,2906,2886,2871,2828,2821,184,193,2940,2907,2863,2856,2852,2852,194,204,2927,2880,2880,2850,2798,213,213,2799,2943,2904,2854,2853,2856,232,2808,2801,2936,2883,2878,2862,2824,2807,2835,2813
TOF,2934,275,2350,2396,2383,172,165,165,2799,2730,2666,2748,2844,171,172,183,2934,2914,2902,2842,2808,177,185,191,2987,2914,2895,2875,2849,199,192,2806,2947,2911,2900,2866,204,211,233,2803,2899,2904,2874,2900,219,250,2694,2785,2904,2902,2865,2876,252,2815,2766,2799,2940,2899,2905,2872,2837,2813,2804,2801
TOF,238,237,228,2379,159,159,169,185,2812,2711,2649,2752,169,176,180,2768,2949,2899,2889,2920,186,188,204,2594,2932,2916,2891,197,201,225,232,2788,2929,2903,2873,212,227,235,2755,2796,2917,2908,2883,234,242,2824,2722,2796,2900,2915,2867,2868,2825,2814,2781,2780,2932,2875,2877,2840,2826,2789,2796,2814
TOF,2858,2543,153,153,159,164,174,2007,2841,2757,166,167,173,190,194,2438,2932,2918,180,182,194,205,2580,2608,2971,2935,2857,200,218,2848,2764,2763,2955,2907,209,224,2840,2817,2719,2813,2927,2916,2874,2847,2851,2824,2693,2801,2900,2916,2854,2864,2820,2821,2790,2791,2907,2889,2883,2878,2838,2820,2852,2811
TOF,133,137,143,148,158,169,2227,219,2777,143,155,159,177,2534,2805,200,146,159,167,177,2822,2743,2618,2592,2950,177,186,2866,2853,2834,2787,2792,2963,2905,2898,2849,2845,2804,2769,2742,2952,2880,2877,2853,2842,2832,2810,2818,2922,2903,2877,2861,2821,2821,2775,2794,2929,2880,2877,2851,2830,2788,2790,2801
TOF,117,126,129,146,2364,2321,2276,2196,130,139,143,2867,2843,2817,2800,2585,144,159,2898,2855,2812,2763,2628,2495,2926,2916,2879,2880,2840,2838,2789,2815,2971,2913,2883,2887,2849,2843,2769,2804,2926,2916,2860,2874,2868,2840,2716,2787,2923,2881,2872,2839,2842,2807,2758,2821,2966,2912,2872,2850,2819,2805,2817,2807
TOF,117,126,2455,2404,2343,2328,2272,2110,170,2727,2667,2739,2737,2756,2770,2495,2937,2891,2889,2845,2792,2732,2619,2600,2918,2914,2905,2860,2847,2805,2780,2789,2952,2931,2864,2852,2855,2821,2697,2799,2923,2896,2899,2859,2849,2833,2659,2780,2922,2899,2854,2850,2834,2793,2744,2776,2919,2918,2873,2858,2844,2810,2802,2764
TOF,2933,126,2600,2468,2372,2282,2266,2110,2772,2750,2690,2758,2751,2793,2786,2495,2950,2927,2897,2862,2823,2703,2616,2625,2949,2921,2894,2885,2850,2819,2773,2785,2941,2910,2885,2862,2843,2816,2730,2790,2922,2889,2876,2857,2845,2823,2620,2827,2930,2882,2887,2852,2841,2814,2789,2803,2894,2917,2861,2853,2863,2816,2814,2845
TOF,2921,126,2560,2365,2368,2328,2299,2091,2743,2757,2719,2714,2730,2786,2801,2495,2928,2929,2890,2866,2798,2757,2619,2637,2954,2913,2885,2878,2854,2836,2762,2768,2916,2902,2890,2869,2841,2821,2760,2772,2919,2896,2874,2862,2839,2799,2633,2814,2920,2895,2867,2848,2835,2812,2753,2790,2928,2894,2884,2849,2852,2782,2822,2782
TOF,2934,126,2488,2366,2395,2294,2239,2132,2811,2743,2714,2722,2759,2791,2808,2495,2959,2909,2915,2860,2807,2704,2604,2648,2925,2906,2908,2855,2856,2862,2745,2788,2927,2899,2883,2847,2855,2828,2691,2762,2890,2871,2857,2840,2836,2813,2631,2790,2934,2870,2883,2861,2844,2821,2804,2810,2950,2887,2865,2845,2836,2809,2810,2816
TOF,2934,126,2505,2415,2352,2292,2304,1892,2838,2738,2695,2691,2770,2788,2747,2662,2918,2922,2898,2864,2804,2729,2641,2596,2970,2933,2878,2884,2854,2837,2758,2799,2957,2885,2907,2863,2840,2826,2769,2803,2911,2891,2879,2858,2822,2833,2707,2792,2938,2910,2876,2843,2828,2823,2737,2787,2923,2894,2853,2875,2834,2797,2823,2795
TOF,2670,126,2448,2422,2374,2289,2303,2211,2842,2740,2665,2764,2748,2805,2772,2372,2971,2925,2897,2874,2825,2757,2609,2627,2916,2903,2885,2864,2868,2823,2776,2777,2933,2917,2879,2883,2854,2835,2753,2798,2937,2915,2881,2848,2850,2829,2709,2771,2906,2883,2872,2860,2831,2831,2804,2804,2931,2888,2877,2869,2845,2796,2793,2814
TOF,2908,126,2448,2424,2342,2307,2245,2211,2762,2715,2716,2766,2752,2771,2778,2349,2966,2915,2887,2877,2783,2753,2619,2618,2911,2912,2888,2853,2860,2840,2771,2782,2912,2891,2893,2869,2846,2827,2777,2785,2921,2892,2867,2837,2835,2825,2652,2801,2935,2896,2874,2850,2822,2809,2790,2794,2951,2895,2888,2870,2814,2830,2794,2799
TOF,2882,2768,2488,2363,2351,2298,2241,2109,2809,2739,2664,2723,2762,2810,2750,2370,2925,2914,2875,2857,2804,2698,2624,2598,2923,2896,2893,2878,2843,2839,2779,2804,2958,2877,2877,2842,2852,2818,2739,2822,2898,2862,2884,2867,2843,2825,2702,2799,2936,2896,2877,2866,2833,2785,2785,2794,2926,2918,2858,2843,2848,2804,2789,2816
TOF,2709,2768,2573,2426,2361,2293,2297,2109,2825,2720,2692,2720,2760,2735,2801,2313,2964,2913,2891,2871,2816,2746,2615,2634,2945,2922,2881,2855,2857,2835,2777,2794,2899,2907,2892,2853,2850,2824,2708,2804,2892,2906,2882,2866,2846,2823,2691,2813,2943,2906,2871,2833,2839,2812,2777,2788,2924,2911,2896,2848,2825,2791,2832,2822
TOF,2776,2768,2573,2416,2347,2277,2207,2168,2809,2701,2663,2720,2753,2785,2785,2313,2959,2916,2877,2881,2839,2730,2647,2608,2946,2893,2903,2886,2856,2846,2779,2796,2944,2881,2886,2857,2838,2823,2715,2813,2904,2860,2884,2850,2837,2819,2645,2806,2926,2896,2863,2865,2843,2830,2763,2800,2923,2885,2890,2845,2815,2807,2810,2810
TOF,2975,2768,2485,2373,2373,2327,2293,2168,2787,2753,2658,2716,2743,2744,2803,2366,2959,2902,2876,2861,2808,2738,2658,2632,2934,2918,2883,2891,2853,2838,2768,2794,2941,2891,2896,2869,2852,2812,2763,2788,2919,2886,2855,2860,2833,2813,2642,2792,2903,2918,2859,2850,2833,2796,2766,2799,2931,2883,2875,2871,2825,2803,2804,2787
TOF,2956,2768,2364,2465,2351,2316,2192,2110,2788,2736,2740,2779,2757,2696,2780,2359,2942,2905,2893,2858,2791,2704,2641,2568,2948,2918,2889,2875,2861,2819,2774,2782,2942,2894,2885,2868,2848,2823,2718,2788,2933,2904,2883,2873,2803,2821,2691,2818,2912,2886,2873,2845,2840,2818,2796,2823,2939,2894,2878,2851,2846,2787,2824,2782
TOF,2908,2843,2364,2359,2358,2293,2259,2079,2773,2721,2704,2700,2783,2780,2830,2359,2949,2932,2884,2854,2827,2741,2618,2602,2927,2886,2905,2871,2838,2827,2785,2782,2946,2872,2854,2859,2834,2844,2687,2790,2932,2889,2856,2845,2831,2827,2707,2760,2907,2900,2870,2870,2848,2815,2780,2812,2920,2926,2890,2870,2842,2802,2791,2788
TOF,2908,2843,2528,2368,2368,2265,2188,2104,2798,2738,2684,2651,2781,2774,2785,2396,2949,2911,2895,2876,2805,2705,2627,2585,2942,2912,2894,2880,2867,2846,2745,2779,2931,2905,2872,2879,2865,2819,2769,2804,2906,2887,2894,2846,2829,2812,2756,2802,2922,2884,2881,2845,2853,2820,2752,2819,2930,2906,2894,2860,2827,2800,2785,2824
TOF,2966,2829,2528,2395,2342,2303,2269,2004,2790,2759,2695,2655,2765,2825,2742,2763,2932,2906,2901,2863,2785,2721,2643,2585,2888,2915,2884,2875,2866,2826,2795,2809,2903,2912,2890,2842,2826,2822,2722,2776,2916,2896,2877,2874,2823,2824,2659,2780,2924,2895,2872,2852,2831,2818,2825,2778,2915,2875,2867,2815,2834,2775,2816,2840
TOF,2934,2872,2460,2427,2333,2299,2264,1901,2814,2713,2654,2701,2734,2795,2814,2763,2961,2930,2914,2871,2786,2760,2690,2612,2924,2895,2912,2875,2855,2860,2798,2776,2927,2904,2868,2872,2863,2832,2718,2794,2938,2866,2869,2857,2850,2832,2682,2788,2913,2903,2864,2840,2820,2820,2797,2808,2943,2895,2872,2847,2839,2790,2813,2803
TOF,2839,2872,2435,2413,2369,2294,2264,2010,2793,2706,2666,2767,2759,2749,2773,2513,2980,2930,2892,2869,2818,2760,2621,2585,2912,2921,2898,2859,2852,2841,2788,2805,2929,2882,2876,2879,2850,2816,2789,2805,2941,2878,2882,2860,2822,2832,2648,2785,2923,2906,2874,2858,2843,2812,2778,2774,2920,2898,2895,2858,2841,2798,2802,2805
TOF,2997,2872,2545,2390,2336,2301,2268,2112,2798,2720,2688,2701,2754,2802,2781,2513,2934,2915,2892,2860,2783,2716,2628,2581,2909,2903,2904,2877,2863,2824,2764,2801,2945,2915,2878,2857,2846,2832,2714,2808,2924,2876,2880,2857,2841,2818,2667,2796,2924,2900,2861,2845,2838,2840,2746,2786,2937,2872,2885,2865,2824,2810,2812,2797
TOF,2913,2872,2778,2402,2360,2289,2240,2060,2807,2726,2708,2668,2803,2786,2769,2513,2964,2913,2914,2851,2847,2701,2621,2626,2912,2920,2885,2864,2851,2816,2778,2796,2931,2884,2868,2856,2841,2825,2728,2800,2943,2909,2874,2863,2832,2813,2650,2782,2917,2884,2856,2863,2832,2798,2777,2812,2949,2921,2860,2846,2809,2796,2819,2807
TOF,2703,2872,2778,2382,2350,2329,2241,2007,2815,2724,2711,2695,2785,2770,2769,2774,2946,2920,2886,2870,2809,2754,2618,2616,2928,2907,2899,2869,2867,2817,2778,2807,2931,2892,2889,2865,2845,2826,2754,2790,2901,2887,2887,2864,2831,2808,2680,2798,2914,2892,2873,2867,2825,2802,2739,2791,2935,2899,2891,2848,2838,2803,2828,2813
TOF,2949,2631,2432,2395,2366,2323,2241,2007,2833,2720,2681,2689,2775,2775,2790,2774,2978,2899,2858,2868,2778,2688,2670,2618,2940,2914,2867,2863,2869,2808,2763,2813,2915,2917,2878,2876,2861,2824,2745,2793,2913,2897,2870,2865,2848,2831,2719,2801,2896,2885,2874,2863,2821,2790,2795,2781,2901,2899,2876,2823,2858,2796,2846,2799
TOF,2907,2631,2432,2376,2362,2319,2280,2007,2789,2686,2658,2705,2724,2774,2817,2613,2945,2916,2897,2858,2806,2736,2604,2595,2958,2917,2904,2878,2866,2836,2763,2760,2936,2896,2878,2870,2842,2847,2742,2790,2880,2886,2873,2860,2846,2809,2681,2773,2916,2894,2870,2862,2836,2790,2715,2790,2952,2892,2880,2837,2833,2783,2788,2799
TOF,2907,2689,2463,2403,2353,2317,2193,2007,2769,2721,2710,2739,2752,2806,2821,2749,2935,2911,2881,2862,2814,2720,2647,2591,2918,2903,2898,2876,2861,2829,2757,2767,2945,2908,2872,2872,2866,2820,2701,2802,2904,2884,2861,2875,2858,2813,2663,2790,2937,2932,2875,2855,2833,2811,2749,2796,2900,2900,2890,2853,2855,2796,2868,2816
TOF,2907,2875,2463,2413,2345,2311,2176,2033,2790,2731,2665,2791,2804,2744,2806,2505,2955,2920,2879,2878,2802,2698,2628,2599,2946,2903,2877,2867,2866,2821,2760,2779,2924,2924,2906,2873,2855,2819,2718,2800,2909,2884,2884,2881,2837,2826,2602,2790,2951,2896,2868,2857,2833,2808,2735,2794,2932,2891,2868,2880,2836,2787,2820,2828
TOF,2869,2875,2323,2383,2379,2335,2241,2099,2794,2789,2675,2751,2776,2780,2733,2747,2938,2920,2898,2864,2778,2724,2605,2588,2938,2915,2876,2847,2859,2836,2770,2755,2946,2916,2876,2862,2857,2836,2727,2815,2917,2887,2875,2863,2854,2813,2629,2798,2919,2889,2864,2860,2823,2804,2762,2799,2953,2879,2875,2867,2852,2811,2807,2812
TOF,2869,2912,2323,2397,2352,2332,2267,2041,2769,2755,2654,2770,2742,2841,2821,2373,2943,2925,2899,2849,2811,2754,2640,2618,2934,2903,2891,2875,2848,2827,2755,2795,2929,2916,2921,2891,2841,2847,2730,2807,2949,2888,2858,2856,2834,2820,2675,2819,2917,2892,2884,2869,2849,2811,2749,2804,2952,2903,2871,2860,2842,2797,2799,2805
TOF,2718,2767,2890,2616,2352,2306,2274,1899,2770,2708,2734,2675,2702,2794,2676,2373,2971,2911,2884,2873,2806,2688,2610,2578,2922,2912,2885,2866,2857,2814,2789,2776,2938,2914,2900,2879,2850,2823,2760,2780,2938,2886,2888,2875,2825,2838,2663,2779,2933,2886,2862,2868,2836,2805,2806,2791,2935,2860,2891,2860,2854,2812,2831,2789
TOF,2879,2767,2890,2413,2352,2292,2242,1899,2769,2700,2687,2733,2775,2824,2612,2373,2922,2915,2880,2850,2812,2740,2633,2584,2922,2888,2896,2869,2849,2851,2780,2788,2927,2902,2894,2862,2836,2829,2721,2781,2953,2877,2878,2857,2832,2835,2702,2762,2904,2901,2870,2861,2835,2824,2767,2807,2933,2920,2862,2846,2845,2828,2816,2809
TOF,2745,2908,2890,2375,2342,2303,2257,2125,2813,2718,2653,2680,2811,2788,2720,2827,2938,2918,2879,2850,2795,2758,2608,2606,2950,2892,2891,2878,2867,2830,2762,2766,2936,2883,2883,2859,2838,2833,2727,2807,2936,2899,2867,2850,2829,2810,2611,2783,2910,2888,2875,2861,2837,2825,2798,2798,2944,2920,2879,2841,2841,2771,2834,2816
TOF,2865,2583,2591,2468,2324,2328,2261,2141,2838,2761,2683,2699,2812,2727,2720,2744,2953,2907,2894,2862,2841,2742,2640,2619,2950,2941,2885,2865,2851,2849,2801,2803,2918,2903,2891,2878,2858,2821,2739,2800,2928,2899,2874,2853,2849,2817,2624,2792,2930,2906,2855,2867,2813,2824,2756,2791,2920,2880,2877,2820,2830,2798,2812,2795
TOF,2893,2583,2487,2380,2319,2288,2188,2141,2798,2745,2666,2647,2831,2778,2747,2373,2957,2931,2915,2860,2828,2713,2659,2562,2937,2923,2881,2881,2855,2839,2788,2793,2927,2888,2904,2855,2866,2823,2725,2799,2903,2925,2869,2847,2860,2806,2635,2801,2912,2900,2850,2838,2839,2821,2792,2795,2959,2929,2871,2837,2828,2803,2801,2804
TOF,2893,2583,2487,2398,2330,2291,2276,2140,2757,2714,2696,2728,2751,2792,2739,2741,2952,2918,2884,2872,2783,2732,2647,2610,2924,2904,2888,2867,2855,2839,2765,2779,2905,2891,2897,2875,2867,2812,2724,2801,2911,2888,2880,2873,2818,2813,2682,2782,2927,2899,2857,2849,2842,2820,2778,2802,2927,2901,2853,2857,2812,2805,2819,2826
TOF,2893,2493,2487,2387,2350,2333,2211,2123,2771,2734,2716,2698,2711,2776,2742,2779,2950,2924,2879,2865,2828,2703,2627,2618,2921,2920,2912,2866,2863,2882,2768,2807,2915,2890,2888,2864,2851,2835,2739,2791,2937,2879,2867,2859,2824,2826,2681,2817,2923,2887,2875,2836,2838,2834,2783,2774,2910,2902,2877,2857,2835,2815,2822,2793
TOF,2893,2752,2417,2359,2331,2322,2248,2092,2806,2745,2737,2768,2765,2812,2772,2779,2938,2924,2880,2870,2800,2702,2637,2604,2942,2900,2879,2866,2852,2830,2799,2774,2967,2892,2893,2897,2843,2835,2731,2813,2956,2893,2875,2854,2847,2814,2650,2798,2899,2880,2866,2854,2835,2807,2829,2777,2937,2904,2878,2856,2842,2788,2790,2804
TOF,2493,2752,2480,2375,2342,2270,2263,2092,2778,2746,2677,2715,2806,2846,2824,2537,2954,2921,2876,2871,2784,2642,2664,2632,2951,2908,2889,2859,2857,2836,2761,2798,2918,2883,2875,2868,2831,2832,2761,2803,2933,2900,2889,2861,2836,2806,2703,2796,2926,2901,2873,2847,2834,2803,2737,2778,2942,2906,2881,2858,2848,2800,2806,2775
TOF,2947,2752,2434,2455,2354,2296,2255,2056,2766,2736,2679,2678,2780,2811,2752,2659,2946,2911,2895,2871,2797,2751,2633,2600,2942,2893,2929,2887,2845,2819,2779,2798,2920,2906,2889,2848,2824,2833,2737,2787,2907,2922,2852,2862,2830,2838,2668,2780,2910,2894,2887,2897,2829,2812,2785,2801,2932,2896,2876,2885,2823,2808,2806,2819
TOF,2914,2460,2524,2342,2331,2305,2240,2056,2778,2734,2706,2717,2728,2771,2772,2742,2962,2910,2901,2885,2829,2774,2619,2601,2939,2912,2885,2866,2841,2845,2773,2784,2906,2911,2894,2874,2840,2836,2727,2761,2913,2868,2903,2860,2830,2818,2712,2826,2907,2863,2863,2850,2850,2808,2686,2787,2920,2884,2895,2843,2838,2811,2809,2803
TOF,2876,2460,2524,2409,2344,2305,2247,2056,2823,2720,2712,2713,2759,2743,2762,2709,2935,2918,2893,2873,2794,2756,2614,2579,2969,2913,2887,2897,2856,2818,2758,2785,2929,2908,2898,2880,2853,2837,2754,2799,2912,2886,2866,2886,2849,2825,2670,2793,2927,2896,2873,2845,2845,2785,2768,2794,2924,2904,2880,2875,2834,2805,2806,2813
TOF,2738,2460,2602,2400,2348,2309,2283,2169,2762,2732,2661,2665,2880,2807,2715,2709,2937,2908,2870,2850,2777,2781,2617,2618,2959,2890,2886,2889,2861,2848,2758,2796,2944,2911,2871,2882,2849,2826,2739,2804,2948,2908,2846,2838,2856,2826,2676,2803,2907,2885,2875,2872,2831,2809,2798,2786,2935,2898,2878,2851,2818,2780,2788,2801
TOF,2860,2460,2476,2411,2400,2324,2253,2078,2757,2748,2662,2707,2787,2721,2796,2603,2951,2923,2887,2856,2787,2742,2649,2566,2924,2904,2883,2858,2859,2841,2782,2778,2911,2888,2873,2864,2852,2811,2731,2810,2919,2899,2864,2854,2830,2833,2661,2808,2915,2891,2872,2851,2836,2801,2728,2797,2942,2918,2905,2868,2806,2807,2804,2806
TOF,2872,2460,2476,2415,2333,2303,2192,2078,2817,2728,2675,2761,2799,2796,2779,2440,2936,2918,2882,2861,2826,2726,2606,2574,2935,2893,2895,2884,2844,2834,2763,2774,2944,2896,2903,2886,2833,2835,2784,2804,2900,2910,2869,2851,2855,2833,2710,2797,2909,2892,2879,2826,2842,2808,2804,2788,2945,2899,2890,2837,2824,2779,2812,2828
TOF,2872,2536,2416,2417,2378,2286,2249,2096,2769,2706,2729,2691,2763,2847,2774,2350,2970,2912,2884,2842,2787,2722,2631,2570,2937,2911,2875,2876,2855,2810,2750,2800,2919,2933,2886,2843,2850,2818,2722,2803,2920,2895,2884,2856,2855,2828,2667,2808,2909,2906,2856,2868,2863,2808,2847,2760,2928,2893,2907,2844,2829,2816,2823,2797
TOF,2956,2536,2416,2411,2356,2284,2249,2123,2798,2701,2653,2705,2720,2737,2814,2350,2959,2917,2917,2873,2829,2732,2606,2623,2926,2898,2888,2894,2852,2797,2780,2792,2961,2908,2882,2874,2855,2823,2764,2772,2939,2890,2885,2844,2829,2825,2656,2759,2910,2895,2875,2838,2835,2830,2785,2790,2915,2925,2884,2845,2824,2780,2802,2796
TOF,2956,2851,2416,2381,2411,2345,2244,2210,2822,2696,2701,2729,2737,2792,2812,2726,2957,2905,2863,2854,2811,2729,2629,2619,2919,2918,2887,2862,2866,2818,2759,2808,2910,2912,2878,2844,2852,2819,2720,2800,2935,2917,2883,2852,2831,2834,2729,2760,2904,2902,2877,2871,2827,2821,2762,2807,2937,2919,2879,2848,2840,2813,2806,2807
TOF,2615,2920,2416,2412,2342,2297,2251,1963,2832,2716,2635,2749,2734,2706,2766,2635,2934,2915,2879,2879,2802,2714,2616,2686,2918,2891,2886,2849,2858,2827,2774,2801,2988,2902,2877,2889,2848,2840,2729,2791,2895,2880,2875,2881,2842,2805,2665,2787,2919,2887,2873,2869,2837,2809,2805,2801,2929,2932,2861,2846,2843,2797,2813,2794
TOF,2892,2912,2416,2409,2341,2307,2253,1963,2809,2753,2664,2697,2791,2806,2669,2432,2961,2913,2901,2871,2813,2710,2614,2678,2944,2918,2880,2859,2852,2847,2793,2794,2930,2912,2883,2862,2840,2814,2735,2788,2917,2909,2868,2856,2841,2830,2671,2775,2938,2913,2865,2869,2830,2813,2796,2791,2919,2918,2894,2846,2842,2825,2818,2771
TOF,2906,2912,2416,2369,2346,2311,2200,1963,2762,2724,2713,2693,2770,2771,2741,2355,2931,2913,2895,2845,2801,2767,2658,2606,2946,2908,2874,2873,2849,2829,2778,2789,2952,2932,2885,2871,2851,2807,2740,2807,2898,2885,2876,2866,2848,2824,2672,2806,2929,2914,2875,2882,2838,2804,2753,2792,2950,2909,2861,2853,2849,2803,2831,2828
TOF,2978,2912,2416,2426,2320,2291,2238,1963,2870,2774,2679,2728,2757,2796,2769,2321,2938,2917,2881,2852,2784,2738,2621,2605,2937,2918,2862,2871,2841,2837,2806,2789,2957,2886,2901,2877,2835,2837,2727,2802,2928,2861,2876,2859,2829,2813,2687,2776,2905,2899,2885,2836,2867,2817,2766,2788,2949,2888,2861,2857,2827,2816,2789,2813
TOF,2978,2896,2461,2361,2338,2290,2230,2180,2824,2780,2681,2663,2817,2799,2736,2321,2929,2916,2883,2851,2801,2730,2584,2559,2926,2900,2919,2875,2857,2824,2797,2789,2936,2898,2877,2872,2858,2836,2713,2799,2937,2907,2888,2833,2825,2832,2701,2808,2904,2900,2880,2830,2848,2809,2773,2769,2933,2919,2899,2857,2834,2793,2825,2799
TOF,2760,2828,2506,2446,2363,2343,2233,2074,2770,2720,2718,2728,2823,2816,2832,2374,2954,2909,2910,2891,2847,2726,2610,2626,2936,2894,2884,2878,2854,2833,2778,2771,2924,2892,2863,2868,2859,2819,2712,2811,2926,2914,2880,2883,2840,2814,2695,2769,2925,2896,2860,2844,2832,2823,2805,2783,2954,2892,2885,2869,2834,2797,2807,2806
TOF,2760,2828,2506,2356,2373,2292,2124,2074,2779,2727,2677,2682,2803,2800,2784,2374,2956,2913,2874,2837,2833,2704,2600,2611,2934,2926,2895,2872,2852,2817,2782,2792,2946,2922,2887,2864,2851,2811,2744,2812,2921,2884,2878,2869,2842,2810,2676,2771,2936,2878,2877,2886,2813,2818,2801,2800,2938,2896,2869,2871,2830,2822,2828,2812
TOF,2900,2828,2479,2407,2363,2340,2124,2096,2768,2753,2725,2737,2780,2789,2842,2374,2940,2915,2893,2875,2806,2750,2635,2605,2932,2905,2896,2882,2864,2843,2800,2805,2959,2908,2867,2863,2851,2837,2763,2793,2923,2913,2884,2867,2834,2819,2643,2788,2902,2897,2878,2842,2833,2821,2774,2791,2931,2926,2872,2855,2848,2811,2797,2820
TOF,2832,2809,2444,2414,2348,2331,2226,2017,2782,2802,2666,2712,2817,2782,2816,2746,2943,2919,2877,2861,2781,2706,2588,2672,2947,2910,2870,2878,2847,2821,2784,2802,2946,2866,2867,2866,2843,2839,2690,2814,2900,2877,2852,2849,2872,2845,2663,2825,2906,2911,2846,2852,2841,2816,2758,2802,2937,2904,2891,2850,2842,2808,2815,2801
TOF,2711,2841,2910,2392,2355,2310,2292,2263,2798,2752,2697,2714,2803,2761,2787,2326,2951,2927,2913,2858,2818,2737,2605,2629,2937,2902,2890,2873,2867,2844,2779,2805,2935,2914,2862,2867,2859,2844,2734,2809,2915,2883,2863,2875,2849,2821,2658,2804,2906,2884,2867,2850,2832,2814,2802,2780,2936,2887,2890,2848,2839,2814,2796,2813
TOF,2978,2841,2910,2399,2375,2304,2244,1952,2820,2725,2685,2725,2817,2813,2814,2326,2916,2903,2896,2840,2720,2696,2618,2627,2958,2903,2890,2879,2832,2827,2752,2792,2946,2892,2874,2862,2862,2834,2698,2787,2927,2883,2867,2871,2829,2845,2650,2809,2895,2905,2875,2838,2838,2819,2792,2801,2928,2901,2872,2865,2842,2805,2797,2802
TOF,2856,2841,2469,2347,2352,2297,2301,2143,2845,2708,2705,2693,2757,2777,2726,2387,2947,2904,2889,2850,2829,2702,2611,2616,2930,2913,2900,2878,2862,2824,2760,2801,2946,2879,2899,2873,2835,2831,2678,2804,2941,2925,2851,2870,2847,2831,2645,2789,2908,2899,2874,2852,2841,2806,2839,2793,2919,2906,2900,2839,2826,2805,2816,2808
TOF,2856,2812,2469,2421,2392,2359,2266,2071,2770,2722,2669,2705,2808,2819,2767,2519,2922,2911,2898,2872,2839,2707,2620,2587,2947,2922,2897,2870,2857,2817,2784,2784,2929,2893,2890,2869,2844,2822,2770,2812,2920,2895,2862,2854,2844,2824,2619,2787,2907,2886,2871,2838,2808,2800,2754,2831,2945,2929,2866,2864,2823,2786,2833,2783
TOF,2728,2812,2525,2392,2327,2300,2282,2067,2809,2750,2692,2685,2753,2768,2776,2471,2969,2918,2882,2890,2810,2733,2623,2613,2931,2895,2856,2890,2880,2845,2821,2783,2947,2891,2883,2854,2849,2837,2786,2791,2903,2896,2872,2868,2856,2829,2654,2827,2906,2902,2865,2856,2833,2791,2777,2801,2929,2900,2894,2860,2837,2820,2798,2802
TOF,2692,2812,2462,2350,2401,2340,2257,2067,2782,2751,2610,2722,2705,2761,2799,2373,2964,2928,2868,2850,2825,2727,2618,2668,2949,2922,2881,2851,2851,2822,2749,2788,2911,2908,2887,2883,2850,2839,2724,2749,2878,2861,2869,2859,2842,2822,2587,2756,2932,2891,2854,2859,2847,2802,2778,2825,2913,2892,2865,2864,2858,2799,2809,2758
TOF,2796,2812,2576,2410,2345,2305,2296,2258,2802,2710,2679,2711,2767,2792,2765,2400,2938,2909,2901,2870,2820,2757,2604,2579,2923,2906,2897,2859,2856,2839,2745,2783,2915,2917,2904,2839,2837,2829,2725,2814,2924,2916,2885,2849,2854,2826,2602,2761,2910,2890,2872,2835,2827,2819,2758,2770,2938,2894,2896,2868,2839,2814,2787,2789
TOF,2862,2812,2576,2381,2346,2305,2277,2258,2779,2704,2690,2782,2833,2783,2795,2400,2966,2896,2906,2855,2821,2747,2694,2582,2920,2902,2898,2865,2844,2853,2779,2790,2954,2909,2892,2908,2833,2829,2730,2811,2912,2879,2884,2836,2837,2840,2666,2785,2917,2884,2875,2832,2848,2792,2769,2793,2951,2906,2881,2848,2852,2790,2842,2759
TOF,2902,2812,2431,2398,2299,2304,2249,2181,2769,2718,2661,2748,2880,2806,2634,2660,2970,2915,2882,2855,2773,2720,2598,2626,2939,2898,2880,2862,2867,2849,2786,2795,2900,2901,2886,2869,2840,2828,2726,2785,2933,2891,2872,2847,2833,2817,2681,2793,2916,2878,2883,2875,2834,2818,2832,2797,2954,2915,2843,2854,2832,2787,2816,2796
TOF,2935,2812,2357,2410,2398,2296,2187,1930,2812,2720,2674,2756,2661,2796,2800,2660,2914,2912,2875,2859,2798,2716,2613,2627,2949,2894,2886,2874,2870,2823,2804,2779,2910,2908,2893,2863,2861,2840,2725,2792,2928,2891,2856,2845,2842,2783,2678,2785,2912,2884,2855,2850,2816,2807,2766,2810,2914,2899,2896,2864,2825,2817,2811,2816
TOF,2935,2812,2488,2429,2329,2338,2268,1930,2820,2734,2679,2789,2776,2792,2738,2660,2938,2938,2892,2890,2830,2741,2621,2605,2937,2915,2898,2872,2855,2815,2766,2757,2929,2891,2884,2865,2838,2827,2711,2803,2927,2900,2881,2856,2833,2811,2680,2803,2919,2904,2871,2872,2846,2822,2794,2788,2939,2892,2880,2857,2842,2814,2833,2786
TOF,2935,2735,2508,2414,2364,2355,2216,2087,2824,2681,2666,2677,2815,2788,2781,2660,2934,2900,2910,2865,2841,2721,2677,2591,2900,2923,2900,2873,2843,2858,2780,2781,2959,2888,2874,2875,2848,2831,2724,2792,2924,2894,2862,2856,2833,2811,2681,2798,2912,2886,2869,2845,2825,2816,2750,2782,2928,2890,2864,2850,2838,2819,2812,2806
TOF,2935,2735,2508,2400,2364,2282,2248,2176,2774,2739,2711,2689,2671,2794,2832,2518,2973,2917,2903,2876,2813,2698,2626,2607,2941,2902,2876,2874,2844,2835,2763,2774,2941,2916,2893,2871,2860,2816,2627,2792,2914,2878,2860,2852,2829,2827,2688,2783,2931,2911,2849,2846,2843,2805,2745,2795,2968,2894,2880,2840,2843,2792,2799,2814
TOF,2985,2735,2508,2347,2358,2313,2280,1975,2758,2735,2676,2809,2748,2720,2775,2479,2951,2914,2888,2855,2805,2718,2634,2589,2945,2910,2897,2870,2838,2823,2757,2775,2954,2922,2871,2875,2839,2829,2704,2807,2933,2878,2894,2874,2849,2837,2665,2787,2909,2897,2871,2835,2826,2812,2846,2772,2914,2861,2902,2867,2822,2791,2808,2797
TOF,2891,2508,2508,2409,2369,2313,2265,2156,2782,2742,2668,2721,2813,2772,2705,2493,2953,2907,2873,2872,2809,2686,2669,2557,2932,2907,2877,2875,2866,2829,2765,2795,2933,2917,2876,2865,2840,2812,2732,2793,2931,2883,2884,2867,2851,2798,2682,2786,2914,2890,2867,2851,2836,2815,2793,2796,2929,2924,2881,2842,2839,2816,2816,2827
TOF,2936,2508,2508,2424,2340,2277,2172,2156,2807,2705,2748,2649,2749,2742,2809,2493,2972,2932,2890,2870,2816,2747,2594,2576,2932,2913,2879,2879,2855,2829,2803,2798,2939,2905,2891,2876,2866,2827,2708,2794,2920,2908,2879,2872,2836,2824,2661,2790,2950,2883,2870,2866,2818,2821,2751,2799,2931,2901,2878,2844,2813,2785,2806,2819
TOF,2876,2508,2508,2403,2361,2307,2246,2050,2766,2733,2669,2755,2772,2792,2805,2658,2946,2911,2882,2865,2809,2752,2624,2553,2956,2903,2860,2863,2866,2830,2793,2805,2920,2892,2866,2864,2861,2844,2737,2771,2912,2875,2876,2866,2874,2817,2692,2780,2900,2888,2863,2839,2847,2807,2788,2809,2924,2899,2895,2861,2840,2789,2818,2833
TOF,2942,2701,2491,2388,2332,2308,2250,2050,2803,2740,2710,2727,2723,2802,2789,2750,2928,2898,2878,2857,2772,2667,2604,2603,2942,2923,2879,2877,2863,2818,2802,2795,2940,2895,2887,2880,2857,2838,2721,2798,2933,2900,2897,2830,2838,2834,2662,2795,2937,2875,2883,2837,2839,2811,2812,2822,2908,2910,2889,2865,2831,2795,2818,2821
TOF,2898,2701,2491,2361,2367,2310,2298,2050,2837,2719,2693,2700,2732,2756,2800,2431,2960,2893,2893,2896,2793,2649,2624,2623,2927,2903,2892,2870,2861,2817,2780,2829,2934,2895,2890,2862,2846,2824,2750,2802,2928,2898,2879,2857,2850,2837,2714,2787,2920,2886,2880,2834,2842,2797,2799,2783,2964,2911,2867,2847,2841,2777,2813,2779
TOF,2860,2701,2478,2426,2324,2277,2268,2020,2793,2708,2731,2703,2664,2787,2760,2398,2955,2917,2900,2858,2825,2732,2654,2609,2915,2921,2888,2875,2839,2839,2769,2794,2910,2901,2847,2878,2846,2828,2694,2776,2926,2868,2881,2869,2823,2808,2681,2819,2937,2903,2871,2841,2831,2812,2808,2780,2938,2861,2860,2848,2834,2798,2850,2820
TOF,2797,2725,2478,2417,2345,2320,2236,1933,2809,2767,2703,2716,2825,2823,2799,2398,2948,2919,2890,2867,2829,2732,2616,2612,2928,2913,2879,2875,2861,2835,2783,2753,2919,2919,2868,2857,2845,2826,2717,2807,2922,2915,2871,2855,2842,2842,2711,2794,2923,2892,2865,2876,2842,2803,2818,2809,2953,2913,2884,2814,2832,2803,2815,2790
TOF,2837,2775,2438,2367,2387,2285,2206,1933,2758,2761,2669,2703,2711,2757,2800,2408,2952,2913,2886,2858,2833,2680,2650,2622,2883,2920,2885,2893,2842,2821,2765,2797,2948,2902,2884,2874,2860,2836,2757,2787,2873,2899,2848,2868,2834,2808,2750,2771,2913,2872,2880,2854,2855,2796,2810,2799,2954,2920,2901,2867,2847,2794,2834,2829
TOF,2914,2775,2557,2391,2354,2301,2182,1933,2802,2760,2637,2711,2770,2833,2777,2324,2954,2921,2896,2869,2806,2710,2646,2710,2926,2902,2875,2877,2860,2853,2768,2792,2904,2884,2892,2869,2848,2827,2713,2810,2895,2903,2882,2873,2862,2808,2637,2827,2895,2872,2864,2835,2844,2805,2817,2791,2954,2897,2866,2838,2836,2768,2801,2820
TOF,2914,2840,2557,2376,2354,2271,2205,1933,2787,2764,2699,2624,2811,2816,2719,2387,2945,2901,2911,2845,2808,2678,2631,2675,2921,2915,2881,2881,2840,2823,2791,2789,2915,2902,2893,2875,2845,2816,2704,2795,2904,2887,2865,2865,2828,2812,2700,2805,2904,2866,2839,2846,2843,2806,2808,2818,2897,2868,2877,2851,2820,2785,2843,2837
TOF,2857,2840,2498,2432,2308,2325,2223,2034,2800,2750,2716,2754,2855,2818,2780,2387,2953,2914,2890,2856,2826,2640,2645,2680,2930,2910,2882,2852,2850,2838,2746,2790,2910,2894,2881,2874,2843,2838,2725,2780,2908,2894,2863,2850,2862,2826,2706,2774,2915,2879,2853,2863,2809,2808,2802,2806,2944,2884,2864,2865,2827,2800,2836,2806
TOF,2833,2840,2498,2360,2333,2287,2305,2132,2799,2722,2658,2719,2874,2781,2732,2387,2963,2905,2889,2872,2771,2745,2634,2591,2947,2895,2891,2881,2870,2818,2751,2782,2934,2903,2880,2878,2849,2841,2743,2800,2913,2878,2890,2870,2833,2840,2713,2770,2924,2874,2857,2871,2817,2800,2776,2783,2879,2877,2883,2848,2860,2793,2827,2834
TOF,2725,2840,2470,2360,2360,2329,2231,2132,2800,2747,2666,2645,2768,2846,2737,2387,2957,2924,2867,2868,2815,2747,2638,2608,2951,2905,2878,2870,2860,2809,2753,2777,2904,2883,2893,2869,2854,2836,2735,2812,2904,2903,2881,2849,2858,2819,2709,2804,2910,2898,2858,2840,2835,2812,2790,2810,2937,2899,2879,2851,2834,2785,2783,2788
TOF,2936,2891,2477,2417,2366,2324,2275,2132,2822,2734,2718,2727,2729,2823,2778,2337,2946,2929,2869,2864,2811,2687,2618,2629,2952,2920,2861,2881,2853,2863,2807,2784,2932,2888,2867,2862,2836,2821,2755,2810,2942,2897,2880,2862,2847,2807,2622,2786,2894,2887,2876,2876,2828,2797,2777,2795,2902,2900,2885,2856,2841,2811,2821,2803
TOF,2954,2906,2731,2380,2371,2330,2211,2064,2799,2768,2676,2659,2696,2762,2787,2365,2985,2905,2904,2871,2793,2737,2604,2607,2935,2911,2890,2878,2875,2871,2765,2800,2905,2886,2872,2858,2838,2852,2716,2808,2925,2864,2873,2883,2823,2822,2684,2795,2915,2883,2853,2857,2834,2813,2840,2788,2929,2892,2852,2844,2833,2789,2821,2794
TOF,2868,2910,2698,2404,2335,2321,2171,2331,2842,2708,2685,2702,2795,2767,2727,2364,2954,2907,2889,2860,2783,2753,2636,2587,2929,2904,2881,2867,2840,2839,2785,2783,2927,2902,2855,2859,2838,2809,2712,2815,2929,2877,2861,2834,2831,2827,2679,2820,2914,2878,2872,2874,2846,2795,2822,2792,2937,2880,2882,2845,2817,2805,2779,2795
TOF,2903,2513,2449,2431,2346,2281,2290,1911,2851,2734,2700,2738,2706,2827,2797,2443,2952,2910,2896,2870,2818,2727,2616,2627,2921,2912,2895,2860,2846,2837,2763,2758,2933,2909,2854,2885,2868,2831,2720,2808,2876,2859,2886,2853,2817,2810,2661,2812,2906,2882,2853,2841,2836,2812,2728,2817,2949,2906,2901,2842,2833,2802,2793,2808
TOF,2826,2416,2449,2394,2365,2332,2263,2045,2834,2700,2682,2700,2744,2797,2757,2566,2935,2924,2896,2852,2815,2684,2584,2742,2934,2925,2892,2875,2862,2852,2785,2775,2907,2913,2891,2852,2848,2847,2721,2808,2928,2879,2870,2859,2832,2781,2664,2780,2933,2883,2879,2852,2815,2796,2776,2805,2917,2882,2880,2828,2835,2790,2817,2776
TOF,2896,2832,2415,2410,2364,2309,2215,2023,2811,2750,2686,2657,2740,2794,2777,2333,2946,2934,2912,2856,2813,2705,2663,2591,2932,2898,2895,2883,2851,2837,2783,2790,2918,2912,2882,2877,2854,2833,2698,2827,2924,2873,2878,2850,2833,2833,2710,2776,2898,2900,2837,2872,2830,2816,2810,2809,2909,2925,2889,2836,2845,2808,2808,2802
TOF,2684,2832,2505,2385,2364,2272,2246,1891,2848,2749,2729,2694,2686,2784,2680,2333,2943,2910,2885,2843,2792,2712,2604,2603,2946,2892,2888,2878,2850,2805,2760,2800,2918,2899,2871,2882,2856,2837,2700,2801,2911,2892,2874,2839,2843,2833,2718,2793,2918,2891,2857,2863,2833,2798,2789,2810,2942,2866,2873,2838,2837,2812,2827,2820
TOF,2944,2604,2505,2447,2381,2348,2262,2004,2853,2754,2716,2736,2771,2798,2817,2359,2954,2918,2878,2857,2759,2705,2673,2596,2963,2916,2873,2882,2848,2836,2764,2776,2935,2919,2894,2869,2852,2834,2747,2795,2911,2901,2878,2854,2829,2831,2700,2786,2908,2878,2857,2837,2822,2812,2785,2789,2913,2890,2880,2836,2826,2790,2788,2806
TOF,2926,2604,2505,2517,2336,2304,2210,1938,2810,2745,2704,2700,2755,2766,2795,2339,2918,2928,2888,2869,2856,2675,2592,2714,2934,2906,2909,2861,2847,2841,2780,2802,2915,2898,2885,2869,2849,2828,2740,2797,2929,2903,2888,2877,2828,2834,2693,2818,2891,2910,2877,2834,2795,2817,2784,2808,2932,2887,2889,2838,2836,2804,2835,2797
TOF,2907,2604,2770,2388,2361,2304,2207,1950,2816,2754,2677,2681,2813,2814,2767,2362,2931,2930,2887,2880,2805,2686,2585,2656,2952,2913,2905,2878,2864,2845,2770,2787,2920,2883,2858,2871,2858,2828,2721,2796,2926,2878,2866,2877,2848,2829,2688,2794,2896,2876,2866,2823,2820,2810,2777,2793,2920,2891,2882,2849,2830,2814,2792,2823
TOF,2914,2824,2770,2455,2376,2315,2258,1861,2848,2679,2721,2686,2841,2846,2793,2401,2965,2906,2877,2875,2834,2716,2595,2696,2945,2904,2890,2901,2858,2850,2795,2776,2922,2896,2899,2842,2845,2824,2763,2789,2937,2898,2872,2855,2840,2812,2719,2789,2888,2890,2863,2851,2835,2809,2794,2767,2947,2934,2877,2847,2838,2793,2795,2794
TOF,2914,2902,2770,2428,2337,2296,2259,2052,2819,2779,2741,2733,2676,2822,2811,2318,2928,2924,2883,2875,2765,2730,2621,2700,2934,2915,2879,2879,2839,2823,2787,2779,2943,2900,2871,2870,2829,2830,2740,2794,2915,2873,2874,2857,2815,2820,2714,2817,2910,2887,2846,2837,2829,2803,2770,2794,2919,2894,2892,2874,2837,2799,2813,2804
TOF,2914,2825,2542,2342,2352,2289,2194,2052,2827,2754,2674,2738,2792,2791,2766,2318,2962,2924,2902,2837,2805,2690,2669,2604,2937,2911,2886,2883,2857,2836,2753,2787,2904,2905,2871,2872,2853,2812,2717,2764,2929,2889,2852,2860,2850,2823,2654,2820,2907,2891,2875,2853,2858,2799,2851,2819,2906,2901,2848,2851,2822,2833,2829,2811
TOF,2577,2825,2542,2424,2366,2305,2234,2108,2814,2801,2723,2678,2874,2837,2771,2367,2932,2909,2903,2841,2766,2706,2623,2643,2936,2912,2900,2855,2844,2802,2757,2775,2919,2892,2868,2875,2846,2850,2741,2781,2903,2903,2891,2875,2850,2823,2696,2794,2920,2894,2851,2844,2833,2798,2821,2799,2968,2882,2872,2857,2850,2750,2807,2792
TOF,2577,2825,2542,2309,2331,2269,2218,1959,2787,2703,2660,2799,2878,2830,2767,2389,2928,2935,2879,2861,2795,2691,2601,2644,2935,2914,2888,2867,2860,2811,2750,2782,2919,2893,2898,2862,2851,2834,2728,2800,2956,2865,2885,2859,2844,2822,2696,2794,2907,2899,2861,2868,2825,2802,2771,2799,2907,2926,2879,2845,2846,2805,2812,2809
TOF,2865,2825,2486,2420,2350,2320,2296,2133,2787,2726,2715,2683,2786,2794,2753,2389,2934,2913,2912,2874,2795,2701,2640,2652,2935,2896,2879,2870,2856,2840,2778,2808,2922,2908,2890,2878,2876,2820,2712,2807,2923,2880,2857,2868,2846,2796,2724,2788,2938,2888,2881,2834,2834,2800,2763,2811,2920,2910,2875,2839,2842,2798,2817,2799
TOF,2865,2911,2486,2426,2367,2293,2242,2133,2772,2781,2677,2624,2752,2815,2795,2351,2937,2948,2884,2878,2807,2697,2657,2603,2922,2907,2908,2871,2884,2831,2797,2776,2945,2913,2888,2878,2848,2820,2742,2810,2906,2879,2871,2871,2835,2788,2687,2795,2938,2897,2879,2849,2869,2815,2802,2769,2892,2908,2885,2869,2836,2799,2806,2802
TOF,2801,2911,2803,2409,2390,2275,2117,2133,2850,2756,2704,2691,2758,2821,2771,2442,2934,2902,2892,2867,2775,2733,2636,2621,2923,2891,2878,2876,2845,2857,2794,2771,2921,2902,2880,2870,2854,2838,2767,2819,2933,2842,2864,2861,2851,2826,2682,2789,2938,2892,2859,2856,2836,2801,2805,2820,2906,2879,2875,2882,2838,2794,2804,2792
TOF,2801,2945,2505,2409,2343,2320,2187,1954,2826,2722,2676,2693,2818,2799,2822,2442,2954,2910,2887,2860,2839,2668,2607,2643,2944,2917,2897,2868,2870,2825,2780,2785,2926,2895,2878,2847,2847,2833,2717,2788,2929,2881,2878,2858,2849,2831,2734,2819,2910,2899,2860,2864,2848,2809,2765,2790,2926,2936,2866,2847,2845,2783,2811,2810
TOF,2890,2900,2505,2436,2318,2294,2252,2030,2824,2721,2708,2720,2821,2813,2789,2334,2930,2926,2885,2869,2797,2693,2591,2653,2954,2923,2883,2853,2863,2839,2744,2806,2933,2895,2878,2870,2818,2850,2745,2793,2914,2900,2863,2842,2822,2822,2682,2809,2933,2889,2829,2854,2829,2815,2762,2791,2918,2890,2863,2867,2840,2756,2808,2825
TOF,2914,2900,2840,2400,2336,2288,2196,1974,2829,2769,2696,2703,2770,2786,2788,2321,2954,2923,2902,2869,2811,2691,2621,2688,2931,2917,2881,2853,2870,2852,2748,2775,2915,2908,2868,2868,2855,2826,2722,2823,2917,2864,2881,2846,2830,2820,2642,2784,2925,2912,2873,2860,2853,2801,2799,2780,2932,2903,2873,2851,2813,2808,2805,2789
TOF,2914,2832,2847,2468,2355,2315,2256,1974,2844,2761,2700,2696,2745,2785,2783,2355,2950,2911,2905,2855,2799,2730,2625,2617,2936,2899,2881,2879,2849,2840,2791,2796,2916,2888,2881,2862,2846,2815,2757,2807,2904,2898,2878,2869,2805,2829,2687,2782,2912,2893,2875,2849,2823,2826,2800,2786,2925,2894,2869,2827,2843,2768,2797,2810
TOF,2766,2894,2419,2387,2355,2294,2244,1980,2852,2706,2705,2684,2789,2813,2791,2409,2928,2910,2880,2873,2774,2715,2635,2705,2958,2904,2862,2872,2868,2837,2754,2777,2908,2927,2890,2858,2858,2814,2710,2808,2887,2913,2870,2833,2849,2807,2658,2795,2917,2877,2856,2829,2833,2802,2765,2796,2921,2905,2872,2859,2840,2816,2773,2773
TOF,2798,2894,2534,2371,2390,2349,2240,2037,2799,2762,2690,2685,2799,2815,2764,2835,2961,2897,2889,2875,2823,2690,2637,2639,2952,2927,2871,2883,2864,2826,2809,2775,2929,2905,2878,2872,2871,2817,2744,2784,2919,2895,2864,2865,2855,2790,2708,2780,2926,2898,2871,2839,2835,2796,2817,2803,2923,2889,2878,2833,2827,2783,2812,2782
TOF,2919,2646,2466,2429,2345,2323,2273,2119,2789,2743,2692,2730,2725,2774,2793,2330,2952,2929,2859,2873,2788,2708,2612,2645,2957,2911,2904,2862,2881,2834,2784,2745,2933,2888,2884,2861,2857,2829,2724,2748,2931,2891,2870,2847,2856,2825,2677,2809,2893,2900,2860,2852,2821,2810,2827,2791,2951,2889,2888,2831,2823,2790,2810,2790
TOF,2901,2646,2496,2441,2383,2297,2228,2119,2817,2745,2727,2644,2665,2805,2814,2330,2978,2941,2921,2864,2793,2696,2632,2719,2946,2936,2892,2891,2866,2810,2780,2772,2941,2913,2885,2887,2841,2825,2777,2781,2958,2891,2876,2843,2831,2804,2690,2770,2891,2895,2864,2862,2834,2813,2767,2778,2925,2911,2862,2868,2838,2789,2791,2792
TOF,2846,2680,2524,2423,2353,2325,2264,2243,2830,2787,2667,2709,2727,2820,2757,2774,2941,2906,2909,2856,2782,2706,2653,2718,2962,2937,2897,2867,2857,2833,2791,2764,2926,2928,2882,2872,2846,2839,2740,2788,2943,2872,2863,2846,2850,2823,2674,2798,2930,2903,2868,2836,2834,2802,2809,2775,2961,2903,2884,2848,2838,2819,2809,2810
TOF,2673,2820,2579,2405,2383,2315,2242,2140,2845,2733,2666,2707,2755,2766,2749,2774,2957,2924,2887,2871,2775,2709,2613,2593,2943,2898,2869,2867,2860,2839,2779,2805,2951,2916,2887,2856,2856,2829,2728,2788,2934,2926,2903,2857,2844,2830,2666,2796,2938,2926,2897,2825,2831,2808,2753,2797,2923,2916,2882,2833,2870,2804,2792,2799
TOF,2859,2820,2422,2471,2410,2287,2243,2166,2806,2694,2702,2678,2738,2754,2742,2555,2957,2928,2910,2881,2813,2729,2653,2596,2913,2914,2892,2864,2847,2821,2802,2787,2915,2916,2877,2868,2843,2806,2729,2770,2928,2896,2881,2860,2852,2845,2675,2788,2898,2897,2877,2820,2836,2815,2821,2795,2908,2920,2867,2813,2816,2779,2814,2824
TOF,2878,2820,2422,2434,2348,2302,2229,2060,2810,2746,2677,2743,2739,2790,2650,2555,2970,2910,2882,2870,2775,2735,2615,2645,2973,2918,2868,2871,2851,2864,2796,2784,2936,2903,2884,2892,2851,2837,2712,2780,2900,2870,2864,2865,2830,2833,2684,2768,2938,2901,2874,2856,2836,2804,2752,2800,2911,2918,2882,2858,2838,2808,2846,2822
TOF,2798,2820,2538,2363,2396,2291,2270,2246,2767,2753,2724,2740,2736,2837,2764,2497,2946,2934,2877,2878,2786,2738,2686,2600,2944,2921,2878,2877,2852,2821,2730,2779,2936,2903,2879,2859,2858,2833,2749,2804,2961,2889,2873,2876,2859,2822,2696,2780,2939,2862,2893,2841,2839,2810,2751,2780,2945,2931,2882,2824,2843,2813,2812,2786
TOF,3047,2878,2469,2378,2382,2303,2244,2006,2792,2772,2694,2728,2764,2781,2748,2497,2948,2906,2892,2898,2825,2736,2620,2651,2935,2910,2896,2881,2838,2829,2793,2783,2912,2912,2880,2858,2865,2817,2717,2801,2922,2928,2876,2868,2820,2835,2656,2797,2922,2902,2854,2872,2827,2826,2699,2782,2922,2903,2894,2847,2856,2803,2807,2798
TOF,2899,2878,2402,2415,2343,2328,2294,2006,2829,2725,2675,2727,2770,2780,2747,2341,2937,2914,2893,2882,2796,2754,2579,2602,2923,2912,2882,2885,2851,2817,2771,2785,2915,2903,2878,2878,2855,2831,2784,2814,2922,2939,2878,2860,2864,2822,2684,2799,2921,2876,2869,2868,2843,2821,2724,2782,2931,2920,2876,2860,2843,2820,2800,2801
TOF,2895,2878,2403,2409,2336,2335,2254,2021,2805,2742,2724,2786,2801,2787,2776,2341,2939,2914,2900,2884,2780,2725,2631,2606,2965,2914,2903,2856,2862,2842,2778,2779,2940,2910,2884,2877,2840,2836,2752,2804,2922,2884,2877,2857,2845,2836,2691,2809,2925,2914,2881,2857,2839,2804,2788,2772,2925,2907,2896,2847,2840,2824,2806,2818
TOF,2625,2837,2478,2393,2379,2299,2306,2037,2778,2720,2656,2722,2760,2756,2828,2495,2937,2928,2907,2880,2733,2750,2614,2620,2924,2909,2891,2880,2852,2836,2789,2802,2926,2887,2867,2865,2843,2843,2732,2791,2924,2882,2869,2880,2864,2811,2675,2795,2953,2890,2865,2847,2853,2808,2762,2781,2921,2887,2880,2883,2848,2799,2825,2809
TOF,2941,2837,2464,2394,2386,2303,2225,2037,2824,2783,2707,2676,2763,2778,2771,2380,2961,2923,2892,2869,2805,2687,2636,2612,2940,2914,2880,2891,2836,2844,2801,2771,2917,2906,2898,2880,2842,2814,2774,2808,2929,2895,2876,2871,2849,2826,2705,2822,2926,2895,2865,2867,2842,2801,2778,2780,2917,2923,2890,2855,2831,2812,2814,2794
TOF,2814,2837,2545,2371,2355,2342,2283,2037,2758,2736,2653,2656,2760,2737,2752,2610,2971,2912,2904,2853,2827,2714,2669,2671,2947,2897,2892,2865,2855,2809,2772,2802,2939,2907,2871,2869,2859,2827,2746,2793,2922,2906,2897,2865,2841,2819,2678,2785,2891,2908,2865,2843,2829,2814,2761,2767,2915,2893,2867,2853,2805,2832,2826,2793
TOF,2814,2837,2528,2335,2379,2289,2261,2037,2756,2741,2689,2712,2720,2792,2799,2354,2958,2923,2914,2844,2810,2691,2640,2595,2943,2905,2886,2876,2866,2834,2774,2777,2937,2881,2884,2845,2853,2833,2725,2825,2916,2899,2854,2857,2837,2823,2688,2783,2916,2903,2872,2862,2834,2790,2786,2783,2963,2907,2872,2837,2843,2806,2800,2815
TOF,2814,2725,2528,2388,2372,2301,2255,2037,2765,2750,2697,2744,2738,2723,2724,2735,2975,2918,2912,2848,2798,2745,2608,2559,2924,2907,2903,2868,2843,2815,2786,2791,2939,2902,2901,2857,2841,2834,2722,2813,2909,2881,2887,2871,2821,2827,2614,2792,2923,2881,2866,2838,2827,2824,2869,2782,2939,2890,2873,2847,2841,2800,2818,2801
TOF,2814,2725,2525,2428,2376,2333,2254,2132,2803,2758,2681,2709,2759,2687,2824,2747,2951,2930,2871,2878,2792,2749,2620,2609,2948,2920,2902,2860,2855,2825,2770,2789,2955,2908,2879,2870,2841,2830,2731,2790,2961,2910,2867,2874,2847,2822,2668,2791,2904,2901,2853,2871,2828,2836,2812,2817,2874,2905,2875,2835,2857,2797,2818,2790
TOF,2814,2539,2525,2396,2366,2293,2274,2151,2809,2751,2730,2700,2770,2816,2829,2402,2922,2920,2893,2863,2802,2717,2641,2582,2944,2896,2881,2873,2848,2878,2774,2795,2928,2903,2885,2857,2846,2832,2711,2819,2942,2905,2878,2850,2824,2821,2679,2780,2929,2897,2881,2860,2842,2808,2829,2776,2940,2898,2859,2860,2834,2808,2753,2814
TOF,2608,2622,2512,2384,2376,2316,2253,2146,2795,2732,2670,2700,2692,2788,2795,2768,2952,2905,2903,2853,2835,2713,2623,2614,2942,2918,2906,2873,2850,2844,2777,2767,2896,2900,2883,2857,2842,2829,2721,2791,2932,2901,2884,2863,2820,2840,2681,2784,2915,2932,2859,2849,2841,2808,2779,2783,2970,2913,2902,2855,2847,2822,2847,2789
TOF,2901,2622,2628,2431,2345,2290,2234,2134,2756,2769,2710,2768,2664,2753,2810,2717,2952,2915,2885,2877,2826,2732,2612,2623,2934,2876,2887,2880,2851,2827,2788,2825,2919,2901,2894,2883,2848,2816,2728,2807,2941,2884,2882,2854,2829,2820,2663,2776,2955,2887,2867,2870,2833,2810,2718,2769,2901,2916,2887,2845,2827,2815,2834,2843
TOF,2664,2622,2628,2415,2358,2277,2264,2212,2777,2778,2657,2696,2763,2783,2789,2890,2980,2908,2887,2861,2778,2724,2613,2607,2918,2907,2899,2888,2874,2826,2775,2773,2927,2932,2881,2856,2844,2827,2686,2823,2928,2903,2864,2862,2854,2824,2661,2786,2934,2915,2875,2850,2843,2808,2801,2779,2948,2893,2872,2867,2851,2824,2799,2795
TOF,2838,2870,2628,2395,2363,2335,2254,2033,2750,2716,2721,2732,2804,2830,2799,2723,2967,2920,2898,2854,2808,2744,2604,2640,2936,2900,2883,2875,2859,2814,2788,2771,2936,2908,2884,2850,2837,2821,2748,2807,2919,2890,2885,2853,2818,2823,2677,2770,2920,2886,2853,2826,2838,2812,2779,2789,2943,2916,2908,2885,2845,2792,2851,2803
TOF,2838,2870,2489,2436,2350,2319,2287,2052,2806,2715,2733,2752,2776,2787,2770,2723,2972,2907,2874,2868,2829,2718,2633,2637,2946,2921,2884,2894,2850,2837,2780,2774,2921,2900,2867,2871,2832,2831,2758,2824,2940,2889,2880,2865,2827,2818,2714,2787,2912,2905,2889,2879,2835,2818,2735,2781,2930,2884,2880,2865,2832,2833,2796,2792
TOF,2967,2800,2832,2415,2383,2303,2250,1909,2771,2734,2668,2740,2697,2807,2800,2400,2979,2916,2887,2849,2816,2680,2611,2603,2927,2921,2909,2879,2859,2853,2776,2790,2920,2903,2865,2870,2839,2833,2770,2810,2923,2911,2887,2859,2871,2820,2676,2781,2918,2886,2857,2862,2823,2836,2748,2796,2919,2900,2885,2833,2841,2803,2828,2803
TOF,2899,2800,2819,2407,2344,2332,2281,1924,2785,2787,2715,2754,2730,2769,2830,2400,2963,2937,2889,2841,2783,2709,2682,2620,2943,2917,2901,2854,2845,2826,2777,2820,2965,2904,2882,2873,2849,2845,2778,2784,2936,2895,2869,2885,2849,2824,2683,2792,2937,2909,2865,2890,2833,2808,2770,2815,2938,2910,2887,2838,2838,2792,2788,2825
TOF,2987,2537,2413,2375,2329,2272,2239,1924,2776,2699,2693,2680,2853,2752,2727,2799,2946,2907,2892,2872,2837,2768,2664,2625,2963,2890,2865,2875,2844,2826,2778,2774,2960,2905,2876,2865,2855,2819,2739,2792,2914,2863,2877,2887,2847,2828,2661,2832,2922,2903,2861,2856,2831,2819,2779,2797,2942,2877,2878,2847,2829,2804,2815,2789
TOF,2803,2537,2661,2385,2350,2284,2277,2017,2808,2701,2688,2724,2748,2757,2688,2554,2963,2908,2893,2857,2819,2690,2614,2585,2947,2902,2901,2861,2847,2813,2776,2787,2947,2917,2879,2863,2839,2829,2775,2799,2914,2891,2895,2841,2840,2796,2691,2805,2913,2905,2858,2850,2828,2816,2817,2784,2936,2896,2890,2866,2832,2793,2799,2782
TOF,2803,2537,2420,2389,2349,2322,2193,2017,2764,2719,2691,2683,2756,2838,2821,2554,2957,2917,2886,2869,2802,2754,2615,2584,2941,2921,2876,2883,2859,2825,2792,2815,2947,2904,2902,2846,2825,2822,2772,2795,2943,2882,2850,2858,2852,2810,2639,2779,2908,2880,2856,2867,2828,2830,2720,2794,2976,2906,2882,2850,2846,2814,2813,2793
TOF,2873,2537,2490,2384,2341,2299,2242,2017,2811,2758,2661,2691,2730,2761,2774,2659,2942,2925,2906,2850,2840,2729,2635,2664,2962,2922,2866,2861,2866,2829,2791,2808,2921,2909,2897,2860,2847,2811,2726,2789,2921,2913,2880,2848,2853,2826,2679,2766,2920,2893,2891,2845,2833,2815,2726,2793,2917,2900,2906,2875,2829,2797,2797,2806
TOF,2732,2537,2498,2339,2367,2289,2281,2017,2818,2725,2681,2652,2726,2800,2753,2849,2915,2919,2867,2837,2774,2711,2639,2591,2947,2915,2894,2870,2854,2833,2751,2813,2959,2893,2877,2840,2834,2836,2733,2773,2895,2903,2868,2859,2847,2834,2693,2814,2934,2910,2886,2858,2829,2812,2780,2787,2926,2914,2857,2875,2833,2792,2779,2825
TOF,2919,2537,2591,2393,2349,2317,2267,2134,2754,2723,2696,2730,2775,2786,2802,2849,2971,2905,2872,2874,2801,2742,2630,2617,2923,2905,2889,2877,2856,2812,2750,2776,2949,2889,2885,2855,2847,2828,2742,2790,2913,2895,2875,2844,2856,2836,2679,2784,2922,2902,2873,2846,2846,2829,2760,2792,2937,2909,2866,2861,2796,2814,2800,2783
TOF,2919,2518,2509,2445,2340,2305,2241,2057,2730,2727,2690,2768,2746,2801,2801,2849,2948,2934,2893,2858,2784,2751,2617,2582,2932,2902,2879,2867,2838,2819,2800,2763,2975,2882,2875,2873,2834,2822,2714,2795,2959,2905,2878,2853,2849,2830,2694,2779,2920,2887,2886,2845,2855,2825,2786,2802,2950,2904,2867,2868,2835,2795,2810,2814
TOF,2767,2860,2714,2394,2366,2315,2272,2143,2805,2709,2672,2716,2757,2810,2669,2409,2986,2929,2918,2859,2809,2714,2644,2608,2957,2929,2893,2875,2865,2838,2793,2772,2935,2894,2877,2872,2834,2845,2723,2773,2925,2880,2868,2860,2833,2837,2650,2778,2935,2904,2876,2842,2830,2800,2837,2794,2930,2891,2864,2853,2841,2801,2807,2810
TOF,2720,2860,2714,2393,2344,2278,2261,2179,2787,2741,2696,2695,2765,2805,2776,2409,2939,2920,2882,2853,2823,2773,2632,2561,2929,2917,2883,2880,2850,2818,2787,2811,2919,2890,2861,2887,2815,2836,2719,2805,2923,2918,2885,2853,2876,2818,2701,2798,2938,2890,2865,2847,2841,2800,2770,2805,2942,2925,2897,2862,2843,2795,2799,2809
TOF,2790,2611,2625,2446,2334,2320,2255,2080,2752,2719,2733,2761,2724,2762,2813,2526,2943,2919,2890,2856,2771,2755,2622,2637,2962,2905,2887,2877,2855,2816,2774,2790,2936,2901,2883,2855,2868,2833,2771,2800,2962,2902,2888,2849,2850,2821,2634,2793,2923,2912,2877,2852,2835,2805,2754,2782,2924,2892,2864,2847,2853,2808,2795,2794
TOF,2952,2611,2438,2446,2311,2330,2211,2080,2764,2756,2666,2690,2706,2815,2760,2428,2946,2930,2906,2854,2805,2723,2661,2605,2901,2912,2900,2856,2856,2833,2784,2813,2940,2904,2882,2842,2846,2836,2730,2798,2911,2934,2864,2843,2860,2834,2663,2780,2916,2887,2875,2832,2844,2796,2739,2776,2932,2892,2892,2854,2839,2787,2840,2822
TOF,2903,2528,2460,2410,2392,2336,2298,2153,2823,2719,2674,2721,2767,2731,2732,2428,2954,2912,2886,2844,2813,2704,2615,2588,2890,2940,2913,2866,2852,2834,2795,2827,2893,2926,2872,2884,2851,2826,2728,2799,2917,2878,2873,2863,2850,2814,2703,2804,2933,2884,2863,2843,2841,2813,2767,2783,2945,2927,2893,2841,2829,2821,2818,2794
TOF,2910,2528,2483,2384,2341,2337,2238,2004,2795,2746,2725,2695,2818,2753,2778,2344,2954,2906,2882,2868,2839,2704,2636,2611,2931,2911,2889,2867,2863,2846,2790,2776,2947,2901,2889,2885,2835,2830,2772,2792,2918,2907,2872,2858,2819,2834,2648,2784,2928,2901,2833,2856,2845,2804,2814,2787,2945,2925,2872,2853,2865,2819,2821,2811
TOF,2862,2792,2438,2385,2337,2318,2252,2004,2809,2718,2669,2698,2780,2810,2793,2378,2955,2916,2877,2873,2839,2707,2630,2631,2957,2924,2912,2878,2855,2829,2779,2782,2932,2892,2882,2858,2858,2824,2733,2787,2902,2889,2879,2865,2831,2813,2664,2776,2923,2876,2877,2837,2837,2820,2741,2799,2947,2904,2885,2870,2846,2833,2804,2789
TOF,2688,2792,2438,2392,2375,2302,2235,2048,2836,2736,2650,2710,2674,2788,2734,2378,2926,2925,2872,2852,2806,2742,2637,2640,2910,2917,2872,2863,2857,2834,2768,2797,2927,2908,2890,2872,2862,2830,2732,2801,2941,2880,2868,2853,2844,2810,2668,2808,2907,2911,2892,2845,2828,2811,2786,2801,2957,2903,2887,2860,2872,2811,2806,2815
TOF,2844,2792,2562,2402,2336,2313,2275,2107,2809,2766,2660,2707,2713,2794,2763,2378,2958,2918,2903,2873,2809,2784,2586,2600,2958,2902,2896,2882,2863,2837,2759,2799,2954,2884,2874,2878,2845,2827,2735,2808,2923,2905,2874,2869,2837,2806,2683,2786,2912,2906,2872,2855,2859,2820,2720,2756,2935,2927,2878,2874,2832,2797,2796,2795
TOF,2919,2501,2431,2464,2294,2352,2305,2228,2748,2705,2714,2716,2718,2794,2754,2533,2928,2927,2906,2873,2810,2742,2627,2618,2939,2912,2871,2869,2873,2807,2775,2787,2920,2902,2887,2865,2838,2828,2747,2796,2942,2919,2874,2880,2848,2835,2681,2793,2929,2897,2863,2847,2827,2801,2756,2797,2929,2905,2864,2847,2851,2793,2824,2815
TOF,2822,2755,2626,2396,2326,2317,2296,187,2789,2760,2681,2763,2770,2820,2789,2675,2967,2931,2875,2841,2779,2698,2650,2607,2894,2911,2901,2878,2854,2827,2803,2771,2952,2899,2893,2877,2835,2804,2714,2825,2933,2882,2882,2863,2857,2838,2663,2760,2910,2898,2855,2847,2833,2811,2804,2801,2965,2921,2870,2848,2833,2828,2833,2813
TOF,2913,2755,2626,2410,2353,74,77,2157,2834,2714,2706,2745,2835,2837,2806,2698,2949,2924,2897,2867,2812,2601,2649,2527,2900,2893,2882,2851,2849,2825,2788,2802,2938,2903,2875,2869,2850,2824,2728,2817,2951,2895,2876,2870,2839,2808,2669,2789,2908,2907,2851,2881,2838,2808,2751,2783,2943,2920,2889,2856,2828,2805,2804,2803
TOF,2856,2945,75,2439,2380,2294,51,51,2754,2698,2688,2627,2797,2849,2871,52,2967,2904,2907,2852,2818,2701,2662,62,2954,2901,2903,2888,2853,2829,2815,2782,2921,2915,2861,2869,2840,2841,2719,2814,2912,2916,2889,2859,2832,2829,2657,2797,2935,2907,2871,2851,2827,2802,2802,2804,2933,2933,2879,2857,2829,2800,2813,2805
TOF,87,74,73,2379,2360,2276,46,49,2809,2760,2640,2686,2814,2784,49,47,2958,2900,2913,2888,2795,53,46,2577,2910,2899,2883,2881,2861,48,2698,2790,2951,2902,2887,2860,2834,2853,2717,2817,2924,2892,2896,2859,2837,2804,2654,2787,2913,2906,2878,2852,2836,2804,2773,2784,2917,2901,2890,2849,2873,2802,2820,2803
TOF,2907,2562,2418,2410,2350,2279,44,46,2780,2749,2705,2747,2738,2814,53,46,2928,2920,2926,2879,2807,2773,36,47,2943,2915,2901,2876,2874,44,2683,2790,2923,2941,2899,2858,2848,2827,2809,2816,2930,2885,2874,2865,2837,2845,2660,2798,2914,2893,2867,2863,2833,2814,2847,2802,2931,2912,2882,2848,2838,2819,2781,2804
TOF,43,49,44,2353,2328,27,37,38,2819,2718,2661,2728,2730,28,41,39,2936,2907,2900,2871,2844,2813,39,42,2946,2909,2885,2883,2870,44,41,2779,2970,2906,2884,2884,2841,44,2772,2796,2931,2917,2874,2859,2855,2806,2747,2749,2917,2890,2877,2882,2839,2796,2773,2771,2935,2902,2903,2831,2820,2805,2800,2801
TOF,2971,2863,55,2411,45,39,43,43,2902,2680,2644,2700,2654,45,46,47,2987,2926,2898,2878,43,40,47,2556,2957,2922,2907,2865,40,49,2764,2798,2916,2902,2875,2861,46,2823,2764,2783,2915,2908,2899,52,2901,2832,2761,50,2918,2901,2881,2869,2821,2829,2742,2806,2924,2890,2866,2851,2849,2810,2836,2812
TOF,107,69,2486,2379,69,51,53,51,2805,2829,2709,2669,58,47,51,53,2934,2934,2885,2860,2847,59,54,2612,2944,2904,2905,2897,58,2827,2661,2794,2931,2918,2875,2877,2828,2828,2690,2760,2917,2886,2881,2882,2846,2810,2661,2822,2919,2891,2841,2845,2840,2812,2711,2794,2928,2916,2913,2875,2832,2816,2825,2797
TOF,2863,2464,2467,2398,2348,2315,101,68,2758,2733,2694,2678,2805,2838,79,76,2949,2935,2891,2855,2820,2725,54,68,2938,2899,2896,2881,2861,2854,2781,2802,2928,2922,2884,2870,2859,2816,2726,2781,2965,2883,2873,2874,2828,2834,2703,2800,2923,2906,2880,2867,2832,2785,2714,2808,2945,2897,2884,2837,2822,2849,2821,2805
TOF,2913,2870,2394,2361,2361,2271,2211,93,2806,2748,2726,2653,2780,2788,2764,103,2968,2931,2893,2864,2805,2698,2636,98,2938,2909,2881,2861,2851,2826,2788,2783,2929,2881,2874,2869,2848,2818,2754,2800,2938,2919,2890,2841,2831,2830,2641,2792,2907,2902,2867,2868,2829,2802,2647,2783,2954,2901,2879,2865,2834,2793,2834,2794
TOF,2917,2880,2394,2413,2343,2292,2259,2057,2776,2696,2726,2692,2801,2841,2726,103,2940,2917,2892,2866,2801,2739,2634,2615,2951,2910,2882,2871,2857,2844,2794,2803,2943,2908,2884,2872,2848,2825,2745,2797,2929,2899,2892,2873,2822,2815,2681,2793,2921,2889,2853,2846,2831,2823,2760,2777,2907,2919,2882,2872,2847,2796,2820,2810
TOF,2986,2880,2574,2413,2356,2317,2293,2026,2776,2753,2747,2754,2766,2766,2764,2387,2942,2906,2893,2864,2757,2769,2604,2586,2920,2916,2894,2865,2844,2839,2780,2783,2932,2893,2899,2885,2839,2822,2760,2805,2907,2892,2873,2840,2852,2808,2699,2788,2948,2889,2858,2832,2829,2835,2723,2779,2951,2873,2895,2840,2829,2796,2849,2786
TOF,2986,2880,2391,2398,2332,2342,2202,1965,2791,2708,2698,2701,2786,2810,2716,2356,2947,2920,2897,2859,2825,2702,2590,2603,2943,2915,2913,2903,2876,2842,2773,2776,2921,2931,2906,2863,2848,2829,2703,2801,2916,2887,2862,2865,2840,2843,2711,2801,2918,2902,2877,2852,2825,2813,2719,2790,2949,2921,2868,2859,2859,2823,2780,2790
TOF,2925,2739,2518,2461,2399,2311,2249,1963,2781,2746,2688,2727,2788,2756,2771,2356,2922,2936,2869,2841,2803,2771,2640,2574,2956,2907,2892,2877,2847,2823,2772,2781,2884,2886,2890,2865,2850,2832,2742,2803,2951,2893,2859,2857,2850,2838,2661,2800,2934,2904,2868,2848,2865,2811,2765,2781,2911,2889,2888,2876,2845,2829,2782,2819
TOF,2713,2739,2518,2410,2355,2325,2294,2143,2803,2730,2644,2713,2758,2803,2813,2806,2971,2904,2903,2873,2834,2737,2624,2591,2948,2920,2914,2872,2844,2838,2775,2794,2946,2902,2878,2883,2842,2834,2761,2811,2917,2897,2863,2855,2846,2814,2620,2797,2927,2901,2874,2861,2818,2824,2755,2805,2956,2897,2877,2847,2821,2821,2810,2799
TOF,2713,2508,2518,2382,2373,2311,2269,2143,2780,2746,2673,2728,2777,2771,2816,2412,2949,2921,2917,2862,2783,2706,2611,2618,2940,2908,2893,2867,2844,2819,2770,2785,2928,2942,2885,2870,2845,2838,2763,2795,2924,2893,2888,2852,2850,2820,2654,2818,2931,2912,2867,2855,2840,2816,2757,2786,2963,2891,2872,2835,2814,2818,2848,2794
TOF,2871,2845,2600,2390,2360,2329,2252,2143,2813,2744,2693,2746,2780,2819,2820,2347,2977,2904,2879,2860,2770,2674,2588,2616,2934,2920,2895,2870,2850,2812,2789,2797,2934,2901,2882,2871,2862,2829,2762,2794,2945,2894,2884,2871,2850,2805,2666,2794,2902,2916,2855,2856,2821,2812,2759,2778,2930,2906,2899,2844,2826,2793,2788,2815
TOF,2871,2845,2439,2427,2348,2272,2258,2094,2790,2736,2739,2683,2766,2779,2782,2347,2952,2920,2879,2868,2817,2734,2635,2615,2942,2913,2884,2857,2842,2827,2787,2798,2907,2893,2903,2881,2852,2821,2717,2792,2932,2869,2892,2854,2850,2814,2645,2795,2945,2901,2844,2851,2829,2820,2782,2790,2935,2871,2897,2851,2834,2792,2803,2819
TOF,2820,2845,2523,2371,2363,2309,2280,2094,2806,2719,2669,2719,2716,2835,2761,2684,2952,2920,2886,2848,2799,2752,2629,2604,2961,2917,2881,2854,2851,2813,2772,2773,2936,2915,2890,2864,2844,2829,2710,2810,2928,2904,2880,2859,2846,2819,2651,2781,2923,2883,2869,2835,2821,2797,2761,2786,2936,2899,2841,2871,2840,2792,2804,2813
TOF,2820,2845,2536,2337,2353,2341,2262,2189,2784,2729,2761,2758,2716,2749,2791,2375,2950,2904,2892,2906,2772,2791,2645,2641,2942,2931,2879,2869,2867,2843,2773,2782,2937,2919,2867,2881,2851,2822,2729,2808,2930,2883,2876,2866,2847,2823,2683,2783,2930,2907,2868,2844,2834,2822,2734,2796,2937,2892,2872,2847,2816,2809,2780,2792
TOF,2955,2485,2507,2394,2337,2302,2290,2225,2839,2715,2681,2722,2719,2799,2830,2375,2948,2906,2892,2875,2801,2780,2635,2638,2951,2915,2913,2878,2878,2832,2769,2824,2962,2912,2885,2883,2848,2831,2735,2797,2945,2901,2859,2877,2840,2818,2646,2792,2903,2884,2874,2847,2830,2805,2772,2790,2931,2892,2880,2871,2815,2808,2834,2802
TOF,2959,2485,2460,2416,2359,2302,2230,2225,2787,2755,2698,2693,2734,2834,2772,2375,2984,2895,2888,2859,2823,2695,2610,2623,2917,2913,2892,2851,2843,2806,2778,2784,2931,2909,2881,2899,2849,2828,2770,2808,2894,2887,2888,2866,2849,2824,2675,2768,2910,2888,2857,2831,2828,2814,2814,2786,2961,2874,2861,2861,2843,2812,2791,2813
TOF,2959,2485,2460,2402,2408,2285,2238,2046,2847,2717,2651,2738,2757,2762,2801,2375,2956,2913,2917,2871,2798,2770,2635,2626,2932,2921,2891,2867,2854,2828,2779,2787,2959,2919,2915,2859,2858,2823,2785,2809,2937,2887,2897,2861,2845,2814,2705,2778,2921,2929,2870,2872,2835,2826,2814,2796,2925,2884,2884,2850,2838,2818,2800,2751
TOF,2850,2857,2480,2422,2469,2305,2214,2224,2824,2773,2649,2715,2774,2788,2787,2375,2959,2930,2892,2886,2784,2707,2630,2578,2937,2917,2887,2888,2839,2827,2772,2789,2949,2919,2871,2886,2846,2813,2763,2797,2918,2903,2872,2861,2840,2831,2731,2793,2923,2904,2868,2854,2831,2789,2797,2780,2931,2904,2895,2877,2825,2802,2821,2775
TOF,2948,2927,2480,2426,2337,2296,2233,2149,2889,2722,2679,2799,2774,2749,2782,2353,2962,2922,2906,2847,2774,2722,2641,2603,2950,2914,2899,2868,2861,2822,2776,2772,2962,2904,2900,2868,2851,2831,2745,2789,2915,2930,2869,2866,2835,2817,2660,2787,2930,2916,2851,2850,2818,2794,2746,2769,2924,2926,2878,2849,2821,2784,2847,2780
TOF,2948,2927,2480,2347,2342,2309,2214,2099,2774,2780,2680,2708,2776,2763,2787,2353,2971,2942,2899,2864,2797,2758,2649,2621,2971,2904,2873,2884,2859,2827,2778,2765,2934,2907,2892,2872,2857,2821,2751,2785,2933,2903,2877,2880,2843,2835,2681,2802,2923,2894,2890,2855,2837,2798,2781,2783,2933,2917,2853,2862,2844,2801,2810,2757
TOF,2869,2927,2312,2381,2350,2303,2266,2182,2818,2737,2671,2686,2758,2703,2779,2750,2962,2905,2891,2858,2773,2737,2646,2599,2946,2910,2891,2880,2866,2828,2785,2767,2939,2901,2874,2867,2834,2823,2742,2788,2924,2889,2877,2862,2856,2819,2647,2786,2922,2906,2876,2863,2846,2804,2791,2780,2956,2920,2859,2850,2850,2795,2841,2829
TOF,2869,2927,2312,2488,2330,2327,2254,2059,2787,2707,2659,2707,2716,2789,2791,2802,2946,2914,2887,2869,2831,2807,2674,2678,2923,2903,2888,2870,2867,2825,2779,2768,2961,2891,2885,2869,2849,2829,2745,2797,2914,2909,2873,2848,2830,2819,2641,2788,2921,2909,2874,2866,2849,2810,2822,2758,2945,2904,2881,2859,2836,2799,2810,2792
TOF,2869,2910,2463,2433,2356,2302,2217,2092,2808,2755,2715,2707,2800,2786,2811,2357,2972,2904,2882,2869,2806,2719,2649,2689,2933,2931,2900,2862,2865,2831,2795,2762,2928,2898,2891,2857,2846,2830,2768,2814,2953,2921,2873,2854,2844,2814,2726,2792,2938,2893,2869,2859,2830,2815,2806,2797,2934,2909,2879,2867,2828,2824,2829,2822
TOF,2942,2851,2463,2415,2353,2279,2342,2173,2802,2728,2728,2714,2804,2737,2802,2369,2966,2918,2893,2833,2789,2741,2604,2596,2936,2911,2889,2850,2868,2832,2820,2775,2933,2917,2892,2871,2843,2840,2774,2822,2917,2906,2866,2855,2862,2813,2661,2765,2928,2906,2861,2857,2832,2816,2738,2771,2908,2914,2880,2826,2835,2778,2786,2819
TOF,3000,2893,2463,2388,2372,2318,2257,2183,2829,2740,2692,2690,2805,2815,2803,2468,2974,2918,2872,2877,2803,2706,2634,2602,2960,2923,2888,2874,2861,2806,2784,2771,2940,2884,2877,2873,2852,2834,2755,2783,2930,2913,2860,2886,2838,2807,2639,2813,2926,2891,2841,2855,2832,2797,2801,2787,2945,2922,2895,2856,2821,2775,2805,2829
TOF,3000,2893,2463,2412,2365,2323,2226,2183,2808,2741,2634,2670,2774,2799,2836,2545,2957,2926,2912,2868,2794,2706,2630,2619,2937,2933,2874,2868,2853,2817,2767,2798,2908,2919,2906,2898,2847,2816,2735,2811,2907,2933,2878,2865,2832,2846,2697,2793,2923,2885,2869,2854,2846,2805,2811,2784,2953,2910,2881,2871,2824,2815,2817,2787
TOF,2754,2876,2441,2360,2353,2298,2231,2204,2773,2728,2687,2763,2786,2821,2763,2545,2956,2923,2902,2865,2796,2755,2614,2584,2932,2885,2893,2872,2863,2831,2778,2767,2937,2898,2881,2844,2845,2826,2748,2797,2929,2902,2890,2880,2869,2816,2671,2788,2922,2912,2861,2871,2821,2832,2749,2780,2937,2900,2876,2871,2840,2800,2804,2809
TOF,2813,2876,2407,2404,2333,2310,2240,2109,2828,2785,2676,2725,2796,2767,2699,2545,2956,2913,2906,2861,2836,2681,2672,2634,2925,2911,2866,2870,2858,2844,2800,2789,2932,2898,2880,2875,2847,2826,2749,2765,2907,2885,2891,2862,2841,2829,2658,2776,2927,2886,2866,2866,2853,2817,2827,2778,2929,2866,2902,2869,2842,2820,2810,2773
TOF,2886,2933,2407,2419,2373,2318,2259,2109,2799,2736,2666,2714,2809,2790,2791,2545,2939,2921,2911,2876,2823,2761,2660,2604,2946,2911,2887,2875,2867,2840,2785,2784,2972,2919,2893,2860,2839,2826,2758,2804,2922,2896,2854,2866,2825,2808,2661,2790,2945,2911,2894,2823,2859,2804,2697,2785,2932,2890,2901,2865,2842,2781,2796,2809
TOF,2940,2933,2620,2419,2399,2344,2267,2092,2786,2715,2722,2669,2740,2819,2807,2689,2914,2902,2892,2879,2800,2735,2610,2617,2945,2919,2877,2866,2858,2819,2765,2795,2944,2897,2871,2855,2849,2825,2736,2760,2921,2878,2876,2858,2829,2813,2593,2801,2896,2889,2873,2862,2847,2814,2783,2811,2937,2895,2907,2864,2839,2791,2792,2846
TOF,2909,2933,2620,2426,2383,2287,2299,2092,2808,2713,2671,2670,2830,2828,2843,2689,2961,2918,2889,2876,2803,2750,2634,2639,2966,2921,2858,2847,2855,2834,2769,2791,2938,2887,2878,2865,2863,2812,2761,2807,2933,2892,2902,2870,2835,2822,2626,2776,2941,2898,2880,2848,2840,2815,2755,2776,2949,2911,2874,2851,2821,2822,2851,2794
TOF,2909,2933,2620,2412,2401,2298,2257,2023,2807,2755,2709,2668,2725,2862,2787,2781,2975,2904,2902,2865,2788,2759,2611,2642,2943,2949,2881,2863,2837,2863,2822,2777,2895,2915,2891,2858,2853,2820,2728,2819,2921,2896,2885,2850,2845,2826,2646,2820,2933,2902,2863,2855,2866,2811,2755,2779,2961,2913,2904,2870,2845,2797,2817,2786
TOF,2909,2839,2451,2406,2348,2331,2274,2049,2774,2714,2672,2717,2737,2768,2785,2434,2954,2916,2900,2860,2826,2694,2630,2637,2976,2911,2900,2877,2841,2834,2785,2777,2935,2913,2901,2864,2847,2828,2727,2807,2944,2896,2881,2871,2839,2811,2708,2774,2923,2876,2857,2853,2820,2836,2816,2783,2917,2883,2883,2843,2858,2800,2837,2783
TOF,2758,2837,2466,2390,2357,2336,2238,2049,2779,2741,2662,2706,2799,2775,2760,2434,2938,2916,2881,2879,2855,2767,2599,2638,2946,2903,2892,2884,2858,2854,2782,2773,2937,2901,2877,2877,2837,2843,2742,2793,2923,2894,2891,2844,2829,2815,2697,2791,2939,2903,2878,2862,2836,2814,2782,2794,2949,2897,2908,2883,2837,2811,2794,2812
TOF,2758,2868,2394,2414,2354,2309,2252,2049,2818,2738,2736,2726,2833,2782,2727,2411,2952,2928,2915,2872,2784,2716,2672,2593,2942,2916,2904,2876,2835,2820,2781,2769,2938,2904,2880,2866,2853,2841,2772,2792,2944,2894,2871,2873,2840,2836,2702,2775,2925,2908,2845,2857,2814,2790,2723,2735,2926,2932,2887,2851,2839,2803,2817,2791
TOF,2693,2868,2394,2407,2338,2327,2226,2049,2790,2681,2679,2746,2774,2767,2760,2349,2968,2924,2873,2839,2756,2729,2631,2627,2932,2918,2884,2871,2865,2838,2785,2795,2922,2918,2892,2850,2855,2829,2763,2790,2929,2909,2893,2868,2847,2807,2709,2796,2930,2896,2879,2839,2806,2809,2777,2801,2913,2928,2892,2857,2839,2793,2819,2797
TOF,2818,2868,2394,2416,2373,2295,2261,2166,2836,2719,2673,2736,2780,2780,2798,2366,2984,2936,2879,2851,2813,2730,2627,2567,2943,2924,2897,2877,2848,2836,2782,2774,2943,2916,2875,2887,2844,2828,2759,2794,2917,2882,2872,2871,2860,2829,2692,2784,2922,2881,2861,2862,2837,2808,2801,2806,2939,2928,2888,2862,2826,2812,2802,2787
TOF,2818,2868,2433,2439,2390,2306,2207,2099,2780,2774,2722,2731,2790,2817,2791,2319,2940,2924,2895,2848,2835,2731,2650,2566,2946,2913,2901,2874,2864,2828,2797,2798,2938,2894,2861,2875,2840,2834,2774,2777,2932,2910,2884,2860,2862,2829,2667,2789,2926,2908,2875,2849,2827,2816,2813,2789,2931,2891,2882,2852,2840,2813,2792,2822
TOF,2837,2985,2433,2361,2360,2313,2216,1894,2768,2742,2710,2660,2825,2785,2773,2419,2976,2929,2884,2844,2798,2735,2630,2652,2949,2890,2907,2891,2864,2841,2797,2788,2955,2880,2899,2867,2835,2835,2775,2807,2908,2879,2884,2850,2831,2824,2691,2776,2933,2893,2883,2865,2829,2809,2785,2788,2959,2918,2875,2837,2857,2824,2824,2783
TOF,2959,2985,2451,2390,2360,2305,2275,2051,2840,2781,2698,2752,2754,2754,2780,2703,2906,2915,2905,2874,2821,2709,2603,2640,2992,2922,2882,2869,2858,2844,2787,2783,2932,2909,2888,2878,2868,2833,2740,2810,2920,2908,2873,2870,2818,2827,2706,2776,2890,2900,2855,2876,2849,2802,2777,2801,2945,2899,2889,2862,2837,2809,2822,2813
TOF,2905,2444,2392,2434,2372,2303,2274,2010,2771,2795,2656,2698,2746,2802,2747,2359,2942,2917,2882,2859,2811,2722,2611,2604,2938,2919,2897,2860,2864,2834,2793,2797,2927,2905,2882,2869,2837,2831,2752,2804,2933,2908,2856,2858,2829,2820,2641,2798,2914,2891,2858,2853,2819,2790,2740,2783,2934,2898,2897,2851,2829,2805,2812,2794
TOF,2920,2444,2445,2373,2333,2323,2236,2010,2820,2727,2652,2668,2700,2787,2747,2519,2970,2919,2917,2872,2788,2714,2602,2644,2948,2906,2889,2895,2846,2830,2778,2810,2917,2898,2881,2846,2856,2839,2707,2784,2937,2926,2891,2855,2849,2815,2723,2772,2937,2898,2881,2875,2820,2824,2784,2797,2919,2895,2877,2870,2826,2793,2806,2809
TOF,2803,2441,2445,2353,2370,2330,2269,2022,2831,2778,2707,2775,2718,2777,2789,2341,2954,2917,2898,2860,2820,2716,2637,2576,2938,2914,2889,2882,2833,2833,2780,2781,2965,2900,2885,2855,2854,2836,2741,2816,2931,2910,2856,2844,2836,2822,2661,2790,2925,2901,2870,2848,2835,2809,2759,2779,2940,2936,2873,2869,2871,2774,2847,2802
TOF,2966,2402,2584,2450,2360,2300,2250,2022,2836,2761,2686,2755,2749,2699,2809,2341,2967,2934,2895,2862,2857,2700,2634,2578,2956,2897,2893,2897,2845,2811,2818,2760,2942,2926,2906,2871,2848,2839,2729,2805,2930,2876,2866,2867,2880,2812,2697,2756,2917,2885,2862,2848,2838,2807,2777,2804,2939,2903,2897,2856,2855,2811,2803,2797
TOF,2966,2935,2584,2401,2364,2314,2236,2022,2822,2730,2696,2720,2772,2821,2772,2690,2960,2912,2893,2863,2815,2692,2640,2633,2966,2923,2911,2886,2853,2833,2771,2781,2930,2906,2898,2854,2842,2830,2777,2805,2946,2887,2878,2857,2818,2820,2655,2791,2944,2914,2875,2849,2821,2806,2791,2794,2971,2898,2864,2850,2813,2809,2816,2790
TOF,2949,2935,2584,2381,2382,2295,2237,2138,2807,2768,2741,2736,2778,2799,2760,2624,2915,2917,2884,2850,2820,2751,2679,2637,2940,2913,2886,2881,2844,2814,2788,2787,2906,2921,2858,2864,2850,2840,2766,2797,2919,2912,2885,2839,2849,2810,2663,2788,2881,2909,2865,2844,2828,2804,2803,2805,2965,2899,2890,2877,2840,2809,2824,2784
TOF,2949,2935,2401,2384,2373,2265,2286,2107,2810,2770,2750,2725,2776,2825,2702,2624,2962,2932,2898,2866,2807,2717,2645,2623,2938,2912,2891,2881,2865,2842,2804,2773,2928,2909,2864,2873,2869,2819,2738,2823,2925,2917,2880,2860,2823,2834,2722,2812,2921,2888,2857,2853,2834,2805,2794,2797,2936,2943,2872,2859,2852,2835,2828,2777
TOF,2949,2935,2778,2347,2382,2298,2249,1874,2747,2766,2715,2645,2751,2847,2831,2384,2958,2907,2912,2853,2790,2710,2639,2592,2949,2909,2888,2889,2885,2830,2792,2757,2943,2915,2880,2873,2845,2824,2761,2789,2895,2874,2893,2854,2848,2833,2705,2790,2927,2904,2859,2852,2842,2807,2739,2776,2950,2926,2870,2853,2813,2783,2790,2814
TOF,2949,2935,2881,2388,2386,2302,2147,2062,2789,2726,2673,2704,2808,2777,2764,2384,2949,2913,2907,2854,2805,2714,2600,2583,2933,2916,2889,2884,2847,2841,2802,2772,2943,2914,2881,2874,2873,2814,2740,2793,2944,2865,2902,2863,2831,2839,2696,2764,2929,2878,2859,2858,2850,2817,2759,2802,2919,2892,2864,2864,2823,2805,2792,2801
TOF,2949,2857,2482,2390,2317,2308,2308,1960,2752,2708,2714,2722,2746,2819,2801,2407,2988,2933,2898,2855,2809,2719,2623,2600,2983,2900,2911,2875,2861,2836,2799,2820,2956,2909,2882,2863,2843,2829,2739,2801,2928,2893,2873,2867,2843,2841,2706,2790,2922,2920,2874,2840,2815,2820,2803,2791,2925,2897,2860,2862,2813,2796,2792,2812
TOF,2949,2857,2454,2453,2344,2309,2248,1960,2797,2739,2665,2683,2838,2785,2796,2359,2898,2907,2900,2871,2813,2706,2645,2563,2941,2914,2888,2874,2861,2837,2784,2803,2970,2903,2870,2859,2868,2827,2734,2806,2924,2887,2877,2877,2857,2796,2662,2788,2920,2913,2859,2850,2834,2808,2823,2778,2937,2911,2897,2836,2830,2804,2805,2811
TOF,2972,2963,2494,2403,2378,2328,2185,2116,2830,2733,2720,2688,2857,2842,2818,2359,2940,2919,2866,2847,2764,2693,2605,2645,2951,2913,2892,2863,2851,2809,2764,2789,2927,2916,2864,2856,2832,2824,2734,2787,2899,2867,2881,2866,2843,2822,2651,2797,2928,2905,2875,2861,2853,2805,2724,2787,2938,2904,2900,2841,2843,2801,2806,2791
TOF,2667,2963,2494,2379,2346,2329,2220,2116,2776,2763,2674,2724,2739,2800,2797,2316,2950,2948,2895,2864,2811,2736,2620,2627,2942,2907,2910,2885,2855,2840,2798,2777,2955,2913,2901,2883,2853,2819,2800,2805,2938,2912,2872,2861,2848,2825,2611,2817,2927,2896,2875,2843,2825,2828,2715,2785,2901,2918,2884,2851,2839,2809,2769,2813
TOF,2667,2963,2540,2378,2364,2300,2266,2116,2789,2764,2726,2680,2750,2777,2765,2316,2931,2929,2909,2875,2793,2786,2647,2615,2948,2920,2895,2864,2851,2850,2758,2757,2946,2909,2861,2872,2843,2831,2770,2796,2921,2898,2870,2849,2863,2812,2740,2790,2908,2897,2882,2849,2828,2796,2756,2777,2933,2927,2871,2842,2828,2811,2797,2795
TOF,2967,2963,2528,2402,2341,2298,2292,2205,2832,2711,2663,2682,2743,2790,2816,2370,2952,2896,2902,2866,2819,2710,2609,2611,2941,2921,2907,2867,2842,2830,2770,2779,2931,2909,2890,2866,2868,2811,2756,2774,2936,2906,2895,2861,2826,2809,2674,2797,2926,2883,2875,2846,2851,2820,2749,2791,2946,2911,2870,2845,2835,2805,2784,2794
TOF,2967,2963,2528,2429,2419,2321,2247,2079,2778,2744,2711,2670,2712,2821,2774,2370,2959,2929,2892,2875,2790,2734,2626,2610,2945,2919,2874,2880,2856,2834,2793,2791,2955,2903,2899,2858,2846,2839,2757,2804,2907,2892,2877,2861,2828,2819,2640,2792,2926,2888,2869,2825,2838,2786,2789,2783,2941,2950,2884,2834,2831,2827,2815,2807
TOF,2890,2605,2641,2437,2364,2321,2265,2162,2806,2750,2689,2697,2742,2803,2799,2378,2950,2922,2897,2863,2840,2723,2619,2602,2925,2906,2885,2873,2865,2846,2779,2790,2947,2911,2897,2864,2862,2827,2748,2799,2920,2903,2874,2862,2831,2815,2696,2795,2944,2902,2877,2852,2827,2814,2791,2799,2939,2906,2885,2847,2836,2817,2804,2832
TOF,2955,2808,2484,2412,2345,2288,2275,2092,2769,2720,2715,2726,2780,2784,2810,2378,2949,2918,2903,2871,2792,2704,2593,2604,2946,2907,2872,2889,2862,2847,2764,2791,2954,2906,2872,2839,2855,2825,2739,2807,2921,2924,2878,2855,2832,2792,2676,2807,2922,2897,2865,2858,2820,2787,2777,2816,2933,2900,2867,2821,2854,2790,2812,2783
TOF,2955,2547,2884,2396,2328,2331,2222,2087,2796,2739,2696,2757,2737,2791,2785,2378,2958,2915,2888,2877,2853,2688,2626,2556,2965,2913,2887,2864,2868,2835,2771,2781,2953,2921,2899,2864,2861,2836,2754,2790,2939,2896,2882,2871,2823,2817,2673,2776,2938,2900,2848,2839,2842,2815,2796,2810,2948,2914,2891,2860,2838,2782,2802,2779
TOF,2955,2644,2884,2396,2342,2317,2222,2087,2822,2726,2683,2708,2755,2756,2744,2411,2947,2937,2893,2867,2824,2667,2606,2568,2942,2919,2886,2862,2846,2816,2775,2783,2929,2893,2869,2866,2848,2833,2765,2801,2948,2925,2884,2859,2865,2829,2687,2776,2919,2906,2880,2845,2817,2811,2778,2781,2920,2908,2870,2840,2844,2793,2790,2777
TOF,2893,2678,2452,2411,2409,2305,2260,2250,2822,2705,2704,2714,2797,2759,2775,2364,2963,2928,2916,2846,2821,2684,2673,2633,2945,2921,2883,2894,2854,2833,2767,2801,2939,2916,2899,2864,2881,2829,2727,2795,2946,2917,2875,2882,2845,2819,2666,2785,2921,2890,2881,2824,2839,2823,2807,2787,2919,2876,2864,2855,2865,2800,2845,2785
TOF,2822,2678,2576,2464,2377,2305,2243,2250,2804,2724,2720,2719,2795,2764,2750,2322,2971,2896,2889,2872,2808,2652,2655,2653,2941,2916,2892,2864,2860,2837,2802,2760,2931,2914,2886,2881,2853,2846,2761,2774,2920,2893,2862,2860,2820,2816,2691,2795,2927,2898,2858,2863,2833,2814,2801,2805,2929,2890,2900,2848,2822,2840,2834,2755
TOF,2699,2807,2434,2387,2384,2314,2248,2269,2795,2729,2661,2712,2844,2725,2727,2507,2954,2914,2902,2856,2826,2736,2656,2602,2941,2918,2858,2879,2860,2838,2784,2765,2951,2916,2907,2848,2850,2820,2759,2808,2960,2873,2894,2863,2837,2825,2739,2769,2910,2910,2876,2857,2831,2816,2765,2780,2969,2909,2859,2854,2821,2805,2784,2773
TOF,2947,2807,2494,2387,2371,2299,2241,2131,2820,2737,2683,2741,2817,2750,2704,2695,2968,2930,2900,2862,2791,2749,2598,2607,2956,2919,2889,2881,2859,2841,2782,2785,2956,2915,2904,2845,2847,2824,2698,2815,2909,2888,2905,2853,2830,2828,2684,2773,2916,2893,2861,2859,2821,2840,2809,2782,2952,2876,2877,2847,2853,2811,2807,2859
TOF,2955,2807,2518,2385,2345,2294,2244,2131,2823,2707,2678,2700,2697,2794,2793,2607,2966,2907,2900,2892,2809,2746,2600,2592,2932,2904,2890,2867,2852,2830,2794,2785,2964,2902,2894,2879,2831,2828,2755,2816,2938,2880,2877,2866,2827,2833,2618,2809,2934,2897,2854,2856,2831,2802,2785,2778,2942,2920,2874,2869,2849,2816,2830,2771
TOF,2852,2807,2411,2381,2364,2304,2236,2065,2804,2705,2650,2677,2781,2772,2698,2785,2946,2891,2893,2861,2784,2739,2619,2574,2987,2905,2905,2867,2836,2840,2823,2782,2941,2889,2870,2889,2834,2831,2750,2806,2941,2897,2875,2857,2845,2798,2692,2779,2902,2884,2875,2823,2819,2826,2727,2798,2930,2898,2890,2870,2845,2787,2810,2792
TOF,2945,2807,2434,2406,2372,2308,2266,2153,2854,2792,2682,2681,2791,2743,2762,2349,2962,2927,2896,2855,2771,2709,2634,2609,2956,2909,2877,2883,2874,2849,2786,2789,2919,2886,2890,2878,2843,2842,2750,2789,2949,2908,2895,2861,2870,2824,2607,2789,2892,2892,2875,2872,2828,2810,2828,2797,2953,2904,2855,2869,2831,2806,2817,2775
TOF,2940,2829,2425,2344,2365,2293,2296,1950,2792,2710,2683,2741,2803,2853,2787,2471,2953,2917,2896,2859,2813,2712,2652,2592,2953,2910,2869,2872,2853,2825,2783,2776,2927,2903,2892,2881,2845,2822,2739,2779,2938,2881,2903,2834,2838,2820,2730,2790,2945,2898,2870,2855,2820,2802,2734,2784,2924,2956,2902,2859,2857,2813,2789,2787
TOF,2940,2829,2832,2336,2372,2305,2267,2229,2780,2752,2688,2697,2757,2803,2779,2426,2975,2927,2888,2859,2808,2735,2629,2607,2949,2927,2898,2861,2862,2854,2778,2800,2935,2924,2891,2849,2848,2828,2736,2789,2928,2898,2887,2853,2837,2801,2781,2814,2937,2897,2872,2856,2828,2811,2677,2797,2930,2919,2870,2844,2834,2803,2818,2758
TOF,2930,2893,2427,2399,2331,2314,2267,2229,2820,2741,2734,2705,2712,2819,2758,2753,2931,2924,2905,2877,2820,2698,2643,2615,2944,2920,2885,2869,2869,2831,2772,2796,2936,2888,2894,2840,2843,2813,2733,2783,2943,2902,2867,2861,2850,2825,2700,2776,2931,2877,2877,2859,2833,2826,2719,2799,2941,2905,2864,2865,2839,2824,2798,2786
TOF,2767,2893,2434,2373,2368,2318,2228,2055,2795,2745,2684,2713,2715,2785,2724,2753,2969,2948,2908,2868,2803,2723,2641,2603,2948,2910,2913,2870,2864,2835,2778,2782,2936,2910,2887,2875,2843,2826,2774,2802,2909,2879,2875,2854,2837,2829,2643,2776,2942,2915,2868,2850,2834,2794,2710,2787,2949,2908,2882,2882,2818,2801,2799,2811
TOF,2866,2893,2548,2401,2328,2292,2247,2055,2799,2805,2664,2695,2806,2782,2821,2670,2949,2924,2894,2856,2799,2711,2613,2683,2951,2910,2904,2889,2864,2817,2790,2791,2949,2921,2892,2869,2842,2842,2717,2785,2918,2880,2890,2870,2848,2826,2656,2781,2923,2952,2870,2866,2860,2812,2732,2767,2937,2912,2883,2856,2838,2786,2789,2817
TOF,3017,2893,2464,2390,2352,2330,2249,2021,2850,2742,2747,2734,2753,2753,2765,2670,2974,2937,2889,2852,2806,2673,2642,2694,2944,2920,2887,2870,2855,2851,2804,2775,2948,2905,2887,2867,2849,2821,2725,2777,2935,2900,2879,2854,2836,2820,2674,2791,2932,2901,2880,2861,2827,2810,2795,2801,2935,2887,2871,2860,2831,2788,2813,2777
TOF,2923,2857,2561,2403,2348,2319,2238,2152,2847,2761,2723,2725,2787,2769,2797,2364,2934,2920,2894,2852,2772,2705,2628,2599,2946,2937,2906,2874,2850,2857,2786,2797,2923,2890,2885,2853,2848,2815,2747,2777,2950,2910,2852,2863,2839,2811,2689,2797,2910,2901,2869,2846,2833,2802,2764,2797,2925,2901,2901,2858,2830,2788,2802,2819
TOF,2923,2857,2501,2410,2362,2308,2329,2058,2829,2727,2668,2756,2719,2808,2803,2364,2956,2945,2891,2871,2825,2731,2610,2550,2921,2925,2891,2888,2830,2832,2802,2753,2946,2928,2887,2865,2842,2829,2718,2804,2907,2884,2870,2858,2853,2818,2655,2787,2896,2911,2862,2845,2815,2803,2861,2784,2930,2899,2876,2861,2840,2810,2808,2814
TOF,2923,2857,2501,2393,2364,2298,2257,2058,2785,2734,2712,2726,2748,2856,2752,2796,2953,2934,2894,2857,2808,2697,2594,2589,2929,2916,2873,2886,2865,2840,2795,2796,2925,2935,2877,2859,2848,2834,2757,2801,2923,2896,2857,2867,2847,2817,2606,2769,2923,2895,2876,2868,2837,2807,2805,2802,2932,2931,2847,2829,2842,2804,2786,2780
TOF,2964,2691,2540,2499,2350,2308,2277,1976,2830,2712,2744,2741,2774,2728,2778,2796,2979,2921,2885,2860,2857,2720,2626,2613,2969,2909,2903,2874,2843,2841,2784,2779,2948,2893,2872,2857,2858,2823,2783,2804,2928,2884,2874,2861,2843,2823,2651,2804,2919,2880,2869,2838,2829,2807,2723,2797,2964,2903,2885,2863,2831,2802,2805,2775
TOF,2964,2691,2540,2373,2362,2312,2261,2182,2775,2722,2671,2697,2760,2826,2772,2776,2957,2928,2901,2864,2811,2716,2630,2556,2960,2917,2898,2880,2844,2824,2796,2805,2942,2915,2901,2858,2843,2825,2715,2799,2928,2887,2863,2859,2852,2810,2679,2795,2943,2896,2871,2867,2834,2832,2742,2774,2919,2898,2908,2839,2812,2811,2782,2781
TOF,2982,2691,2689,2375,2358,2282,2259,1974,2782,2710,2722,2732,2806,2791,2794,2706,2957,2903,2904,2844,2847,2694,2643,2657,2929,2916,2878,2876,2859,2833,2791,2768,2944,2911,2865,2861,2851,2835,2766,2769,2918,2914,2885,2879,2829,2815,2658,2775,2943,2909,2894,2851,2850,2821,2724,2798,2958,2923,2877,2859,2827,2828,2778,2797
TOF,2960,2691,2453,2396,2357,2282,2266,2124,2832,2730,2689,2723,2877,2790,2782,2360,2981,2933,2895,2862,2771,2691,2626,2583,2943,2896,2907,2884,2842,2851,2776,2788,2949,2925,2890,2880,2848,2824,2791,2781,2967,2904,2880,2870,2857,2808,2617,2770,2937,2883,2878,2852,2832,2803,2732,2791,2951,2934,2897,2850,2846,2811,2764,2766
TOF,2919,2691,2453,2402,2343,2306,2224,2099,2787,2721,2735,2701,2765,2814,2716,2371,2964,2927,2916,2884,2780,2707,2618,2593,2938,2921,2899,2868,2847,2848,2798,2794,2959,2897,2881,2871,2841,2809,2775,2776,2953,2877,2912,2860,2825,2801,2676,2797,2941,2927,2866,2848,2841,2804,2736,2772,2936,2886,2899,2863,2841,2804,2822,2760
TOF,2852,2599,2417,2456,2337,2335,2260,1989,2820,2716,2681,2733,2758,2787,2745,2335,2987,2924,2902,2849,2808,2723,2672,2614,2967,2931,2896,2873,2872,2838,2786,2760,2921,2916,2903,2878,2857,2824,2760,2776,2931,2899,2876,2855,2868,2809,2661,2756,2918,2901,2870,2873,2830,2803,2763,2796,2941,2907,2891,2841,2836,2777,2778,2784
TOF,2852,2614,2524,2389,2378,2280,2233,2112,2837,2723,2714,2650,2822,2777,2780,2335,2941,2910,2879,2851,2821,2698,2649,2630,2978,2925,2904,2889,2858,2846,2786,2758,2921,2886,2874,2870,2845,2831,2738,2787,2950,2938,2890,2850,2873,2819,2685,2786,2923,2909,2875,2842,2845,2806,2771,2766,2919,2903,2884,2859,2849,2808,2758,2785
TOF,2987,2614,2524,2420,2330,2268,2236,2112,2871,2755,2718,2712,2833,2788,2793,2434,2978,2914,2922,2877,2769,2687,2624,2627,2942,2926,2889,2889,2854,2832,2789,2753,2964,2910,2893,2850,2851,2808,2770,2789,2934,2896,2892,2885,2836,2808,2715,2748,2920,2912,2867,2829,2834,2787,2834,2798,2915,2914,2872,2863,2810,2813,2799,2780
TOF,2879,2540,2524,2388,2348,2298,2236,1976,2774,2765,2721,2684,2804,2781,2741,2463,2985,2921,2904,2850,2780,2742,2674,2595,3000,2916,2894,2890,2855,2833,2790,2783,2926,2901,2893,2873,2859,2832,2768,2806,2948,2900,2880,2849,2859,2812,2720,2775,2907,2901,2868,2865,2832,2823,2758,2761,2941,2929,2880,2874,2843,2801,2769,2805
TOF,2879,2540,2524,2400,2306,2284,2252,1976,2786,2713,2731,2667,2760,2813,2767,2355,2975,2932,2894,2886,2790,2658,2597,2603,2944,2925,2887,2878,2863,2859,2784,2764,2937,2926,2901,2856,2854,2819,2763,2781,2940,2900,2880,2851,2833,2826,2687,2807,2936,2893,2860,2866,2812,2809,2750,2784,2958,2935,2869,2850,2849,2812,2821,2795
TOF,2832,2473,2495,2416,2315,2296,2185,1976,2783,2769,2701,2744,2795,2794,2765,2445,2994,2929,2890,2857,2797,2726,2619,2615,2959,2931,2892,2886,2851,2842,2813,2796,2965,2900,2876,2853,2843,2823,2757,2802,2957,2922,2881,2873,2837,2811,2715,2794,2929,2909,2861,2858,2812,2805,2773,2793,2940,2913,2899,2842,2821,2805,2788,2801
TOF,2832,2473,2475,2419,2355,2302,2225,1991,2873,2772,2720,2700,2862,2814,2784,2366,2962,2932,2913,2861,2787,2694,2660,2599,2970,2898,2870,2898,2854,2847,2779,2714,2945,2935,2898,2892,2845,2806,2750,2837,2941,2903,2888,2857,2849,2822,2736,2773,2917,2894,2850,2871,2805,2819,2665,2772,2933,2914,2894,2840,2840,2784,2799,2759
TOF,2719,2473,2475,2438,2356,2307,2239,1991,2803,2745,2748,2733,2805,2796,2794,2366,2988,2913,2901,2832,2813,2723,2615,2558,2976,2916,2860,2872,2861,2825,2809,2779,2971,2929,2890,2840,2843,2834,2784,2776,2946,2905,2887,2867,2852,2824,2714,2793,2938,2889,2879,2876,2825,2821,2701,2773,2956,2908,2874,2866,2843,2803,2820,2803
TOF,2959,2473,2425,2377,2358,2285,2229,1979,2780,2748,2704,2670,2753,2821,2787,2366,2986,2947,2918,2853,2799,2688,2615,2573,2941,2908,2895,2884,2850,2831,2800,2768,2961,2927,2878,2887,2839,2831,2771,2784,2915,2900,2903,2874,2855,2799,2648,2756,2911,2925,2853,2843,2819,2822,2782,2781,2947,2941,2900,2849,2836,2797,2794,2780
TOF,2906,2473,2525,2402,2346,2295,2231,2021,2809,2728,2682,2728,2804,2797,2796,2338,3010,2915,2894,2878,2776,2709,2617,2645,2950,2930,2895,2899,2850,2849,2786,2782,2959,2904,2912,2852,2840,2820,2772,2807,2921,2888,2905,2871,2816,2802,2687,2808,2917,2905,2874,2837,2817,2810,2751,2789,2960,2937,2893,2866,2826,2802,2835,2796
TOF,2946,2473,2525,2412,2332,2289,2066,2179,2858,2754,2715,2691,2818,2760,2801,2338,2972,2948,2916,2883,2822,2707,2697,2659,2948,2912,2898,2889,2855,2838,2806,2767,2963,2905,2908,2873,2882,2835,2776,2817,2940,2912,2883,2867,2833,2810,2688,2799,2932,2890,2875,2828,2840,2791,2702,2761,2937,2919,2880,2887,2830,2802,2801,2766
TOF,2738,2473,2389,2429,2339,2276,2155,2146,2824,2745,2716,2642,2880,2833,2821,2329,2970,2906,2901,2868,2791,2704,2630,2644,2962,2921,2894,2877,2871,2846,2803,2777,2919,2900,2881,2873,2860,2829,2797,2793,2929,2904,2886,2864,2842,2807,2672,2787,2916,2908,2865,2849,2827,2802,2769,2764,2924,2925,2873,2833,2863,2801,2806,2771
TOF,2928,2473,2466,2409,2342,2305,2178,2212,2801,2718,2684,2707,2754,2800,2751,2342,2969,2918,2895,2887,2801,2704,2634,2582,2958,2911,2875,2889,2851,2824,2803,2764,2955,2933,2884,2866,2842,2837,2753,2781,2913,2897,2865,2866,2841,2817,2667,2789,2919,2894,2884,2856,2820,2816,2770,2764,2942,2901,2894,2880,2833,2786,2782,2783
TOF,2953,2933,2640,2339,2318,2285,2174,2212,2816,2760,2728,2667,2786,2804,2757,2306,2979,2904,2914,2852,2769,2733,2636,2634,2967,2919,2905,2896,2852,2813,2777,2776,2953,2896,2889,2887,2836,2831,2766,2785,2949,2875,2881,2873,2844,2818,2642,2775,2912,2906,2882,2869,2820,2831,2772,2798,2939,2890,2884,2849,2817,2808,2811,2775
TOF,2852,2933,2640,2420,2327,2319,2166,2012,2813,2777,2726,2687,2738,2780,2784,2372,2986,2912,2909,2869,2797,2694,2663,2590,2976,2916,2887,2880,2855,2860,2757,2723,2965,2916,2882,2870,2862,2821,2746,2805,2922,2917,2868,2851,2850,2808,2736,2782,2925,2917,2877,2877,2840,2802,2730,2780,2924,2914,2860,2826,2837,2801,2811,2802
TOF,2977,2933,2427,2407,2387,2329,2223,2107,2858,2761,2747,2703,2748,2810,2745,2317,2962,2932,2900,2884,2772,2709,2606,2617,2952,2919,2896,2867,2862,2866,2780,2779,2938,2916,2867,2876,2858,2801,2766,2781,2905,2922,2877,2870,2844,2815,2707,2787,2940,2920,2862,2880,2853,2801,2787,2785,2962,2910,2885,2853,2828,2804,2813,2774
TOF,2881,2854,2427,2373,2369,2246,2210,1915,2794,2739,2695,2669,2784,2796,2804,2398,2993,2926,2905,2870,2800,2709,2622,2704,2944,2915,2916,2889,2868,2824,2776,2770,2956,2948,2888,2863,2862,2830,2786,2817,2918,2881,2873,2867,2854,2823,2637,2817,2917,2904,2862,2863,2824,2798,2763,2798,2924,2917,2865,2862,2834,2798,2802,2771
TOF,2777,2854,2559,2422,2354,2312,2306,2112,2839,2727,2658,2800,2831,2819,2777,2404,2962,2906,2890,2860,2812,2697,2618,2595,2972,2914,2864,2872,2854,2825,2820,2763,2948,2872,2878,2864,2840,2836,2760,2774,2955,2897,2878,2857,2839,2819,2665,2790,2917,2922,2875,2818,2843,2814,2788,2783,2936,2894,2892,2864,2803,2806,2789,2796
TOF,2899,2878,2868,2404,2397,2269,2248,2112,2819,2757,2678,2681,2802,2773,2767,2341,2985,2926,2910,2876,2788,2695,2642,2599,2927,2935,2898,2881,2842,2818,2791,2755,2911,2917,2886,2890,2858,2824,2759,2806,2920,2895,2885,2865,2837,2807,2700,2780,2911,2895,2871,2831,2840,2803,2792,2794,2924,2919,2907,2861,2834,2810,2794,2805
TOF,2886,2878,2882,2347,2395,2330,2280,2123,2789,2761,2673,2704,2832,2842,2726,2672,2954,2931,2898,2879,2838,2707,2634,2634,2968,2897,2909,2874,2863,2830,2786,2772,2907,2918,2887,2893,2854,2841,2749,2779,2944,2895,2880,2869,2850,2822,2674,2794,2927,2855,2856,2840,2839,2803,2765,2801,2940,2895,2884,2861,2827,2785,2807,2803
TOF,2881,2615,2843,2399,2390,2316,2282,2123,2825,2757,2709,2730,2780,2757,2720,2497,2952,2906,2904,2851,2787,2703,2614,2638,2957,2892,2896,2858,2859,2832,2805,2776,2937,2902,2867,2863,2859,2819,2720,2809,2926,2921,2884,2861,2823,2830,2639,2802,2925,2892,2855,2880,2828,2805,2730,2791,2932,2895,2889,2868,2852,2781,2856,2764
TOF,2628,2444,2814,2361,2332,2288,2243,2142,2790,2720,2724,2712,2780,2840,2849,2424,2943,2913,2898,2872,2806,2672,2611,2573,2962,2904,2901,2878,2857,2826,2772,2781,2930,2881,2893,2880,2846,2827,2726,2802,2916,2872,2880,2860,2847,2815,2665,2786,2920,2900,2864,2841,2831,2813,2762,2799,2927,2904,2873,2865,2838,2817,2814,2796
TOF,2628,2444,2822,2407,2367,2278,2220,2142,2787,2741,2700,2740,2812,2790,2720,2424,2963,2890,2889,2852,2795,2653,2625,2597,2969,2918,2883,2885,2844,2832,2787,2781,2977,2898,2854,2867,2858,2811,2758,2813,2932,2888,2845,2857,2832,2830,2687,2803,2932,2910,2881,2858,2843,2832,2772,2796,2904,2900,2863,2854,2836,2805,2796,2802
TOF,2862,2654,2873,2382,2390,2262,2260,2142,2840,2736,2671,2674,2846,2825,2727,2312,2925,2910,2879,2859,2768,2721,2603,2587,2915,2920,2887,2887,2866,2839,2790,2791,2917,2896,2864,2854,2853,2836,2753,2818,2919,2910,2887,2866,2818,2825,2702,2796,2931,2898,2862,2864,2822,2824,2803,2784,2915,2917,2858,2867,2839,2799,2813,2806
TOF,2865,2654,2873,2407,2349,2307,2210,1969,2925,2712,2719,2659,2703,2750,2790,2312,2970,2928,2893,2863,2795,2688,2624,2652,2937,2902,2895,2876,2843,2826,2795,2790,2919,2895,2892,2862,2855,2825,2714,2806,2918,2948,2873,2865,2862,2814,2695,2797,2923,2901,2860,2868,2836,2788,2810,2800,2917,2892,2882,2878,2858,2787,2795,2816
TOF,2944,2847,2435,2375,2371,2273,2208,2004,2799,2728,2705,2679,2753,2796,2777,2779,2942,2907,2893,2851,2819,2736,2629,2649,2959,2911,2881,2880,2862,2828,2761,2795,2929,2904,2865,2860,2850,2834,2744,2781,2915,2891,2858,2879,2840,2817,2832,2790,2920,2891,2876,2841,2845,2805,2793,2788,2927,2898,2889,2857,2814,2781,2820,2776
TOF,2661,2887,2489,2420,2401,2306,2168,2091,2836,2733,2650,2674,2775,2820,2781,2353,2954,2942,2890,2841,2815,2727,2620,2597,2920,2906,2907,2887,2871,2829,2771,2787,2937,2911,2886,2871,2836,2806,2733,2801,2907,2858,2871,2853,2849,2822,2701,2810,2926,2878,2873,2852,2833,2825,2805,2810,2928,2906,2871,2855,2843,2783,2790,2798
TOF,2520,2887,2514,2359,2357,2314,2257,2003,2778,2738,2698,2723,2793,2799,2804,2353,2926,2926,2903,2867,2798,2727,2612,2605,2938,2894,2890,2876,2853,2841,2794,2790,2914,2895,2866,2862,2844,2816,2765,2799,2941,2877,2889,2865,2860,2841,2656,2817,2918,2884,2893,2864,2827,2801,2787,2802,2929,2882,2882,2865,2819,2782,2841,2808
TOF,2703,2887,2402,2362,2364,2304,2249,2060,2740,2734,2704,2710,2701,2783,2730,2353,2961,2915,2880,2868,2811,2685,2647,2611,2966,2908,2899,2856,2860,2846,2753,2790,2919,2914,2889,2862,2871,2813,2751,2804,2924,2932,2892,2865,2847,2821,2676,2825,2920,2901,2872,2868,2830,2816,2784,2815,2958,2915,2885,2854,2850,2783,2818,2781
TOF,2919,2887,2460,2343,2357,2286,2254,2172,2759,2750,2683,2700,2690,2807,2700,2280,2903,2916,2896,2864,2790,2734,2624,2602,2918,2893,2881,2873,2878,2836,2762,2768,2939,2894,2879,2864,2856,2823,2738,2802,2914,2889,2861,2877,2844,2837,2662,2785,2900,2892,2864,2848,2826,2806,2809,2793,2938,2888,2885,2825,2834,2807,2817,2831
TOF,2920,2887,2538,2439,2376,2322,2229,2172,2850,2740,2684,2753,2774,2813,2769,2280,2943,2933,2868,2862,2803,2717,2599,2672,2921,2907,2894,2872,2833,2828,2738,2798,2947,2891,2885,2896,2843,2845,2737,2828,2927,2903,2867,2872,2871,2787,2717,2793,2926,2888,2852,2850,2827,2798,2826,2768,2944,2884,2856,2844,2842,2795,2810,2839
TOF,2922,2829,2538,2400,2347,2297,2233,2057,2785,2741,2722,2691,2735,2771,2774,2339,2940,2923,2890,2861,2811,2718,2611,2673,2949,2921,2891,2875,2863,2835,2745,2781,2943,2886,2874,2861,2860,2836,2747,2773,2921,2861,2865,2873,2831,2819,2611,2786,2923,2885,2861,2836,2853,2795,2819,2799,2890,2917,2864,2860,2826,2803,2803,2865
TOF,2890,2829,2484,2353,2361,2290,2281,2043,2797,2723,2707,2710,2820,2827,2834,2376,2938,2914,2894,2874,2807,2745,2613,2605,2904,2920,2887,2882,2856,2834,2736,2795,2956,2915,2890,2869,2843,2824,2730,2791,2907,2894,2881,2860,2859,2808,2672,2818,2901,2867,2850,2838,2829,2830,2814,2800,2914,2894,2875,2859,2853,2800,2818,2770
TOF,2940,2838,2484,2377,2361,2318,2260,2043,2774,2793,2658,2701,2871,2804,2747,2376,2938,2916,2883,2863,2783,2674,2602,2578,2914,2917,2887,2862,2857,2806,2784,2782,2937,2928,2872,2866,2844,2815,2727,2795,2945,2904,2872,2858,2853,2818,2675,2785,2944,2897,2870,2847,2854,2832,2805,2794,2931,2922,2872,2854,2822,2820,2817,2773
TOF,2949,2822,2367,2418,2388,2292,2231,2086,2831,2757,2679,2710,2765,2851,2747,2376,2939,2907,2913,2870,2797,2682,2620,2654,2946,2905,2899,2891,2859,2836,2770,2817,2931,2895,2853,2857,2843,2831,2713,2787,2921,2882,2884,2851,2846,2836,2672,2809,2887,2886,2864,2861,2823,2806,2775,2815,2939,2871,2882,2862,2846,2801,2819,2819
TOF,2949,2895,2430,2368,2327,2316,2236,2029,2773,2710,2656,2731,2759,2754,2785,2490,2951,2916,2877,2841,2823,2649,2594,2669,2912,2907,2899,2879,2843,2847,2749,2809,2926,2916,2882,2852,2840,2819,2724,2797,2935,2911,2868,2867,2848,2835,2658,2793,2890,2904,2858,2835,2857,2819,2756,2798,2921,2901,2855,2844,2827,2785,2788,2811
TOF,2775,2843,2509,2380,2348,2329,2202,2168,2708,2736,2660,2717,2739,2810,2800,2383,2954,2926,2892,2852,2774,2715,2624,2608,2925,2893,2917,2890,2861,2832,2761,2787,2950,2898,2892,2889,2878,2815,2690,2799,2945,2879,2886,2849,2842,2828,2598,2790,2939,2880,2871,2842,2821,2838,2712,2821,2956,2906,2879,2855,2843,2788,2796,2807
TOF,2857,2843,2509,2447,2366,2316,2220,2133,2860,2734,2745,2747,2770,2835,2798,2761,2955,2924,2887,2853,2823,2678,2617,2646,2940,2898,2873,2864,2851,2839,2797,2777,2942,2904,2881,2866,2851,2828,2740,2789,2926,2891,2872,2852,2855,2814,2718,2796,2905,2882,2864,2849,2832,2805,2778,2803,2946,2912,2884,2865,2831,2792,2811,2778
TOF,2897,2843,2509,2449,2355,2361,2264,2133,2794,2742,2696,2747,2835,2815,2766,2488,2959,2898,2885,2865,2825,2682,2603,2676,2913,2913,2896,2858,2858,2841,2753,2807,2930,2882,2873,2875,2836,2831,2702,2803,2906,2899,2885,2855,2844,2821,2694,2818,2915,2896,2845,2839,2842,2832,2795,2807,2932,2922,2880,2855,2864,2771,2831,2823
TOF,2907,2807,2841,2407,2360,2300,2295,1878,2842,2731,2675,2741,2795,2786,2803,2482,2959,2891,2900,2853,2791,2686,2634,2587,2904,2912,2886,2877,2846,2842,2773,2813,2909,2865,2876,2869,2862,2834,2731,2822,2895,2895,2867,2857,2851,2830,2646,2813,2906,2886,2883,2847,2836,2818,2762,2811,2925,2905,2876,2849,2848,2815,2821,2813
TOF,2907,2846,2841,2405,2356,2287,2295,1878,2795,2693,2709,2693,2760,2786,2726,2482,2955,2919,2912,2841,2804,2702,2587,2627,2919,2891,2890,2877,2839,2836,2763,2792,2946,2889,2885,2853,2860,2841,2713,2807,2930,2905,2865,2862,2842,2812,2664,2799,2916,2886,2861,2843,2835,2791,2803,2783,2932,2887,2858,2827,2825,2825,2808,2824
TOF,2569,2926,2461,2369,2350,2283,2223,1878,2778,2715,2684,2718,2625,2793,2737,2482,2930,2918,2911,2864,2794,2735,2635,2597,2917,2920,2872,2880,2868,2837,2778,2791,2931,2892,2881,2849,2827,2823,2653,2815,2906,2888,2871,2863,2844,2831,2731,2792,2926,2882,2857,2853,2825,2824,2760,2812,2924,2901,2877,2841,2837,2818,2835,2786
TOF,2569,2926,2461,2369,2358,2297,2211,1979,2787,2726,2675,2690,2768,2805,2711,2369,2954,2905,2884,2859,2780,2713,2593,2679,2934,2905,2889,2871,2852,2833,2754,2772,2925,2919,2873,2886,2839,2841,2769,2823,2913,2891,2896,2842,2828,2844,2725,2821,2878,2867,2845,2862,2834,2817,2751,2823,2913,2897,2863,2833,2830,2804,2821,2788
TOF,2705,2926,2461,2402,2324,2317,2175,1937,2803,2781,2696,2774,2735,2781,2790,2327,2944,2915,2869,2886,2808,2692,2617,2638,2914,2912,2884,2870,2859,2834,2753,2807,2910,2897,2891,2883,2857,2813,2716,2787,2899,2866,2882,2853,2819,2854,2666,2784,2898,2904,2864,2842,2811,2820,2816,2787,2927,2884,2883,2861,2832,2796,2833,2826
TOF,2981,2926,2461,2351,2391,2314,2242,1937,2788,2697,2686,2662,2806,2776,2761,2482,2957,2907,2857,2858,2808,2710,2591,2634,2927,2902,2859,2882,2873,2824,2731,2788,2937,2909,2873,2872,2864,2836,2715,2828,2902,2897,2854,2851,2839,2812,2712,2780,2916,2908,2871,2867,2824,2825,2817,2809,2914,2888,2904,2837,2834,2774,2805,2792
TOF,2981,2816,2461,2403,2372,2352,2215,1958,2783,2728,2673,2710,2660,2718,2756,2326,2933,2919,2881,2861,2794,2710,2628,2640,2924,2896,2888,2873,2867,2838,2754,2806,2917,2929,2878,2859,2854,2831,2726,2803,2896,2883,2867,2852,2833,2839,2744,2813,2906,2905,2851,2845,2830,2804,2825,2813,2910,2881,2865,2843,2832,2798,2813,2804
TOF,2873,2837,2669,2402,2353,2353,2223,2101,2738,2747,2696,2709,2816,2756,2858,2326,2944,2890,2884,2872,2820,2718,2619,2617,2929,2910,2895,2876,2853,2835,2771,2795,2923,2919,2890,2840,2847,2817,2765,2810,2927,2877,2861,2865,2830,2838,2802,2796,2937,2885,2851,2852,2845,2795,2830,2829,2941,2921,2876,2835,2848,2803,2818,2816
TOF,2962,2837,2447,2368,2355,2300,2229,2164,2799,2754,2678,2734,2756,2789,2858,2459,2935,2925,2913,2878,2785,2745,2642,2642,2931,2906,2882,2891,2843,2861,2784,2800,2943,2904,2887,2864,2848,2839,2733,2819,2913,2881,2846,2872,2850,2845,2716,2823,2897,2870,2868,2850,2825,2803,2805,2800,2939,2889,2873,2845,2836,2815,2800,2817
TOF,2872,2837,2447,2448,2355,2310,2236,2164,2824,2739,2693,2724,2704,2789,2803,2459,2926,2937,2894,2850,2775,2709,2646,2681,2931,2901,2868,2879,2839,2836,2785,2795,2920,2893,2862,2871,2846,2829,2715,2812,2930,2898,2878,2853,2830,2826,2738,2798,2893,2876,2848,2862,2841,2805,2799,2776,2917,2917,2875,2850,2819,2801,2801,2797
TOF,2872,2789,2538,2375,2359,2316,2262,2036,2816,2742,2679,2769,2810,2759,2787,2399,2914,2908,2897,2850,2791,2708,2641,2595,2932,2896,2881,2858,2864,2829,2755,2790,2919,2885,2857,2865,2849,2829,2723,2797,2894,2884,2858,2846,2832,2796,2765,2793,2930,2876,2869,2867,2852,2811,2824,2759,2936,2861,2861,2855,2832,2779,2841,2818
TOF,2937,2789,2466,2375,2436,2292,2211,2014,2797,2737,2713,2756,2833,2785,2735,2434,2905,2918,2893,2858,2783,2713,2646,2700,2941,2903,2893,2860,2864,2847,2764,2769,2943,2871,2896,2879,2859,2825,2735,2814,2917,2888,2863,2855,2835,2813,2669,2776,2900,2899,2864,2838,2834,2800,2777,2799,2934,2867,2845,2848,2849,2796,2825,2794
TOF,2913,2789,2486,2399,2347,2365,2286,1957,2796,2771,2697,2682,2827,2778,2834,2687,2942,2886,2902,2865,2839,2747,2615,2631,2929,2910,2885,2862,2857,2824,2759,2790,2918,2892,2889,2871,2859,2852,2724,2837,2910,2873,2882,2871,2841,2801,2711,2778,2901,2879,2864,2843,2815,2806,2831,2804,2892,2880,2882,2859,2822,2805,2827,2822
TOF,2913,2893,2486,2388,2355,2326,2202,1932,2799,2716,2672,2711,2756,2797,2772,2746,2964,2917,2873,2844,2816,2709,2615,2658,2942,2895,2902,2875,2835,2802,2757,2795,2921,2870,2858,2853,2853,2833,2730,2815,2924,2891,2864,2859,2860,2834,2655,2789,2926,2897,2851,2875,2822,2804,2835,2780,2906,2868,2892,2860,2840,2796,2819,2807
TOF,2882,2893,2504,2370,2356,2293,2234,2052,2763,2752,2667,2737,2796,2802,2687,2451,2946,2907,2882,2861,2798,2738,2629,2706,2894,2925,2888,2860,2875,2817,2792,2805,2919,2879,2877,2867,2843,2836,2716,2845,2931,2887,2862,2836,2855,2836,2736,2766,2907,2878,2859,2847,2834,2810,2781,2789,2901,2890,2868,2843,2854,2802,2822,2808
TOF,2922,2893,2504,2418,2338,2285,2217,2052,2793,2695,2659,2741,2818,2782,2811,2451,2940,2931,2874,2857,2776,2659,2666,2726,2909,2909,2886,2890,2862,2825,2795,2794,2935,2905,2864,2853,2849,2822,2695,2804,2917,2878,2858,2847,2841,2846,2654,2819,2889,2895,2867,2845,2846,2820,2807,2799,2907,2892,2873,2857,2847,2778,2806,2845
TOF,2922,2870,2504,2409,2340,2318,2262,1938,2805,2762,2658,2732,2819,2769,2723,2414,2929,2923,2897,2850,2837,2729,2608,2615,2942,2901,2889,2869,2849,2841,2752,2786,2912,2905,2883,2864,2855,2822,2684,2802,2902,2907,2855,2865,2867,2801,2707,2811,2899,2869,2876,2847,2848,2820,2794,2810,2952,2886,2864,2843,2831,2791,2810,2807
TOF,2763,2796,2432,2409,2340,2308,2280,2034,2814,2755,2693,2715,2828,2797,2724,2417,2957,2937,2890,2865,2778,2680,2603,2646,2909,2898,2866,2861,2844,2826,2760,2804,2939,2891,2859,2847,2835,2837,2709,2808,2909,2874,2856,2862,2846,2813,2653,2797,2943,2883,2863,2848,2852,2793,2786,2809,2905,2894,2838,2855,2840,2781,2824,2805
TOF,2763,2796,2463,2361,2392,2346,2249,2099,2771,2766,2654,2773,2770,2819,2753,2387,2948,2917,2877,2840,2785,2734,2616,2657,2944,2892,2873,2878,2859,2835,2744,2784,2908,2894,2867,2874,2854,2838,2692,2803,2941,2895,2865,2853,2834,2847,2622,2786,2907,2885,2850,2819,2843,2807,2809,2798,2926,2893,2856,2854,2838,2777,2827,2829
TOF,2889,2865,2463,2417,2337,2283,2204,2099,2790,2720,2660,2769,2800,2817,2749,2488,2941,2903,2876,2860,2795,2739,2635,2608,2918,2903,2863,2882,2863,2830,2788,2781,2930,2902,2880,2848,2848,2823,2729,2787,2922,2926,2889,2862,2856,2811,2686,2803,2910,2874,2860,2837,2837,2823,2799,2794,2952,2872,2869,2843,2858,2796,2804,2796
TOF,2889,2865,2463,2340,2377,2298,2165,1998,2811,2729,2715,2746,2832,2832,2753,2488,2939,2912,2866,2873,2810,2772,2626,2635,2923,2907,2876,2863,2855,2852,2799,2787,2925,2897,2881,2852,2835,2838,2711,2799,2926,2872,2885,2839,2839,2844,2687,2802,2924,2894,2839,2839,2836,2820,2772,2801,2913,2899,2853,2850,2842,2810,2789,2828
TOF,2934,2942,2530,2394,2364,2271,2186,1955,2793,2737,2704,2695,2732,2846,2781,2397,2906,2902,2889,2856,2789,2663,2609,2659,2929,2919,2879,2874,2872,2828,2761,2786,2919,2875,2861,2862,2846,2821,2712,2796,2887,2885,2874,2841,2841,2816,2686,2791,2893,2851,2848,2869,2833,2808,2783,2804,2910,2899,2882,2849,2853,2825,2810,2808
TOF,2974,2858,2860,2389,2324,2300,2230,1955,2762,2755,2716,2724,2696,2744,2749,2384,2954,2908,2891,2871,2809,2740,2613,2611,2919,2917,2889,2885,2861,2846,2736,2802,2922,2892,2883,2851,2843,2819,2697,2788,2897,2873,2879,2855,2845,2833,2644,2778,2901,2889,2868,2840,2835,2815,2799,2803,2898,2905,2875,2860,2823,2787,2833,2805
TOF,2929,2903,2481,2389,2375,2325,2269,1946,2795,2731,2737,2710,2720,2780,2754,2290,2931,2918,2887,2855,2780,2721,2618,2668,2915,2886,2893,2890,2860,2851,2748,2775,2921,2905,2880,2868,2843,2824,2722,2805,2922,2871,2866,2847,2826,2836,2667,2802,2901,2900,2862,2845,2840,2822,2775,2801,2892,2897,2835,2861,2816,2775,2815,2797
TOF,2923,2903,2475,2385,2352,2302,2290,1946,2790,2746,2706,2707,2796,2838,2672,2290,2935,2900,2879,2871,2784,2702,2649,2585,2937,2911,2882,2878,2860,2840,2743,2786,2932,2911,2872,2847,2851,2836,2698,2788,2909,2895,2872,2852,2834,2838,2716,2805,2913,2875,2866,2844,2860,2807,2813,2782,2930,2877,2875,2846,2834,2827,2801,2801
TOF,2923,2564,2475,2409,2371,2314,2265,1998,2851,2782,2678,2687,2828,2764,2775,2290,2936,2891,2884,2860,2777,2695,2616,2715,2943,2892,2926,2851,2860,2830,2796,2771,2933,2879,2877,2868,2847,2850,2702,2813,2935,2887,2868,2842,2831,2840,2706,2772,2898,2893,2866,2844,2835,2816,2751,2780,2937,2915,2881,2860,2834,2813,2821,2782
TOF,2959,2564,2481,2386,2350,2303,2200,1886,2790,2729,2682,2760,2832,2798,2791,2427,2951,2925,2889,2861,2789,2719,2643,2638,2931,2919,2883,2867,2842,2813,2753,2790,2925,2896,2879,2888,2831,2828,2716,2813,2913,2870,2882,2855,2815,2836,2684,2800,2894,2903,2866,2881,2836,2816,2691,2799,2919,2902,2877,2839,2828,2831,2788,2814
TOF,2859,2744,2483,2419,2326,2252,2203,2030,2784,2706,2697,2707,2777,2767,2768,2427,2944,2907,2895,2856,2803,2684,2634,2684,2914,2897,2881,2865,2849,2835,2759,2777,2934,2907,2881,2840,2830,2809,2742,2780,2885,2893,2870,2854,2846,2828,2736,2785,2888,2876,2857,2843,2798,2808,2810,2800,2908,2882,2862,2832,2802,2805,2803,2807
TOF,2851,2664,2441,2357,2353,2330,2232,2006,2837,2739,2683,2660,2708,2837,2778,2427,2949,2893,2893,2858,2824,2730,2615,2624,2938,2895,2898,2860,2872,2834,2772,2772,2930,2913,2867,2864,2855,2813,2723,2788,2943,2887,2860,2842,2843,2809,2681,2795,2913,2898,2860,2858,2842,2808,2762,2794,2939,2918,2853,2850,2848,2804,2801,2810
TOF,2835,2664,2410,2363,2352,2309,2177,2006,2793,2725,2681,2672,2715,2801,2786,2390,2944,2908,2874,2870,2765,2664,2617,2652,2925,2898,2889,2857,2859,2828,2724,2799,2951,2887,2877,2890,2841,2834,2763,2819,2898,2867,2876,2843,2826,2812,2693,2796,2884,2882,2861,2862,2848,2827,2802,2798,2927,2907,2867,2851,2833,2796,2816,2862
TOF,2739,2664,2557,2382,2379,2326,2254,1986,2809,2746,2671,2689,2624,2803,2844,2353,2957,2915,2869,2867,2799,2717,2618,2635,2904,2902,2882,2868,2846,2834,2775,2792,2909,2907,2885,2862,2846,2818,2738,2801,2908,2889,2852,2863,2844,2836,2703,2817,2901,2876,2865,2865,2835,2819,2798,2779,2944,2911,2867,2860,2825,2785,2847,2810
TOF,2897,2790,2557,2383,2348,2320,2207,2192,2790,2762,2697,2762,2786,2803,2797,2348,2896,2913,2883,2853,2844,2740,2632,2607,2937,2914,2880,2851,2852,2836,2749,2792,2933,2902,2872,2846,2844,2830,2690,2796,2946,2873,2873,2876,2842,2805,2673,2781,2939,2873,2860,2848,2844,2820,2763,2798,2918,2885,2883,2846,2833,2809,2843,2795
TOF,2961,2539,2557,2436,2370,2333,2238,1848,2807,2753,2694,2740,2800,2791,2740,2416,2917,2921,2879,2858,2798,2729,2659,2690,2917,2904,2871,2858,2852,2805,2741,2791,2894,2910,2852,2861,2852,2827,2710,2798,2927,2869,2858,2868,2853,2811,2696,2794,2910,2901,2859,2841,2836,2795,2801,2821,2920,2908,2884,2867,2845,2800,2831,2786
TOF,2710,2539,2423,2384,2358,2334,2162,1976,2842,2729,2666,2680,2753,2824,2748,2416,2958,2895,2899,2873,2815,2720,2648,2598,2935,2903,2881,2868,2858,2824,2789,2794,2935,2906,2873,2854,2862,2847,2692,2802,2935,2893,2860,2862,2843,2819,2650,2804,2929,2887,2877,2882,2846,2826,2781,2809,2910,2904,2894,2850,2837,2744,2802,2782
TOF,2710,2485,2787,2403,2361,2327,2228,1967,2783,2698,2697,2713,2738,2786,2784,2357,2958,2919,2877,2879,2823,2710,2612,2626,2946,2906,2872,2884,2876,2816,2762,2778,2918,2898,2879,2839,2862,2829,2763,2803,2921,2905,2864,2851,2856,2826,2672,2831,2916,2903,2871,2852,2822,2801,2812,2806,2954,2907,2881,2859,2843,2808,2787,2799
TOF,2914,2485,2787,2385,2324,2312,2251,2121,2763,2742,2767,2673,2745,2795,2771,2389,2958,2911,2882,2868,2845,2646,2610,2596,2959,2901,2867,2872,2872,2840,2775,2794,2935,2906,2867,2861,2843,2839,2712,2836,2928,2873,2863,2871,2862,2807,2613,2817,2921,2911,2862,2846,2825,2801,2773,2806,2946,2923,2852,2831,2861,2793,2792,2794
TOF,2914,2817,2503,2381,2336,2314,2261,2065,2775,2771,2678,2765,2829,2797,2748,2615,2946,2896,2899,2874,2803,2669,2616,2642,2930,2913,2876,2869,2881,2822,2763,2799,2918,2914,2891,2869,2841,2831,2710,2813,2888,2885,2866,2852,2820,2821,2674,2805,2907,2892,2853,2845,2822,2829,2805,2808,2908,2888,2855,2851,2825,2793,2834,2824
TOF,2902,2817,2746,2349,2362,2316,2220,2065,2783,2721,2661,2712,2717,2819,2678,2653,2936,2911,2892,2872,2818,2732,2627,2634,2936,2909,2891,2881,2850,2831,2741,2792,2916,2911,2892,2901,2856,2841,2755,2804,2924,2873,2882,2854,2848,2845,2663,2802,2905,2884,2842,2864,2817,2815,2847,2786,2936,2895,2875,2847,2830,2815,2857,2792
TOF,2902,2827,2848,2429,2370,2333,2306,1935,2817,2730,2727,2703,2726,2743,2729,2653,2944,2888,2894,2854,2793,2719,2626,2683,2933,2914,2888,2858,2855,2834,2788,2798,2954,2889,2880,2870,2859,2830,2726,2790,2949,2901,2868,2868,2841,2803,2686,2803,2913,2876,2858,2852,2830,2815,2788,2783,2917,2890,2888,2846,2850,2787,2808,2796
TOF,3011,2827,2848,2424,2353,2322,2204,1976,2811,2697,2681,2648,2796,2766,2706,2653,2961,2895,2878,2862,2807,2702,2647,2638,2905,2924,2897,2875,2871,2814,2761,2783,2928,2896,2886,2849,2852,2827,2711,2815,2923,2917,2860,2847,2803,2821,2690,2803,2886,2908,2875,2864,2823,2812,2803,2807,2910,2860,2846,2876,2850,2780,2806,2815
TOF,2893,2827,2565,2395,2348,2277,2206,1976,2839,2745,2695,2673,2851,2816,2783,2407,2920,2917,2910,2868,2798,2718,2610,2656,2924,2901,2888,2853,2854,2828,2747,2792,2920,2898,2852,2852,2833,2843,2707,2813,2893,2874,2881,2867,2851,2836,2704,2807,2911,2886,2862,2846,2829,2797,2778,2783,2937,2876,2895,2821,2842,2806,2820,2814
TOF,2870,2826,2565,2396,2371,2309,2218,1866,2842,2676,2693,2650,2734,2824,2727,2725,2949,2889,2915,2856,2785,2752,2654,2569,2920,2895,2876,2867,2847,2864,2779,2791,2935,2903,2870,2881,2868,2837,2735,2797,2923,2885,2853,2847,2866,2814,2710,2794,2906,2880,2853,2848,2833,2802,2834,2805,2912,2899,2858,2858,2829,2776,2825,2773
TOF,2869,2826,2565,2384,2344,2298,2225,2084,2821,2741,2659,2720,2770,2837,2824,2725,2959,2903,2875,2871,2794,2745,2627,2652,2949,2916,2888,2873,2840,2831,2780,2784,2927,2902,2877,2856,2850,2837,2747,2804,2922,2888,2837,2842,2828,2804,2718,2790,2918,2897,2863,2850,2828,2806,2800,2797,2937,2919,2883,2848,2824,2805,2833,2810
TOF,2869,2826,2565,2414,2313,2311,2306,2119,2845,2705,2669,2766,2701,2729,2593,2298,2930,2916,2885,2863,2839,2717,2618,2613,2903,2888,2887,2882,2844,2823,2773,2808,2891,2903,2890,2866,2839,2818,2699,2810,2919,2900,2873,2833,2857,2825,2663,2805,2882,2900,2864,2840,2844,2816,2781,2801,2961,2893,2872,2849,2839,2796,2818,2803
TOF,2857,2826,2547,2410,2341,2321,2314,2017,2816,2782,2650,2712,2775,2825,2812,2364,2939,2905,2882,2865,2796,2696,2643,2601,2895,2896,2905,2866,2863,2830,2766,2792,2926,2906,2885,2857,2844,2823,2722,2816,2909,2914,2890,2860,2844,2826,2717,2818,2933,2886,2864,2864,2834,2808,2765,2774,2940,2903,2880,2844,2819,2780,2832,2823
TOF,2825,2868,2440,2399,2374,2286,2277,2092,2783,2728,2650,2669,2713,2819,2753,2364,2953,2900,2882,2860,2830,2693,2620,2629,2927,2900,2897,2853,2855,2846,2755,2790,2910,2884,2879,2854,2848,2842,2702,2784,2907,2889,2873,2834,2828,2801,2646,2809,2906,2888,2861,2852,2819,2806,2782,2799,2915,2896,2878,2836,2849,2793,2835,2753
TOF,2825,2563,2817,2457,2352,2303,2285,2171,2839,2733,2715,2753,2770,2791,2786,2735,2925,2915,2874,2869,2780,2708,2615,2614,2937,2915,2882,2901,2852,2842,2768,2777,2916,2885,2870,2879,2855,2844,2733,2814,2900,2874,2872,2853,2834,2816,2738,2778,2906,2890,2848,2829,2821,2811,2812,2803,2944,2901,2879,2859,2831,2796,2815,2778
TOF,2887,2491,2520,2381,2357,2324,2218,2171,2808,2750,2666,2707,2746,2813,2845,2735,2930,2906,2893,2862,2783,2725,2621,2585,2931,2916,2879,2869,2848,2805,2770,2805,2914,2900,2861,2855,2836,2835,2663,2805,2905,2864,2871,2828,2865,2812,2703,2786,2913,2888,2848,2859,2825,2808,2824,2765,2954,2910,2896,2842,2831,2811,2818,2818
TOF,2867,2491,2396,2380,2376,2330,2226,2171,2794,2720,2695,2774,2748,2779,2756,2735,2920,2884,2878,2870,2819,2769,2615,2644,2960,2919,2880,2872,2861,2814,2780,2788,2921,2903,2878,2888,2858,2829,2746,2822,2912,2876,2878,2866,2852,2827,2665,2797,2920,2899,2855,2843,2820,2841,2792,2777,2896,2882,2860,2862,2841,2787,2805,2801
TOF,3002,2543,2835,2406,2340,2315,2197,2076,2787,2773,2709,2682,2767,2825,2841,2735,2968,2915,2895,2858,2765,2720,2620,2619,2938,2912,2876,2884,2844,2829,2753,2786,2926,2879,2874,2870,2851,2838,2709,2807,2912,2901,2869,2828,2843,2810,2670,2803,2913,2888,2874,2859,2826,2818,2798,2806,2950,2914,2890,2849,2849,2800,2808,2787
TOF,2681,2548,2442,2424,2360,2268,2168,2076,2834,2713,2657,2719,2713,2777,2744,2735,2972,2928,2889,2842,2833,2729,2633,2585,2913,2907,2892,2881,2864,2874,2750,2797,2919,2917,2865,2863,2844,2826,2741,2788,2904,2891,2870,2860,2851,2822,2709,2797,2910,2904,2878,2834,2836,2819,2836,2801,2955,2893,2888,2863,2835,2805,2825,2796
TOF,2895,2880,2442,2408,2341,2302,2248,2041,2777,2698,2693,2753,2727,2836,2814,2667,2914,2916,2880,2842,2766,2713,2633,2611,2932,2910,2898,2866,2857,2841,2743,2777,2914,2900,2886,2868,2836,2838,2730,2804,2920,2881,2861,2867,2841,2815,2739,2773,2918,2894,2866,2858,2850,2824,2761,2796,2892,2866,2870,2862,2824,2793,2814,2785
TOF,2878,2880,2617,2386,2356,2313,2252,2041,2761,2709,2677,2745,2780,2784,2774,2667,2941,2915,2896,2845,2812,2732,2640,2643,2945,2901,2894,2880,2849,2833,2775,2775,2936,2900,2885,2852,2849,2830,2725,2809,2906,2913,2881,2862,2858,2812,2676,2814,2915,2889,2878,2851,2833,2813,2748,2812,2951,2894,2896,2851,2845,2776,2801,2805
TOF,2878,2880,2779,2378,2363,2325,2258,2041,2858,2752,2754,2725,2743,2799,2791,2391,2962,2895,2893,2858,2843,2697,2616,2658,2925,2915,2896,2876,2867,2832,2768,2802,2927,2898,2877,2875,2847,2838,2712,2799,2907,2883,2882,2848,2836,2815,2643,2797,2900,2902,2896,2842,2835,2802,2783,2791,2923,2891,2866,2836,2845,2803,2800,2848
TOF,2807,2880,2422,2332,2342,2303,2241,2041,2805,2785,2690,2740,2820,2778,2781,2369,2954,2908,2895,2884,2818,2683,2611,2608,2913,2900,2880,2874,2854,2847,2798,2800,2899,2904,2884,2860,2843,2823,2702,2794,2929,2912,2879,2856,2842,2828,2714,2787,2933,2888,2858,2878,2832,2800,2807,2783,2952,2902,2856,2863,2839,2798,2833,2807
TOF,2807,2880,2648,2421,2299,2362,2224,2060,2809,2746,2675,2764,2854,2806,2744,2336,2950,2928,2883,2869,2827,2706,2625,2647,2927,2911,2905,2861,2855,2825,2753,2792,2912,2902,2905,2871,2847,2824,2763,2785,2894,2917,2872,2841,2840,2817,2696,2787,2900,2915,2853,2846,2834,2820,2809,2801,2934,2904,2897,2842,2850,2803,2805,2802
TOF,2983,2880,2648,2388,2365,2290,2242,2061,2831,2762,2682,2721,2815,2792,2819,2303,2928,2923,2901,2854,2813,2705,2644,2604,2923,2916,2880,2873,2866,2822,2769,2797,2940,2901,2888,2860,2838,2845,2704,2799,2896,2881,2847,2857,2831,2813,2696,2794,2913,2898,2883,2854,2830,2813,2794,2806,2930,2898,2848,2828,2837,2797,2802,2857
TOF,2846,2874,2794,2375,2353,2312,2216,2061,2740,2684,2688,2705,2863,2787,2759,2380,2939,2890,2884,2865,2795,2688,2586,2637,2923,2915,2886,2881,2847,2836,2762,2798,2935,2885,2888,2831,2831,2844,2664,2787,2919,2882,2876,2865,2831,2831,2684,2814,2907,2902,2854,2849,2834,2821,2821,2788,2910,2899,2877,2848,2848,2822,2803,2836
TOF,2791,2862,2436,2429,2359,2279,2225,2224,2725,2758,2702,2698,2773,2809,2789,2398,2956,2893,2899,2876,2817,2720,2663,2648,2932,2900,2874,2869,2852,2832,2758,2793,2922,2893,2885,2859,2861,2847,2687,2837,2954,2882,2881,2860,2828,2814,2710,2811,2927,2891,2860,2849,2819,2809,2786,2775,2926,2897,2883,2846,2826,2787,2783,2803
TOF,2782,2862,2464,2382,2340,2334,2233,2224,2814,2739,2712,2710,2808,2854,2806,2368,2951,2904,2862,2871,2774,2744,2612,2699,2927,2903,2880,2873,2858,2839,2774,2783,2932,2878,2899,2886,2844,2829,2721,2792,2904,2914,2876,2825,2807,2794,2734,2793,2901,2898,2873,2832,2829,2806,2792,2797,2942,2897,2880,2875,2854,2755,2836,2789
TOF,2899,2521,2464,2366,2331,2293,2000,2224,2768,2690,2647,2771,2762,2802,2742,2368,2948,2901,2900,2868,2815,2690,2627,2642,2927,2894,2905,2880,2834,2874,2799,2796,2950,2897,2873,2856,2853,2836,2732,2789,2908,2875,2882,2841,2841,2828,2782,2807,2899,2893,2866,2829,2826,2796,2808,2779,2953,2879,2881,2861,2830,2777,2818,2799
TOF,3002,2509,2543,2405,2353,2310,2228,1932,2803,2721,2690,2694,2726,2812,2768,2278,2951,2905,2888,2875,2776,2675,2633,2637,2929,2889,2899,2875,2846,2831,2772,2782,2931,2886,2883,2853,2847,2826,2697,2817,2906,2909,2868,2843,2828,2813,2660,2802,2919,2926,2876,2850,2833,2802,2798,2829,2947,2886,2870,2850,2831,2807,2819,2796
TOF,2991,2922,2424,2369,2402,2282,2269,1932,2817,2724,2718,2745,2732,2847,2781,2278,2931,2916,2910,2865,2800,2729,2598,2611,2941,2902,2889,2874,2871,2852,2781,2822,2915,2902,2865,2870,2843,2836,2711,2794,2923,2899,2877,2843,2850,2822,2679,2798,2900,2885,2865,2853,2825,2805,2784,2810,2948,2914,2876,2856,2838,2781,2821,2805
TOF,2887,2922,2490,2374,2313,2302,2298,1932,2779,2719,2651,2724,2700,2741,2837,2344,2937,2897,2881,2873,2835,2660,2681,2575,2947,2900,2884,2868,2870,2835,2770,2802,2891,2899,2866,2845,2840,2812,2722,2806,2940,2899,2866,2831,2858,2829,2660,2827,2906,2883,2865,2847,2843,2804,2745,2781,2934,2924,2871,2850,2845,2781,2825,2785
TOF,2846,2597,2845,2352,2363,2291,2231,1932,2869,2732,2683,2735,2720,2749,2766,2419,2925,2924,2890,2859,2787,2692,2623,2606,2930,2913,2898,2870,2840,2852,2772,2802,2940,2901,2878,2884,2838,2813,2722,2791,2925,2893,2874,2853,2849,2839,2683,2804,2920,2885,2861,2839,2820,2808,2793,2799,2936,2903,2867,2848,2842,2791,2778,2811
TOF,2765,2833,2845,2427,2349,2275,2265,2158,2842,2782,2700,2678,2823,2782,2723,2337,2928,2897,2884,2844,2807,2699,2638,2630,2932,2906,2911,2889,2858,2813,2744,2808,2923,2892,2871,2842,2855,2837,2710,2774,2934,2876,2879,2851,2841,2835,2676,2801,2920,2881,2876,2865,2823,2812,2785,2794,2942,2896,2886,2838,2839,2797,2818,2859
TOF,2888,2555,2593,2376,2347,2295,2266,2080,2810,2749,2667,2743,2722,2798,2784,2282,2933,2905,2879,2853,2802,2645,2660,2638,2943,2913,2893,2888,2842,2822,2760,2790,2920,2896,2878,2877,2842,2824,2723,2805,2906,2887,2875,2857,2815,2830,2724,2798,2925,2912,2868,2872,2828,2802,2799,2788,2903,2902,2855,2846,2840,2807,2833,2826
TOF,2972,2817,2593,2419,2342,2305,2221,2083,2790,2776,2676,2729,2785,2774,2793,2282,2933,2917,2876,2881,2793,2740,2614,2664,2878,2893,2895,2883,2841,2841,2755,2774,2946,2928,2876,2855,2856,2847,2675,2825,2890,2894,2887,2845,2812,2798,2655,2814,2897,2884,2875,2852,2837,2800,2777,2817,2942,2890,2872,2870,2839,2768,2808,2787
TOF,2972,2817,2443,2389,2341,2310,2255,2049,2764,2763,2682,2696,2806,2790,2801,2665,2936,2912,2892,2872,2830,2770,2658,2659,2943,2915,2891,2875,2849,2843,2771,2785,2940,2889,2876,2866,2842,2828,2711,2784,2945,2894,2867,2850,2829,2832,2735,2778,2913,2880,2873,2851,2831,2811,2793,2780,2930,2920,2865,2871,2809,2792,2824,2813
TOF,2972,2852,2424,2395,2367,2337,2212,2116,2814,2760,2692,2746,2844,2790,2817,2387,2964,2916,2888,2870,2784,2720,2632,2600,2951,2901,2904,2875,2873,2826,2780,2789,2911,2886,2887,2851,2848,2813,2715,2796,2922,2893,2837,2850,2825,2840,2626,2815,2910,2888,2862,2828,2841,2791,2790,2810,2926,2918,2882,2862,2830,2789,2831,2778
TOF,2882,2852,2469,2388,2368,2311,2178,2116,2796,2751,2659,2765,2787,2785,2793,2387,2937,2889,2883,2839,2822,2732,2622,2671,2928,2909,2891,2870,2848,2833,2778,2804,2922,2906,2865,2864,2856,2825,2697,2814,2934,2895,2861,2853,2850,2825,2700,2810,2898,2895,2869,2840,2830,2812,2799,2798,2929,2895,2868,2858,2824,2811,2822,2809
TOF,2882,2852,2589,2437,2366,2346,2239,2043,2774,2752,2690,2759,2685,2798,2794,2327,2937,2916,2878,2862,2815,2700,2618,2696,2904,2901,2878,2877,2864,2834,2761,2776,2931,2893,2878,2857,2858,2835,2709,2820,2914,2881,2878,2862,2846,2804,2767,2793,2923,2892,2879,2850,2851,2802,2786,2797,2948,2907,2845,2860,2836,2800,2814,2804
TOF,2935,2824,2589,2406,2358,2285,2230,1997,2844,2752,2693,2734,2712,2787,2819,2327,2955,2897,2885,2867,2816,2723,2617,2650,2930,2910,2896,2881,2851,2840,2747,2799,2935,2903,2883,2853,2844,2833,2731,2824,2884,2896,2879,2833,2841,2839,2679,2803,2897,2912,2893,2853,2836,2812,2790,2798,2913,2896,2880,2849,2848,2794,2810,2838
TOF,2835,2866,2589,2430,2351,2304,2206,2027,2815,2741,2721,2697,2753,2793,2843,2701,2966,2920,2877,2860,2775,2687,2644,2701,2925,2909,2879,2870,2860,2836,2777,2781,2958,2894,2881,2869,2847,2834,2724,2785,2928,2904,2855,2863,2826,2799,2694,2795,2925,2876,2862,2864,2807,2824,2771,2805,2916,2886,2896,2829,2858,2795,2838,2841
TOF,2953,2866,2901,2361,2341,2283,2328,1978,2779,2757,2690,2695,2705,2833,2779,2701,2943,2909,2891,2847,2821,2696,2615,2689,2909,2886,2878,2862,2853,2829,2769,2790,2958,2894,2868,2881,2838,2837,2706,2834,2915,2893,2879,2853,2849,2823,2678,2784,2920,2892,2867,2855,2827,2822,2804,2778,2941,2912,2889,2848,2838,2789,2812,2793
TOF,2923,2871,2901,2446,2348,2271,2295,1978,2753,2729,2687,2730,2728,2746,2802,2376,2909,2896,2879,2861,2776,2738,2643,2644,2918,2906,2863,2875,2850,2855,2783,2809,2905,2894,2861,2885,2859,2836,2722,2795,2915,2884,2874,2859,2851,2817,2708,2810,2920,2886,2861,2859,2844,2814,2783,2777,2927,2890,2881,2865,2829,2783,2815,2787
TOF,2917,2780,2749,2343,2336,2316,2278,2185,2765,2742,2650,2723,2795,2768,2787,2376,2946,2911,2909,2842,2774,2693,2608,2690,2944,2889,2892,2880,2840,2850,2784,2798,2937,2896,2886,2870,2840,2831,2723,2836,2904,2896,2883,2856,2855,2804,2686,2791,2927,2886,2870,2869,2836,2828,2776,2804,2915,2877,2884,2861,2829,2809,2802,2802
TOF,2840,2867,2799,2401,2322,2284,2257,1908,2863,2701,2714,2693,2745,2785,2725,2389,2931,2889,2878,2891,2792,2731,2587,2664,2940,2907,2879,2879,2856,2839,2773,2780,2917,2915,2904,2850,2830,2849,2717,2806,2907,2879,2882,2862,2841,2827,2724,2808,2899,2877,2877,2859,2832,2795,2804,2788,2922,2893,2877,2851,2852,2777,2801,2797
TOF,2934,2798,2478,2382,2393,2318,2316,1908,2735,2727,2700,2762,2767,2771,2822,2373,2959,2926,2857,2855,2778,2704,2637,2674,2942,2911,2882,2878,2847,2826,2777,2794,2910,2919,2863,2875,2831,2836,2699,2818,2907,2932,2875,2847,2831,2824,2735,2795,2920,2872,2882,2818,2836,2805,2789,2812,2922,2890,2874,2844,2827,2826,2808,2803
TOF,2934,2461,2478,2423,2359,2285,2281,1993,2782,2758,2687,2705,2713,2779,2800,2373,2937,2917,2900,2865,2795,2725,2608,2652,2908,2903,2878,2887,2858,2837,2788,2801,2918,2899,2878,2854,2846,2843,2689,2778,2915,2933,2876,2863,2841,2836,2695,2827,2914,2871,2872,2860,2862,2826,2761,2813,2913,2896,2862,2871,2835,2794,2810,2810
TOF,2956,2488,2478,2404,2341,2279,2251,1987,2798,2765,2694,2702,2731,2805,2763,2399,2938,2917,2911,2857,2765,2723,2643,2650,2934,2892,2881,2893,2846,2823,2763,2790,2920,2916,2859,2873,2847,2827,2722,2805,2905,2888,2872,2867,2817,2817,2648,2778,2900,2892,2872,2864,2834,2803,2751,2816,2934,2911,2859,2822,2850,2794,2828,2786
TOF,2957,2488,2478,2430,2377,2260,2259,2084,2778,2765,2676,2725,2802,2833,2887,2399,2948,2906,2879,2883,2779,2710,2649,2634,2908,2912,2871,2873,2859,2852,2722,2792,2927,2902,2866,2863,2867,2822,2761,2790,2926,2914,2883,2855,2832,2810,2702,2789,2921,2904,2861,2856,2835,2806,2801,2805,2939,2890,2902,2852,2835,2790,2790,2825
TOF,2873,2488,2478,2523,2345,2292,2236,2084,2794,2760,2715,2736,2732,2708,2814,2507,2940,2915,2894,2864,2784,2719,2631,2657,2948,2902,2874,2888,2871,2842,2751,2798,2928,2910,2889,2868,2856,2845,2708,2816,2932,2872,2875,2855,2842,2825,2695,2831,2915,2888,2872,2837,2834,2801,2809,2803,2906,2899,2902,2871,2852,2816,2804,2815
TOF,2746,2869,2795,2414,2340,2287,2225,2037,2770,2758,2684,2659,2839,2792,2836,2459,2943,2914,2878,2849,2768,2697,2617,2582,2934,2891,2861,2887,2856,2859,2794,2777,2932,2890,2884,2863,2866,2845,2740,2782,2908,2884,2878,2867,2837,2842,2659,2812,2917,2879,2869,2859,2842,2777,2785,2792,2941,2894,2890,2848,2829,2823,2852,2784
TOF,2893,2893,2522,2409,2349,2307,2243,2037,2823,2731,2686,2699,2756,2807,2760,2750,2917,2912,2889,2877,2814,2673,2626,2661,2937,2913,2864,2887,2836,2842,2751,2787,2931,2895,2864,2860,2848,2845,2710,2822,2919,2909,2863,2854,2819,2818,2615,2822,2910,2884,2865,2835,2823,2823,2824,2794,2937,2932,2874,2849,2840,2795,2841,2818
TOF,2893,2893,2522,2377,2357,2307,2240,1996,2774,2716,2726,2751,2734,2712,2801,2344,2938,2922,2882,2864,2825,2690,2628,2643,2940,2901,2892,2881,2845,2856,2774,2782,2936,2890,2872,2850,2868,2840,2756,2801,2900,2904,2893,2861,2836,2806,2701,2804,2908,2899,2882,2866,2828,2819,2792,2790,2920,2908,2852,2826,2857,2798,2826,2781
TOF,2937,2893,2522,2361,2378,2335,2246,1996,2782,2775,2651,2798,2732,2781,2751,2348,2915,2898,2894,2867,2795,2734,2623,2641,2938,2913,2923,2873,2857,2828,2756,2802,2902,2915,2865,2862,2852,2843,2710,2809,2919,2862,2861,2861,2849,2818,2703,2795,2895,2879,2880,2846,2832,2808,2803,2793,2949,2863,2871,2832,2856,2794,2836,2820
TOF,2886,2902,2522,2386,2354,2321,2223,1996,2797,2784,2693,2733,2738,2762,2749,2348,2910,2907,2895,2869,2836,2694,2647,2659,2950,2895,2909,2874,2861,2850,2759,2779,2907,2884,2871,2882,2850,2832,2708,2791,2927,2867,2867,2848,2843,2830,2635,2804,2901,2878,2863,2846,2821,2809,2778,2800,2946,2894,2867,2845,2847,2769,2788,2843
TOF,2855,2902,2522,2372,2360,2291,2180,1996,2797,2748,2654,2715,2731,2804,2712,2388,2922,2914,2892,2859,2828,2703,2617,2623,2909,2891,2872,2868,2854,2858,2766,2800,2913,2866,2869,2842,2861,2842,2717,2816,2907,2900,2875,2871,2827,2844,2670,2807,2916,2881,2870,2851,2824,2802,2820,2824,2920,2886,2875,2875,2826,2792,2825,2819
TOF,2855,2902,2522,2418,2373,2294,2210,2026,2799,2705,2653,2693,2749,2801,2804,2466,2941,2911,2878,2864,2780,2722,2624,2619,2949,2888,2890,2888,2862,2835,2760,2802,2918,2896,2866,2876,2854,2830,2702,2824,2911,2870,2876,2854,2868,2820,2645,2810,2922,2889,2871,2850,2842,2807,2778,2805,2922,2897,2907,2846,2814,2808,2850,2829
TOF,2993,2902,2464,2434,2376,2318,2221,2026,2784,2747,2653,2663,2693,2788,2659,2352,2940,2901,2883,2853,2849,2699,2625,2643,2922,2907,2865,2903,2871,2824,2770,2787,2922,2881,2873,2867,2860,2829,2691,2816,2931,2901,2891,2865,2835,2811,2698,2787,2908,2897,2879,2841,2857,2823,2796,2823,2941,2888,2874,2845,2841,2790,2799,2786
TOF,3013,2902,2464,2384,2340,2322,2242,2026,2804,2739,2708,2786,2821,2809,2610,2352,2933,2907,2878,2843,2800,2682,2623,2607,2930,2899,2881,2883,2869,2826,2762,2814,2910,2918,2868,2884,2838,2833,2728,2816,2921,2883,2862,2845,2835,2809,2648,2816,2898,2892,2880,2841,2823,2815,2805,2817,2943,2897,2886,2860,2817,2784,2788,2823
TOF,3013,2751,2537,2402,2333,2300,2227,2026,2820,2726,2678,2828,2748,2723,2807,2336,2957,2916,2904,2861,2802,2743,2622,2652,2951,2909,2878,2881,2863,2811,2774,2801,2910,2879,2877,2857,2866,2836,2720,2799,2908,2908,2877,2847,2824,2825,2674,2800,2909,2893,2865,2853,2835,2809,2762,2809,2938,2903,2868,2858,2854,2789,2821,2823
TOF,3013,2751,2443,2383,2391,2300,2252,2026,2775,2739,2699,2715,2806,2783,2701,2412,2942,2916,2882,2870,2790,2748,2577,2618,2941,2914,2888,2882,2868,2830,2766,2805,2947,2921,2849,2882,2842,2834,2696,2786,2903,2892,2877,2871,2795,2839,2665,2806,2912,2869,2861,2843,2830,2809,2801,2797,2912,2892,2867,2843,2841,2811,2776,2808
TOF,2865,2864,2443,2385,2350,2293,2323,1997,2757,2728,2692,2711,2741,2721,2769,2438,2933,2916,2921,2847,2793,2704,2636,2582,2923,2911,2866,2872,2867,2856,2760,2820,2933,2879,2876,2866,2849,2832,2725,2797,2919,2884,2879,2852,2830,2812,2605,2778,2920,2888,2853,2846,2833,2819,2786,2810,2954,2907,2901,2860,2841,2793,2799,2812
TOF,2996,2822,2647,2387,2385,2290,2286,2194,2816,2764,2676,2696,2722,2795,2743,2412,2939,2906,2884,2882,2813,2761,2675,2598,2937,2914,2881,2890,2880,2837,2768,2815,2941,2904,2855,2893,2841,2835,2729,2807,2924,2884,2872,2854,2846,2816,2643,2809,2951,2896,2861,2841,2840,2823,2831,2774,2902,2902,2857,2840,2838,2794,2832,2803
TOF,2996,2830,2505,2389,2350,2289,2264,2162,2823,2746,2665,2683,2779,2801,2751,2477,2973,2905,2886,2856,2810,2720,2598,2638,2943,2905,2906,2862,2866,2833,2748,2795,2935,2922,2876,2861,2853,2825,2719,2803,2909,2883,2867,2863,2842,2828,2714,2797,2918,2906,2876,2863,2839,2798,2775,2788,2929,2897,2913,2851,2821,2813,2815,2826
TOF,2965,2913,2583,2439,2386,2290,2207,2071,2778,2767,2690,2703,2847,2820,2769,2354,2956,2912,2884,2865,2804,2719,2669,2585,2936,2909,2868,2873,2881,2839,2743,2796,2945,2913,2884,2870,2858,2812,2728,2813,2930,2882,2867,2847,2844,2798,2685,2773,2910,2881,2842,2844,2823,2818,2790,2775,2921,2889,2860,2860,2850,2817,2824,2854
TOF,2933,2913,2583,2376,2384,2266,2261,2140,2798,2709,2666,2745,2756,2785,2730,2393,2946,2924,2892,2874,2807,2684,2640,2604,2935,2919,2867,2875,2841,2835,2775,2805,2930,2906,2884,2882,2843,2837,2716,2836,2912,2890,2887,2871,2822,2819,2619,2798,2901,2899,2849,2855,2867,2805,2776,2791,2903,2889,2895,2859,2823,2788,2828,2806
TOF,2933,2901,2417,2409,2358,2278,2223,2086,2729,2742,2669,2693,2751,2784,2775,2699,2924,2896,2881,2854,2810,2714,2623,2637,2944,2900,2904,2856,2854,2853,2809,2751,2941,2893,2876,2876,2853,2826,2722,2805,2908,2901,2867,2884,2816,2793,2646,2775,2910,2907,2878,2874,2825,2810,2800,2797,2953,2892,2869,2872,2826,2817,2804,2793
TOF,2766,2901,2755,2379,2352,2337,2194,2105,2803,2701,2645,2659,2702,2823,2768,2634,2930,2924,2905,2873,2777,2710,2613,2622,2914,2921,2903,2870,2857,2858,2760,2809,2927,2905,2876,2884,2867,2819,2708,2807,2938,2874,2879,2859,2848,2833,2648,2788,2934,2918,2870,2867,2836,2825,2810,2805,2915,2903,2881,2857,2820,2790,2791,2789
TOF,2894,2901,2755,2418,2337,2313,2211,2105,2805,2747,2651,2675,2736,2765,2797,2312,2931,2909,2880,2853,2826,2710,2632,2601,2948,2899,2882,2844,2854,2823,2758,2786,2909,2905,2884,2863,2846,2847,2735,2798,2946,2891,2870,2854,2849,2813,2707,2784,2902,2882,2850,2862,2828,2826,2811,2813,2927,2879,2864,2878,2849,2799,2815,2804
TOF,2908,2901,2429,2486,2357,2331,2250,1913,2783,2700,2696,2706,2777,2799,2761,2593,2914,2896,2877,2878,2779,2664,2624,2617,2954,2921,2891,2869,2860,2846,2756,2802,2928,2887,2879,2868,2833,2819,2741,2798,2894,2895,2871,2866,2831,2819,2689,2803,2905,2887,2864,2849,2833,2823,2757,2828,2944,2891,2844,2861,2829,2816,2849,2813
TOF,2938,2866,2394,2371,2418,2301,2195,1913,2855,2741,2675,2764,2717,2766,2825,2342,2936,2900,2892,2889,2824,2732,2610,2612,2915,2915,2880,2872,2852,2851,2769,2785,2956,2902,2866,2871,2850,2826,2772,2798,2926,2896,2856,2874,2857,2832,2754,2828,2921,2897,2878,2845,2841,2817,2710,2799,2915,2864,2876,2858,2821,2774,2813,2842
TOF,2923,2652,2466,2401,2321,2308,2253,1913,2767,2723,2688,2712,2788,2767,2766,2382,2949,2900,2881,2866,2802,2717,2659,2587,2918,2893,2867,2869,2853,2835,2771,2795,2924,2872,2873,2877,2848,2835,2697,2801,2924,2873,2890,2869,2856,2844,2718,2800,2910,2880,2862,2842,2828,2818,2780,2803,2933,2923,2899,2851,2841,2804,2843,2792
TOF,2923,2891,2466,2482,2322,2313,2228,2125,2806,2734,2726,2677,2762,2829,2772,2705,2946,2920,2898,2863,2798,2696,2612,2638,2907,2903,2894,2893,2853,2839,2797,2803,2943,2891,2850,2858,2835,2831,2720,2816,2926,2908,2856,2856,2841,2819,2691,2808,2909,2898,2889,2858,2865,2813,2757,2801,2927,2923,2882,2875,2845,2788,2814,2814
TOF,2768,2529,2474,2376,2371,2291,2195,2125,2819,2750,2720,2760,2813,2834,2788,2387,2934,2907,2906,2866,2801,2674,2642,2610,2933,2893,2883,2872,2855,2848,2769,2783,2947,2923,2878,2854,2844,2842,2721,2819,2940,2879,2874,2880,2828,2817,2597,2770,2911,2891,2864,2848,2838,2821,2805,2800,2923,2913,2902,2850,2813,2783,2792,2822
TOF,2768,2867,2528,2376,2340,2277,2310,2125,2774,2716,2745,2765,2770,2827,2810,2387,2930,2918,2890,2849,2821,2678,2609,2601,2918,2909,2880,2889,2869,2847,2757,2808,2899,2899,2873,2872,2844,2834,2730,2805,2930,2899,2842,2858,2851,2815,2708,2798,2910,2879,2862,2858,2836,2830,2787,2791,2932,2909,2876,2825,2833,2782,2816,199
TOF,2944,2581,2497,2379,2354,2311,2287,2125,2819,2746,2667,2728,2858,2742,2815,2345,2958,2922,2881,2869,2817,2703,2623,2693,2942,2896,2865,2876,2842,2851,2755,2787,2919,2909,2855,2868,2845,2838,2736,2803,2933,2882,2876,2865,2841,2804,2740,2786,2927,2902,2858,2858,2836,2802,2769,2749,2931,2877,2876,2842,2842,2775,2793,135
TOF,2873,3000,2406,2405,2343,2316,2222,1976,2789,2714,2669,2727,2834,2819,2791,2368,2929,2898,2889,2858,2777,2743,2609,2655,2919,2903,2899,2873,2867,2824,2783,2786,2935,2887,2885,2849,2857,2828,2708,2788,2907,2878,2870,2876,2830,2833,2666,2774,2926,2908,2887,2843,2834,2803,2817,2787,2910,2890,2858,2843,2829,2816,2838,2811
TOF,2804,2577,2720,2380,2372,2298,2290,1975,2848,2746,2671,2774,2764,2798,2798,2368,2946,2904,2888,2885,2795,2740,2640,2727,2932,2900,2880,2867,2854,2819,2750,2798,2909,2868,2867,2880,2848,2823,2678,2804,2901,2876,2879,2844,2842,2818,2676,2803,2910,2892,2865,2854,2839,2819,2758,2834,2906,2898,2893,2828,2841,2812,2829,2804
TOF,2904,2577,2720,2372,2373,2270,2248,2096,2772,2711,2670,2665,2888,2800,2720,2804,2925,2913,2906,2854,2822,2719,2608,2602,2941,2894,2898,2856,2868,2848,2758,2813,2901,2905,2897,2875,2832,2840,2733,2815,2926,2881,2881,2859,2836,2805,2745,2788,2933,2878,2866,2853,2828,2827,2791,2789,2893,2897,2893,2848,2839,2783,2797,2812
TOF,2877,2806,2465,2375,2438,2296,2275,1962,2804,2738,2668,2699,2720,2808,2791,200,2954,2886,2891,2858,2818,2725,2619,2628,2920,2887,2891,2867,2846,2827,2772,2778,2925,2914,2884,2877,2840,2820,2736,2793,2905,2892,2862,2858,2826,2815,2778,2759,2911,2893,2862,2834,2834,2829,2789,2703,2896,2919,2882,2852,2840,2823,2813,154
TOF,2881,2806,268,2533,2363,2317,2277,167,2787,2866,2731,2773,2829,2790,2797,158,2938,2912,2870,2854,2802,2744,2602,161,2923,2876,2873,2881,2857,2820,2794,150,2900,2872,2870,2855,2852,2807,2747,158,2908,2861,2853,2848,2836,2825,2744,145,2923,2899,2867,2869,2817,2802,2789,143,2959,2904,2875,2858,2825,2802,161,135
TOF,2894,2806,257,2376,2348,2327,2245,154,2852,2759,2613,2698,2835,2775,2804,146,2959,2933,2876,2861,2813,2736,2592,147,2944,2913,2886,2864,2844,2826,2792,143,2919,2884,2875,2872,2854,2813,2763,142,2920,2913,2870,2858,2858,2843,2628,139,2914,2906,2859,2853,2851,2802,149,137,2937,2911,2883,2854,2837,2830,143,132
TOF,2898,247,290,2680,2377,2353,155,145,2818,2705,2686,2687,2817,2787,153,140,2918,2940,2868,2852,2832,2767,148,139,2929,2891,2874,2860,2854,2817,149,134,2934,2908,2893,2864,2843,2812,141,136,2915,2887,2856,2853,2843,2780,143,131,2905,2904,2862,2847,2849,2830,135,133,2916,2923,2909,2850,2851,144,135,128
TOF,2898,294,284,2453,2368,2358,152,142,2827,2702,2676,2813,2814,2890,149,135,2942,2933,2886,2888,2819,2703,143,136,2926,2890,2878,2874,2842,154,140,130,2933,2906,2869,2864,2854,150,136,130,2913,2888,2885,2834,2853,142,137,127,2914,2886,2856,2847,2836,142,130,128,2970,2876,2909,2823,2845,136,133,126
TOF,271,292,276,2480,2361,2283,145,134,2798,2716,2647,2716,2810,156,142,131,2931,2920,2903,2876,2765,150,135,128,2937,2904,2877,2871,2868,146,134,124,2945,2884,2874,2875,2843,139,126,122,2936,2884,2883,2856,2849,133,128,120,2927,2891,2861,2852,146,133,125,122,2937,2910,2920,2865,144,127,123,118
TOF,264,280,273,205,2392,161,140,132,2757,2718,2659,2716,2780,151,138,128,2951,2919,2901,2860,2802,151,133,127,2947,2904,2881,2871,2873,143,130,122,2922,2880,2892,2853,2839,136,125,119,2907,2886,2866,2851,149,130,127,118,2910,2899,2884,2852,140,130,121,119,2939,2889,2881,2857,138,123,120,115
TOF,259,276,271,214,2340,159,139,128,2891,241,2613,2789,2814,157,134,125,2950,2910,2878,2863,2805,146,130,122,2951,2902,2871,2884,2860,143,127,121,2945,2954,2876,2871,2841,131,120,117,2891,2902,2878,2844,145,128,119,113,2909,2897,2864,2846,139,124,116,115,2948,2880,2911,145,132,120,115,113
TOF,252,269,271,241,2323,168,143,128,252,255,217,2723,2789,158,137,126,2928,2900,2897,2878,2818,147,133,123,2912,2906,2902,2873,2858,149,129,121,2915,2900,2869,2870,2842,137,122,117,2895,2905,2886,2857,150,132,121,114,2907,2883,2861,2852,142,126,116,114,2939,2900,2878,150,133,121,117,114
TOF,252,262,271,253,2374,171,147,127,257,262,253,2611,2811,158,141,127,2958,2902,2888,2852,2797,143,134,123,2918,2906,2867,2884,2858,149,129,120,2918,2903,2920,2882,2862,139,124,116,2984,2899,2885,2846,2864,131,120,114,2900,2899,2889,2823,143,127,118,111,2974,2884,2883,2848,131,121,114,110
TOF,253,258,276,277,2296,177,154,131,253,275,263,205,2833,161,147,130,2943,2908,2887,2867,2776,153,139,125,2928,2889,2891,2874,2865,150,131,123,2923,2891,2869,2868,2846,143,126,118,2909,2916,2856,2855,2848,136,124,115,2934,2882,2843,2858,146,130,120,114,2934,2934,2888,2865,139,124,116,113
TOF,255,259,274,276,2346,172,153,130,255,274,264,2634,2764,2820,149,129,2916,2912,2880,2861,2781,2707,138,125,2950,2888,2883,2886,2840,151,133,121,2902,2896,2870,2850,2822,141,125,118,2918,2883,2877,2878,2850,138,123,115,2917,2904,2880,2861,148,130,119,115,2956,2907,2875,2842,141,124,117,111
TOF,261,264,291,289,2353,164,159,136,255,287,281,2641,2873,2809,153,131,2958,2907,2890,2870,2844,2750,143,126,2939,2909,2876,2858,2853,2837,132,124,2934,2900,2883,2876,2845,145,127,119,2928,2873,2879,2862,2842,141,125,116,2903,2906,2869,2868,2812,134,121,116,2935,2900,2880,2871,145,126,119,112
TOF,274,268,295,288,2327,2282,161,138,244,281,279,2753,2808,2806,152,131,2962,2932,2884,2864,2824,2758,144,129,2947,2909,2886,2873,2862,2847,135,124,2923,2903,2890,2881,2855,147,129,119,2901,2881,2870,2864,2843,146,124,117,2930,2877,2860,2867,2834,135,123,112,2940,2905,2883,2861,2831,130,118,113
TOF,294,281,309,299,2350,2296,168,142,2842,2755,263,2745,2764,2813,155,135,2957,2898,2873,2871,2811,2738,151,132,2947,2891,2894,2852,2890,2837,141,128,2955,2903,2865,2871,2849,2835,139,126,2922,2888,2879,2878,2834,2824,133,121,2891,2894,2867,2840,2820,144,129,119,2932,2872,2882,2870,2829,146,122,119
TOF,277,305,321,298,2400,2320,180,147,2756,2751,2683,2693,2714,2842,160,143,2946,2931,2878,2848,2847,2725,155,136,2950,2905,2888,2872,2873,2838,147,134,2903,2887,2890,2833,2840,2826,145,127,2908,2898,2859,2866,2834,2827,137,126,2908,2891,2875,2858,2831,2826,137,123,2901,2893,2853,2852,2822,2799,130,125
TOF,316,336,350,301,2329,2287,2213,153,2863,2803,2628,2775,2808,2814,2801,152,2939,2898,2878,2882,2814,2713,2600,142,2902,2913,2907,2866,2860,2830,169,143,2933,2929,2894,2871,2849,2832,2730,135,2935,2901,2866,2854,2857,2844,154,141,2917,2904,2867,2855,2836,2800,165,134,2929,2886,2869,2857,2846,2799,151,138
TOF,236,365,370,299,2336,2356,2230,162,2804,2771,2716,2761,2792,2801,2756,165,2939,2910,2876,2845,2818,2787,2623,154,2960,2901,2889,2880,2861,2839,2763,157,2924,2908,2866,2883,2834,2824,2773,150,2943,2899,2903,2856,2853,2805,2672,170,2928,2904,2860,2836,2841,2805,2812,150,2896,2899,2883,2855,2843,2808,173,152
TOF,2792,372,381,2440,2364,2296,2276,213,2821,2739,2681,2726,2782,2824,2716,223,2934,2937,2890,2859,2816,2800,2593,2646,2925,2903,2867,2890,2856,2833,2757,2787,2947,2911,2878,2883,2856,2833,2734,2794,2916,2892,2881,2869,2830,2833,2725,2792,2930,2888,2864,2861,2843,2808,2814,176,2966,2906,2871,2845,2838,2801,2849,166
TOF,2999,372,332,2379,2361,2289,2113,247,2807,2687,2671,2791,2777,2783,2791,2679,2941,2908,2869,2858,2821,2760,2623,2632,2943,2904,2879,2876,2842,2847,2752,2793,2926,2893,2870,2867,2850,2831,2709,2784,2911,2879,2883,2855,2843,2841,2713,2771,2909,2875,2849,2863,2849,2808,2823,196,2934,2910,2878,2853,2833,2783,2819,169
TOF,2918,372,2483,2336,2342,2311,2293,2091,2800,2794,2703,2774,2752,2815,2819,2679,2972,2907,2903,2872,2823,2707,2623,2650,2940,2908,2884,2872,2861,2833,2784,2812,2911,2894,2885,2870,2849,2834,2735,2800,2928,2892,2877,2846,2833,2821,2689,2794,2929,2918,2852,2850,2851,2780,2783,198,2922,2897,2880,2824,2851,2819,2811,177
TOF,2918,2872,2646,2443,2358,2328,2261,2049,2802,2755,2691,2689,2704,2726,2761,2388,2930,2904,2881,2861,2781,2704,2633,2607,2928,2906,2886,2882,2838,2827,2764,2797,2924,2903,2881,2870,2847,2827,2715,2806,2936,2896,2870,2860,2841,2809,2720,2763,2912,2909,2858,2831,2836,2808,2785,190,2913,2876,2861,2831,2860,2793,2801,175
TOF,2905,2872,2822,2415,2383,2301,2256,2134,2817,2727,2665,2685,2746,2782,2739,2710,2985,2909,2882,2885,2773,2712,2618,2570,2935,2907,2900,2885,2859,2820,2791,2809,2937,2893,2889,2844,2853,2814,2777,2780,2921,2890,2858,2852,2841,2829,2697,2745,2901,2891,2865,2847,2831,2824,2809,181,2928,2884,2873,2839,2851,2786,2823,168
TOF,2850,2883,2677,2478,2336,2263,2194,216,2817,2757,2680,2738,2674,2790,2826,203,2944,2897,2895,2863,2825,2696,2634,2678,2913,2910,2879,2852,2837,2815,2785,2801,2950,2902,2878,2878,2852,2824,2675,2795,2906,2873,2867,2848,2837,2813,2723,165,2924,2868,2871,2832,2840,2802,2728,165,2920,2921,2894,2841,2825,2811,2830,154
TOF,236,2883,2677,2383,2368,2276,2287,170,2804,2710,2694,2693,2816,2871,2778,162,2933,2913,2905,2860,2826,2731,2601,2560,2927,2897,2900,2889,2847,2833,2748,157,2930,2865,2883,2850,2857,2830,2771,158,2941,2877,2877,2877,2832,2818,2698,144,2907,2912,2868,2863,2845,2817,168,149,2930,2888,2862,2850,2841,2803,165,142
TOF,2900,236,2501,2384,2357,2346,167,156,2792,2768,2654,2736,2858,2787,2796,151,2954,2912,2876,2866,2839,2724,2711,151,2953,2905,2877,2849,2853,2823,2797,142,2939,2885,2880,2870,2836,2819,153,140,2939,2894,2873,2863,2838,2809,154,135,2920,2906,2871,2844,2850,2806,142,135,2921,2874,2881,2835,2836,153,145,130
TOF,2877,2899,204,2457,2397,2314,156,150,2797,2759,2646,2709,2848,2831,156,147,2921,2899,2868,2839,2796,2736,152,146,2942,2912,2898,2879,2851,2838,152,142,2900,2897,2898,2861,2845,2816,144,140,2930,2891,2872,2860,2829,151,141,132,2913,2887,2875,2850,2828,147,132,130,2934,2883,2877,2862,2846,138,134,129
TOF,2832,194,181,2472,2355,162,147,144,2873,2748,2732,2662,2872,154,146,141,2952,2906,2901,2877,2802,152,142,140,2937,2900,2878,2878,2856,149,144,138,2937,2924,2871,2872,2858,149,139,136,2924,2878,2884,2865,2872,142,136,131,2939,2891,2863,2860,151,136,131,130,2922,2923,2897,2827,146,130,126,126
TOF,2808,2797,2872,2375,2371,157,147,143,2772,2717,2706,2764,165,149,144,140,2938,2909,2892,2862,157,148,141,139,2942,2904,2903,2868,161,145,140,135,2934,2901,2872,2858,156,143,137,134,2934,2887,2887,2866,153,139,138,132,2899,2885,2887,2853,146,136,133,133,2936,2910,2898,156,140,132,129,130
TOF,2780,2822,197,2424,2399,151,141,140,2802,2714,2669,2662,156,145,139,134,2940,2911,2878,2883,155,142,136,134,2931,2921,2887,2888,154,139,136,132,2898,2919,2884,2861,149,135,131,128,2895,2892,2866,157,146,132,131,126,2913,2919,2874,159,139,132,130,127,2903,2896,2852,152,138,130,129,126
TOF,2940,243,240,2428,168,155,140,136,2819,2783,2684,2749,160,147,139,134,2951,2919,2895,2871,157,142,135,134,2904,2913,2895,2849,154,138,134,132,2920,2928,2885,2866,148,134,130,128,2910,2905,2892,164,142,133,129,126,2917,2875,2881,156,139,131,127,125,2919,2907,2858,147,138,130,127,124
TOF,261,268,269,194,162,153,133,133,2844,2679,2694,2700,156,148,133,130,2994,2907,2873,2845,159,139,131,129,2923,2915,2896,2863,153,137,129,126,2929,2906,2858,2813,149,133,126,124,2904,2887,2895,2859,142,131,127,123,2922,2914,2863,155,136,127,123,121,2924,2927,2892,147,134,123,124,120
TOF,265,268,272,234,166,151,132,127,2786,223,203,2721,160,150,132,125,2962,2932,2886,2866,161,141,131,128,2921,2913,2908,2849,154,141,129,127,2906,2923,2892,2862,154,136,128,126,2956,2920,2877,2857,145,131,126,122,2906,2884,2874,157,139,129,125,124,2951,2906,2853,155,135,126,126,122
TOF,245,246,257,239,168,154,132,122,235,252,216,175,155,146,127,120,2968,2923,2891,2852,151,144,126,124,2952,2913,2884,2864,2851,136,125,124,2942,2897,2865,2863,155,134,124,122,2924,2888,2865,2859,146,128,124,119,2897,2919,2862,2844,142,126,123,121,2932,2866,2885,150,135,122,123,120
TOF,232,234,238,218,164,154,135,126,254,253,233,196,164,149,131,119,2938,2913,2883,2863,157,143,124,120,2953,2907,2878,2877,157,141,125,119,2929,2936,2888,2866,153,134,125,122,2906,2884,2874,2871,149,131,126,119,2918,2909,2868,2850,143,129,123,121,2947,2894,2872,146,138,126,123,118
TOF,226,225,223,210,155,146,132,121,246,245,248,201,161,150,131,120,213,213,2839,2863,154,140,125,116,2939,2896,2887,2870,153,138,119,116,2908,2881,2882,2865,149,132,120,120,2943,2882,2876,2874,151,128,123,117,2916,2897,2865,2821,142,126,121,118,2939,2925,2886,154,134,122,120,119
TOF,216,217,217,202,152,143,134,125,240,241,248,206,162,149,134,123,231,226,183,2874,161,144,127,117,2909,2917,2870,2878,155,139,121,118,2952,2911,2889,2852,155,133,119,116,2925,2909,2873,2852,150,127,122,118,2925,2909,2859,2839,143,127,121,118,2931,2892,2885,152,137,126,121,117
TOF,199,205,212,183,148,138,131,125,237,236,242,208,157,146,131,120,239,223,186,2841,158,143,125,114,2928,2892,2863,2886,149,137,121,114,2965,2913,2890,2847,151,133,118,112,2930,2893,2880,2865,145,126,120,115,2942,2896,2860,2850,141,125,118,116,2923,2915,2884,145,134,124,120,115
TOF,199,200,206,178,145,139,131,123,235,235,231,201,155,145,133,121,244,227,189,161,162,143,126,114,2927,2906,2877,2872,153,138,123,112,2955,2902,2876,2869,150,133,116,113,2920,2896,2867,2859,143,126,118,114,2933,2901,2877,2865,140,125,121,118,2927,2914,2871,144,136,122,120,117
TOF,197,195,202,168,142,132,126,122,233,222,231,193,152,140,129,119,231,220,192,158,158,140,125,116,2948,2922,2881,2868,150,134,120,110,2950,2901,2889,2864,150,131,113,111,2924,2899,2891,2874,146,121,117,110,2924,2910,2875,2848,137,121,115,115,2938,2911,2874,140,135,120,115,115
TOF,198,194,202,162,141,133,130,122,229,222,224,183,150,140,131,119,230,223,194,163,157,140,124,115,2950,2918,2880,2860,155,137,123,111,2932,2909,2863,2876,149,130,116,110,2926,2928,2886,2865,148,123,117,111,2915,2874,2870,143,135,122,116,115,2936,2906,2876,142,135,120,117,112
TOF,195,189,195,156,138,130,126,119,220,218,220,176,147,136,129,118,230,226,193,154,153,136,122,116,2931,2910,2879,2863,152,132,119,109,2938,2910,2881,2877,149,128,113,107,2936,2901,2881,2864,148,120,114,109,2930,2898,2843,140,133,121,110,114,2922,2867,2887,136,133,120,117,114
TOF,193,189,193,153,136,129,125,120,223,218,218,169,147,137,130,120,235,221,195,153,151,138,124,115,2955,2897,2884,149,157,133,121,109,2921,2915,2874,2887,145,129,114,110,2947,2888,2881,144,149,120,116,110,2919,2873,2885,144,135,119,113,116,2929,2898,2881,135,132,120,115,116
TOF,189,184,190,145,133,126,124,117,216,210,214,159,142,134,127,116,227,217,207,152,148,133,121,112,2931,2894,2882,145,154,129,118,105,2930,2909,2896,142,144,127,112,109,2907,2918,2881,141,142,119,114,106,2914,2894,2859,139,131,116,113,112,2945,2927,2888,140,129,117,115,112
TOF,191,183,176,145,132,128,123,118,217,208,213,155,141,135,128,118,226,220,205,155,148,133,123,114,2938,2919,145,143,154,129,120,110,2933,2893,2893,142,145,127,112,110,2953,2893,2874,143,144,121,114,110,2933,2917,2880,140,133,119,113,115,2924,2923,2861,138,129,121,116,114
TOF,188,185,174,141,131,125,120,120,212,210,208,160,139,133,126,117,228,220,207,155,147,133,121,113,2951,2931,144,146,154,132,118,107,2916,2910,2870,141,144,123,111,110,2944,2892,2887,142,140,119,113,110,2917,2857,2865,135,130,115,115,113,2930,2893,2835,131,126,119,118,114
TOF,194,187,192,150,139,130,127,122,220,214,213,182,143,139,131,122,239,228,220,157,156,137,125,116,2954,2906,149,2875,156,139,123,113,2950,2910,2888,2866,150,128,116,112,2928,2904,2874,2853,146,123,117,112,2910,2896,2867,144,137,121,120,119,2954,2886,2878,145,132,122,119,117
TOF,204,193,201,173,146,137,132,125,221,234,225,203,152,147,134,126,245,243,241,171,162,145,129,117,2952,2913,2889,2869,157,148,123,116,2925,2911,2882,2847,150,135,118,114,2928,2872,2903,2852,149,130,120,118,2922,2904,2877,153,144,129,122,119,2933,2881,2875,2837,135,129,120,119
TOF,221,220,230,212,168,150,144,133,239,256,250,245,165,165,145,137,256,265,256,2846,173,166,143,129,2913,2884,2896,2867,167,161,134,128,2891,2897,2904,2855,2857,158,137,123,2915,2885,2881,2864,165,166,128,127,2922,2878,2861,2839,2838,147,132,123,2924,2904,2882,2859,153,148,126,126
TOF,238,236,249,259,207,167,159,147,257,283,281,286,187,193,159,153,261,297,278,2849,2748,182,170,141,2957,2895,2889,2855,2847,2828,154,151,2907,2923,2867,2868,2846,2836,171,139,2914,2866,2862,2865,2849,2811,150,149,2901,2876,2853,2850,2828,2832,165,136,2906,2926,2900,2844,2830,2805,143,147
TOF,252,258,269,284,256,208,184,166,269,307,309,323,2785,2857,190,187,2944,322,319,2857,2819,2719,213,173,2922,2920,2887,2868,2854,2845,203,191,2905,2901,2874,2852,2846,2828,2751,184,2933,2889,2873,2857,2858,2829,2735,2801,2928,2912,2864,2839,2853,2807,2795,192,2912,2888,2854,2861,2842,2831,2821,2829
TOF,268,276,292,308,2361,2325,223,195,276,320,327,359,2777,2808,245,224,2968,2901,2890,2854,2822,2721,2623,236,2935,2907,2879,2873,2865,2833,2756,2768,2943,2910,2863,2866,2843,2837,2754,2810,2934,2895,2863,2866,2815,2816,2789,2789,2917,2887,2869,2870,2823,2813,2793,2802,2921,2897,2897,2855,2840,2770,2828,2797
TOF,282,297,318,337,2341,2295,2269,231,320,361,354,383,2773,2781,2805,2372,2947,2905,2897,2885,2809,2707,2620,2600,2914,2909,2892,2878,2847,2816,2799,2813,2905,2907,2880,2872,2847,2834,2761,2801,2909,2904,2874,2867,2840,2808,2811,2807,2932,2905,2846,2851,2828,2835,2765,2788,2919,2884,2907,2856,2832,2787,2828,2790
TOF,304,313,339,357,2346,2319,2264,2244,2822,2728,374,2691,2775,2845,2817,2485,2926,2903,2879,2851,2813,2754,2618,2647,2921,2923,2878,2885,2857,2837,2777,2794,2931,2888,2876,2873,2854,2845,2700,2810,2922,2882,2874,2858,2836,2825,2714,2801,2924,2883,2883,2832,2845,2806,2801,2799,2947,2861,2899,2870,2818,2786,2839,2756
TOF,379,338,364,377,2356,2299,2242,2244,2850,2793,2653,2677,2775,2771,2839,2397,2948,2904,2905,2862,2773,2711,2634,2603,2937,2908,2885,2869,2846,2859,2791,2772,2903,2902,2879,2853,2846,2827,2732,2831,2917,2882,2874,2853,2812,2832,2763,2795,2932,2895,2885,2872,2831,2813,2820,2792,2947,2883,2868,2846,2834,195,2764,197
TOF,2963,359,380,352,2344,2302,2275,2004,2798,2828,2677,2674,2837,2852,2825,2317,2934,2921,2887,2877,2822,2724,2620,2693,2951,2886,2876,2867,2838,2822,2751,167,2914,2900,2875,2869,2862,2832,2701,176,2918,2862,2868,2853,2838,2802,181,146,2932,2888,2873,2836,2839,2802,156,176,2924,2885,2864,2877,2812,2813,163,154
TOF,2855,415,410,2387,2353,2299,2282,1992,2800,2763,2659,2712,2754,2789,2785,233,2953,2903,2894,2849,2781,2710,2620,2668,2949,2899,2887,2873,2859,2825,2767,2781,2933,2884,2905,2852,2855,2822,2698,2794,2914,2881,2866,2867,2852,2807,2710,2771,2908,2906,2880,2844,2843,2826,2800,2814,2929,2888,2883,2847,2841,2799,339,2793
TOF,2890,2791,2533,2407,2345,2278,2282,1964,2795,2724,2754,2739,2729,2765,2798,233,2935,2911,2886,2868,2812,2714,2602,2672,2935,2915,2897,2890,2843,2823,2760,2797,2913,2894,2890,2872,2845,2826,2695,2807,2952,2894,2873,2857,2856,2808,2677,2804,2902,2888,2888,2840,2825,2826,2817,2805,2917,2893,2843,2864,2819,2822,2835,2820
TOF,2915,2791,2533,2388,2338,2308,2277,1964,2761,2764,2696,2777,2822,2783,2780,2762,2949,2924,2883,2866,2817,2713,2622,2637,2921,2892,2850,2888,2866,2842,2772,2796,2909,2901,2883,2864,2835,2840,2730,2782,2913,2883,2862,2865,2809,2830,2645,2797,2904,2882,2874,2831,2843,2813,2812,2807,2923,2910,2856,2868,2835,2799,2821,2792
TOF,2682,2791,2431,2370,2361,2304,2267,1995,2758,2747,2688,2728,2815,2820,2779,2354,2943,2900,2884,2861,2761,2694,2588,2619,2934,2900,2897,2864,2859,2815,2773,2798,2947,2908,2874,2882,2842,2818,2745,2782,2910,2873,2881,2857,2845,2823,2686,2789,2889,2893,2876,2832,2843,2812,2766,2804,2925,2898,2884,2844,2864,2793,2784,2815
TOF,2831,2818,2431,2399,2355,2325,2300,2138,2807,2718,2688,2716,2749,2825,2780,2415,2969,2899,2861,2854,2805,2707,2639,2581,2932,2904,2908,2870,2861,2848,2752,2799,2912,2868,2898,2882,2842,2839,2719,2794,2912,2872,2845,2847,2846,2820,2719,2771,2919,2882,2866,2860,2838,2796,2777,2800,2916,2914,2891,2850,2822,2777,2819,2806
TOF,2831,2818,2410,2400,2370,2303,2227,2138,2798,2701,2706,2700,2755,2807,2836,2358,2931,2896,2894,2858,2796,2732,2624,2586,2958,2911,2884,2896,2859,2847,2757,2808,2924,2896,2872,2865,2849,2849,2722,2811,2874,2909,2861,2869,2830,2825,2784,2794,2889,2878,2857,2866,2837,2806,2840,2794,2932,2879,2891,2855,2813,2816,2803,2798
TOF,2964,2926,2410,2418,2307,2341,2275,2147,2759,2732,2728,2697,2683,2805,2800,2329,2911,2914,2895,2850,2821,2737,2611,2624,2920,2907,2912,2875,2840,2837,2751,2809,2923,2893,2870,2879,2859,2834,2717,2807,2906,2903,2871,2851,2846,2826,2723,2794,2913,2896,2856,2871,2836,2789,2767,2808,2925,2893,2893,2847,2835,2812,2794,2816
TOF,2730,2825,2410,2373,2353,2349,2248,2147,2804,2730,2710,2745,2741,2795,2817,2394,2939,2915,2899,2855,2786,2748,2618,2678,2930,2914,2879,2882,2838,2849,2758,2797,2889,2900,2877,2877,2844,2834,2734,2783,2912,2894,2851,2867,2829,2824,2701,2794,2895,2874,2869,2876,2845,2829,2845,2818,2930,2892,2875,2833,2845,2797,2817,2796
TOF,2730,2852,2388,2414,2366,2323,2238,2147,2768,2708,2724,2757,2748,2782,2801,2325,2956,2904,2887,2860,2803,2721,2663,2606,2931,2907,2907,2897,2844,2849,2766,2779,2919,2875,2868,2859,2838,2816,2729,2803,2938,2900,2889,2868,2849,2817,2655,2795,2918,2891,2869,2849,2845,2804,2811,2807,2935,2904,2859,2862,2825,2838,2821,2799
TOF,2794,2852,2781,2395,2365,2308,2267,2147,2793,2741,2677,2691,2822,2793,2708,2325,2926,2906,2866,2869,2795,2795,2594,2650,2929,2894,2876,2852,2842,2815,2766,2784,2912,2871,2881,2867,2857,2822,2715,2822,2907,2886,2901,2865,2848,2818,2693,2799,2909,2896,2882,2830,2828,2812,2750,2800,2957,2882,2870,2836,2828,2760,2829,2817
TOF,2794,2852,2781,2393,2368,2295,2298,2150,2805,2720,2673,2702,2829,2760,2811,2815,2933,2903,2880,2866,2829,2757,2644,2662,2942,2889,2862,2874,2851,2840,2794,2805,2908,2890,2877,2893,2849,2825,2708,2782,2916,2896,2869,2855,2845,2843,2674,2800,2920,2885,2865,2835,2838,2811,2777,2804,2945,2902,2873,2853,2833,2803,2808,2785
TOF,2883,2852,2734,2374,2375,2250,2202,2150,2826,2724,2698,2752,2789,2758,2840,2561,2955,2899,2857,2863,2798,2719,2633,2623,2922,2887,2884,2857,2842,2835,2750,2804,2935,2924,2872,2862,2830,2853,2729,2803,2894,2881,2862,2856,2823,2842,2699,2786,2911,2878,2846,2869,2831,2814,2806,2798,2918,2900,2874,2871,2827,2748,2826,2840
TOF,2924,2878,2734,2369,2390,2317,2202,1985,2828,2746,2671,2797,2814,2765,2761,2561,2944,2904,2882,2871,2816,2762,2619,2617,2923,2902,2878,2864,2850,2823,2765,2810,2935,2869,2870,2884,2852,2831,2746,2805,2910,2870,2865,2853,2842,2833,2670,2783,2929,2880,2861,2847,2829,2801,2747,2786,2935,2925,2868,2842,2815,2790,2819,2842
TOF,2750,2772,2520,2375,2368,2271,2236,2185,2817,2715,2687,2701,2716,2770,2700,2486,2967,2913,2910,2854,2826,2731,2621,2625,2941,2904,2895,2874,2850,2824,2720,2803,2949,2893,2911,2884,2839,2827,2730,2796,2909,2892,2862,2841,2825,2823,2669,2798,2927,2907,2886,2853,2835,2826,2799,2800,2932,2901,2877,2854,2823,2785,2787,2794
TOF,2750,2938,2520,2375,2358,2311,2248,1999,2822,2723,2660,2761,2814,2801,2758,2354,2947,2926,2898,2852,2811,2714,2611,2605,2931,2898,2892,2850,2850,2826,2783,2802,2933,2892,2872,2856,2835,2836,2749,2776,2894,2889,2874,2863,2834,2815,2682,2784,2922,2894,2867,2847,2812,2814,2814,2803,2906,2906,2853,2819,2848,2810,2810,2808
TOF,2707,2714,2431,2375,2370,2309,2259,1991,2836,2779,2674,2773,2740,2827,2806,2354,2949,2914,2879,2863,2809,2746,2649,2670,2920,2904,2871,2891,2853,2824,2721,2767,2881,2858,2856,2872,2857,2833,2695,2804,2897,2875,2872,2836,2840,2822,2670,2810,2909,2894,2879,2873,2838,2815,2805,2797,2929,2893,2863,2868,2824,2803,2779,2845
TOF,2707,2714,2624,2439,2390,2280,2287,1985,2765,2711,2647,2695,2694,2838,2774,2435,2936,2909,2907,2850,2818,2715,2632,2572,2908,2904,2896,2872,2854,2823,2779,2800,2941,2892,2872,2858,2841,2818,2693,2802,2939,2882,2871,2857,2847,2836,2691,2824,2906,2888,2875,2857,2848,2816,2784,2803,2938,2883,2885,2825,2847,2794,2825,2812
TOF,2903,2714,2624,2421,2344,2291,2252,1985,2790,2726,2651,2692,2797,2829,2743,2342,2927,2908,2866,2871,2790,2726,2651,2658,2920,2896,2892,2869,2853,2814,2791,2801,2946,2901,2870,2867,2825,2824,2692,2810,2948,2888,2867,2854,2843,2817,2720,2805,2900,2892,2872,2863,2838,2811,2735,2816,2910,2900,2859,2857,2868,2798,2800,2819
TOF,2889,2855,2491,2406,2356,2320,2258,2112,2821,2761,2689,2734,2764,2854,2787,2462,2924,2924,2892,2866,2836,2713,2609,2631,2949,2902,2886,2884,2848,2839,2772,2810,2935,2902,2897,2863,2845,2838,2676,2801,2929,2895,2870,2869,2840,2810,2695,2785,2905,2885,2876,2846,2830,2840,2802,2797,2932,2901,2866,2851,2856,2800,2806,2802
TOF,2925,2892,2491,2427,2339,2272,2240,2106,2760,2710,2726,2688,2745,2788,2809,2605,2948,2913,2896,2847,2808,2727,2643,2625,2931,2926,2870,2886,2863,2833,2745,2795,2925,2897,2879,2876,2855,2826,2721,2797,2913,2879,2892,2852,2849,2834,2717,2786,2907,2868,2864,2851,2842,2832,2796,2799,2933,2896,2889,2869,2854,2803,2828,2787
TOF,2925,2522,2368,2380,2341,2318,2214,2087,2754,2723,2701,2739,2698,2828,2685,2810,2938,2916,2910,2862,2785,2736,2608,2640,2913,2917,2887,2850,2867,2862,2777,2789,2918,2906,2898,2875,2859,2835,2757,2827,2927,2901,2882,2844,2830,2832,2691,2797,2920,2888,2854,2836,2826,2830,2721,2802,2923,2847,2863,2846,2814,2796,2830,2810
TOF,2925,2522,2491,2432,2360,2323,2206,1881,2853,2745,2700,2742,2800,2791,2762,2810,2954,2915,2891,2871,2791,2700,2647,2624,2929,2905,2856,2862,2836,2852,2754,2804,2920,2879,2871,2891,2849,2831,2752,2809,2932,2898,2876,2864,2842,2840,2711,2801,2902,2906,2877,2865,2839,2808,2799,2777,2936,2903,2899,2862,2848,2786,2827,2772
TOF,2849,2882,2585,2419,2341,2348,2267,2136,2775,2775,2675,2781,2761,2764,2786,2810,2952,2906,2883,2870,2788,2727,2624,2644,2957,2906,2876,2883,2858,2854,2751,2780,2940,2879,2888,2886,2837,2819,2689,2807,2942,2875,2886,2851,2845,2841,2685,2795,2920,2867,2873,2841,2832,2821,2784,2804,2958,2883,2869,2864,2840,2802,2818,2833
TOF,2859,2824,2420,2398,2333,2298,2247,2154,2805,2725,2670,2685,2756,2840,2791,2810,2986,2917,2908,2864,2826,2693,2677,2579,2915,2887,2868,2864,2872,2830,2751,2779,2891,2927,2877,2877,2843,2827,2717,2807,2933,2876,2881,2874,2845,2838,2700,2811,2910,2860,2853,2858,2829,2808,2799,2788,2951,2894,2864,2846,2827,2814,2790,2843
TOF,2880,2824,2420,2387,2366,2335,2243,2080,2803,2753,2649,2696,2769,2823,2778,2730,2957,2912,2885,2863,2780,2692,2638,2635,2919,2906,2889,2874,2850,2850,2776,2808,2925,2902,2887,2882,2861,2823,2736,2808,2907,2905,2862,2838,2844,2823,2667,2814,2926,2893,2862,2858,2849,2814,2772,2816,2915,2890,2887,2869,2815,2778,2824,2808
TOF,2880,2857,2420,2377,2324,2328,2126,2112,2750,2781,2664,2672,2762,2787,2799,2730,2908,2905,2889,2852,2806,2749,2617,2611,2946,2894,2875,2861,2864,2820,2777,2797,2925,2883,2885,2869,2844,2843,2729,2799,2923,2900,2859,2830,2838,2813,2738,2813,2912,2884,2883,2869,2837,2802,2738,2813,2931,2919,2887,2861,2826,2819,2833,2830
TOF,2870,2799,2420,2371,2348,2310,2170,2008,2823,2703,2689,2740,2746,2843,2758,2730,2955,2902,2901,2863,2817,2684,2608,2587,2900,2913,2865,2871,2847,2815,2750,2788,2930,2894,2894,2862,2856,2805,2703,2823,2920,2886,2872,2872,2844,2828,2671,2810,2926,2883,2872,2857,2838,2824,2761,2798,2949,2911,2875,2858,2844,2801,2800,2818
TOF,2913,2579,2420,2403,2357,2332,2243,2102,2796,2748,2660,2690,2798,2776,2796,2844,2928,2912,2896,2861,2804,2688,2658,2633,2908,2909,2902,2871,2864,2856,2740,2802,2911,2899,2887,2878,2852,2836,2730,2814,2972,2878,2878,2864,2834,2835,2704,2788,2936,2886,2864,2857,2838,2802,2765,2797,2928,2882,2876,2882,2843,2760,2802,2820
TOF,2864,2579,2871,2378,2373,2274,2210,2103,2823,2722,2681,2665,2732,2841,2808,2844,2940,2899,2902,2859,2765,2694,2596,2593,2905,2914,2882,2855,2852,2849,2769,2784,2928,2910,2875,2858,2855,2835,2715,2801,2910,2894,2881,2856,2833,2840,2656,2790,2923,2905,2856,2844,2848,2822,2807,2783,2948,2895,2893,2849,2850,2781,2807,2799
TOF,2952,2579,2871,2399,2368,2265,2264,2243,2790,2754,2724,2721,2792,2817,2790,2844,2948,2916,2879,2855,2780,2756,2629,2635,2927,2896,2889,2871,2865,2821,2766,2816,2917,2883,2880,2867,2839,2823,2734,2774,2919,2886,2879,2858,2838,2837,2632,2797,2931,2915,2886,2845,2835,2813,2825,2780,2937,2918,2867,2852,2817,2786,2818,2805
TOF,2886,2832,2871,2402,2343,2349,2209,2243,2806,2745,2711,2717,2745,2809,2731,2357,2926,2905,2879,2843,2799,2764,2629,2646,2927,2906,2895,2884,2843,2838,2775,2815,2936,2910,2871,2854,2845,2839,2730,2820,2939,2886,2873,2860,2812,2850,2667,2806,2912,2889,2855,2861,2844,2829,2809,2807,2949,2900,2884,2861,2843,2810,2813,2813
TOF,2886,2816,2496,2382,2354,2339,2209,2159,2794,2696,2689,2720,2759,2800,2779,2357,2923,2904,2896,2855,2803,2736,2603,2574,2918,2927,2878,2864,2857,2834,2753,2788,2925,2907,2880,2868,2837,2820,2713,2789,2918,2874,2890,2857,2852,2821,2691,2793,2894,2875,2884,2849,2833,2810,2782,2824,2931,2925,2892,2857,2831,2804,2829,2819
TOF,2703,2816,2514,2380,2330,2300,2255,2159,2799,2747,2675,2728,2803,2678,2808,2833,2931,2903,2896,2872,2812,2758,2606,2575,2908,2887,2888,2883,2862,2824,2743,2810,2884,2902,2904,2857,2874,2826,2707,2782,2927,2900,2873,2871,2840,2811,2691,2812,2917,2881,2863,2842,2833,2820,2795,2788,2924,2893,2867,2868,2831,2801,2808,2790
TOF,2882,2816,2840,2416,2329,2295,2230,2159,2809,2732,2665,2685,2725,2779,2734,2343,2935,2894,2893,2853,2823,2708,2616,2586,2941,2919,2855,2861,2866,2805,2776,2817,2928,2890,2869,2844,2842,2839,2703,2833,2916,2890,2886,2853,2821,2822,2622,2793,2927,2906,2870,2836,2843,2808,2806,2791,2940,2904,2873,2863,2828,2800,2796,2798
TOF,2901,2788,2582,2392,2348,2348,2248,1957,2786,2725,2632,2717,2791,2714,2768,2403,2947,2868,2888,2853,2815,2723,2616,2648,2914,2916,2891,2853,2847,2824,2781,2802,2952,2888,2877,2857,2837,2829,2701,2790,2903,2901,2871,2859,2822,2823,2676,2783,2917,2870,2874,2839,2824,2792,2794,2792,2914,2894,2904,2871,2856,2790,2815,2782
TOF,2905,2911,2582,2361,2359,2320,2273,1957,2785,2726,2717,2749,2733,2819,2829,2403,2939,2911,2882,2859,2825,2738,2631,2656,2935,2907,2900,2875,2849,2829,2784,2768,2943,2899,2869,2869,2839,2835,2741,2789,2915,2888,2873,2862,2830,2828,2704,2806,2919,2891,2872,2868,2827,2806,2808,2801,2927,2914,2901,2850,2818,2791,2817,2829
TOF,2939,2750,2516,2399,2322,2284,2219,2024,2802,2706,2719,2693,2797,2772,2822,2713,2936,2908,2881,2863,2787,2722,2600,2594,2929,2917,2881,2866,2854,2832,2787,2796,2926,2915,2884,2862,2866,2853,2709,2804,2919,2880,2883,2842,2825,2807,2684,2804,2944,2889,2870,2869,2823,2823,2799,2810,2960,2912,2887,2856,2842,2806,2824,2803
TOF,2939,2750,2516,2384,2331,2295,2265,1888,2803,2710,2672,2733,2761,2803,2758,2713,2941,2922,2887,2844,2810,2699,2610,2673,2919,2897,2885,2860,2858,2846,2729,2794,2928,2896,2891,2852,2843,2832,2734,2805,2933,2899,2861,2865,2820,2824,2669,2821,2932,2882,2867,2867,2838,2796,2806,2783,2962,2912,2867,2876,2832,2783,2836,2791
TOF,2897,2750,2506,2402,2375,2321,2282,1968,2787,2770,2691,2721,2714,2812,2821,2713,2934,2914,2875,2860,2802,2731,2649,2625,2929,2900,2872,2860,2860,2839,2733,2813,2905,2892,2871,2858,2849,2835,2713,2833,2937,2908,2863,2846,2863,2841,2680,2804,2928,2887,2859,2861,2854,2809,2786,2802,2934,2913,2882,2855,2821,2806,2829,2819
TOF,2825,2750,2506,2402,2352,2300,2274,2099,2821,2733,2681,2663,2686,2777,2818,2615,2945,2897,2879,2862,2807,2640,2616,2641,2885,2889,2887,2863,2848,2835,2784,2802,2910,2906,2897,2848,2861,2828,2732,2779,2926,2890,2857,2841,2832,2825,2675,2796,2907,2905,2885,2850,2854,2808,2776,2821,2927,2916,2852,2842,2853,2808,2818,2785
TOF,2996,2599,2501,2386,2330,2324,2199,2099,2775,2705,2652,2724,2715,2783,2753,2359,2944,2905,2888,2877,2832,2695,2654,2607,2913,2891,2888,2853,2835,2843,2760,2804,2906,2875,2877,2863,2865,2835,2737,2812,2911,2883,2851,2861,2851,2822,2704,2799,2910,2882,2864,2845,2836,2815,2774,2788,2924,2910,2876,2845,2823,2792,2785,2812
TOF,2953,2599,2820,2386,2356,2326,2229,2099,2831,2754,2707,2777,2863,2783,2753,2359,2941,2900,2885,2857,2828,2695,2614,2652,2917,2913,2888,2862,2851,2822,2772,2810,2895,2902,2874,2882,2830,2810,2728,2783,2913,2901,2864,2839,2861,2818,2668,2770,2931,2901,2869,2865,2830,2810,2799,2808,2943,2904,2888,2846,2826,2794,2824,2825
TOF,2888,2599,2461,2424,2303,2325,2253,2099,2814,2693,2702,2646,2784,2828,2802,2398,2922,2914,2885,2851,2800,2715,2619,2575,2941,2911,2891,2876,2861,2831,2770,2802,2919,2913,2883,2872,2868,2844,2736,2806,2915,2895,2884,2843,2850,2811,2690,2794,2913,2908,2884,2853,2834,2816,2766,2807,2938,2918,2893,2838,2834,2807,2819,2787
TOF,2944,2599,2456,2424,2336,2267,2294,2070,2763,2741,2706,2739,2722,2815,2668,2430,2935,2917,2917,2878,2798,2739,2624,2699,2937,2891,2868,2868,2858,2852,2759,2791,2917,2907,2874,2892,2860,2823,2715,2771,2920,2879,2872,2849,2814,2825,2706,2807,2923,2888,2871,2848,2844,2774,2780,2827,2921,2917,2895,2855,2821,2836,2813,2776
TOF,2852,2827,2536,2414,2373,2324,2274,2103,2769,2729,2706,2655,2721,2801,2778,2361,2939,2921,2905,2855,2811,2712,2644,2607,2915,2899,2876,2870,2851,2840,2797,2788,2917,2892,2875,2845,2844,2818,2717,2799,2914,2898,2861,2868,2819,2823,2655,2790,2931,2896,2847,2845,2840,2809,2809,2786,2955,2876,2876,2852,2832,2786,2822,2798
TOF,2852,2899,2536,2384,2311,2330,2237,2122,2770,2699,2718,2675,2796,2751,2794,2361,2907,2908,2886,2860,2803,2722,2633,2650,2936,2905,2873,2852,2847,2840,2789,2797,2932,2907,2899,2851,2864,2841,2724,2812,2937,2878,2875,2848,2845,2822,2703,2793,2911,2892,2873,2844,2843,2842,2744,2794,2918,2902,2872,2865,2846,2801,2846,2824
TOF,2852,2899,2520,2423,2362,2347,2242,2014,2801,2751,2670,2746,2724,2759,2751,2474,2915,2899,2896,2872,2830,2688,2630,2598,2908,2891,2839,2872,2845,2844,2772,2782,2921,2887,2880,2913,2859,2831,2731,2809,2934,2892,2855,2876,2840,2823,2637,2809,2915,2893,2865,2849,2834,2821,2769,2813,2929,2914,2893,2875,2838,2792,2850,2817
TOF,2852,2899,2408,2402,2373,2322,2280,1986,2793,2735,2681,2726,2755,2835,2639,2474,2959,2909,2883,2857,2806,2734,2595,2602,2890,2907,2888,2851,2859,2835,2744,2792,2929,2892,2860,2876,2862,2821,2725,2814,2927,2872,2859,2848,2848,2858,2674,2803,2905,2891,2882,2865,2818,2829,2789,2799,2915,2894,2906,2875,2834,2815,2795,2803
TOF,2932,2899,2666,2394,2352,2318,2222,2005,2775,2740,2664,2725,2774,2784,2766,2733,2943,2905,2867,2877,2811,2700,2628,2607,2918,2899,2886,2873,2857,2823,2756,2803,2918,2916,2895,2855,2843,2825,2743,2795,2914,2895,2866,2862,2834,2812,2669,2814,2905,2874,2867,2847,2835,2815,2840,2789,2944,2904,2886,2838,2828,2794,2810,2809
TOF,2932,2899,2666,2390,2381,2304,2240,2221,2830,2756,2666,2676,2765,2822,2793,2856,2949,2925,2854,2842,2773,2753,2627,2608,2922,2903,2890,2867,2864,2843,2772,2811,2919,2880,2875,2871,2845,2811,2733,2809,2912,2861,2885,2861,2848,2834,2670,2804,2921,2883,2875,2861,2839,2823,2785,2820,2954,2908,2880,2862,2819,2804,2825,2802
TOF,2613,2426,2666,2366,2340,2278,2299,1899,2792,2731,2663,2686,2806,2752,2759,2856,2946,2909,2897,2853,2821,2735,2637,2624,2945,2895,2894,2874,2858,2846,2759,2794,2940,2913,2871,2845,2847,2833,2744,2778,2915,2881,2872,2852,2866,2809,2701,2817,2895,2884,2865,2849,2830,2809,2816,2800,2959,2884,2865,2828,2839,2817,2817,2790
TOF,2923,2426,2405,2370,2353,2331,2288,2047,2799,2745,2660,2768,2706,2735,2789,2420,2939,2908,2876,2872,2778,2726,2612,2582,2912,2898,2883,2870,2859,2840,2759,2779,2891,2895,2886,2868,2851,2824,2736,2783,2904,2874,2893,2868,2852,2836,2632,2819,2928,2888,2875,2831,2827,2813,2808,2820,2910,2877,2855,2851,2844,2786,2811,2791
TOF,2879,2502,2434,2420,2363,2316,2302,2212,2785,2777,2721,2730,2792,2817,2801,2342,2951,2916,2895,2858,2822,2680,2618,2654,2926,2892,2905,2877,2852,2832,2755,2788,2899,2901,2881,2857,2851,2845,2735,2807,2912,2887,2885,2872,2852,2832,2696,2792,2924,2891,2867,2857,2838,2822,2749,2823,2938,2906,2885,2865,2847,2798,2804,2820
TOF,2957,2502,2792,2381,2336,2322,2227,2102,2752,2687,2751,2691,2742,2818,2798,2342,2920,2892,2879,2872,2796,2760,2592,2621,2917,2902,2872,2892,2862,2832,2792,2794,2945,2889,2874,2864,2837,2838,2721,2789,2915,2883,2877,2841,2826,2837,2635,2788,2921,2882,2881,2845,2843,2810,2815,2802,2922,2896,2885,2847,2854,2761,2814,2819
TOF,2957,2888,2792,2444,2334,2317,2295,2102,2801,2708,2684,2719,2715,2810,2750,2798,2963,2895,2894,2874,2775,2805,2647,2603,2922,2904,2875,2865,2860,2826,2746,2788,2909,2921,2913,2852,2851,2819,2684,2808,2907,2880,2868,2855,2845,2825,2680,2820,2921,2883,2875,2853,2841,2807,2823,2809,2927,2901,2876,2833,2833,2823,2822,2840
TOF,2957,2921,2614,2398,2343,2310,2261,2068,2778,2710,2696,2731,2722,2815,2770,2667,2968,2916,2877,2860,2807,2722,2615,2591,2917,2906,2896,2854,2871,2836,2787,2811,2920,2902,2889,2884,2844,2816,2738,2789,2924,2888,2850,2840,2840,2807,2613,2787,2915,2890,2872,2875,2845,2829,2810,2801,2936,2895,2908,2854,2845,2819,2802,2778
TOF,2892,2921,2476,2382,2369,2298,2283,2068,2769,2729,2672,2735,2760,2704,2789,2396,2926,2914,2878,2877,2784,2735,2627,2594,2923,2904,2914,2899,2847,2836,2771,2810,2922,2888,2867,2866,2835,2820,2728,2802,2933,2879,2887,2862,2849,2834,2691,2804,2905,2896,2887,2849,2822,2825,2794,2792,2928,2903,2880,2855,2850,2790,2818,2821
TOF,2892,2921,2391,2476,2364,2305,2285,2176,2796,2697,2666,2670,2777,2785,2777,2396,2940,2883,2899,2862,2811,2727,2628,2630,2944,2898,2889,2876,2866,2833,2752,2786,2918,2899,2887,2856,2858,2824,2704,2808,2956,2896,2869,2873,2841,2844,2720,2803,2921,2909,2850,2854,2847,2822,2820,2808,2918,2907,2901,2848,2830,2794,2821,2801
TOF,2919,2921,2556,2351,2359,2309,2271,2068,2769,2763,2724,2673,2764,2754,2770,2516,2912,2911,2891,2870,2824,2752,2643,2641,2921,2920,2904,2876,2854,2821,2780,2797,2911,2893,2890,2844,2867,2828,2720,2786,2910,2877,2866,2858,2842,2833,2702,2811,2927,2895,2864,2864,2827,2824,2792,2818,2964,2885,2879,2851,2847,2787,2805,2818
TOF,2866,2921,2556,2437,2394,2318,2271,2068,2792,2744,2677,2676,2835,2751,2812,2516,2950,2921,2877,2852,2833,2729,2624,2650,2938,2902,2881,2860,2866,2833,2749,2797,2903,2893,2861,2901,2855,2826,2722,2802,2917,2884,2874,2870,2840,2823,2627,2816,2901,2892,2872,2859,2831,2812,2806,2796,2940,2900,2876,2862,2850,2809,2793,2829
TOF,2936,2921,2556,2407,2372,2300,2261,2154,2841,2756,2689,2690,2790,2775,2761,2516,2903,2917,2890,2871,2810,2767,2624,2645,2907,2897,2879,2871,2878,2835,2758,2784,2915,2912,2865,2850,2847,2844,2742,2825,2907,2890,2871,2863,2830,2833,2675,2792,2889,2913,2872,2845,2839,2819,2797,2806,2908,2896,2874,2858,2823,2765,2806,2824
TOF,2814,2900,2479,2393,2330,2306,2226,2181,2771,2726,2677,2679,2681,2791,2759,2857,2953,2889,2882,2860,2801,2756,2626,2604,2939,2906,2891,2865,2847,2835,2752,2795,2901,2903,2867,2870,2850,2848,2767,2811,2928,2893,2869,2855,2844,2803,2705,2797,2912,2885,2885,2850,2837,2805,2809,2795,2936,2894,2888,2881,2843,2773,2840,2822
TOF,2941,2900,2421,2454,2374,2328,2268,2181,2788,2733,2657,2647,2750,2793,2808,2683,2945,2917,2888,2856,2761,2750,2635,2612,2933,2893,2894,2889,2855,2842,2758,2775,2925,2894,2876,2865,2852,2828,2683,2798,2942,2880,2896,2854,2830,2826,2676,2782,2902,2898,2862,2861,2823,2820,2805,2774,2941,2907,2888,2832,2826,2795,2830,2826
TOF,2941,2919,2597,2432,2363,2295,2214,2135,2818,2740,2696,2749,2660,2773,2753,2683,2931,2923,2875,2881,2795,2760,2636,2636,2941,2898,2909,2874,2836,2815,2744,2788,2928,2921,2897,2873,2854,2833,2711,2796,2913,2912,2875,2860,2866,2844,2687,2780,2910,2900,2877,2845,2856,2817,2784,2786,2944,2907,2893,2852,2847,2808,2823,2799
TOF,2761,2919,2597,2410,2364,2280,2253,2079,2801,2733,2629,2698,2754,2728,2797,2374,2954,2933,2901,2858,2803,2732,2639,2609,2912,2907,2882,2877,2854,2820,2767,2808,2940,2870,2862,2869,2854,2823,2697,2821,2915,2895,2863,2857,2815,2812,2675,2804,2901,2873,2875,2868,2852,2824,2847,2803,2914,2910,2871,2882,2825,2804,2843,2823
TOF,2852,2919,2431,2320,2364,2324,2235,2079,2758,2727,2717,2716,2753,2753,2773,2775,2939,2907,2873,2864,2807,2708,2594,2614,2930,2914,2885,2890,2837,2848,2786,2808,2904,2909,2875,2881,2832,2845,2723,2814,2904,2857,2873,2859,2867,2820,2715,2786,2899,2894,2874,2841,2831,2809,2799,2796,2913,2888,2863,2861,2852,2798,2815,2828
TOF,2815,2884,2431,2376,2369,2336,2267,2122,2813,2752,2691,2680,2737,2791,2829,2748,2965,2921,2868,2852,2820,2656,2629,2641,2931,2907,2868,2861,2845,2851,2768,2796,2909,2892,2874,2871,2847,2813,2742,2799,2919,2893,2879,2854,2840,2810,2720,2800,2914,2908,2884,2846,2837,2841,2782,2796,2924,2901,2869,2868,2843,2818,2794,2793
TOF,2865,2911,2431,2376,2321,2328,2216,2053,2822,2767,2661,2790,2765,2742,2791,2732,2947,2913,2888,2840,2791,2724,2644,2580,2926,2905,2886,2867,2864,2816,2766,2772,2914,2916,2881,2843,2858,2828,2692,2791,2909,2888,2883,2860,2844,2810,2712,2790,2910,2896,2879,2848,2848,2833,2772,2799,2904,2904,2872,2865,2826,2827,2830,2822
TOF,2822,2852,2454,2378,2347,2300,2304,2025,2809,2752,2694,2691,2712,2783,2792,2314,2937,2916,2874,2873,2782,2686,2637,2582,2938,2906,2881,2859,2856,2832,2788,2777,2935,2910,2885,2870,2853,2827,2736,2810,2930,2874,2872,2858,2823,2785,2683,2798,2920,2907,2854,2852,2833,2802,2790,2786,2904,2904,2878,2863,2825,2803,2842,2827
TOF,2822,2852,2847,2378,2360,2300,2260,2165,2751,2762,2704,2703,2739,2769,2736,2314,2905,2893,2880,2866,2808,2752,2622,2576,2924,2913,2881,2879,2851,2847,2752,2835,2949,2872,2888,2855,2860,2825,2738,2806,2924,2861,2882,2860,2855,2828,2720,2793,2913,2895,2870,2839,2829,2809,2793,2795,2955,2887,2907,2846,2855,2800,2817,2797
TOF,2822,2852,2822,2396,2371,2308,2179,2033,2770,2733,2678,2707,2768,2748,2801,2480,2929,2903,2883,2848,2819,2689,2612,2646,2946,2911,2891,2881,2874,2826,2769,2779,2922,2913,2860,2859,2849,2833,2682,2786,2918,2915,2878,2857,2841,2838,2660,2804,2936,2881,2850,2840,2831,2816,2749,2805,2936,2893,2882,2840,2815,2783,2821,2799
TOF,2979,2852,2822,2404,2365,2246,2250,2033,2814,2720,2693,2700,2709,2801,2805,2530,2930,2887,2884,2858,2814,2763,2603,2601,2947,2914,2874,2870,2855,2831,2781,2797,2936,2902,2883,2876,2858,2853,2719,2790,2905,2911,2871,2838,2826,2805,2610,2814,2929,2883,2853,2844,2847,2816,2766,2813,2935,2885,2885,2847,2845,2780,2818,2801
TOF,2896,2852,2822,2460,2351,2327,2217,1894,2791,2722,2658,2682,2779,2792,2789,2334,2934,2908,2897,2858,2802,2709,2625,2603,2919,2907,2897,2865,2854,2805,2760,2796,2940,2895,2887,2859,2843,2832,2743,2802,2915,2893,2876,2848,2834,2824,2683,2823,2924,2883,2873,2851,2828,2800,2784,2788,2919,2916,2872,2857,2848,2803,2796,2814
TOF,2896,2819,2439,2365,2365,2270,2230,2163,2739,2720,2646,2663,2667,2808,2808,2525,2928,2909,2887,2863,2800,2727,2657,2643,2937,2912,2890,2880,2859,2835,2786,2807,2886,2898,2895,2859,2835,2846,2729,2811,2924,2890,2881,2865,2841,2839,2653,2811,2919,2897,2892,2832,2844,2815,2777,2821,2970,2891,2871,2839,2820,2783,2805,2786
TOF,2896,2819,2660,2395,2403,2332,2254,2164,2757,2732,2667,2663,2709,2770,2784,2525,2923,2880,2889,2860,2796,2732,2630,2610,2922,2900,2883,2884,2867,2839,2752,2794,2933,2914,2887,2880,2856,2824,2709,2784,2943,2906,2865,2883,2856,2839,2724,2812,2927,2864,2878,2862,2843,2816,2786,2795,2917,2910,2882,2849,2836,2791,2813,2812
TOF,2896,2819,2660,2404,2334,2342,2298,2164,2797,2746,2692,2646,2735,2835,2802,2418,2942,2903,2885,2868,2774,2732,2635,2606,2922,2905,2880,2862,2845,2828,2794,2800,2937,2923,2872,2881,2844,2841,2755,2799,2914,2917,2847,2870,2854,2846,2726,2801,2925,2882,2841,2856,2843,2814,2769,2809,2902,2913,2885,2879,2823,2817,2810,2799
TOF,2742,2934,2501,2391,2375,2324,2262,2164,2790,2707,2668,2726,2654,2771,2818,2418,2935,2916,2900,2865,2833,2696,2644,2604,2940,2887,2891,2883,2845,2852,2747,2791,2895,2895,2872,2877,2862,2840,2706,2830,2919,2887,2881,2861,2846,2833,2658,2800,2910,2883,2857,2877,2837,2819,2785,2803,2940,2913,2887,2861,2830,2800,2841,2822
TOF,2742,2801,2501,2403,2348,2326,2287,2076,2775,2734,2672,2702,2729,2782,2791,2418,2941,2916,2887,2868,2805,2807,2638,2595,2911,2901,2870,2886,2845,2823,2767,2792,2916,2929,2883,2868,2861,2848,2749,2782,2886,2895,2858,2871,2844,2819,2683,2806,2938,2890,2893,2850,2832,2805,2836,2799,2975,2907,2888,2862,2875,2829,2853,2802
TOF,2742,2801,2501,2384,2413,2328,2293,2137,2827,2731,2722,2759,2750,2793,2785,2349,2928,2928,2878,2857,2795,2736,2630,2661,2919,2913,2879,2856,2850,2831,2753,2813,2905,2906,2857,2852,2848,2828,2739,2794,2916,2888,2869,2845,2838,2829,2635,2803,2917,2896,2882,2863,2839,2834,2811,2809,2951,2912,2871,2844,2831,2807,2833,2826
TOF,2763,2798,2521,2421,2362,2333,2301,2137,2794,2704,2701,2705,2767,2850,2827,2349,2950,2921,2904,2882,2838,2696,2607,2590,2900,2881,2905,2873,2848,2816,2774,2790,2918,2905,2871,2865,2851,2842,2686,2815,2917,2892,2859,2856,2834,2827,2666,2785,2943,2904,2839,2849,2829,2830,2798,2817,2957,2895,2872,2854,2837,2782,2830,2823
TOF,2891,2798,2521,2311,2348,2329,2253,2105,2792,2729,2672,2634,2741,2766,2811,2349,2934,2911,2870,2857,2775,2714,2633,2606,2937,2914,2881,2869,2854,2863,2748,2785,2937,2896,2856,2885,2841,2830,2730,2816,2930,2892,2864,2863,2844,2829,2693,2806,2910,2887,2864,2853,2848,2835,2803,2801,2949,2906,2877,2847,2834,2805,2821,2770
TOF,2965,2798,2473,2311,2405,2318,2295,2033,2787,2755,2715,2737,2733,2795,2814,2696,2935,2911,2886,2859,2823,2676,2597,2633,2936,2906,2875,2887,2844,2846,2766,2781,2923,2918,2875,2833,2846,2842,2703,2813,2911,2881,2852,2864,2827,2822,2710,2797,2940,2901,2871,2866,2840,2798,2791,2826,2928,2885,2875,2847,2848,2789,2828,2807
TOF,2871,2835,2416,2429,2363,2336,2230,2073,2827,2800,2719,2709,2689,2767,2799,2353,2951,2901,2896,2862,2830,2694,2605,2604,2903,2895,2891,2883,2863,2837,2766,2796,2936,2908,2883,2870,2850,2824,2689,2789,2944,2916,2879,2862,2852,2798,2742,2793,2894,2894,2890,2868,2834,2826,2786,2833,2937,2880,2876,2870,2868,2805,2826,2830
TOF,2871,2835,2434,2393,2350,2270,2286,2073,2773,2770,2660,2719,2718,2784,2757,2417,2935,2894,2875,2855,2818,2708,2641,2666,2909,2900,2876,2894,2844,2840,2790,2795,2917,2907,2886,2853,2856,2826,2725,2786,2910,2887,2869,2860,2849,2807,2697,2775,2902,2890,2894,2855,2836,2813,2812,2830,2951,2895,2879,2857,2840,2810,2806,2826
TOF,2948,2835,2408,2406,2377,2317,2264,2219,2744,2742,2714,2660,2790,2772,2757,2354,2904,2905,2870,2873,2791,2723,2644,2647,2918,2912,2896,2860,2855,2827,2784,2811,2904,2897,2863,2868,2863,2821,2744,2815,2930,2867,2885,2851,2858,2833,2660,2809,2902,2898,2881,2844,2844,2807,2786,2797,2878,2884,2875,2879,2827,2793,2825,2829
TOF,2892,2835,2474,2383,2350,2295,2276,2007,2831,2715,2703,2769,2833,2809,2809,2343,2928,2916,2867,2850,2803,2712,2638,2578,2901,2899,2880,2878,2861,2809,2762,2806,2913,2896,2888,2863,2850,2834,2708,2774,2911,2891,2862,2860,2822,2839,2722,2813,2923,2886,2869,2839,2834,2820,2838,2775,2911,2893,2901,2851,2824,2816,2822,2781
TOF,2892,2835,2474,2542,2338,2273,2264,2059,2789,2756,2690,2721,2743,2803,2801,2363,2927,2904,2889,2853,2828,2724,2638,2579,2945,2905,2890,2862,2856,2847,2775,2791,2904,2919,2886,2871,2845,2829,2709,2790,2907,2895,2863,2852,2863,2835,2720,2802,2922,2873,2867,2869,2829,2831,2804,2781,2928,2938,2872,2850,2837,2793,2803,2809
TOF,3035,2835,2456,2542,2348,2357,2279,2059,2775,2778,2687,2679,2795,2843,2774,2358,2945,2909,2895,2856,2824,2633,2631,2648,2922,2900,2892,2884,2850,2850,2760,2810,2926,2905,2881,2863,2853,2820,2695,2798,2927,2892,2868,2850,2811,2804,2740,2792,2917,2902,2845,2871,2838,2804,2767,2787,2941,2906,2856,2871,2834,2769,2787,2832
TOF,2921,2885,2456,2364,2388,2313,2224,2059,2840,2765,2656,2743,2721,2774,2818,2770,2936,2914,2902,2864,2822,2668,2611,2605,2947,2891,2885,2874,2867,2825,2744,2798,2923,2906,2890,2871,2857,2850,2671,2815,2926,2891,2892,2859,2833,2803,2702,2785,2913,2901,2865,2825,2838,2829,2771,2798,2943,2901,2899,2860,2849,2788,2807,2821
TOF,2921,2885,2456,2399,2345,2331,2294,2059,2789,2712,2707,2711,2738,2786,2732,2770,2943,2910,2905,2853,2825,2786,2658,2557,2939,2889,2876,2861,2859,2816,2787,2794,2909,2899,2872,2864,2837,2812,2735,2795,2939,2890,2866,2849,2833,2845,2619,2803,2922,2902,2871,2837,2832,2817,2751,2792,2944,2874,2876,2860,2834,2789,2852,2773
TOF,2921,2885,2565,2403,2353,2309,2183,2059,2801,2721,2684,2743,2749,2712,2795,2487,2942,2915,2913,2845,2826,2738,2612,2621,2912,2894,2861,2882,2863,2827,2794,2816,2906,2892,2878,2874,2840,2836,2673,2802,2917,2877,2884,2860,2835,2823,2637,2812,2938,2882,2866,2865,2842,2820,2806,2797,2935,2927,2898,2855,2829,2810,2807,2831
TOF,2858,2885,2596,2415,2304,2336,2280,2123,2772,2715,2664,2694,2784,2798,2750,2487,2923,2885,2915,2869,2824,2702,2652,2639,2910,2899,2886,2877,2852,2813,2748,2800,2940,2900,2876,2865,2841,2839,2710,2824,2930,2894,2874,2847,2818,2815,2610,2809,2899,2893,2867,2867,2855,2820,2769,2782,2937,2884,2852,2857,2821,2778,2808,2812
TOF,2893,2885,2499,2378,2371,2300,2300,2121,2752,2742,2661,2765,2724,2781,2818,2381,2930,2897,2897,2875,2789,2727,2607,2584,2943,2898,2897,2864,2864,2845,2764,2782,2937,2907,2868,2842,2868,2839,2731,2788,2892,2893,2872,2842,2845,2833,2701,2782,2905,2891,2855,2842,2830,2814,2781,2796,2934,2905,2883,2847,2844,2800,2827,2818
TOF,2945,2893,2501,2385,2349,2324,2186,2121,2768,2718,2685,2730,2800,2782,2759,2696,2946,2910,2896,2861,2829,2710,2619,2630,2913,2909,2866,2887,2863,2838,2755,2791,2922,2896,2898,2881,2839,2828,2750,2788,2906,2877,2855,2874,2855,2817,2710,2819,2900,2885,2865,2867,2844,2813,2773,2817,2924,2896,2877,2858,2823,2802,2831,2823
TOF,2930,2893,2484,2402,2372,2322,2252,2148,2813,2747,2655,2657,2772,2844,2799,2682,2946,2934,2869,2845,2807,2673,2624,2640,2914,2890,2890,2861,2873,2837,2758,2807,2955,2890,2907,2877,2857,2813,2732,2800,2912,2878,2880,2860,2843,2852,2684,2803,2920,2880,2881,2899,2830,2801,2788,2811,2890,2890,2874,2852,2851,2801,2825,2809
TOF,2809,2839,2386,2439,2341,2264,2262,2148,2802,2755,2650,2717,2742,2843,2814,2682,2965,2915,2889,2855,2813,2736,2642,2580,2918,2903,2896,2865,2876,2842,2782,2782,2916,2914,2902,2883,2851,2842,2733,2819,2934,2861,2847,2855,2863,2816,2710,2807,2880,2891,2859,2864,2849,2808,2773,2781,2912,2894,2877,2861,2848,2836,2813,2799
TOF,2809,2772,2694,2388,2372,2320,2261,2148,2828,2741,2669,2692,2752,2830,2824,2427,2952,2897,2905,2876,2800,2742,2633,2689,2912,2902,2873,2869,2866,2840,2768,2798,2951,2893,2877,2873,2859,2831,2760,2804,2885,2892,2874,2854,2856,2823,2680,2800,2907,2896,2866,2847,2848,2807,2781,2805,2944,2913,2876,2846,2839,2814,2808,2795
TOF,2891,2772,2690,2402,2365,2366,2244,2148,2819,2722,2662,2747,2694,2797,2797,2427,2928,2905,2879,2864,2822,2781,2640,2625,2912,2903,2888,2898,2853,2852,2776,2783,2923,2887,2847,2843,2843,2836,2718,2816,2926,2887,2864,2864,2856,2826,2736,2786,2876,2893,2863,2840,2820,2802,2778,2795,2945,2896,2878,2859,2847,2790,2853,2796
TOF,2618,2772,2743,2417,2350,2292,2263,2165,2815,2699,2679,2732,2739,2742,2761,2719,2933,2917,2877,2881,2806,2735,2638,2576,2939,2894,2880,2885,2864,2824,2747,2802,2936,2889,2888,2867,2861,2831,2710,2803,2949,2887,2877,2855,2880,2834,2715,2800,2915,2898,2864,2841,2818,2802,2818,2815,2931,2901,2881,2860,2861,2828,2809,2803
TOF,2862,2910,2743,2371,2376,2330,2298,2176,2762,2730,2708,2683,2727,2807,2799,2719,2943,2901,2877,2850,2803,2701,2623,2602,2937,2914,2849,2861,2852,2845,2743,2799,2907,2897,2881,2838,2855,2835,2715,2853,2899,2879,2878,2844,2830,2840,2668,2797,2918,2890,2871,2855,2829,2825,2799,2800,2944,2897,2898,2839,2824,2798,2813,2813
TOF,2852,2855,2743,2439,2356,2311,2281,2176,2746,2726,2661,2710,2755,2771,2804,2391,2937,2927,2899,2845,2793,2678,2607,2578,2951,2895,2889,2883,2843,2829,2785,2779,2941,2929,2892,2874,2848,2837,2699,2797,2920,2874,2859,2858,2847,2834,2684,2786,2917,2893,2879,2848,2834,2793,2770,2791,2937,2908,2881,2860,2846,2793,2832,2857
TOF,2852,2855,2743,2401,2376,2349,2301,2066,2790,2724,2645,2631,2736,2781,2804,2391,2927,2906,2892,2871,2811,2739,2633,2592,2953,2896,2870,2850,2842,2825,2730,2807,2921,2908,2890,2877,2844,2829,2724,2799,2917,2880,2879,2853,2813,2820,2644,2799,2925,2866,2870,2845,2807,2812,2807,2811,2944,2894,2897,2855,2850,2792,2846,2819
TOF,2852,2855,2699,2378,2350,2332,2252,2066,2827,2731,2655,2678,2727,2778,2850,2544,2904,2895,2867,2872,2811,2717,2649,2675,2928,2898,2895,2876,2866,2858,2790,2787,2915,2905,2857,2853,2859,2831,2700,2817,2921,2893,2864,2857,2848,2830,2676,2800,2897,2886,2873,2871,2854,2819,2778,2799,2926,2880,2865,2851,2840,2789,2827,2804
TOF,2852,2855,2487,2437,2345,2275,2214,2054,2723,2706,2674,2686,2729,2829,2741,2412,2962,2925,2878,2869,2785,2730,2657,2643,2948,2909,2874,2842,2845,2844,2734,2799,2933,2903,2896,2883,2847,2813,2689,2824,2899,2897,2859,2888,2837,2835,2691,2794,2927,2870,2848,2868,2813,2795,2789,2808,2912,2911,2885,2841,2844,2814,2820,2815
TOF,2919,2855,2512,2380,2344,2263,2255,2054,2779,2701,2688,2705,2685,2830,2821,2354,2926,2898,2895,2836,2781,2726,2614,2643,2926,2894,2882,2874,2839,2808,2747,2801,2927,2913,2884,2882,2851,2848,2720,2790,2924,2915,2878,2858,2840,2822,2643,2815,2898,2912,2871,2848,2834,2817,2822,2806,2909,2916,2868,2833,2853,2820,2831,2798
TOF,2931,2875,2472,2394,2361,2293,2215,2131,2758,2719,2631,2666,2753,2729,2785,2445,2939,2905,2907,2870,2789,2702,2586,2584,2923,2905,2871,2876,2867,2827,2711,2794,2934,2894,2894,2880,2859,2840,2752,2822,2943,2871,2888,2860,2837,2833,2696,2816,2917,2903,2869,2861,2854,2803,2779,2813,2934,2892,2882,2855,2830,2809,2811,2859
TOF,2866,2875,2490,2464,2351,2314,2251,2131,2816,2707,2679,2704,2721,2813,2772,2538,2946,2918,2881,2858,2817,2719,2624,2650,2954,2889,2889,2875,2853,2844,2791,2787,2914,2887,2875,2877,2868,2838,2735,2806,2932,2906,2870,2857,2865,2823,2643,2811,2924,2899,2876,2850,2846,2808,2771,2812,2926,2891,2853,2858,2838,2779,2821,2818
TOF,2937,2875,2537,2369,2348,2328,2217,2131,2744,2766,2691,2724,2741,2823,2712,2538,2965,2914,2900,2849,2769,2723,2605,2600,2907,2895,2884,2868,2846,2839,2787,2766,2911,2888,2902,2856,2842,2834,2735,2843,2886,2884,2874,2865,2818,2819,2656,2794,2915,2883,2870,2845,2833,2822,2789,2796,2953,2899,2884,2856,2852,2807,2799,2809
TOF,3008,2717,2537,2355,2367,2282,2244,2186,2778,2744,2678,2681,2801,2787,2804,2393,2925,2903,2878,2863,2806,2702,2631,2607,2921,2909,2876,2881,2857,2844,2768,2796,2890,2923,2871,2864,2865,2830,2711,2827,2947,2888,2875,2852,2862,2830,2675,2795,2907,2897,2851,2860,2849,2813,2821,2824,2939,2908,2885,2862,2835,2785,2817,2796
TOF,3008,2883,2629,2400,2376,2310,2232,2186,2775,2673,2666,2700,2728,2792,2804,2371,2967,2915,2888,2902,2780,2736,2644,2587,2934,2886,2930,2884,2854,2843,2791,2805,2954,2876,2891,2874,2854,2815,2730,2802,2902,2875,2885,2856,2846,2828,2691,2823,2931,2912,2850,2857,2843,2804,2792,2795,2944,2903,2875,2866,2826,2787,2828,2794
TOF,2665,2696,2629,2423,2372,353,321,328,2810,2750,2698,2757,2713,2788,2808,2371,2955,2912,2896,2853,2847,2722,2680,2620,2935,2915,2879,2882,2845,2839,2728,2776,2925,2885,2886,2867,2839,2845,2715,2795,2898,2910,2858,2882,2851,2825,2676,2810,2926,2891,2875,2844,2848,2826,2803,2801,2909,2886,2858,2844,2833,2811,2819,2796
TOF,2665,2696,2760,2420,2358,2329,2267,277,2763,2739,2648,2711,2760,2794,2812,281,2934,2905,2897,2841,2794,2733,2634,2618,2937,2911,2881,2860,2858,2829,2762,2798,2874,2882,2889,2874,2872,2822,2700,2822,2930,2870,2873,2854,2851,2839,2669,2801,2895,2902,2878,2846,2845,2817,2801,2783,2928,2914,2879,2832,2829,2777,2803,2817
TOF,2919,2696,2760,2357,2350,2317,2274,2080,2750,2728,2686,2747,2743,2807,2783,281,2930,2916,2874,2877,2773,2729,2641,2652,2918,2916,2860,2863,2858,2838,2767,2816,2919,2906,2891,2860,2858,2822,2702,2787,2932,2898,2882,2871,2847,2818,2634,2813,2918,2889,2882,2843,2858,2814,2825,2784,2905,2907,2876,2868,2828,2807,2838,2814
TOF,2916,2696,2760,2408,2315,2320,2241,1880,2824,2730,2669,2774,2753,2748,2880,281,2963,2914,2882,2870,2793,2753,2670,2612,2905,2930,2880,2862,2844,2844,2754,2789,2939,2914,2872,2861,2846,2838,2737,2797,2930,2897,2888,2844,2838,2805,2683,2821,2915,2878,2839,2837,2832,2817,2768,2801,2945,2873,2869,2833,2828,2790,2813,2820
TOF,2896,2877,2426,2365,2351,2296,2280,2173,2822,2760,2676,2685,2772,2744,2795,2396,2959,2894,2896,2862,2805,2696,2648,2620,2923,2898,2874,2881,2853,2841,2757,2791,2934,2906,2891,2872,2860,2842,2703,2802,2908,2910,2873,2863,2862,2814,2672,2803,2922,2894,2866,2840,2852,2818,2811,2804,2919,2902,2885,2849,2823,2803,2811,2766
TOF,2896,2877,2426,2413,2325,2326,2324,2107,2825,2730,2663,2666,2691,2833,2791,2396,2943,2907,2886,2849,2790,2675,2627,2590,2905,2908,2887,2875,2866,2843,2756,2813,2917,2880,2873,2878,2863,2810,2705,2788,2896,2895,2863,2857,2856,2830,2728,2799,2904,2909,2869,2899,2832,2817,2783,2796,2937,2922,2887,2840,2830,2798,2839,2842
TOF,2896,2877,2862,2406,2362,2283,2261,2157,2769,2737,2677,2722,2820,2816,2789,2806,2941,2919,2891,2880,2797,2741,2648,2588,2932,2897,2897,2861,2858,2837,2754,2796,2926,2868,2889,2868,2862,2832,2733,2795,2924,2906,2867,2862,2818,2813,2695,2802,2920,2915,2860,2851,2843,2817,2802,2783,2935,2886,2863,2833,2868,2808,2806,2809
TOF,2924,2877,2433,2410,2369,2318,2282,2157,2792,2738,2714,2699,2695,2765,2799,2806,2944,2910,2897,2853,2818,2719,2631,2599,2904,2897,2886,2875,2857,2830,2772,2800,2934,2896,2881,2853,2860,2824,2713,2779,2917,2880,2871,2867,2833,2806,2673,2802,2927,2863,2880,2840,2839,2846,2743,2797,2959,2909,2879,2876,2852,2817,2829,2837
TOF,2870,2877,2433,2388,2357,2359,2227,2213,2772,2748,2667,2698,2767,2803,2757,2464,2959,2913,2898,2878,2790,2758,2619,2652,2919,2913,2880,2893,2855,2824,2781,2791,2912,2906,2883,2869,2846,2827,2681,2794,2905,2892,2875,2876,2836,2818,2644,2768,2930,2932,2870,2858,2852,2821,2808,2797,2920,2889,2867,2856,2831,2786,2805,2812
TOF,2924,2843,2433,2388,2360,2290,2243,2138,2749,2738,2679,2739,2723,2733,2766,2667,2916,2910,2879,2851,2798,2646,2615,2615,2926,2921,2872,2875,2868,2833,2779,2808,2933,2908,2869,2874,2836,2832,2733,2808,2908,2899,2852,2861,2850,2821,2669,2799,2926,2882,2854,2865,2836,2814,2800,2805,2917,2915,2872,2849,2845,2797,2810,2820
TOF,2734,2843,2703,2363,2357,93,89,81,2843,2744,2691,2739,2746,2751,2781,87,2935,2912,2894,2871,2815,2733,2640,2629,2911,2915,2867,2865,2860,2825,2762,2803,2923,2913,2886,2857,2842,2825,2721,2832,2914,2905,2880,2840,2843,2813,2666,2786,2924,2902,2862,2852,2839,2836,2784,2791,2960,2912,2889,2849,2830,2802,2816,2823
TOF,2865,199,2789,2348,2356,124,137,109,2861,2734,2743,115,104,124,90,108,2934,2918,2898,2853,2913,94,97,96,2950,2911,2889,2872,2843,2829,2758,2804,2893,2914,2881,2853,2864,2824,2699,2811,2889,2903,2850,2852,2852,2814,2698,2804,2896,2906,2874,2866,2831,2830,2761,2807,2901,2886,2887,2864,2849,2790,2800,2815
TOF,2843,196,2867,2411,140,155,162,130,2824,2694,2673,140,134,164,149,110,2958,2905,2903,2911,132,109,136,132,2942,2918,2887,2880,2912,119,2767,141,2916,2911,2866,2854,2875,2835,2725,2806,2899,2900,2881,2880,2851,2817,2729,2801,2900,2906,2869,2861,2853,2811,2814,2812,2920,2903,2880,2868,2851,2795,2824,2809
TOF,2602,229,2857,128,140,175,176,168,2793,2719,2646,161,165,179,134,148,2906,2916,154,143,135,134,149,130,2927,2922,2894,2869,143,146,145,2796,2926,2888,2883,2865,2849,2838,2696,2807,2934,2900,2854,2844,2851,2829,2719,2792,2928,2893,2868,2866,2851,2832,2815,2785,2943,2872,2895,2875,2835,2832,2819,2839
TOF,2809,2860,2881,143,147,188,182,178,2857,2647,183,158,169,165,135,157,2928,2917,177,165,155,146,159,147,2899,2901,2895,2882,2844,182,173,2780,2956,2907,2878,2874,2830,2825,2729,2779,2906,2910,2870,2869,2830,2827,2780,2782,2929,2888,2868,2857,2829,2809,2820,2828,2929,2910,2901,2862,2857,2795,2840,2799
TOF,223,229,2410,142,138,180,130,163,2888,2762,173,140,147,134,139,126,2946,2927,162,165,151,143,156,145,2955,2910,2855,2857,2840,2835,184,2797,2923,2903,2869,2871,2837,2824,2764,2801,2935,2942,2861,2862,2866,2834,2784,2828,2915,2906,2872,2848,2826,2828,2765,2771,2915,2916,2887,2867,2830,2818,2804,2848
TOF,2943,2854,102,105,106,141,138,98,2774,2698,132,99,118,88,144,109,2944,2904,116,126,113,110,108,128,2932,2892,2867,2865,2829,2834,136,2852,2923,2876,2871,2863,2851,2822,2705,2844,2921,2865,2862,2869,2829,2839,2754,2798,2927,2892,2870,2844,2846,2820,2786,2802,2917,2881,2860,2851,2846,2807,2804,2809
TOF,139,2718,110,80,86,104,134,128,2799,2743,93,92,88,125,92,125,2941,108,101,95,91,73,80,109,2979,2901,2921,2876,99,92,83,99,2901,2900,2896,2872,2844,2821,2729,2794,2935,2890,2868,2854,2887,2823,2670,2799,2907,2890,2890,2857,2833,2802,2785,2805,2909,2887,2884,2835,2845,2811,2823,2805
TOF,2834,228,2737,166,152,124,163,164,2775,2741,2651,2811,116,141,162,179,2932,2926,2878,140,145,126,151,121,2929,2906,2874,2881,138,145,113,153,2918,2902,2867,2873,2852,2829,2734,2807,2901,2874,2865,2858,2825,2842,2750,2816,2913,2888,2874,2861,2821,2798,2806,2809,2934,2873,2872,2875,2833,2812,2813,2808
TOF,2797,262,251,2380,2400,176,179,197,2762,2734,2667,2866,2819,195,196,218,2958,2924,2906,2857,214,182,207,168,2920,2908,2892,2871,2850,2845,165,201,2910,2894,2880,2883,2849,2810,2694,2797,2891,2913,2872,2856,2824,2843,2804,2806,2933,2906,2881,2854,2842,2814,2792,2802,2949,2921,2861,2858,2882,2796,2793,2789
TOF,2797,2787,251,2422,2352,234,201,222,2765,2748,2647,2760,2789,226,210,237,2947,2918,2884,2845,2820,219,227,199,2914,2902,2861,2876,2852,2825,210,236,2914,2892,2875,2858,2846,2827,2728,2833,2904,2897,2868,2870,2856,2829,2712,2824,2932,2906,2877,2858,2835,2809,2793,2809,2929,2864,2891,2852,2843,2799,2835,2814
TOF,2797,2792,2497,2381,2336,200,196,220,2812,2748,2676,2752,2707,186,211,204,2947,2915,2892,2870,2808,210,205,192,2932,2916,2906,2878,2853,2855,224,234,2931,2909,2854,2886,2843,2817,2756,2797,2911,2881,2865,2872,2818,2850,2782,2778,2917,2896,2853,2860,2847,2823,2814,2785,2925,2911,2868,2819,2846,2777,2822,2783
TOF,2861,225,2533,2398,2355,144,156,187,2824,2693,2657,2673,2777,141,186,125,2964,2905,2879,2862,2825,156,157,155,2940,2905,2895,2881,2864,2827,176,152,2918,2918,2866,2884,2844,2825,2758,2782,2929,2913,2862,2857,2844,2812,2643,2803,2913,2906,2858,2846,2830,2819,2786,2810,2929,2892,2888,2852,2847,2777,2820,2839
TOF,2845,2470,2714,2404,112,110,107,153,2828,2725,2740,2667,118,114,150,122,2941,2906,2873,2877,122,113,104,120,2937,2892,2881,2869,2861,2849,119,126,2941,2912,2880,2860,2858,2818,2772,2789,2945,2880,2875,2868,2849,2837,2566,2799,2908,2895,2875,2858,2858,2797,2784,2792,2943,2885,2890,2866,2839,2830,2803,2831
TOF,2945,2841,211,2394,135,117,114,115,2827,2731,2720,2670,2786,130,117,117,2931,2909,2877,2876,2808,140,133,123,2924,2903,2862,2892,2852,2834,2763,2797,2932,2903,2883,2857,2840,2818,2716,2799,2938,2885,2891,2875,2834,2839,2480,2823,2921,2897,2852,2843,2827,2822,2789,2817,2900,2933,2870,2853,2814,2784,2826,2809
TOF,2878,254,2418,2377,124,113,107,104,2752,2734,2657,2698,2831,129,121,117,2925,2890,2893,2872,2861,2720,2615,136,2894,2908,2892,2873,2864,2828,2791,2797,2910,2882,2871,2861,2855,2842,2757,2778,2912,2887,2848,2863,2830,2812,2767,2795,2925,2892,2870,2880,2847,2827,2771,2777,2923,2891,2881,2873,2855,2802,2808,2805
TOF,2923,2809,2456,2405,2373,119,2331,110,2808,2787,2670,2672,2800,2771,2842,2682,2932,2923,2870,2860,2818,2715,2636,2652,2948,2910,2883,2859,2862,2832,2758,2805,2915,2917,2869,2869,2832,2820,2812,2809,2912,2910,2865,2845,2852,2838,2692,2808,2926,2878,2861,2851,2837,2814,2809,2787,2922,2893,2885,2870,2816,2809,2843,2824
TOF,2923,2809,2456,2403,2399,2305,2324,110,2860,2734,2715,2694,2812,2850,2790,2701,2933,2913,2891,2859,2811,2762,2624,2580,2947,2901,2890,2860,2851,2830,2771,2796,2924,2897,2877,2859,2854,2829,2701,2820,2909,2886,2858,2854,2854,2799,2662,2808,2916,2863,2875,2867,2849,2830,2815,2804,2916,2888,2864,2847,2850,2805,2816,2803
TOF,2923,2816,2447,2367,2388,2317,2216,2079,2808,2711,2687,2725,2728,2773,2694,2321,2927,2905,2899,2853,2830,2822,2622,2643,2918,2922,2881,2869,2834,2838,2771,2800,2912,2879,2882,2847,2853,2826,2736,2801,2930,2877,2871,2866,2836,2838,2736,2827,2909,2916,2871,2846,2820,2812,2843,2795,2949,2916,2868,2875,2844,2816,2813,2809
TOF,2950,2816,2447,2398,2342,2318,2255,2089,2810,2735,2666,2714,2703,2811,2730,2618,2942,2899,2904,2861,2836,2677,2633,2611,2913,2923,2898,2863,2895,2823,2772,2802,2909,2895,2892,2852,2845,2842,2739,2787,2922,2897,2869,2851,2837,2817,2785,2786,2902,2907,2847,2840,2857,2815,2796,2796,2939,2910,2875,2865,2848,2804,2838,2776
TOF,2780,2466,2447,2398,2340,2319,2221,2089,2796,2710,2701,2745,2728,2861,2816,2618,2954,2941,2861,2869,2838,2698,2644,2594,2900,2911,2884,2866,2835,2828,2762,2808,2926,2869,2877,2850,2842,2823,2731,2804,2931,2893,2864,2861,2859,2831,2686,2802,2928,2894,2893,2843,2861,2803,2768,2805,2949,2921,2858,2857,2841,2809,2825,2805
TOF,2780,2653,2447,2411,2354,2298,2244,2089,2795,2714,2707,2672,2780,2812,2822,2704,2941,2908,2887,2858,2798,2758,2610,2576,2927,2910,2886,2868,2839,2834,2789,2812,2911,2882,2889,2850,2849,2839,2669,2809,2905,2908,2864,2872,2841,2822,2709,2813,2900,2921,2838,2857,2827,2810,2769,2818,2924,2931,2854,2850,2827,2806,2849,2842
TOF,2696,2653,2442,2405,2369,2295,2246,1952,2756,2733,2706,2740,2764,2750,2764,2704,2937,2903,2895,2859,2831,2764,2634,2594,2929,2894,2910,2875,2856,2861,2739,2802,2920,2869,2886,2862,2853,2847,2706,2787,2902,2915,2876,2863,2857,2827,2620,2776,2930,2888,2864,2872,2830,2830,2783,2798,2938,2879,2855,2842,2848,2811,2833,2794
TOF,2867,2653,2387,2396,2335,2310,2219,2128,2808,2714,2647,2725,2654,2791,2774,2704,2956,2903,2876,2852,2798,2711,2615,2638,2941,2911,2891,2860,2882,2827,2752,2796,2934,2901,2868,2865,2858,2823,2739,2801,2918,2890,2880,2846,2855,2837,2651,2786,2926,2900,2856,2858,2825,2820,2780,2796,2920,2922,2876,2861,2812,2810,2835,2826
TOF,2884,2446,2387,2382,2359,2319,2257,2245,2778,2741,2661,2782,2696,2790,2785,2704,2959,2909,2876,2865,2810,2718,2613,2621,2927,2883,2884,2868,2860,2848,2756,2800,2966,2888,2889,2869,2854,2828,2733,2814,2897,2893,2874,2867,2835,2827,2679,2811,2926,2928,2871,2831,2841,2808,2791,2808,2937,2889,2875,2858,2838,2777,2807,2819
TOF,2884,2446,2531,2414,2349,2348,2224,2245,2800,2708,2662,2753,2720,2829,2720,2602,2926,2887,2889,2863,2814,2746,2655,2617,2907,2895,2869,2874,2862,2853,2739,2791,2924,2871,2860,2848,2828,2817,2728,2807,2950,2906,2865,2863,2845,2828,2648,2777,2919,2902,2859,2862,2850,2788,2831,2788,2890,2917,2864,2813,2817,2800,2800,2799
TOF,2820,2954,2449,2433,2306,2321,2285,2245,2745,2728,2656,2692,2675,2768,2679,2378,2938,2901,2888,2868,2849,2738,2624,2615,2924,2941,2888,2872,2861,2833,2797,2805,2923,2892,2875,2870,2857,2841,2715,2800,2907,2893,2851,2865,2851,2829,2679,2807,2884,2890,2861,2846,2824,2813,2798,2798,2953,2877,2879,2869,2828,2810,2832,2794
TOF,2802,2954,2425,2379,2364,2298,2243,2245,2812,2720,2662,2669,2713,2749,2807,2491,2947,2896,2884,2850,2813,2694,2617,2598,2949,2924,2868,2870,2852,2839,2763,2821,2939,2907,2863,2877,2843,2834,2683,2811,2935,2867,2854,2858,2847,2846,2666,2791,2913,2892,2870,2859,2840,2818,2845,2774,2917,2902,2874,2842,2830,2787,2829,2804
TOF,2849,2954,2382,2492,2349,2291,2250,2245,2830,2726,2716,2701,2774,2818,2797,2491,2933,2918,2868,2878,2804,2730,2634,2612,2943,2906,2889,2882,2852,2824,2760,2784,2937,2903,2883,2883,2855,2843,2677,2815,2914,2895,2878,2844,2861,2824,2692,2814,2908,2886,2865,2860,2825,2801,2790,2786,2932,2901,2855,2845,2851,2829,2817,2803
TOF,2719,2574,2377,2372,2340,2270,2257,2245,2787,2719,2678,2696,2722,2731,2811,2352,2922,2922,2879,2863,2807,2740,2642,2592,2925,2885,2882,2859,2847,2830,2748,2815,2930,2879,2882,2859,2852,2840,2715,2788,2925,2914,2879,2859,2845,2810,2687,2795,2900,2891,2869,2869,2838,2815,2776,2796,2901,2902,2875,2849,2837,2799,2851,2807
TOF,2830,2574,2377,2386,2363,2267,2280,2134,2789,2762,2722,2729,2770,2655,2775,2353,2951,2933,2906,2861,2820,2725,2613,2585,2898,2915,2874,2876,2852,2826,2744,2794,2914,2902,2894,2878,2855,2843,2719,2810,2927,2887,2871,2850,2823,2831,2719,2797,2913,2879,2852,2848,2850,2816,2832,2818,2947,2891,2891,2862,2870,2799,2838,2822
TOF,2642,2827,2377,2411,2354,2324,2253,2112,2835,2732,2683,2674,2804,2822,2744,2353,2953,2926,2895,2858,2800,2715,2594,2637,2953,2899,2880,2877,2882,2849,2729,2797,2923,2895,2869,2852,2840,2841,2744,2805,2929,2866,2877,2866,2869,2839,2693,2806,2909,2873,2854,2832,2841,2811,2800,2819,2947,2886,2867,2857,2857,2806,2843,2811
TOF,2922,2817,2484,2362,2325,2285,2273,2152,2741,2725,2706,2684,2860,2788,2791,2512,2992,2922,2864,2872,2833,2741,2598,2672,2904,2914,2898,2874,2865,2833,2745,2788,2917,2931,2877,2862,2838,2810,2706,2812,2919,2886,2863,2846,2818,2819,2617,2800,2902,2890,2882,2857,2848,2809,2773,2825,2902,2897,2897,2889,2836,2811,2832,2778
TOF,2865,2817,2490,2422,2331,2309,2222,2248,2824,2724,2773,2807,2711,2755,2666,2512,2967,2907,2881,2851,2770,2724,2657,2638,2889,2906,2891,2873,2839,2857,2765,2819,2946,2893,2886,2854,2849,2835,2718,2777,2915,2905,2881,2863,2823,2798,2709,2819,2909,2879,2865,2844,2838,2819,2755,2806,2918,2880,2878,2844,2839,2780,2803,2822
TOF,2872,2817,2490,2389,2346,2298,2260,2248,2814,2728,2699,2704,2774,2758,2614,2784,2953,2913,2901,2868,2827,2716,2642,2596,2943,2898,2889,2881,2864,2822,2734,2821,2936,2874,2859,2842,2854,2827,2710,2799,2919,2909,2863,2862,2831,2814,2702,2826,2899,2906,2878,2857,2851,2828,2755,2800,2934,2900,2891,2867,2840,2806,2804,2818
TOF,2934,2817,2542,2430,2338,2284,2313,2192,2826,2757,2663,2692,2718,2817,2805,2779,2937,2907,2892,2854,2800,2707,2596,2639,2927,2898,2876,2869,2857,2813,2768,2774,2925,2901,2853,2860,2850,2844,2753,2789,2920,2867,2873,2851,2844,2824,2663,2821,2907,2880,2862,2859,2825,2807,2780,2781,2932,2885,2868,2860,2832,2797,2844,2768
TOF,2837,2817,2542,2355,2356,2310,2216,2100,2772,2759,2688,2730,2725,2743,2791,2377,2930,2905,2882,2853,2809,2731,2636,2613,2944,2909,2897,2878,2860,2834,2777,2812,2939,2907,2867,2867,2852,2851,2697,2798,2900,2900,2878,2860,2847,2805,2658,2807,2902,2902,2872,2837,2820,2800,2788,2807,2922,2915,2873,2834,2837,2781,2796,2801
TOF,2837,2934,2542,2412,2356,2288,2256,2119,2799,2759,2690,2706,2694,2791,2783,2382,2927,2916,2887,2862,2807,2730,2659,2621,2904,2901,2880,2873,2873,2844,2773,2763,2934,2931,2900,2853,2852,2819,2710,2802,2914,2884,2888,2864,2845,2833,2688,2788,2925,2900,2832,2831,2811,2806,2799,2787,2966,2876,2887,2853,2829,2802,2824,2790
TOF,2906,2934,2414,2450,2378,2292,2278,2203,2809,2761,2709,2728,2752,2797,2739,2382,2922,2917,2877,2851,2799,2722,2620,2599,2910,2905,2886,2859,2862,2798,2766,2792,2938,2908,2880,2880,2854,2830,2716,2797,2926,2899,2868,2864,2855,2844,2716,2777,2909,2894,2860,2851,2843,2814,2793,2799,2906,2908,2883,2860,2841,2794,2801,2777
TOF,2906,2934,2414,2426,2365,2314,2222,1800,2772,2738,2678,2644,2757,2764,2829,2382,2980,2910,2887,2871,2811,2713,2627,2588,2933,2896,2903,2854,2848,2848,2800,2783,2935,2897,2882,2855,2857,2829,2744,2798,2924,2899,2870,2850,2840,2828,2725,2780,2913,2876,2860,2867,2830,2827,2769,2769,2928,2910,2862,2849,2839,2772,2823,2834
TOF,2811,2645,2651,2381,2378,2304,2219,2122,2793,2744,2681,2715,2716,2780,2776,2411,2925,2896,2881,2864,2807,2708,2602,2675,2940,2919,2872,2887,2859,2846,2795,2794,2926,2900,2880,2854,2842,2823,2685,2809,2909,2893,2863,2877,2851,2825,2721,2806,2925,2866,2879,2862,2828,2805,2792,2807,2934,2891,2880,2855,2843,2856,2813,2799
TOF,2883,2645,2651,2420,2349,2323,2324,2069,2769,2737,2712,2697,2768,2723,2729,2411,2932,2916,2873,2842,2857,2704,2625,2621,2947,2909,2887,2868,2856,2833,2778,2784,2966,2913,2887,2878,2861,2808,2749,2819,2926,2878,2879,2884,2824,2849,2697,2802,2907,2901,2874,2855,2838,2796,2756,2768,2919,2891,2893,2867,2844,2812,2811,2818
TOF,2897,2645,2431,2354,2358,2305,2247,2069,2815,2734,2679,2720,2792,2764,2760,2464,2930,2918,2885,2867,2835,2672,2611,2611,2937,2891,2887,2894,2849,2838,2778,2805,2943,2888,2890,2866,2849,2835,2702,2818,2870,2903,2880,2852,2870,2833,2735,2796,2910,2880,2876,2844,2830,2808,2817,2810,2919,2909,2886,2864,2830,2794,2828,2790
TOF,2940,2645,2431,2405,2381,2294,2253,2037,2805,2733,2687,2671,2695,2780,2782,2742,2957,2929,2877,2852,2810,2694,2584,2609,2908,2935,2882,2872,2852,2817,2747,2807,2884,2896,2901,2871,2844,2820,2709,2812,2917,2871,2880,2860,2855,2815,2662,2774,2914,2894,2881,2852,2841,2822,2767,2807,2897,2859,2875,2845,2841,2814,2823,2829
TOF,2678,2692,2431,2382,2363,2282,2239,1913,2795,2730,2682,2696,2660,2854,2841,2364,2945,2895,2880,2866,2804,2707,2631,2684,2938,2917,2886,2863,2848,2845,2755,2797,2916,2888,2881,2853,2855,2828,2715,2780,2893,2875,2860,2864,2837,2833,2673,2800,2927,2886,2867,2850,2828,2817,2805,2808,2926,2904,2866,2847,2851,2787,2832,2786
TOF,2869,2692,2531,2466,2356,2314,2216,2269,2805,2712,2666,2699,2763,2724,2803,2364,2930,2908,2885,2850,2850,2799,2634,2616,2935,2880,2881,2869,2869,2830,2750,2798,2881,2900,2888,2866,2859,2831,2701,2788,2912,2919,2874,2844,2854,2821,2670,2790,2917,2915,2884,2853,2826,2817,2784,2802,2937,2912,2882,2861,2821,2800,2812,2818
TOF,2818,2692,2531,2351,2350,2353,2277,2146,2780,2755,2729,2713,2741,2733,2783,2373,2939,2898,2881,2879,2845,2727,2616,2617,2929,2905,2866,2868,2851,2858,2756,2785,2931,2892,2877,2846,2872,2832,2689,2805,2942,2878,2878,2871,2832,2829,2670,2769,2918,2910,2871,2843,2863,2828,2730,2798,2955,2895,2889,2863,2854,2775,2814,2824
TOF,2815,2692,2531,2351,2352,2351,2254,2080,2737,2745,2687,2644,2661,2762,2784,2373,2921,2906,2901,2863,2808,2715,2622,2607,2917,2900,2872,2860,2866,2834,2737,2819,2948,2912,2872,2879,2813,2821,2724,2842,2930,2878,2866,2835,2845,2823,2700,2793,2933,2894,2879,2842,2828,2806,2811,2783,2937,2931,2896,2867,2838,2824,2820,2760
TOF,2815,2692,2513,2397,2348,2344,2265,2073,2783,2725,2673,2723,2693,2794,2783,2554,2924,2909,2895,2876,2787,2728,2605,2617,2927,2893,2872,2862,2870,2841,2780,2798,2919,2883,2870,2854,2870,2822,2742,2804,2935,2894,2874,2849,2848,2830,2694,2793,2936,2900,2879,2855,2841,2830,2793,2813,2909,2909,2868,2851,2852,2814,2818,2841
TOF,2815,2519,2804,2416,2374,2298,2247,2089,2798,2722,2669,2711,2690,2792,2749,2399,2926,2898,2896,2867,2787,2725,2627,2600,2915,2895,2909,2860,2864,2849,2762,2784,2936,2901,2878,2884,2838,2825,2730,2821,2897,2923,2865,2885,2834,2829,2665,2816,2913,2906,2877,2841,2834,2807,2800,2795,2926,2858,2896,2874,2841,2790,2802,2824
TOF,2815,2837,2434,2391,2337,2270,2201,2001,2817,2734,2689,2657,2635,2793,2750,2350,2938,2925,2884,2869,2780,2737,2635,2630,2919,2905,2890,2872,2856,2828,2768,2784,2919,2907,2891,2873,2879,2822,2708,2816,2900,2876,2871,2857,2864,2836,2661,2806,2932,2883,2885,2847,2833,2809,2818,2802,2960,2863,2874,2844,2828,2802,2804,2829
TOF,2883,2837,2548,2367,2344,2296,2226,2001,2771,2772,2706,2717,2762,2765,2801,2377,2940,2898,2879,2865,2809,2716,2610,2615,2927,2885,2868,2878,2867,2823,2778,2782,2948,2932,2872,2867,2830,2825,2741,2814,2910,2884,2867,2848,2800,2840,2687,2800,2944,2906,2867,2848,2865,2813,2774,2794,2908,2886,2880,2870,2836,2797,2812,2790
TOF,2834,2832,2548,2367,2392,2345,2215,2112,2776,2730,2691,2689,2821,2781,2815,2377,2923,2923,2880,2848,2812,2740,2668,2608,2927,2900,2885,2873,2860,2843,2765,2775,2913,2906,2875,2876,2848,2815,2718,2825,2905,2889,2854,2859,2853,2825,2750,2795,2924,2887,2849,2855,2826,2832,2841,2797,2917,2899,2875,2863,2842,2810,2798,2791
TOF,2686,2832,2548,2355,2337,2296,2272,2112,2826,2744,2665,2660,2766,2816,2801,2552,2921,2917,2878,2853,2848,2707,2630,2600,2923,2891,2898,2881,2864,2836,2766,2819,2918,2901,2876,2866,2839,2852,2723,2794,2921,2931,2861,2862,2833,2844,2637,2806,2914,2863,2877,2850,2815,2807,2820,2804,2917,2864,2878,2824,2874,2792,2795,2815
TOF,2833,2832,2412,2401,2339,2300,2198,2112,2767,2725,2688,2662,2766,2798,2753,2371,2944,2892,2901,2866,2843,2719,2634,2607,2932,2904,2880,2885,2856,2827,2790,2785,2947,2914,2869,2862,2851,2838,2733,2802,2924,2860,2864,2855,2837,2839,2631,2801,2918,2888,2874,2843,2843,2820,2815,2827,2929,2904,2889,2842,2825,2804,2809,2816
TOF,2833,2832,3009,2353,2330,2324,2298,2112,2817,2761,2693,2685,2734,2761,2769,2371,2912,2924,2875,2863,2819,2744,2627,2593,2919,2919,2912,2885,2855,2805,2754,2801,2930,2901,2879,2857,2843,2831,2719,2803,2903,2886,2879,2862,2833,2841,2676,2809,2910,2895,2847,2834,2843,2813,2794,2803,2932,2918,2869,2855,2853,2828,2824,2862
TOF,2877,2926,2415,2406,2374,2329,2244,2112,2773,2700,2682,2683,2714,2806,2803,2377,2948,2922,2882,2861,2805,2688,2607,2593,2956,2941,2876,2874,2859,2832,2765,2797,2941,2891,2868,2869,2847,2847,2737,2792,2906,2905,2866,2831,2847,2834,2690,2819,2929,2885,2869,2854,2840,2811,2816,2812,2942,2885,2889,2834,2839,2802,2846,2814
TOF,2934,2623,2415,2421,2319,2286,2125,2112,2752,2715,2699,2641,2789,2742,2729,2422,2905,2925,2873,2874,2807,2709,2674,2597,2901,2922,2867,2879,2851,2830,2792,2797,2926,2923,2855,2894,2863,2832,2725,2802,2941,2888,2873,2868,2827,2807,2668,2798,2926,2892,2875,2865,2818,2814,2811,2800,2915,2927,2900,2841,2832,2801,2799,2827
TOF,2789,2623,2444,2457,2315,2297,2265,2111,2840,2758,2696,2635,2740,2755,2841,2384,2934,2916,2887,2861,2804,2690,2608,2641,2914,2925,2884,2866,2845,2834,2749,2788,2921,2915,2883,2863,2848,2835,2730,2791,2912,2896,2860,2857,2828,2814,2676,2789,2926,2893,2843,2874,2853,2807,2818,2810,2916,2900,2866,2831,2821,2805,2839,2801
TOF,2916,2623,2444,2368,2392,2339,2259,2013,2788,2747,2704,2729,2756,2726,2846,2451,2926,2913,2884,2857,2794,2704,2682,2612,2975,2902,2868,2878,2856,2818,2753,2794,2917,2906,2872,2852,2847,2841,2702,2822,2951,2887,2863,2858,2847,2831,2624,2808,2889,2901,2867,2858,2840,2836,2781,2811,2904,2908,2881,2869,2835,2816,2783,2830
TOF,2882,2836,2744,2406,2343,2333,2259,2163,2731,2734,2694,2782,2716,2790,2729,2350,2910,2906,2919,2871,2803,2701,2617,2597,2905,2902,2878,2875,2872,2834,2750,2794,2969,2909,2880,2859,2843,2839,2696,2800,2929,2882,2883,2868,2826,2820,2694,2803,2926,2894,2858,2846,2838,2813,2834,2813,2934,2893,2880,2871,2825,2803,2839,2792
TOF,2882,2836,2450,2355,2368,2304,2196,2182,2809,2743,2682,2760,2749,2746,2781,2693,2931,2922,2879,2866,2769,2698,2651,2596,2921,2910,2890,2876,2876,2827,2780,2774,2930,2912,2858,2851,2854,2826,2679,2794,2931,2906,2873,2869,2849,2836,2654,2810,2923,2878,2872,2855,2839,2811,2786,2788,2934,2923,2881,2824,2817,2771,2831,2770
TOF,2882,2836,2450,2434,2338,2312,2295,2090,2736,2729,2657,2822,2854,2687,2795,2693,2929,2930,2887,2849,2809,2723,2613,2626,2908,2930,2896,2889,2872,2847,2742,2801,2916,2909,2861,2865,2848,2837,2729,2795,2924,2920,2868,2848,2868,2828,2673,2806,2910,2911,2869,2885,2828,2817,2760,2792,2929,2896,2856,2845,2852,2801,2856,2836
TOF,2882,2836,2450,2419,2384,2332,2211,2090,2772,2744,2659,2630,2808,2809,2885,2693,2940,2928,2880,2848,2741,2702,2625,2634,2949,2887,2877,2876,2840,2849,2759,2811,2926,2881,2861,2867,2862,2827,2715,2783,2921,2897,2866,2850,2852,2813,2753,2796,2907,2903,2885,2834,2830,2805,2784,2791,2902,2909,2891,2882,2826,2797,2805,2796
TOF,2852,2836,2410,2419,2368,2314,2251,2093,2809,2710,2682,2663,2718,2831,2798,2693,2937,2916,2885,2859,2826,2748,2636,2632,2925,2912,2881,2861,2854,2827,2716,2790,2935,2909,2864,2880,2843,2835,2707,2793,2900,2903,2860,2860,2832,2808,2707,2787,2916,2885,2843,2837,2843,2825,2829,2798,2966,2886,2888,2853,2828,2798,2807,2803
TOF,2908,2929,2410,2419,2381,2298,2240,2102,2805,2709,2687,2765,2732,2772,2811,2787,2961,2908,2884,2871,2821,2733,2603,2629,2911,2907,2890,2869,2871,2835,2757,2785,2949,2907,2869,2860,2852,2835,2700,2824,2923,2888,2853,2841,2859,2821,2706,2835,2895,2906,2863,2852,2831,2818,2825,2813,2906,2914,2879,2859,2834,2768,2804,2835
TOF,2730,2929,2725,2376,2338,2348,2266,2098,2802,2736,2699,2725,2739,2724,2765,2332,2919,2899,2877,2857,2828,2700,2664,2597,2927,2903,2894,2862,2865,2828,2745,2807,2940,2891,2868,2861,2842,2825,2725,2802,2894,2870,2887,2848,2843,2830,2678,2797,2886,2900,2859,2840,2844,2807,2797,2807,2917,2898,2864,2862,2833,2782,2821,2816
TOF,2834,2929,2725,2408,2323,2309,2211,2169,2747,2725,2660,2740,2778,2778,2655,2351,2929,2920,2889,2871,2798,2719,2637,2623,2949,2913,2894,2877,2855,2853,2748,2771,2930,2924,2866,2872,2839,2839,2685,2815,2901,2887,2867,2868,2816,2806,2678,2833,2931,2882,2858,2832,2836,2816,2824,2805,2948,2897,2883,2864,2849,2795,2844,2827
TOF,2884,2929,2884,2408,2357,2269,2247,2169,2801,2761,2687,2655,2791,2775,2788,2448,2948,2915,2873,2860,2809,2713,2606,2578,2922,2907,2878,2880,2860,2837,2742,2812,2940,2909,2876,2855,2863,2832,2704,2805,2926,2875,2884,2845,2843,2824,2705,2803,2908,2893,2876,2844,2838,2816,2812,2780,2930,2936,2869,2865,2835,2794,2808,2826
TOF,2837,2929,2884,2406,2351,2316,2294,2053,2837,2745,2696,2716,2764,2780,2756,2382,2918,2926,2878,2865,2812,2731,2593,2600,2934,2887,2886,2878,2856,2841,2783,2813,2901,2929,2892,2850,2836,2811,2713,2812,2935,2898,2874,2852,2853,2835,2680,2809,2906,2880,2869,2848,2843,2829,2785,2797,2950,2917,2867,2848,2827,2829,2828,2814
TOF,2908,2904,2580,2395,2346,2303,2275,2145,2782,2725,2684,2715,2749,2812,2791,2364,2925,2911,2877,2863,2798,2760,2648,2659,2959,2922,2907,2886,2854,2859,2763,2810,2933,2904,2863,2887,2852,2828,2680,2799,2932,2915,2878,2871,2828,2824,2631,2823,2895,2893,2868,2858,2839,2817,2765,2799,2923,2901,2901,2852,2824,2810,2847,2799
TOF,2908,2904,2531,2481,2351,2295,2296,2046,2750,2748,2734,2754,2738,2786,2814,2409,2936,2907,2879,2878,2826,2667,2603,2617,2917,2923,2897,2878,2847,2837,2761,2806,2936,2897,2887,2855,2836,2830,2696,2807,2904,2882,2873,2883,2839,2813,2680,2770,2933,2897,2863,2849,2860,2827,2774,2782,2958,2893,2894,2848,2859,2807,2826,2830
TOF,2912,2904,2423,2385,2325,2338,2248,2068,2765,2756,2720,2709,2725,2784,2795,2829,2958,2915,2870,2864,2813,2732,2648,2658,2930,2907,2880,2872,2854,2842,2749,2806,2903,2879,2878,2856,2854,2838,2720,2821,2932,2886,2871,2857,2842,2835,2683,2766,2916,2889,2880,2855,2836,2803,2791,2800,2931,2874,2879,2821,2819,2801,2824,2794
TOF,2912,2838,2434,2411,2347,2269,2248,2169,2744,2747,2725,2735,2745,2771,2804,2829,2943,2905,2882,2861,2798,2776,2616,2646,2917,2892,2885,2865,2848,2839,2778,2794,2925,2916,2887,2876,2838,2839,2669,2820,2920,2876,2868,2870,2860,2826,2755,2787,2918,2896,2886,2853,2834,2831,2809,2803,2914,2896,2874,2856,2833,2816,2805,2837
TOF,2955,2838,2434,2394,2365,2301,2253,2169,2823,2726,2679,2636,2780,2825,2743,2829,2951,2929,2886,2849,2809,2748,2599,2607,2892,2917,2895,2869,2870,2819,2769,2793,2920,2912,2872,2868,2841,2832,2703,2794,2927,2921,2861,2873,2836,2823,2667,2797,2905,2896,2866,2860,2836,2809,2785,2786,2927,2913,2862,2833,2825,2817,2797,2788
TOF,2907,2838,2434,2423,2354,2341,2236,2130,2789,2720,2693,2723,2759,2752,2797,2352,2941,2889,2885,2875,2843,2778,2665,2626,2940,2906,2890,2877,2861,2816,2736,2796,2908,2897,2858,2884,2846,2833,2757,2801,2900,2892,2861,2858,2851,2831,2728,2794,2905,2890,2860,2845,2816,2828,2810,2803,2903,2895,2886,2828,2836,2797,2814,2790
TOF,2754,2838,2434,2432,2324,2315,2260,2087,2745,2721,2690,2697,2716,2816,2761,2728,2929,2907,2905,2847,2812,2704,2620,2624,2888,2901,2873,2866,2859,2814,2762,2776,2926,2910,2888,2899,2847,2822,2726,2809,2929,2877,2865,2854,2835,2844,2658,2798,2897,2905,2872,2874,2852,2812,2751,2813,2926,2887,2895,2837,2823,2833,2813,2800
TOF,2754,2541,2827,2432,2340,2285,2250,2087,2790,2723,2675,2716,2744,2821,2790,2356,2973,2906,2894,2854,2801,2757,2628,2617,2909,2891,2876,2861,2857,2844,2758,2776,2958,2884,2874,2855,2833,2815,2722,2800,2894,2886,2847,2848,2813,2827,2684,2812,2900,2893,2868,2844,2851,2823,2790,2796,2946,2888,2871,2839,2833,2820,2789,2813
TOF,2754,2541,2794,2403,2356,2283,2271,1979,2780,2726,2693,2733,2799,2749,2849,2720,2954,2922,2869,2843,2809,2708,2674,2625,2955,2915,2898,2870,2842,2826,2790,2789,2927,2894,2890,2875,2847,2826,2709,2801,2905,2883,2886,2844,2858,2821,2680,2788,2921,2898,2861,2854,2845,2821,2799,2802,2923,2891,2864,2845,2827,2816,2824,2818
TOF,2898,2541,2469,2392,2376,2293,2294,1979,2768,2710,2709,2692,2756,2794,2767,2612,2955,2912,2877,2846,2803,2758,2634,2627,2932,2924,2890,2861,2844,2831,2770,2796,2917,2909,2883,2886,2846,2833,2641,2830,2877,2894,2886,2869,2837,2813,2717,2800,2910,2901,2856,2861,2828,2812,2795,2777,2927,2879,2889,2851,2832,2775,2849,2810
TOF,2866,2843,2454,2430,2347,2312,2247,1979,2799,2727,2700,2736,2718,2771,2765,2682,2963,2915,2869,2878,2811,2687,2604,2621,2919,2895,2901,2866,2862,2835,2730,2829,2944,2907,2887,2867,2853,2828,2729,2818,2912,2870,2867,2864,2853,2831,2692,2778,2929,2875,2882,2850,2838,2816,2815,2805,2937,2890,2872,2860,2825,2813,2830,2820
TOF,2899,2948,2454,2415,2325,2289,2232,1952,2736,2712,2701,2735,2732,2788,2779,2487,2918,2911,2905,2853,2786,2694,2593,2608,2946,2921,2887,2868,2870,2841,2777,2810,2921,2896,2910,2839,2862,2836,2765,2815,2956,2915,2860,2858,2848,2828,2672,2799,2917,2898,2862,2832,2830,2800,2806,2805,2892,2874,2904,2882,2840,2790,2836,2836
TOF,2882,2948,2569,2446,2324,2271,2284,2112,2770,2713,2691,2724,2734,2824,2746,2487,2933,2900,2894,2853,2780,2762,2601,2601,2935,2893,2910,2874,2864,2850,2762,2811,2913,2894,2876,2869,2844,2845,2725,2791,2926,2876,2868,2853,2801,2803,2710,2789,2902,2905,2868,2862,2832,2838,2775,2796,2924,2893,2879,2851,2847,2800,2802,2783
TOF,2882,2948,2683,2389,2354,2311,2246,1905,2768,2774,2688,2697,2803,2859,2761,2500,2943,2906,2901,2877,2799,2664,2656,2597,2945,2901,2925,2868,2849,2819,2791,2805,2913,2929,2871,2848,2858,2811,2718,2818,2924,2892,2863,2854,2827,2829,2703,2771,2895,2883,2888,2871,2845,2825,2774,2780,2911,2913,2902,2838,2857,2812,2808,2792
TOF,2882,2936,2683,2388,2400,2345,2248,1905,2822,2703,2698,2715,2788,2781,2855,2440,2949,2912,2884,2868,2813,2728,2655,2648,2943,2921,2881,2859,2849,2833,2762,2812,2907,2888,2888,2855,2828,2841,2698,2797,2910,2911,2899,2872,2840,2824,2686,2793,2923,2889,2898,2853,2837,2796,2793,2802,2912,2891,2865,2847,2837,2802,2818,2786
TOF,2882,2936,2683,2353,2376,2325,2281,2200,2795,2735,2679,2734,2743,2782,2775,2735,2936,2886,2892,2848,2816,2737,2616,2666,2913,2890,2883,2867,2863,2823,2736,2808,2931,2879,2872,2878,2861,2815,2738,2816,2935,2894,2858,2868,2863,2807,2665,2807,2897,2891,2874,2837,2828,2825,2779,2819,2944,2868,2872,2883,2842,2787,2835,2801
TOF,2882,2936,2683,2380,2369,2313,2306,2133,2816,2780,2658,2709,2757,2841,2787,2797,2946,2908,2887,2875,2800,2786,2655,2636,2925,2910,2893,2867,2837,2813,2756,2796,2920,2893,2893,2865,2839,2831,2666,2795,2914,2876,2878,2858,2837,2801,2719,2823,2924,2899,2882,2836,2825,2801,2751,2797,2915,2889,2834,2858,2817,2805,2833,2813
TOF,2908,2884,2494,2404,2344,2274,2259,1954,2772,2706,2624,2693,2768,2787,2759,2387,2914,2906,2872,2853,2819,2724,2643,2620,2923,2898,2880,2884,2869,2843,2757,2811,2945,2899,2856,2864,2859,2849,2730,2791,2923,2898,2874,2866,2839,2813,2660,2790,2932,2877,2881,2836,2841,2812,2786,2795,2914,2889,2862,2871,2831,2796,2822,2802
TOF,2908,2917,2413,2374,2376,2318,2293,1954,2773,2698,2651,2694,2732,2818,2834,2354,2934,2895,2889,2871,2805,2738,2648,2602,2923,2907,2883,2869,2839,2819,2744,2803,2925,2936,2852,2850,2850,2826,2721,2790,2913,2888,2889,2853,2819,2828,2662,2817,2900,2897,2860,2869,2852,2816,2791,2813,2919,2917,2868,2837,2838,2815,2811,2821
TOF,2908,2917,2456,2416,2333,2328,2284,2023,2813,2744,2717,2708,2733,2809,2791,2659,2930,2933,2893,2871,2821,2694,2635,2607,2930,2915,2884,2884,2846,2854,2760,2817,2906,2881,2876,2872,2837,2834,2700,2818,2912,2903,2846,2857,2841,2821,2643,2794,2909,2913,2879,2853,2841,2831,2830,2787,2946,2916,2903,2843,2839,2814,2807,2833
TOF,2931,2917,2498,2442,2344,2297,2277,2219,2801,2746,2662,2749,2700,2828,2772,2659,2917,2904,2887,2857,2809,2737,2625,2650,2904,2893,2887,2871,2845,2825,2755,2798,2931,2888,2891,2874,2843,2845,2747,2799,2911,2887,2868,2851,2858,2818,2674,2783,2924,2904,2853,2858,2823,2806,2736,2816,2925,2894,2876,2853,2834,2813,2821,2807
TOF,2931,2917,2498,2395,2340,2311,2192,2013,2882,2731,2716,2682,2767,2812,2816,2424,2918,2909,2897,2886,2803,2750,2638,2635,2926,2900,2920,2861,2884,2844,2750,2769,2943,2929,2861,2874,2854,2829,2742,2805,2920,2894,2870,2848,2860,2822,2660,2824,2903,2905,2878,2859,2831,2824,2825,2805,2934,2888,2872,2851,2840,2806,2809,2818
TOF,2904,2917,2472,2388,2380,2322,2306,1850,2778,2709,2711,2703,2749,2838,2786,2740,2942,2905,2884,2869,2815,2747,2628,2601,2915,2909,2882,2879,2856,2858,2775,2801,2963,2897,2875,2874,2838,2836,2697,2822,2930,2892,2871,2856,2860,2815,2711,2796,2907,2882,2857,2847,2828,2809,2783,2817,2954,2860,2880,2856,2849,2797,2843,2793
TOF,2939,2917,2693,2377,2352,2321,2216,2161,2774,2748,2697,2749,2754,2773,2804,2740,2966,2916,2883,2869,2813,2751,2655,2627,2917,2908,2878,2872,2883,2821,2794,2791,2928,2890,2893,2870,2853,2829,2705,2823,2924,2883,2871,2861,2822,2828,2655,2797,2921,2873,2866,2859,2844,2798,2747,2794,2981,2912,2895,2868,2852,2788,2827,2801
TOF,2859,2917,2817,2375,2366,2285,2263,1927,2784,2709,2673,2686,2713,2767,2798,2764,2947,2914,2884,2851,2809,2734,2607,2582,2927,2913,2874,2870,2872,2824,2765,2809,2895,2919,2870,2859,2846,2839,2752,2807,2939,2932,2874,2860,2829,2830,2675,2810,2910,2876,2853,2857,2832,2824,2779,2794,2939,2921,2876,2873,2830,2803,2792,2837
TOF,2853,2917,2817,2400,2376,2326,2304,2200,2776,2708,2708,2731,2771,2737,2753,2764,2944,2926,2893,2871,2763,2707,2612,2626,2938,2905,2897,2874,2824,2849,2774,2795,2937,2897,2891,2889,2844,2834,2759,2803,2899,2878,2890,2858,2801,2829,2648,2798,2895,2891,2873,2852,2849,2815,2758,2793,2932,2919,2892,2834,2836,2803,2816,2811
TOF,2929,2917,2428,2356,2432,2322,2241,2106,2799,2732,2705,2662,2757,2722,2746,2440,2933,2924,2888,2872,2841,2696,2638,2662,2952,2892,2870,2884,2860,2849,2728,2797,2923,2922,2871,2862,2862,2830,2701,2790,2927,2901,2893,2863,2855,2843,2630,2774,2944,2906,2865,2858,2855,2815,2831,2802,2945,2909,2869,2852,2851,2771,2821,2824
TOF,2917,2917,2450,2370,2344,2342,2236,2106,2783,2724,2660,2637,2648,2707,2749,2440,2949,2926,2881,2861,2804,2745,2636,2621,2912,2926,2898,2878,2865,2837,2759,2786,2910,2914,2876,2844,2850,2846,2709,2794,2919,2899,2870,2865,2859,2809,2617,2803,2928,2875,2865,2857,2840,2802,2753,2796,2905,2902,2878,2853,2831,2784,2804,2839
TOF,2948,2917,2883,2385,2391,2334,2210,2106,2797,2755,2683,2762,2747,2722,2702,2355,2950,2927,2891,2863,2821,2726,2620,2619,2933,2916,2883,2874,2860,2862,2768,2821,2917,2903,2887,2849,2857,2834,2719,2828,2924,2877,2883,2855,2851,2813,2617,2794,2912,2904,2872,2846,2850,2822,2805,2798,2927,2903,2871,2858,2839,2793,2823,2797
TOF,2948,2917,2883,2387,2340,2327,2262,2071,2788,2677,2711,2712,2814,2789,2746,2709,2958,2914,2890,2862,2779,2709,2639,2567,2932,2912,2860,2852,2859,2837,2761,2796,2944,2893,2860,2867,2859,2832,2738,2800,2891,2856,2872,2858,2854,2821,2639,2822,2903,2885,2886,2862,2834,2821,2812,2790,2915,2902,2887,2844,2841,2804,2802,2813
TOF,2935,2917,2665,2361,2384,2288,2261,2090,2786,2732,2669,2709,2753,2783,2734,2709,2957,2912,2887,2865,2788,2724,2654,2640,2934,2901,2855,2871,2853,2847,2793,2795,2938,2911,2896,2851,2852,2831,2669,2804,2894,2901,2873,2869,2854,2828,2734,2781,2908,2887,2873,2860,2841,2813,2777,2802,2933,2886,2869,2851,2821,2797,2803,2827
TOF,2894,2798,2495,2370,2352,2289,2267,2090,2791,2746,2729,2728,2684,2788,2685,2781,2923,2938,2876,2854,2779,2715,2639,2690,2953,2914,2892,2856,2857,2842,2779,2791,2941,2899,2891,2865,2837,2835,2772,2779,2901,2882,2856,2861,2843,2824,2687,2760,2918,2900,2883,2872,2834,2805,2804,2794,2931,2913,2867,2823,2840,2792,2825,2796
TOF,2694,2607,2390,2420,2337,2287,2317,2090,2845,2701,2636,2668,2741,2790,2758,2383,2954,2907,2888,2873,2810,2692,2651,2611,2947,2920,2891,2868,2848,2836,2752,2798,2965,2905,2890,2883,2847,2824,2736,2799,2917,2891,2885,2861,2822,2830,2661,2797,2949,2901,2860,2840,2819,2818,2800,2799,2919,2902,2865,2833,2844,2808,2839,2797
TOF,2863,2573,2485,2404,2336,2304,2218,2239,2822,2694,2734,2684,2862,2813,2726,2383,2928,2901,2876,2857,2797,2651,2617,2662,2933,2910,2887,2887,2875,2847,2747,2805,2927,2918,2898,2855,2849,2829,2746,2781,2887,2899,2891,2862,2842,2815,2702,2818,2909,2903,2889,2861,2827,2819,2763,2781,2924,2884,2856,2857,2838,2814,2784,2790
TOF,2863,2870,2485,2409,2352,2304,2270,2203,2798,2718,2664,2739,2739,2834,2760,2445,2951,2897,2910,2844,2800,2683,2617,2654,2935,2903,2894,2877,2861,2847,2776,2798,2946,2901,2863,2875,2847,2828,2714,2792,2909,2866,2874,2852,2834,2823,2619,2816,2916,2866,2862,2839,2839,2811,2785,2807,2925,2904,2872,2837,2843,2807,2787,2817
TOF,2825,2539,2410,2356,2363,2258,2264,2203,2790,2688,2657,2716,2753,2821,2753,2430,2939,2918,2878,2857,2806,2686,2663,2639,2959,2931,2891,2886,2855,2836,2764,2802,2916,2924,2905,2866,2845,2838,2668,2776,2900,2903,2885,2847,2844,2833,2693,2791,2922,2904,2867,2859,2842,2803,2760,2827,2946,2912,2876,2832,2849,2801,2797,2788
TOF,2825,2539,2569,2431,2363,2307,2283,2203,2827,2751,2707,2665,2763,2840,2770,2457,2962,2930,2913,2841,2794,2718,2625,2665,2924,2893,2894,2887,2855,2838,2784,2802,2931,2899,2867,2862,2833,2830,2754,2805,2937,2917,2863,2856,2831,2826,2711,2801,2915,2894,2872,2840,2847,2810,2743,2805,2946,2913,2878,2859,2823,2806,2847,2850
TOF,2825,2838,2443,2375,2361,2283,2294,2208,2762,2728,2693,2731,2796,2778,2778,2457,2934,2908,2878,2887,2814,2706,2635,2569,2911,2930,2894,2869,2883,2835,2785,2793,2926,2893,2882,2881,2856,2835,2747,2814,2888,2876,2875,2868,2838,2823,2694,2807,2931,2873,2865,2864,2836,2771,2792,2781,2925,2918,2882,2870,2811,2778,2844,2831
TOF,2911,2838,2415,2404,2386,2304,2171,164,2797,2717,2701,2709,2744,2873,2778,179,2956,2915,2895,2846,2810,2743,2634,145,2917,2914,2875,2875,2873,2846,2784,164,2933,2915,2882,2873,2850,2820,2737,2812,2927,2898,2867,2883,2835,2838,2678,2806,2927,2886,2876,2860,2843,2791,2815,2800,2927,2898,2838,2844,2840,2812,2807,2808
TOF,2981,251,2456,238,2447,2320,199,183,2782,2787,2709,2746,2703,2776,199,192,3004,2899,2900,2858,2815,2711,210,200,2913,2895,2890,2877,2842,2844,2731,207,2926,2911,2888,2869,2840,2832,2784,198,2891,2878,2884,2858,2873,2825,2770,2842,2911,2895,2877,2834,2834,2814,2801,2778,2927,2893,2868,2888,2833,2818,2810,2792
TOF,238,260,2806,201,174,171,169,170,2795,2733,2682,2880,2679,2763,202,185,2921,2904,2917,2864,2799,227,208,195,2928,2908,2871,2873,2855,235,224,192,2941,2902,2884,2852,2833,240,222,205,2932,2917,2882,2867,2841,2854,2698,197,2921,2863,2879,2858,2845,2819,210,2801,2931,2907,2875,2855,2850,2816,2808,2787
TOF,2849,2853,2421,2376,2348,187,181,175,2869,2735,2693,2751,191,187,177,171,2934,2925,204,198,206,200,187,175,2943,2906,2892,2897,2849,210,205,166,2949,2903,2867,2862,236,218,198,172,2924,2890,2876,2880,2899,217,201,166,2926,2860,2896,2854,245,221,186,162,2916,2940,2909,2844,2836,196,174,164
TOF,2959,2871,2418,2382,2358,2314,2244,226,2800,2627,2668,2721,2816,2794,197,203,2950,2905,2905,224,214,194,193,175,2928,2919,216,220,212,195,187,168,2944,2908,2911,2876,217,207,180,160,2921,2903,2874,2855,230,207,183,160,2910,2897,2839,2851,226,202,169,163,2951,2902,2875,243,228,187,164,168
TOF,2761,236,249,2389,2325,2294,2239,1960,2761,2714,2779,2760,2762,2844,2777,226,2943,2929,2914,2859,2801,2709,2623,186,2947,2909,2868,2883,209,221,190,173,2938,2904,232,218,201,188,179,164,2931,2874,2879,217,209,190,169,162,2920,2923,2861,2855,214,199,162,159,2951,2881,2885,2856,215,186,161,160
TOF,250,265,2441,2375,2369,2308,2251,2224,2741,2753,2698,2754,2805,2775,2826,2702,2958,2915,2894,2888,2786,2740,2609,2608,2935,2901,2901,2880,2871,2841,214,178,2941,2912,2848,2851,220,201,192,168,2944,2879,227,215,197,191,174,164,2934,2962,2869,220,203,190,168,165,2934,2900,2887,2862,212,184,162,163
TOF,274,2815,2427,2477,2325,2301,228,206,2749,2749,2670,2784,2705,2817,2791,242,2932,2936,2909,2874,2795,2728,2633,2604,2930,2908,2866,2887,2847,2861,2793,182,2964,2926,2873,2879,2862,2824,189,168,2908,2940,234,222,200,196,180,164,2931,229,222,212,196,183,170,163,2938,2916,2891,222,208,176,163,168
TOF,2777,238,2457,2359,2344,2360,2238,2165,2850,2738,2659,2797,2706,2791,2758,2381,2938,2909,2895,2858,2804,2771,2611,2584,2925,2900,2906,2890,2841,2815,2790,184,2959,2913,2875,2857,2872,2827,195,170,2936,2896,2868,225,212,201,186,165,2903,242,229,210,200,188,175,169,2935,227,232,221,206,176,168,174
TOF,280,2872,2511,2625,2371,2322,2202,1900,2790,2734,2735,2689,2736,2822,2802,234,2925,2932,2881,2846,2828,2710,2636,2574,2942,2906,2900,2873,2865,2812,2787,181,2930,2924,2893,2888,2837,2844,193,170,2889,2896,2868,231,219,204,183,165,2919,240,223,210,201,187,175,168,2929,228,226,214,204,175,171,175
TOF,2944,2898,2533,2385,2352,2338,2349,2112,2883,2744,2681,2757,2746,2812,2773,2366,2980,2904,2889,2843,2801,2711,2647,2602,2950,2907,2884,2880,2863,2837,2774,183,2928,2881,2879,2895,2841,2837,198,172,2935,2864,2869,239,224,208,189,169,2921,245,223,212,207,193,181,173,231,223,227,215,205,183,178,186
TOF,233,276,2504,2371,2369,2327,2237,2093,2795,2716,2652,2755,2757,2787,2762,2273,2961,2906,2887,2859,2805,2720,2629,2569,2914,2918,2872,2879,2818,2840,2772,173,2960,2898,2871,2853,2844,2824,190,169,2952,2886,2879,215,214,198,186,169,2918,242,219,206,201,188,179,176,233,227,221,224,205,178,183,204
TOF,2901,2869,2722,2474,2345,2315,2275,229,2853,2719,2685,2650,2793,2823,2794,2459,2935,2918,2900,2864,2845,2747,2615,175,2937,2905,2880,2872,2868,2800,194,167,2955,2894,2880,2875,211,200,178,169,2864,2900,2885,226,209,179,180,185,2927,249,249,231,204,178,179,193,2941,2876,2889,237,201,175,182,2798
TOF,2873,245,241,2367,2384,2283,186,174,2747,2743,2722,2794,2837,182,2776,153,2955,2901,2911,2846,190,188,165,159,2945,2938,2884,212,202,167,171,161,2978,2925,229,221,209,167,164,177,2929,2916,238,232,212,170,168,2796,2924,2911,2881,240,198,171,184,2773,2943,2907,2874,247,182,173,2844,2850
TOF,2924,218,192,174,166,160,140,143,2782,200,2810,198,176,167,149,138,2954,2905,215,208,200,167,147,148,2952,2923,226,232,207,167,155,165,2945,2895,2875,240,214,170,160,2784,2925,2889,2885,237,215,163,170,2799,2880,2897,2882,247,188,169,2793,2788,2938,2916,2873,208,180,2807,2811,2798
TOF,2969,197,216,209,179,158,129,125,2873,2728,2704,203,189,136,135,2280,2942,2914,218,216,176,148,143,2563,2913,2937,230,180,192,156,152,2791,2939,2894,2861,214,153,155,2727,2814,2951,2883,2889,2873,162,2811,2764,2815,2903,2905,2859,2879,2829,2819,2840,2803,2905,2877,2875,2861,2829,2783,2826,2829
TOF,2963,189,133,123,2355,2311,129,2104,2833,2730,2711,2712,134,2751,2777,2280,2958,2925,2885,2846,2797,2749,2626,2592,2956,2899,2910,2859,2854,2847,2770,2811,2899,2907,2859,2847,2862,2830,2746,2821,2903,2893,2855,2865,2828,2839,2673,2791,2904,2910,2871,2884,2853,2818,2752,2787,2956,2893,2879,2878,2839,2790,2805,2784
TOF,2979,2842,133,2351,2356,2316,2313,2264,2805,2814,2683,2738,2838,2812,2755,2280,2934,2914,2865,2872,2825,2718,2610,2665,2939,2910,2898,2880,2857,2821,2798,2786,2923,2916,2898,2860,2839,2828,2743,2807,2922,2891,2874,2862,2825,2806,2683,2793,2925,2900,2864,2845,2830,2828,2807,2787,2917,2904,2888,2863,2833,2782,2819,2820
TOF,2979,2842,2411,2363,2329,2312,2174,2035,2823,2702,2670,2707,2704,2786,2775,2385,2936,2909,2905,2847,2795,2740,2657,2711,2910,2914,2906,2871,2854,2844,2784,2794,2926,2906,2890,2857,2857,2812,2761,2791,2921,2884,2888,2870,2833,2822,2651,2799,2934,2895,2859,2842,2809,2825,2802,2805,2918,2912,2891,2862,2841,2817,2805,2815
TOF,3037,2842,2495,2440,2359,2274,2267,2181,2807,2759,2697,2736,2794,2766,2756,2385,2977,2916,2894,2851,2782,2714,2585,2588,2933,2910,2878,2868,2856,2833,2776,2807,2917,2907,2868,2886,2823,2838,2710,2834,2956,2896,2862,2848,2833,2814,2691,2776,2905,2888,2871,2859,2834,2814,2804,2785,2940,2897,2856,2875,2839,2838,2804,2781
TOF,2688,2842,2495,2425,2352,2309,2189,2114,2800,2707,2710,2724,2795,2752,2819,2644,2939,2917,2874,2863,2814,2736,2629,2599,2952,2924,2883,2877,2852,2839,2771,2798,2918,2886,2883,2849,2880,2840,2760,2825,2895,2905,2875,2855,2846,2832,2692,2780,2934,2902,2871,2872,2851,2804,2794,2777,2945,2893,2893,2847,2851,2806,2805,2798
TOF,2688,2902,2495,2400,2337,2316,2278,2017,2824,2700,2695,2714,2760,2760,2826,2644,2958,2915,2902,2869,2799,2721,2632,2664,2919,2909,2881,2856,2862,2841,2757,2782,2947,2874,2866,2858,2851,2821,2755,2777,2929,2898,2868,2860,2826,2830,2679,2823,2933,2908,2864,2860,2836,2808,2770,2792,2954,2891,2867,2883,2829,2798,2785,2782
TOF,2686,2837,2495,2379,2352,2309,2239,2017,2822,2720,2702,2752,2803,2817,2789,2357,2977,2906,2882,2862,2825,2710,2619,2629,2946,2915,2907,2875,2855,2847,2768,2786,2949,2917,2879,2853,2841,2837,2722,2796,2956,2860,2865,2880,2842,2816,2647,2769,2902,2906,2875,2862,2839,2825,2746,2793,2937,2950,2873,2860,2835,2798,2795,2820
TOF,2686,2837,2876,2393,2358,2328,2227,2147,2823,2746,2688,2718,2770,2785,2837,2357,2934,2909,2892,2865,2844,2716,2614,2597,2946,2896,2881,2876,2845,2854,2759,2784,2944,2908,2872,2906,2841,2839,2742,2809,2900,2891,2883,2869,2843,2828,2666,2822,2913,2909,2869,2858,2834,2820,2773,2794,2914,2887,2868,2865,2822,2782,2828,2825
TOF,2940,2837,2791,2412,2317,2319,2247,2147,2739,2766,2644,2739,2688,2729,2770,2341,2940,2926,2902,2850,2785,2731,2597,2647,2926,2895,2886,2884,2857,2834,2779,2796,2935,2893,2876,2885,2863,2840,2747,2784,2936,2875,2884,2866,2808,2813,2686,2799,2940,2881,2881,2866,2837,2818,2796,2801,2910,2892,2870,2857,2823,2790,2815,2809
TOF,2908,2837,2791,2489,2372,2342,2174,2062,2818,2715,2684,2696,2677,2801,2750,2381,2925,2917,2880,2847,2785,2701,2632,2615,2916,2911,2880,2868,2854,2823,2771,2826,2945,2876,2898,2864,2865,2840,2702,2815,2909,2908,2893,2851,2849,2833,2657,2796,2920,2898,2879,2870,2827,2819,2832,2805,2937,2881,2878,2848,2838,2794,2810,2807
TOF,2908,2837,2410,2413,2354,2325,2220,2171,2760,2723,2676,2661,2729,2764,2744,2754,2967,2914,2900,2880,2777,2668,2606,2630,2935,2893,2859,2859,2867,2810,2762,2778,2909,2891,2870,2864,2846,2818,2752,2823,2905,2880,2845,2857,2803,2799,2714,2805,2907,2894,2869,2838,2852,2823,2771,2808,2934,2896,2878,2866,2825,2784,2818,2786
TOF,2568,2837,2410,2413,2393,2343,2208,2171,2868,2767,2640,2706,2801,2787,2801,2754,2916,2917,2881,2854,2802,2798,2643,2582,2934,2890,2873,2873,2874,2837,2765,2785,2927,2890,2866,2857,2857,2846,2691,2821,2932,2892,2869,2862,2836,2808,2665,2799,2924,2868,2904,2869,2826,2822,2783,2787,2943,2900,2876,2853,2841,2834,2831,2817
TOF,2568,2837,2447,2417,2371,2317,2172,2171,2772,2734,2769,2744,2634,2731,2816,2754,2940,2904,2910,2870,2777,2688,2600,2601,2915,2912,2893,2882,2840,2835,2762,2800,2934,2915,2894,2870,2847,2831,2739,2823,2930,2917,2881,2864,2829,2814,2675,2805,2938,2891,2883,2861,2822,2813,2780,2790,2922,2903,2910,2856,2845,2793,2803,2815
TOF,2548,2757,2447,2378,2348,2265,2181,2165,2778,2702,2670,2811,2641,2811,2771,2405,2946,2916,2894,2852,2832,2737,2621,2689,2930,2891,2892,2877,2860,2804,2739,2782,2926,2895,2862,2889,2862,2827,2715,2793,2921,2860,2877,2853,2837,2835,2657,2810,2907,2877,2867,2860,2838,2812,2787,2791,2915,2890,2872,2829,2829,2805,2822,2811
TOF,2881,2757,2450,2414,2348,2287,2270,2096,2823,2755,2656,2793,2752,2811,2710,2403,2928,2911,2880,2870,2812,2725,2603,2582,2905,2904,2894,2869,2853,2818,2751,2796,2938,2905,2882,2876,2861,2840,2718,2803,2938,2881,2882,2852,2862,2835,2700,2807,2931,2897,2850,2839,2837,2812,2783,2819,2937,2929,2869,2879,2830,2820,2810,2801
TOF,3009,2757,2513,2427,2342,2303,2272,2246,2756,2784,2686,2855,2775,2837,2726,2403,2956,2909,2901,2869,2779,2741,2596,2588,2943,2891,2895,2899,2847,2827,2767,2791,2913,2904,2893,2870,2838,2827,2769,2808,2905,2893,2859,2872,2827,2808,2654,2797,2889,2915,2873,2852,2849,2832,2815,2787,2930,2864,2879,2848,2849,2815,2833,2813
TOF,3009,2791,2467,2351,2373,2297,2251,1891,2793,2710,2673,2659,2785,2786,2787,2403,2934,2898,2888,2872,2809,2695,2670,2614,2909,2908,2900,2885,2859,2823,2767,2779,2916,2912,2869,2868,2861,2847,2719,2808,2945,2898,2882,2856,2848,2833,2754,2802,2936,2888,2869,2866,2850,2819,2792,2799,2898,2876,2898,2833,2825,2805,2813,2857
TOF,2936,2758,2467,2392,2362,2317,2282,2180,2791,2733,2670,2737,2707,2781,2786,2329,2963,2912,2879,2892,2817,2760,2611,2592,2937,2902,2883,2867,2857,2805,2772,2794,2941,2924,2883,2868,2856,2838,2756,2804,2889,2877,2885,2845,2841,2827,2676,2805,2920,2907,2870,2858,2828,2806,2804,2811,2928,2907,2892,2859,2826,2804,2787,2793
TOF,2780,2758,2851,2414,2388,2266,2272,2180,2789,2737,2667,2681,2740,2784,2808,2329,2937,2919,2890,2851,2796,2706,2645,2620,2933,2901,2885,2878,2861,2839,2763,2797,2935,2910,2890,2866,2866,2833,2726,2792,2910,2889,2887,2844,2830,2809,2654,2795,2916,2888,2859,2838,2827,2812,2811,2811,2940,2906,2880,2834,2833,2783,2819,2808
TOF,2845,2946,2499,2454,2366,2297,2290,2180,2789,2753,2695,2705,2693,2809,2786,2329,2930,2910,2877,2857,2781,2711,2654,2599,2942,2919,2886,2864,2843,2849,2803,2830,2896,2874,2879,2861,2838,2834,2699,2817,2905,2894,2884,2841,2855,2824,2693,2823,2932,2904,2870,2845,2846,2799,2788,2802,2944,2891,2849,2853,2836,2765,2819,2811
TOF,2909,2946,2413,2370,2328,2330,2238,2180,2775,2734,2666,2725,2669,2813,2749,2303,2962,2895,2891,2847,2813,2719,2654,2616,2927,2906,2887,2871,2849,2830,2748,2790,2919,2885,2892,2851,2871,2838,2730,2809,2903,2862,2864,2863,2844,2833,2588,2787,2919,2904,2886,2851,2833,2829,2799,2809,2936,2907,2860,2853,2833,2796,2811,2788
TOF,2929,2946,2429,2396,2341,2295,2267,2067,2772,2733,2699,2717,2781,2792,2798,2303,2932,2884,2867,2866,2839,2756,2634,2630,2913,2898,2888,2882,2853,2839,2756,2820,2940,2911,2872,2877,2856,2837,2743,2801,2881,2889,2874,2848,2851,2815,2674,2811,2919,2894,2872,2841,2846,2820,2783,2809,2905,2905,2875,2846,2830,2806,2840,2792
TOF,2910,2869,2735,2432,2408,2302,2195,2067,2793,2770,2681,2776,2803,2832,2802,2808,2954,2911,2906,2854,2813,2710,2620,2590,2926,2920,2883,2867,2854,2832,2746,2810,2940,2905,2881,2871,2849,2819,2757,2804,2909,2890,2865,2858,2831,2813,2710,2798,2921,2912,2887,2840,2820,2808,2835,2814,2942,2894,2898,2864,2854,2794,2781,2810
TOF,2934,2869,2765,2406,2346,2301,2239,2150,2771,2715,2672,2689,2759,2750,2786,2335,2925,2895,2892,2872,2800,2699,2630,2640,2926,2910,2900,2893,2849,2855,2799,2775,2919,2904,2892,2875,2858,2823,2741,2791,2917,2879,2861,2868,2813,2818,2669,2800,2932,2912,2873,2844,2848,2817,2756,2775,2924,2884,2908,2846,2842,2805,2823,2790
TOF,2934,2869,2541,2383,2336,2317,2262,2126,2747,2772,2659,2716,2698,2806,2786,2768,2939,2918,2889,2872,2812,2695,2614,2597,2922,2902,2882,2873,2852,2844,2765,2813,2956,2912,2862,2902,2860,2834,2744,2822,2918,2908,2892,2877,2850,2837,2665,2804,2909,2901,2886,2868,2837,2821,2785,2815,2905,2932,2895,2825,2836,2811,2816,2803
TOF,2877,2542,2541,2426,2406,2327,2299,2102,2825,2774,2708,2692,2685,2856,2787,2766,2941,2906,2875,2854,2823,2725,2673,2612,2917,2907,2872,2875,2860,2843,2766,2777,2932,2886,2865,2843,2855,2825,2707,2807,2926,2910,2879,2861,2849,2833,2704,2796,2934,2891,2863,2871,2830,2819,2763,2796,2914,2886,2872,2852,2832,2837,2803,2816
TOF,2806,2542,2469,2358,2369,2299,2190,2040,2819,2758,2673,2709,2811,2795,2795,2766,2962,2917,2880,2865,2822,2740,2654,2666,2915,2897,2881,2872,2875,2846,2772,2795,2934,2908,2865,2858,2845,2830,2689,2793,2915,2891,2864,2873,2831,2815,2661,2786,2907,2903,2870,2847,2826,2811,2831,2819,2943,2888,2874,2864,2828,2784,2824,2815
TOF,2806,2765,2806,2358,2383,2320,2207,2040,2809,2738,2661,2686,2745,2767,2786,2720,2964,2914,2883,2873,2829,2734,2639,2671,2945,2899,2897,2876,2860,2840,2756,2785,2936,2891,2895,2852,2850,2809,2702,2790,2900,2905,2861,2863,2854,2819,2625,2795,2921,2899,2845,2866,2812,2824,2770,2803,2948,2888,2853,2837,2808,2803,2814,2839
TOF,2806,2765,2519,2385,2355,2312,2287,1984,2787,2728,2699,2743,2720,2784,2828,2720,2975,2934,2902,2857,2807,2744,2605,2605,2942,2896,2885,2864,2852,2843,2759,2796,2942,2909,2865,2890,2845,2814,2731,2789,2908,2879,2871,2875,2826,2824,2687,2792,2940,2879,2865,2849,2821,2781,2798,2797,2935,2892,2879,2849,2815,2788,2817,2812
TOF,2795,2765,2519,2421,2377,2265,2270,2043,2829,2724,2684,2679,2718,2780,2759,2720,2957,2912,2885,2882,2813,2748,2623,2615,2955,2890,2886,2881,2856,2836,2761,2791,2934,2901,2884,2870,2849,2824,2741,2780,2942,2886,2890,2873,2834,2832,2705,2798,2908,2894,2864,2865,2818,2821,2789,2796,2927,2874,2862,2853,2840,2813,2828,2826
TOF,2938,2735,2519,2405,2371,2281,2241,2197,2825,2764,2701,2715,2730,2817,2825,2344,2939,2918,2879,2875,2807,2714,2644,2606,2936,2919,2885,2882,2862,2831,2786,2797,2923,2901,2890,2877,2845,2828,2746,2794,2929,2888,2873,2871,2836,2833,2700,2804,2933,2888,2858,2812,2831,2824,2767,2797,2893,2876,2885,2861,2826,2805,2804,2796
TOF,2938,2702,2519,2397,2330,2315,2254,2210,2794,2764,2693,2728,2660,2781,2777,2639,2943,2911,2893,2879,2825,2718,2626,2635,2948,2903,2885,2853,2863,2855,2780,2800,2915,2894,2875,2885,2837,2821,2749,2816,2922,2868,2888,2857,2846,2821,2751,2797,2928,2889,2885,2865,2826,2798,2758,2807,2917,2899,2873,2840,2850,2772,2830,2854
TOF,2953,2702,2562,2455,2332,2317,2299,2210,2813,2705,2698,2698,2781,2818,2787,2743,2948,2931,2884,2859,2817,2695,2597,2634,2932,2919,2878,2880,2848,2834,2812,2816,2933,2906,2872,2861,2859,2825,2735,2811,2924,2870,2887,2866,2830,2835,2674,2792,2910,2911,2863,2852,2835,2809,2765,2816,2926,2917,2882,2859,2848,2798,2801,2812
TOF,2805,2886,2769,2423,2314,2309,2202,2150,2761,2762,2653,2695,2719,2773,2758,2373,2939,2904,2889,2873,2805,2770,2625,2636,2932,2917,2880,2873,2858,2827,2805,2804,2897,2906,2908,2895,2841,2832,2719,2818,2921,2902,2881,2861,2820,2815,2711,2790,2901,2920,2852,2864,2844,2801,2760,2819,2968,2898,2860,2847,2843,2808,2829,2827
TOF,2878,2927,2809,2380,2322,2300,2189,2150,2819,2734,2735,2675,2673,2787,2791,2393,2909,2908,2894,2849,2792,2709,2629,2602,2937,2892,2881,2882,2853,2848,2791,2779,2931,2897,2900,2855,2851,2824,2695,2790,2936,2907,2874,2880,2862,2836,2792,2763,2925,2892,2868,2842,2840,2823,2786,2812,2940,2867,2881,2841,2866,2818,2810,2803
TOF,2732,2927,2809,2412,2352,2305,2258,1945,2801,2753,2735,2708,2772,2795,2760,2375,2951,2912,2888,2856,2796,2709,2617,2599,2923,2900,2876,2869,2849,2843,2768,2784,2935,2902,2859,2850,2858,2808,2767,2826,2949,2899,2868,2842,2863,2828,2695,2801,2930,2887,2871,2841,2826,2822,2820,2816,2935,2912,2872,2852,2839,2814,2805,2808
TOF,2906,2911,2508,2411,2365,2330,2248,1945,2879,2763,2690,2657,2708,2772,2829,2375,2930,2930,2882,2859,2813,2694,2614,2573,2926,2919,2890,2873,2872,2835,2786,2787,2909,2890,2904,2872,2853,2824,2733,2810,2924,2891,2869,2874,2861,2829,2694,2786,2921,2894,2858,2839,2815,2814,2778,2797,2946,2928,2871,2839,2834,2799,2811,2826
