[0;32mI (95) esp_image: segment 0: paddr=00010020 vaddr=3c02002      ESP-ROM:esp32s3-20210327
Build:Mar 27 2021
rst:0x15 (USB_UART_CHIP_RESET),boot:0x2b (SPI_FAST_FLASH_BOOT)
Saved PC:0x40048839
SPIWP:0xee
mode:DIO, clock div:1
load:0x3fce2810,len:0x1828
load:0x403c8700,len:0x4
load:0x403c8704,len:0xce8
load:0x403cb700,len:0x2eb8
entry 0x403c8918
[0;32mI (26) boot: ESP-IDF v5.3.4 2nd stage bootloader[0m
[0;32mI (27) boot: compile time Aug 18 2026 15:17:00[0m
[0;32mI (27) boot: Multicore bootloader[0m
[0;32mI (30) boot: chip revision: v0.2[0m
[0;32mI (34) boot: efuse block revision: v1.4[0m
[0;32mI (38) boot.esp32s3: Boot SPI Speed : 80MHz[0m
[0;32mI (43) boot.esp32s3: SPI Mode       : DIO[0m
[0;32mI (48) boot.esp32s3: SPI Flash Size : 2MB[0m
[0;32mI (52) boot: Enabling RNG early entropy source...[0m
[0;32mI (58) boot: Partition Table:[0m
[0;32mI (61) boot: ## Label            Usage          Type ST Offset   Length[0m
[0;32mI (69) boot:  0 nvs              WiFi data        01 02 00009000 00006000[0m
[0;32mI (76) boot:  1 phy_init         RF data          01 01 0000f000 00001000[0m
[0;32mI (84) boot:  2 factory          factory app      00 00 00010000 00100000[0m
[0;32mI (91) boot: End of partition table[0m
[0;32mI (95) esp_image: segment 0: paddr=00010020 vaddr=3c020020 size=21450h (136272) map[0m
[0;32mI (129) esp_image: segment 1: paddr=00031478 vaddr=3fc92c00 size=02acch ( 10956) load[0m
[0;32mI (131) esp_image: segment 2: paddr=00033f4c vaddr=40374000 size=0c0cch ( 49356) load[0m
[0;32mI (146) esp_image: segment 3: paddr=00040020 vaddr=42000020 size=1d0f0h (119024) map[0m
[0;32mI (168) esp_image: segment 4: paddr=0005d118 vaddr=403800cc size=02a7ch ( 10876) load[0m
[0;32mI (176) boot: Loaded app from partition at offset 0x10000[0m
[0;32mI (177) boot: Disabling RNG early entropy source...[0m
[0;32mI (188) cpu_start: Multicore app[0m
[0;32mI (198) cpu_start: Pro cpu start user code[0m
[0;32mI (198) cpu_start: cpu freq: 160000000 Hz[0m
[0;32mI (198) app_init: Application information:[0m
[0;32mI (201) app_init: Project name:     tof_VL53L8CX[0m
[0;32mI (206) app_init: App version:      1[0m
[0;32mI (210) app_init: Compile time:     Aug 18 2026 15:16:50[0m
[0;32mI (216) app_init: ELF file SHA256:  e6f9eedce...[0m
[0;32mI (221) app_init: ESP-IDF:          v5.3.4[0m
[0;32mI (226) efuse_init: Min chip rev:     v0.0[0m
[0;32mI (231) efuse_init: Max chip rev:     v0.99 [0m
[0;32mI (236) efuse_init: Chip rev:         v0.2[0m
[0;32mI (241) heap_init: Initializing. RAM available for dynamic allocation:[0m
[0;32mI (248) heap_init: At 3FC96A98 len 00052C78 (331 KiB): RAM[0m
[0;32mI (254) heap_init: At 3FCE9710 len 00005724 (21 KiB): RAM[0m
[0;32mI (260) heap_init: At 3FCF0000 len 00008000 (32 KiB): DRAM[0m
[0;32mI (266) heap_init: At 600FE000 len 00001FE8 (7 KiB): RTCRAM[0m
[0;32mI (274) spi_flash: detected chip: gd[0m
[0;32mI (277) spi_flash: flash io: dio[0m
[0;33mW (281) spi_flash: Detected size(8192k) larger than the size in the binary image header(2048k). Using the size in the binary image header.[0m
[0;32mI (294) sleep: Configure to isolate all GPIO pins in sleep state[0m
[0;32mI (301) sleep: Enable automatic switching of GPIO sleep configuration[0m
[0;32mI (308) main_task: Started on CPU0[0m
[0;32mI (318) main_task: Calling app_main()[0m
[0;32mI (318) gpio: GPIO[4]| InputEn: 0| OutputEn: 1| OpenDrain: 0| Pullup: 0| Pulldown: 0| Intr:0 [0m
[0;32mI (338) gpio: GPIO[5]| InputEn: 1| OutputEn: 1| OpenDrain: 1| Pullup: 1| Pulldown: 0| Intr:0 [0m
[0;32mI (338) gpio: GPIO[6]| InputEn: 1| OutputEn: 1| OpenDrain: 1| Pullup: 1| Pulldown: 0| Intr:0 [0m
[0;32mI (358) TOF_VL53L8CX: VL53L8CX detected, starting init (uploads firmware, ~1-2s)...[0m
[0;32mI (2608) TOF_VL53L8CX: Init OK[0m
TOF,0,1944,2058,2289,2307,2323,2337,2565,2420,2471,2498,2921,2851,2713,2622,2518,3103,2951,2735,2755,2692,2803,2747,2668,2924,2944,2975,2921,2873,2819,2764,2706,3019,3010,2951,2911,2869,2805,2765,2708,3002,3024,2953,2908,2867,2813,2772,2706,2839,3008,2968,2902,2853,2797,2755,2735,3116,3009,2963,2899,2865,2815,2763,2717
TOF,1973,1958,2101,2159,2315,2352,2349,2565,2512,2442,2459,2852,2868,2728,2696,2523,2951,2996,2758,2692,2721,2757,2763,2671,2883,2921,2961,2916,2852,2816,2772,2712,3021,2998,2971,2914,2877,2793,2774,2719,2952,3002,2944,2908,2855,2805,2753,2731,2992,3002,2932,2890,2852,2805,2760,2721,3167,2985,2942,2918,2853,2787,2784,2710
TOF,2043,1974,2101,2292,2256,2321,2324,2654,2426,2462,2608,2845,2840,2759,2631,2531,2988,2923,2781,2700,2705,2750,2767,2688,2921,2972,2936,2916,2867,2825,2776,2717,3037,3053,2914,2889,2842,2820,2783,2705,2890,3012,2958,2900,2833,2809,2758,2724,2974,2997,2947,2880,2840,2804,2760,2711,3100,3001,2938,2901,2851,2799,2769,2745
TOF,1953,1995,2103,2292,2329,2265,2321,2654,2455,2486,2477,2931,2845,2722,2618,2529,3058,2957,2805,2716,2693,2733,2782,2663,2818,2983,2954,2898,2869,2814,2755,2725,3085,3048,2976,2914,2868,2820,2781,2729,2954,2992,2945,2903,2878,2797,2754,2724,2809,2982,2932,2915,2843,2819,2749,2706,3175,3017,2958,2899,2858,2809,2745,2732
TOF,1937,1943,2103,2276,2312,2336,2294,2774,2453,2438,2618,2931,2878,2706,2625,2533,3066,2987,2819,2702,2685,2818,2745,2677,2877,2919,2944,2907,2872,2818,2770,2713,3011,3016,2956,2926,2863,2821,2756,2727,2993,2982,2947,2900,2876,2791,2754,2706,3032,2986,2947,2891,2836,2813,2788,2722,3098,2973,2942,2902,2849,2816,2762,2737
TOF,1942,1979,2103,2281,2308,2337,2351,2774,2366,2481,2504,2908,2836,2698,2681,2564,2900,2913,2791,2689,2711,2762,2743,2646,2894,2923,2966,2893,2866,2833,2772,2717,3044,3018,2941,2920,2866,2802,2750,2727,3013,2954,2957,2885,2848,2806,2766,2728,3060,2986,2940,2895,2843,2820,2807,2712,3148,2944,2935,2884,2849,2792,2760,2727
TOF,1943,1979,2103,2305,2338,2347,2284,2457,2452,2490,2515,2921,2859,2715,2619,2508,2846,2911,2813,2704,2707,2773,2744,2616,2888,2925,2961,2931,2869,2805,2772,2714,3016,3010,2944,2907,2896,2806,2768,2728,2983,2979,2943,2890,2835,2784,2770,2708,3052,2966,2930,2892,2863,2804,2785,2739,3167,2980,2970,2916,2852,2814,2777,2732
TOF,1982,1961,2052,2276,2298,2308,2338,2343,2470,2453,2459,2918,2871,2736,2603,2541,3069,2952,2813,2713,2743,2753,2767,2653,2861,2967,2932,2920,2868,2820,2759,2708,3003,3020,2969,2909,2855,2819,2769,2683,3004,3006,2951,2905,2868,2804,2764,2730,2881,2980,2939,2892,2847,2814,2793,2720,3094,3056,2959,2891,2834,2786,2768,2737
TOF,1982,1964,2052,2231,2314,2322,2371,2343,2482,2468,2475,2907,2846,2747,2567,2637,2969,2925,2753,2708,2680,2757,2773,2689,2888,2969,2947,2920,2868,2807,2795,2712,3086,3059,2955,2912,2876,2812,2771,2702,2997,3038,2961,2886,2889,2811,2760,2713,2956,2982,2953,2918,2838,2795,2769,2725,3063,3001,2958,2902,2843,2813,2770,2742
TOF,1976,1945,2115,2227,2375,2297,2283,2528,2509,2468,2569,2898,2817,2720,2655,2570,2955,2983,2788,2670,2720,2759,2774,2677,2846,2951,2961,2913,2867,2842,2787,2714,3046,3004,2967,2921,2879,2807,2782,2713,2844,2989,2939,2910,2855,2811,2757,2713,2905,2995,2940,2885,2833,2802,2755,2723,3093,2970,2952,2900,2841,2801,2785,2724
TOF,1976,1945,2115,2283,2310,2297,2374,2453,2457,2500,2503,2879,2881,2743,2674,2609,3051,2892,2816,2705,2724,2760,2739,2656,2850,2950,2965,2918,2865,2831,2772,2719,2996,3039,2971,2901,2862,2809,2761,2716,3102,3014,2939,2904,2852,2806,2754,2728,2887,3006,2947,2887,2854,2826,2744,2743,2930,2976,2961,2888,2852,2810,2774,2719
TOF,1983,2024,1997,2303,2288,2324,2312,2453,2479,2486,2431,2879,2838,2729,2705,2608,2864,2852,2866,2717,2705,2764,2757,2641,2883,2959,2976,2887,2883,2826,2776,2718,3096,3011,2943,2908,2857,2832,2767,2711,2960,3001,2948,2894,2850,2781,2758,2713,2910,2985,2940,2925,2876,2799,2775,2716,3058,2988,2948,2907,2861,2772,2772,2711
TOF,1983,1911,2187,2352,2332,2331,2358,2749,2443,2487,2534,2879,2825,2706,2565,2561,2721,2907,2840,2723,2702,2762,2767,2638,2821,2983,2943,2918,2874,2831,2784,2723,3012,2985,2937,2937,2848,2815,2773,2766,3075,2996,2970,2906,2850,2820,2767,2719,2896,2988,2938,2892,2847,2790,2749,2718,3002,2993,2953,2877,2847,2790,2759,2723
TOF,1944,1939,2158,2284,2342,2326,2322,2749,2544,2462,2534,2885,2827,2737,2628,2537,3006,2891,2799,2704,2701,2763,2769,2675,2862,2918,2932,2922,2864,2832,2782,2738,2960,3006,2967,2896,2875,2806,2764,2701,2997,3005,2954,2894,2824,2817,2770,2722,2936,3006,2959,2917,2844,2803,2773,2723,3119,3002,2958,2906,2848,2793,2777,2735
TOF,1959,1939,2172,2302,2333,2318,2303,2749,2452,2487,2518,2762,2854,2732,2650,2569,3014,2944,2825,2695,2691,2779,2763,2650,2910,2950,2941,2920,2871,2810,2783,2713,3016,3018,2958,2901,2860,2830,2768,2718,2906,2987,2944,2907,2850,2806,2778,2721,2918,3002,2952,2903,2858,2820,2765,2711,3158,3003,2943,2901,2868,2813,2771,2740
TOF,1964,1976,2129,2290,2316,2281,2353,2466,2488,2471,2507,2885,2851,2763,2638,2533,3042,2959,2791,2717,2722,2749,2768,2663,2937,2961,2961,2927,2859,2822,2780,2699,2999,3005,2974,2907,2865,2804,2760,2729,2987,3000,2936,2899,2853,2819,2776,2721,2878,3000,2944,2887,2844,2793,2752,2736,3094,2992,2935,2869,2854,2811,2767,2745
TOF,1981,1976,2097,2286,2294,2325,2360,2358,2448,2464,2514,2829,2854,2719,2693,2558,2957,2933,2835,2677,2707,2777,2766,2642,2950,3008,2960,2903,2877,2811,2774,2713,2991,3023,2958,2920,2882,2820,2762,2718,2982,3041,2957,2923,2849,2821,2774,2741,2841,3003,2934,2902,2864,2804,2763,2733,3122,3023,2961,2900,2835,2803,2765,2744
TOF,1956,1995,2027,2337,2359,2318,2309,2733,2443,2457,2485,2858,2851,2746,2587,2557,3072,2875,2826,2705,2696,2760,2738,2700,2881,2874,2951,2922,2874,2811,2778,2711,3064,3022,2955,2900,2865,2809,2758,2738,2970,2983,2955,2859,2849,2804,2790,2728,3060,2990,2957,2907,2867,2803,2767,2737,3040,2971,2942,2913,2838,2822,2754,2728
TOF,1930,2037,2091,2276,2331,2314,2346,2733,2456,2484,2529,2907,2843,2804,2645,2523,2984,2841,2784,2718,2694,2766,2760,2666,2875,2929,2944,2910,2873,2819,2779,2708,3047,3050,2970,2915,2864,2809,2774,2732,3008,3017,2942,2900,2844,2823,2756,2719,2993,2995,2958,2873,2851,2808,2763,2723,3125,2985,2949,2925,2845,2819,2766,2741
TOF,1955,2026,2101,2242,2316,2345,2334,2452,2464,2473,2468,2847,2829,2709,2592,2574,3076,2986,2776,2698,2733,2753,2748,2709,2842,2967,2938,2927,2872,2834,2784,2689,3012,3027,2951,2893,2883,2808,2764,2714,3016,3015,2942,2916,2866,2814,2746,2733,2812,2996,2947,2905,2841,2820,2769,2712,3142,2987,2974,2895,2844,2807,2772,2738
TOF,1994,2012,2031,2287,2285,2312,2320,2452,2399,2448,2505,2877,2826,2729,2603,2581,2992,2954,2741,2709,2757,2747,2778,2678,2813,2942,2953,2924,2872,2808,2792,2701,3008,3034,2952,2917,2873,2832,2762,2722,3018,2991,2932,2914,2846,2817,2770,2743,2780,2986,2955,2880,2849,2803,2749,2743,3135,3010,2960,2930,2840,2808,2755,2720
TOF,1994,2012,2024,2197,2310,2304,2325,2402,2513,2480,2449,2898,2825,2759,2669,2537,3046,2982,2786,2680,2691,2751,2733,2672,2873,2948,2957,2947,2874,2810,2766,2727,2970,3023,2948,2900,2877,2820,2766,2702,2892,3039,2952,2906,2870,2811,2754,2733,2953,2977,2965,2891,2852,2800,2762,2744,3006,2992,2931,2905,2830,2810,2775,2764
TOF,1955,1976,2024,2287,2307,2306,2334,2584,2417,2464,2478,2829,2861,2735,2656,2555,2998,2974,2775,2686,2749,2766,2777,2666,2860,2924,2962,2923,2850,2835,2779,2718,3047,3047,2966,2910,2846,2827,2763,2733,2966,3021,2955,2921,2832,2809,2762,2699,2834,2994,2952,2910,2860,2783,2770,2714,3154,3035,2953,2902,2851,2807,2771,2684
TOF,2000,1993,2071,2319,2303,2312,2330,2584,2494,2447,2486,2730,2833,2680,2598,2597,3041,3016,2816,2691,2703,2791,2772,2695,2894,2888,2956,2920,2880,2840,2768,2726,3004,3049,2956,2939,2865,2811,2772,2722,2910,2985,2927,2905,2877,2777,2761,2717,2919,2997,2940,2900,2865,2807,2728,2715,3134,3011,2959,2902,2839,2810,2771,2732
TOF,1968,1955,2046,2239,2273,2337,2311,2584,2475,2450,2476,2865,2857,2707,2568,2538,3033,2928,2835,2707,2757,2795,2757,2674,2862,2956,2945,2909,2867,2823,2787,2722,3093,2989,2955,2947,2847,2825,2776,2703,2987,2959,2952,2903,2848,2794,2760,2719,2914,3024,2926,2850,2856,2792,2759,2730,3105,2996,2956,2903,2859,2806,2774,2727
TOF,1933,2109,2181,2268,2336,2302,2369,2312,2443,2464,2549,2834,2864,2633,2663,2522,2974,2890,2750,2700,2791,2776,2751,2703,2872,2934,2942,2908,2875,2823,2775,2708,3035,3001,2974,2905,2858,2806,2764,2719,2953,3008,2950,2912,2848,2813,2776,2711,3008,2999,2947,2900,2854,2807,2755,2725,3139,3011,2960,2901,2840,2788,2778,2736
TOF,1975,2052,2009,2310,2296,2330,2282,2312,2459,2469,2529,2849,2818,2749,2608,2525,3026,2983,2808,2717,2713,2728,2761,2645,2871,2968,2950,2915,2872,2820,2779,2699,2986,3018,2972,2919,2871,2828,2756,2725,2942,3019,2926,2911,2828,2794,2763,2725,3015,2991,2948,2881,2861,2796,2744,2742,3072,2986,2960,2920,2866,2824,2778,2707
TOF,1968,1869,2074,2197,2313,2303,2306,2599,2511,2437,2462,2898,2750,2699,2643,2568,3127,2944,2751,2698,2722,2740,2760,2722,2828,2941,2959,2902,2869,2833,2778,2713,2962,2969,2954,2915,2861,2827,2771,2715,2950,2998,2944,2911,2843,2813,2762,2731,3002,2987,2935,2907,2863,2808,2758,2725,3106,2978,2941,2910,2851,2815,2759,2737
TOF,1968,2039,2066,2294,2316,2320,2386,2599,2443,2473,2613,2918,2846,2796,2648,2551,2924,2997,2791,2674,2694,2769,2759,2700,2860,2969,2961,2920,2874,2802,2785,2719,3010,3011,2974,2913,2878,2813,2759,2711,2942,2988,2953,2901,2828,2798,2756,2722,3068,3006,2958,2876,2852,2796,2775,2703,3146,2991,2952,2916,2860,2807,2753,2731
TOF,1968,1999,2152,2309,2349,2331,2392,2647,2430,2471,2491,2868,2847,2720,2626,2506,2857,2921,2764,2701,2716,2773,2773,2703,2846,2971,2961,2935,2847,2824,2806,2737,2980,3041,2975,2930,2866,2808,2765,2732,2959,3008,2933,2913,2877,2811,2788,2700,2852,3034,2963,2912,2856,2796,2778,2725,3119,2968,2942,2883,2848,2810,2788,2749
TOF,2015,1996,2070,2199,2296,2329,2354,2614,2446,2498,2523,2820,2852,2657,2568,2528,2994,2978,2817,2690,2676,2747,2787,2684,2910,2969,2960,2914,2878,2826,2764,2691,3004,3022,2972,2911,2874,2827,2765,2738,2952,2986,2946,2905,2881,2809,2768,2725,2904,2988,2931,2903,2840,2800,2762,2742,3104,3008,2985,2887,2860,2811,2768,2730
TOF,1979,1978,2216,2300,2293,2317,2292,2614,2447,2493,2523,2847,2779,2840,2665,2551,2984,2843,2813,2682,2677,2739,2765,2694,2894,2946,2951,2933,2869,2827,2777,2696,3046,3051,2977,2917,2851,2807,2762,2732,2930,2982,2969,2892,2868,2781,2752,2731,2923,2994,2946,2899,2873,2811,2770,2727,3025,2946,2953,2888,2839,2787,2765,2740
TOF,1979,1984,2216,2243,2278,2326,2316,2744,2482,2445,2499,2913,2865,2794,2592,2584,2837,2905,2767,2710,2678,2747,2783,2659,2874,2952,2950,2919,2874,2822,2782,2716,3036,3000,2948,2898,2862,2816,2769,2723,2955,3011,2954,2919,2861,2797,2752,2745,2941,2975,2927,2906,2859,2795,2771,2723,3056,2984,2915,2877,2826,2803,2768,2731
TOF,1973,1980,2110,2229,2299,2344,2316,2744,2416,2433,2482,2833,2843,2777,2675,2562,2805,2821,2815,2685,2703,2773,2759,2660,2857,2976,2979,2903,2867,2836,2790,2706,3068,2967,2951,2908,2867,2813,2750,2716,2991,2985,2954,2917,2855,2803,2774,2722,2971,2976,2934,2928,2845,2801,2772,2722,3157,2997,2952,2925,2880,2807,2774,2721
TOF,1998,1985,2061,2241,2290,2335,2322,2744,2511,2490,2441,2831,2814,2728,2653,2587,2976,2794,2788,2692,2716,2766,2754,2649,2875,2971,2963,2932,2871,2829,2772,2707,3075,3035,2983,2915,2876,2822,2769,2742,2992,3007,2936,2900,2856,2785,2771,2725,3003,3012,2927,2889,2843,2815,2734,2734,3125,3007,2969,2897,2849,2796,2759,2723
TOF,1896,1985,2019,2313,2250,2286,2346,2744,2438,2476,2489,2813,2837,2745,2632,2527,3020,2910,2786,2678,2752,2738,2755,2632,2911,2945,2937,2929,2860,2817,2776,2709,3020,3038,2946,2904,2870,2802,2783,2727,2975,3002,2932,2917,2841,2824,2754,2733,2872,2999,2948,2868,2871,2809,2766,2731,3099,2964,2954,2873,2873,2828,2763,2762
TOF,1975,2011,2063,2251,2328,2312,2307,2365,2377,2463,2505,2850,2835,2692,2665,2556,2981,2901,2690,2696,2710,2748,2754,2650,2870,2913,2965,2928,2879,2831,2768,2710,2983,3046,2962,2892,2855,2821,2763,2734,2983,3018,2966,2915,2863,2795,2760,2700,2883,2979,2917,2897,2850,2801,2769,2703,3128,2962,2947,2894,2856,2811,2768,2734
TOF,2000,2011,2034,2240,2295,2314,2359,2636,2463,2480,2505,2858,2816,2713,2750,2543,2928,2852,2774,2726,2724,2777,2766,2721,2861,2924,2957,2920,2878,2811,2774,2704,2996,3039,2972,2908,2867,2806,2765,2721,2929,3032,2947,2899,2858,2824,2755,2719,2904,3003,2956,2901,2857,2819,2781,2735,3064,2981,2955,2895,2835,2807,2772,2746
TOF,2000,1952,2121,2280,2331,2320,2365,2636,2424,2464,2466,2908,2843,2759,2662,2517,3064,2996,2784,2696,2748,2773,2753,2685,2872,2930,2944,2935,2884,2820,2767,2683,2999,3011,2959,2960,2869,2806,2778,2725,3024,3018,2945,2909,2853,2806,2755,2708,2820,3011,2954,2896,2842,2799,2769,2723,3127,2952,2977,2895,2849,2794,2765,2730
TOF,2000,1952,2068,2307,2282,2328,2365,2636,2514,2475,2516,2801,2840,2787,2663,2557,3087,3006,2779,2706,2738,2786,2758,2670,2912,2938,2937,2934,2881,2824,2767,2720,3053,3021,2962,2915,2868,2824,2771,2736,3059,3040,2945,2900,2844,2813,2756,2718,2956,3007,2943,2877,2834,2803,2770,2735,3087,2986,2962,2906,2858,2801,2748,2751
TOF,1989,1954,2107,2176,2325,2330,2321,2636,2453,2489,2510,2836,2835,2748,2659,2548,3082,2926,2845,2703,2685,2739,2755,2666,2916,2949,2942,2908,2857,2845,2773,2720,3040,3001,2962,2909,2860,2837,2753,2717,2952,2991,2930,2890,2862,2808,2751,2724,2937,2990,2934,2887,2835,2805,2764,2714,3136,2999,2968,2893,2858,2810,2791,2734
TOF,2000,1978,2107,2295,2325,2345,2341,2636,2422,2511,2519,2836,2839,2741,2636,2579,3057,2869,2800,2723,2720,2771,2769,2655,2881,2903,2964,2939,2867,2808,2777,2726,3031,3012,2976,2897,2853,2812,2759,2735,2990,3023,2948,2897,2842,2819,2771,2717,2898,3000,2937,2886,2843,2796,2774,2722,3148,2976,2989,2906,2858,2813,2778,2747
TOF,1956,1978,2044,2251,2326,2318,2341,2636,2489,2486,2639,2862,2860,2739,2659,2522,3026,2887,2743,2720,2686,2777,2767,2698,2895,2977,2981,2909,2862,2802,2792,2736,3032,3030,2971,2892,2875,2815,2772,2718,3011,3035,2965,2907,2855,2823,2761,2723,2970,2989,2936,2905,2841,2793,2773,2743,3118,2990,2940,2886,2878,2810,2758,2720
TOF,2033,2046,2158,2201,2330,2342,2379,2636,2478,2447,2639,2856,2816,2659,2619,2522,3002,2929,2792,2697,2697,2755,2770,2621,2904,2979,2934,2924,2866,2830,2758,2699,2990,2974,2961,2921,2875,2833,2773,2711,3069,3027,2964,2911,2843,2816,2757,2728,2845,2984,2954,2903,2852,2805,2770,2736,3111,2970,2946,2906,2839,2803,2784,2727
TOF,1978,1985,1999,2201,2325,2316,2348,2636,2475,2475,2513,2878,2816,2716,2679,2543,2982,2897,2782,2724,2715,2773,2763,2641,2889,2926,2963,2924,2876,2826,2775,2679,3051,3028,2938,2917,2857,2827,2769,2715,2976,2998,2944,2912,2856,2810,2782,2739,2913,2998,2939,2910,2840,2798,2767,2714,3047,2977,2942,2900,2854,2800,2770,2761
TOF,1978,1947,2129,2257,2337,2318,2327,2636,2439,2441,2487,2896,2851,2724,2611,2556,2943,2947,2743,2690,2727,2738,2768,2672,2891,2982,2947,2910,2860,2825,2769,2700,2991,3038,2947,2915,2854,2829,2771,2706,3021,3014,2947,2900,2849,2801,2788,2702,2991,2986,2936,2891,2837,2791,2764,2723,3152,3043,2954,2895,2844,2816,2738,2725
TOF,1956,2003,2129,2258,2300,2345,2260,2346,2458,2459,2459,2838,2831,2740,2610,2555,3003,2911,2787,2737,2724,2729,2774,2655,2872,2928,2931,2907,2881,2810,2783,2721,3040,3040,2951,2928,2861,2822,2777,2726,2954,3022,2963,2909,2864,2810,2776,2686,2932,3025,2927,2896,2841,2800,2767,2715,3076,2983,2946,2899,2867,2816,2754,2733
TOF,1974,2002,2148,2268,2318,2297,2344,2624,2484,2468,2487,2816,2809,2758,2649,2569,2976,2983,2845,2724,2709,2754,2760,2653,2869,2996,2963,2913,2855,2812,2784,2706,2993,3034,2951,2950,2877,2806,2773,2711,2993,2977,2966,2917,2866,2814,2766,2714,2953,2981,2940,2913,2843,2800,2770,2737,3059,3011,2955,2891,2847,2796,2763,2723
TOF,1963,2017,2148,2281,2317,2328,2311,2624,2475,2489,2453,2842,2871,2759,2596,2542,3047,2955,2813,2721,2729,2746,2778,2678,2890,2947,2949,2934,2864,2810,2775,2723,3078,3018,2958,2930,2864,2825,2762,2705,2979,2997,2937,2895,2845,2817,2746,2712,2865,3001,2951,2912,2828,2808,2765,2727,3122,3005,2984,2906,2851,2809,2771,2740
TOF,1993,2017,2069,2168,2290,2345,2361,2741,2473,2494,2480,2887,2878,2740,2638,2545,3030,2948,2836,2719,2728,2773,2759,2686,2848,2978,2960,2928,2879,2794,2772,2698,3025,3056,2988,2930,2870,2797,2776,2703,2952,3006,2948,2891,2851,2806,2754,2695,2979,2983,2934,2890,2837,2794,2739,2750,3173,2987,2971,2906,2837,2809,2773,2758
TOF,1961,1957,2232,2223,2311,2322,2301,2744,2485,2467,2503,2887,2803,2764,2665,2557,3009,2925,2743,2707,2708,2770,2774,2684,2927,2936,2943,2919,2870,2827,2766,2723,2940,3006,2964,2881,2854,2830,2775,2721,2922,3004,2954,2913,2855,2823,2768,2729,2937,2981,2938,2881,2860,2819,2759,2718,3028,3018,2955,2907,2850,2805,2782,2725
TOF,2006,2048,2232,2271,2329,2335,2374,2381,2392,2450,2633,2887,2840,2754,2664,2568,3069,2936,2837,2696,2694,2775,2727,2634,2903,2952,2929,2909,2871,2818,2785,2712,2982,3019,2961,2912,2850,2814,2783,2700,2984,3001,2943,2913,2869,2823,2769,2722,2953,2990,2962,2892,2861,2803,2771,2739,3020,2998,2969,2893,2873,2832,2761,2753
TOF,1938,1989,2232,2244,2318,2341,2361,2381,2507,2458,2489,2900,2837,2718,2634,2574,3058,2996,2813,2718,2743,2781,2772,2654,2871,2944,2955,2922,2866,2822,2777,2747,3018,2995,2967,2916,2878,2800,2749,2706,2973,3017,2969,2908,2839,2816,2780,2714,2844,2984,2935,2886,2858,2802,2765,2716,3136,3029,2940,2915,2866,2812,2802,2759
TOF,1932,2019,2083,2246,2300,2342,2268,2381,2477,2463,2469,2825,2814,2718,2656,2509,2955,2907,2780,2717,2730,2768,2735,2627,2859,2941,2930,2894,2860,2831,2775,2716,3035,3005,2956,2899,2869,2813,2763,2715,3011,3035,2967,2902,2863,2811,2748,2721,2891,2987,2934,2879,2843,2804,2781,2703,3196,3014,2958,2885,2845,2814,2762,2764
TOF,1942,1962,2083,2258,2316,2296,2357,2381,2422,2502,2555,2889,2841,2798,2682,2540,3080,2957,2856,2701,2684,2773,2778,2684,2915,2930,2978,2901,2859,2803,2784,2713,3010,3029,2953,2904,2861,2824,2773,2726,2964,3011,2966,2904,2856,2820,2754,2734,3066,2977,2930,2868,2838,2803,2757,2722,3160,2982,2934,2879,2846,2801,2734,2748
TOF,1913,1967,2121,2209,2313,2327,2334,2381,2549,2474,2555,2913,2878,2760,2781,2568,3064,2968,2910,2684,2727,2793,2755,2677,2890,2993,2947,2921,2869,2816,2799,2706,3054,3011,2972,2895,2867,2800,2758,2721,2896,3027,2949,2907,2856,2800,2761,2729,3063,2995,2955,2922,2832,2806,2757,2722,3128,3014,2951,2902,2856,2793,2759,2733
TOF,1978,2013,2121,2231,2329,2333,2299,2414,2420,2456,2503,2855,2850,2740,2614,2529,3026,2954,2961,2706,2667,2767,2783,2649,2866,2924,2962,2894,2883,2840,2780,2714,3037,3014,2944,2900,2877,2798,2787,2726,2955,3027,2943,2911,2860,2806,2788,2737,2944,2982,2947,2903,2835,2790,2751,2720,3153,2990,2966,2881,2856,2821,2779,2766
TOF,1978,2055,2090,2157,2319,2343,2384,2414,2461,2447,2503,2898,2876,2773,2659,2528,3044,2951,2829,2728,2726,2769,2753,2703,2909,2971,2955,2911,2879,2828,2774,2727,2973,3028,2968,2960,2861,2827,2763,2711,2980,2993,2942,2914,2854,2818,2763,2717,2927,2986,2949,2889,2883,2811,2768,2729,3123,2974,2959,2894,2824,2796,2782,2757
TOF,1981,2055,2149,2242,2311,2319,2318,2452,2475,2473,2590,2848,2829,2670,2609,2495,3096,2978,2824,2727,2725,2729,2770,2672,2899,2979,2966,2903,2873,2828,2799,2718,3032,3008,2974,2913,2867,2811,2755,2725,3035,3012,2983,2901,2849,2808,2750,2724,2829,2979,2936,2911,2857,2795,2762,2735,3142,3003,2956,2909,2846,2799,2783,2736
TOF,1981,2071,2130,2269,2310,2312,2318,2518,2492,2427,2366,2789,2864,2768,2647,2501,3009,2809,2820,2722,2728,2732,2767,2646,2898,2958,2966,2907,2854,2821,2778,2685,3051,3077,2959,2931,2856,2807,2762,2712,2941,3003,2949,2883,2842,2822,2776,2717,2851,2993,2943,2893,2851,2785,2765,2714,3139,2989,2936,2892,2864,2806,2773,2725
TOF,1953,2030,2047,2255,2345,2315,2340,2704,2457,2461,2471,2883,2839,2803,2613,2530,3049,2967,2818,2672,2724,2772,2767,2688,2832,2939,2948,2903,2867,2811,2761,2693,3040,3042,2964,2931,2857,2825,2764,2726,3003,3028,2927,2899,2847,2813,2761,2724,2963,2987,2938,2908,2862,2808,2778,2708,3172,2953,2944,2912,2842,2789,2777,2725
TOF,1963,1994,2047,2243,2320,2323,2327,2579,2486,2475,2524,2855,2856,2733,2604,2549,2971,2939,2845,2693,2707,2759,2772,2694,2885,2904,2973,2928,2875,2835,2791,2715,2988,3005,2964,2904,2874,2805,2758,2713,3037,3031,2970,2904,2838,2782,2793,2729,2926,3003,2939,2873,2838,2782,2789,2720,3113,3010,2960,2861,2863,2823,2778,2744
TOF,1963,1923,2106,2204,2331,2373,2285,2559,2492,2487,2446,2888,2866,2767,2653,2550,3037,2961,2815,2690,2702,2717,2740,2678,2891,2949,2937,2918,2858,2819,2785,2718,3055,3028,2964,2913,2880,2819,2769,2723,3057,2985,2928,2892,2861,2801,2751,2741,2923,3014,2936,2889,2835,2802,2765,2717,3103,2981,2951,2885,2852,2818,2765,2750
TOF,1972,1947,2046,2261,2302,2296,2290,2559,2431,2440,2464,2882,2849,2745,2627,2521,2934,2916,2806,2698,2684,2781,2759,2674,2889,2927,2922,2901,2868,2821,2779,2712,3053,3021,2951,2896,2872,2820,2764,2715,3050,3036,2977,2880,2834,2808,2742,2718,2897,2987,2940,2903,2840,2799,2759,2731,3181,3016,2932,2891,2836,2800,2744,2753
TOF,1964,2016,2014,2272,2327,2332,2310,2559,2491,2471,2519,2834,2829,2746,2606,2520,2958,2934,2820,2723,2695,2750,2752,2671,2856,2954,2932,2941,2866,2825,2779,2730,3033,3029,2973,2920,2857,2814,2768,2712,2939,3019,2968,2901,2872,2798,2764,2726,2878,2989,2944,2873,2857,2793,2756,2719,3096,2987,2967,2890,2864,2821,2797,2736
TOF,1924,2016,2087,2255,2303,2323,2361,2447,2435,2465,2519,2847,2852,2819,2669,2569,3021,2979,2802,2695,2713,2741,2755,2704,2901,2892,2977,2930,2878,2814,2764,2712,3010,3050,2972,2902,2879,2804,2765,2712,3063,3031,2929,2908,2843,2798,2770,2697,2897,2990,2938,2876,2859,2815,2767,2726,3138,2970,2948,2880,2844,2808,2762,2720
TOF,1986,1970,2150,2320,2327,2346,2289,2374,2427,2494,2488,2857,2835,2761,2647,2538,2936,2941,2816,2717,2696,2736,2743,2663,2850,2951,2966,2920,2885,2809,2779,2715,2997,3014,2944,2920,2862,2820,2770,2715,2947,3054,2961,2909,2865,2815,2765,2739,2894,3015,2940,2908,2861,2808,2737,2743,3131,2975,2962,2893,2860,2809,2776,2725
TOF,1986,2008,2138,2354,2308,2305,2317,2374,2442,2466,2488,2857,2825,2743,2627,2524,2986,2953,2813,2697,2703,2782,2746,2688,2868,2944,2981,2908,2867,2804,2770,2733,3063,3030,2966,2908,2848,2809,2754,2727,2936,2991,2951,2892,2873,2815,2762,2722,3050,2981,2944,2890,2870,2799,2757,2744,3121,3001,2942,2897,2853,2804,2787,2741
TOF,1958,1952,2186,2276,2316,2293,2327,2374,2484,2505,2448,2873,2834,2751,2649,2533,2918,2960,2820,2722,2730,2726,2762,2643,2864,2932,2957,2932,2857,2830,2784,2717,3022,3033,2963,2896,2867,2833,2774,2715,2974,3024,2970,2901,2836,2805,2760,2713,2937,2984,2957,2891,2858,2792,2762,2720,3129,2999,2947,2904,2860,2809,2747,2727
TOF,1995,2039,2186,2276,2365,2309,2326,2368,2459,2467,2464,2838,2839,2752,2571,2572,3000,3000,2792,2715,2711,2774,2775,2682,2881,2930,2971,2905,2877,2827,2747,2738,3035,3040,2971,2952,2876,2824,2771,2753,3096,3014,2942,2860,2859,2798,2752,2709,2908,2994,2935,2913,2855,2789,2764,2721,3168,2994,2969,2896,2851,2817,2773,2748
TOF,1992,1988,2112,2182,2305,2334,2322,2368,2422,2456,2465,2741,2857,2791,2631,2551,2988,2859,2803,2686,2753,2790,2766,2663,2892,2963,2947,2932,2872,2853,2786,2738,3039,2969,2927,2920,2864,2799,2778,2749,2982,3002,2922,2911,2850,2804,2768,2756,2832,3008,2945,2899,2827,2804,2770,2724,3134,3027,2954,2924,2847,2819,2760,2720
TOF,1970,1996,2003,2286,2326,2333,2310,2662,2415,2476,2472,2849,2856,2727,2620,2540,2910,2911,2770,2722,2725,2780,2764,2672,2897,2988,2947,2922,2859,2816,2761,2736,3063,2984,2981,2932,2864,2823,2755,2730,2950,3035,2956,2913,2842,2799,2758,2734,3126,3007,2918,2902,2854,2800,2740,2737,3074,3000,2950,2893,2847,2809,2780,2760
TOF,2006,1996,2129,2293,2290,2353,2340,2662,2474,2462,2573,2815,2799,2723,2640,2531,3048,2907,2746,2714,2710,2766,2770,2654,2874,2988,2945,2922,2895,2822,2762,2743,3026,3022,2956,2928,2855,2806,2767,2721,2948,3039,2957,2906,2879,2796,2751,2715,2848,2997,2947,2904,2855,2806,2749,2734,3113,2995,2968,2890,2861,2819,2772,2735
TOF,1931,1993,2020,2255,2308,2288,2338,2662,2467,2476,2511,2850,2841,2753,2660,2568,2968,2912,2824,2700,2682,2770,2767,2687,2849,2993,2964,2922,2874,2852,2771,2726,3056,3069,2967,2884,2876,2817,2765,2712,2976,3009,2953,2897,2845,2807,2777,2729,2871,3007,2951,2914,2845,2819,2770,2734,3091,3006,2954,2890,2856,2808,2771,2761
TOF,1931,1994,2181,2335,2312,2293,2353,2662,2423,2453,2537,2875,2824,2730,2637,2551,3072,2830,2815,2706,2720,2766,2786,2672,2823,2954,2977,2908,2866,2812,2792,2703,3072,3028,2967,2910,2874,2820,2769,2741,3029,2973,2955,2910,2855,2832,2751,2733,2885,2991,2944,2899,2835,2825,2766,2731,3043,2991,2974,2883,2861,2805,2799,2726
TOF,1939,2046,2181,2283,2333,2313,2381,2373,2442,2432,2537,2875,2835,2701,2663,2552,3057,2925,2766,2722,2735,2750,2767,2690,2863,2944,2954,2915,2881,2844,2784,2719,3039,3013,2966,2902,2853,2820,2766,2713,3108,2988,2978,2918,2843,2825,2740,2716,2845,2982,2920,2915,2858,2822,2752,2736,3038,2987,2975,2899,2839,2805,2779,2754
TOF,1984,1943,2181,2222,2315,2295,2374,2641,2495,2428,2451,2897,2787,2750,2699,2568,3096,2962,2893,2679,2704,2773,2770,2639,2866,2983,2970,2921,2869,2807,2793,2700,3071,3050,2974,2896,2866,2819,2774,2722,2914,3012,2943,2924,2856,2800,2757,2728,2888,3017,2954,2909,2833,2812,2755,2717,3088,2958,2952,2888,2884,2801,2777,2735
TOF,1988,2009,2103,2327,2319,2320,2306,2435,2438,2467,2451,2885,2849,2729,2618,2600,3045,2930,2861,2704,2719,2773,2710,2675,2879,2972,2955,2918,2879,2834,2789,2737,3010,3008,2972,2964,2858,2820,2757,2739,2965,3035,2960,2891,2834,2804,2755,2718,2975,2984,2944,2922,2860,2808,2775,2723,3174,2985,2958,2886,2862,2810,2751,2749
TOF,1988,2009,2811,2276,2295,2326,2403,2435,2501,2480,2621,2871,2804,2787,2722,2566,3056,2885,2803,2672,2701,2752,2771,2671,2898,2937,2974,2904,2865,2808,2772,2727,3088,3018,2936,2910,2854,2807,2775,2726,2911,3020,2947,2908,2848,2803,2777,2716,2890,3005,2931,2881,2833,2804,2766,2718,3151,2966,2924,2907,2846,2814,2754,2754
TOF,1988,2009,2811,2378,2315,2366,2298,2435,2433,2478,2505,2788,2840,2725,2754,2514,3045,2932,2754,2692,2712,2807,2762,2660,2898,2956,2960,2917,2874,2820,2793,2716,2990,3030,2952,2936,2854,2824,2779,2710,3099,3025,2932,2883,2862,2806,2759,2704,2951,2999,2938,2891,2840,2793,2762,2727,3173,2993,2941,2906,2838,2811,2780,2752
TOF,1976,2064,2811,2273,2330,2340,2341,2295,2421,2461,2478,2789,2817,2726,2665,2552,2979,2954,2872,2714,2751,2761,2751,2666,2913,2903,2952,2911,2883,2832,2790,2720,3014,2998,2979,2878,2873,2810,2779,2713,2985,2995,2953,2922,2841,2823,2771,2735,3021,3010,2944,2922,2851,2802,2750,2718,3073,3009,2934,2917,2856,2808,2749,2741
TOF,1955,1972,2177,2299,2316,2352,2341,2650,2473,2453,2825,2875,2828,2693,2627,2527,2962,2833,2792,2718,2740,2772,2764,2680,2851,2919,2945,2929,2879,2815,2784,2711,3077,3033,2930,2918,2866,2814,2769,2730,3011,3011,2974,2891,2853,2820,2764,2717,2873,2986,2933,2884,2870,2804,2757,2724,3126,3027,2946,2920,2865,2818,2754,2723
TOF,1955,2000,2177,2271,2358,2349,2342,2650,2477,2419,2871,2809,2817,2694,2647,2492,3006,2981,2818,2698,2723,2712,2768,2670,2863,2876,2931,2924,2863,2829,2773,2712,3054,3012,2950,2905,2870,2820,2762,2715,3024,3017,2949,2880,2863,2822,2772,2730,2911,2995,2949,2877,2839,2792,2770,2735,3145,2995,2962,2900,2827,2814,2755,2734
TOF,1980,2000,2255,2138,2297,2342,2344,2544,2435,2458,2542,2866,2794,2752,2699,2532,3026,2914,2768,2723,2695,2766,2779,2667,2890,2947,2938,2920,2874,2808,2769,2711,3031,3001,2987,2930,2884,2810,2766,2703,3000,3050,2967,2914,2834,2811,2775,2738,2909,2990,2972,2872,2874,2797,2765,2725,3059,2994,2958,2896,2849,2806,2785,2727
TOF,2019,1982,2115,2252,2291,2360,2339,2527,2415,2492,2542,2811,2829,2681,2633,2567,3066,3009,2835,2695,2681,2725,2764,2668,2891,2978,2958,2926,2875,2806,2797,2728,3062,2992,2962,2910,2861,2814,2754,2728,2940,2987,2945,2896,2833,2809,2761,2714,2889,2982,2953,2912,2849,2784,2747,2701,3100,2998,2948,2894,2857,2818,2765,2722
TOF,1992,1982,1973,2271,2303,2303,2304,2624,2491,2504,2476,2823,2840,2746,2667,2521,2919,3001,2808,2696,2738,2775,2746,2697,2909,2952,2967,2931,2876,2832,2775,2705,3002,3024,2931,2936,2864,2827,2759,2725,2892,3023,2953,2922,2855,2823,2757,2722,2911,3013,2949,2893,2852,2803,2762,2707,3141,2985,2929,2906,2872,2810,2771,2727
TOF,1994,1982,1943,2231,2281,2331,2359,2624,2399,2446,2576,2862,2874,2742,2646,2576,3025,2917,2785,2693,2758,2765,2753,2665,2921,2960,2920,2915,2879,2819,2766,2715,3020,3013,2974,2881,2863,2814,2783,2711,3005,2999,2977,2899,2855,2812,2772,2714,2878,2976,2951,2883,2859,2816,2763,2728,2974,2994,2942,2889,2832,2810,2785,2721
TOF,1994,1986,1943,2288,2337,2309,2371,2402,2431,2475,2456,2765,2868,2735,2669,2609,3026,2849,2788,2708,2716,2737,2732,2698,2909,2982,2969,2926,2852,2817,2785,2701,3034,3030,2970,2929,2867,2811,2778,2704,3017,3006,2957,2904,2869,2814,2761,2723,3015,3007,2943,2867,2841,2786,2781,2770,3156,2979,2952,2919,2847,2819,2751,2734
TOF,1965,1997,2149,2315,2325,2337,2446,2402,2386,2469,2555,2799,2847,2722,2667,2560,2803,2911,2762,2700,2722,2751,2762,2712,2855,2986,2937,2928,2899,2822,2766,2696,3028,3051,2960,2923,2869,2825,2773,2737,2938,3005,2933,2892,2879,2797,2760,2709,2901,3032,2933,2901,2841,2790,2769,2737,3178,3040,2973,2901,2809,2808,2749,2761
TOF,1907,1978,2058,2314,2314,2292,2340,2702,2463,2478,2518,2799,2871,2740,2644,2560,3054,2876,2760,2721,2727,2736,2763,2645,2877,2920,2953,2914,2874,2810,2775,2690,3014,2997,2930,2942,2862,2825,2759,2711,2997,3027,2946,2896,2869,2842,2774,2714,2849,3012,2936,2903,2856,2810,2744,2734,3120,3002,2947,2901,2857,2798,2769,2730
TOF,1977,1987,2102,2283,2323,2331,2248,2702,2450,2495,2412,2867,2844,2739,2626,2613,3031,2962,2798,2717,2713,2758,2742,2691,2878,2938,2945,2917,2877,2823,2780,2722,3006,3018,2962,2923,2869,2839,2771,2756,2931,3012,2959,2922,2852,2845,2781,2713,2922,2991,2942,2896,2858,2817,2776,2720,3093,2982,2949,2873,2836,2796,2755,2745
TOF,1977,2014,2105,2245,2306,2298,2403,2709,2316,2462,2472,2788,2807,2777,2669,2615,2822,2938,2852,2675,2730,2754,2762,2668,2869,2937,2973,2912,2866,2819,2784,2714,3097,2997,2984,2913,2852,2815,2763,2719,2980,2982,2970,2897,2823,2799,2768,2728,2857,3009,2950,2907,2844,2797,2735,2719,3098,2976,2972,2893,2852,2825,2758,2742
TOF,1977,1988,2064,2291,2338,2345,2318,2644,2442,2445,2524,2788,2814,2769,2623,2552,3019,2934,2860,2672,2719,2757,2770,2672,2879,2992,2945,2928,2877,2793,2789,2704,3039,2993,2957,2902,2869,2804,2768,2720,3030,2996,2948,2887,2864,2808,2779,2714,2964,3005,2936,2907,2825,2803,2751,2736,3068,3007,2947,2887,2881,2814,2755,2709
TOF,1982,2050,2064,2235,2317,2334,2334,2516,2426,2500,2524,2878,2833,2690,2667,2546,3006,2937,2904,2712,2748,2779,2751,2667,2885,2961,2983,2906,2876,2808,2765,2729,2999,2981,2987,2910,2870,2813,2754,2706,2986,2970,2949,2907,2847,2818,2736,2708,2961,3012,2953,2889,2860,2798,2757,2731,3174,2987,2955,2909,2878,2813,2767,2747
TOF,1982,1994,1970,2317,2334,2358,2323,2414,2432,2478,2434,2832,2814,2714,2662,2582,3015,2970,2817,2688,2710,2782,2747,2663,2871,2922,2936,2909,2856,2804,2773,2697,3047,3030,2966,2920,2869,2812,2783,2738,2894,3015,2941,2907,2875,2823,2749,2707,2837,2999,2945,2918,2846,2813,2759,2724,3065,2983,2944,2909,2851,2806,2765,2737
TOF,1982,1970,1975,2314,2337,2306,2293,2293,2455,2445,2518,2903,2837,2726,2636,2532,3042,2930,2830,2723,2663,2735,2775,2688,2861,2930,2982,2919,2875,2821,2782,2734,3022,3032,2976,2918,2851,2818,2784,2722,3039,3003,2966,2910,2875,2829,2774,2730,2925,2997,2953,2923,2853,2788,2771,2723,3150,2991,2979,2897,2864,2818,2808,2728
TOF,1958,1958,2103,2308,2337,2361,2292,2271,2398,2462,2488,2895,2806,2761,2634,2583,2973,3000,2811,2721,2684,2763,2769,2659,2886,2887,2957,2907,2869,2835,2765,2714,3018,3006,2961,2900,2858,2811,2772,2695,3078,3031,2944,2895,2834,2825,2771,2726,2847,3030,2934,2896,2860,2791,2772,2737,3114,2971,2958,2920,2856,2824,2777,2735
TOF,1934,2022,2170,2183,2255,2320,2317,2271,2493,2453,2549,2831,2845,2740,2645,2537,3097,2919,2765,2767,2781,2767,2757,2659,2881,2913,2942,2918,2876,2817,2778,2723,3054,3016,2978,2921,2847,2837,2747,2718,2925,2993,2936,2918,2841,2796,2775,2709,2871,2969,2938,2933,2832,2810,2769,2743,3135,2999,2938,2909,2843,2805,2778,2723
TOF,2004,2022,2170,2321,2311,2346,2325,2271,2412,2502,2472,2814,2807,2803,2647,2574,3038,2986,2879,2704,2710,2797,2745,2665,2896,2915,2938,2915,2853,2822,2776,2710,3003,3065,2963,2938,2876,2846,2777,2732,2964,3027,2946,2897,2856,2798,2760,2722,2919,2969,2942,2911,2844,2796,2791,2730,3099,2971,2958,2928,2857,2816,2763,2730
TOF,2004,1984,2170,2292,2318,2292,2398,2271,2499,2465,2514,2814,2833,2767,2634,2511,2997,2955,2837,2684,2691,2792,2769,2691,2850,2955,2959,2919,2850,2839,2757,2728,3070,3030,2954,2904,2857,2811,2762,2720,3025,3002,2934,2918,2847,2788,2755,2724,2930,2980,2935,2913,2857,2785,2764,2724,3053,2989,2931,2897,2867,2817,2775,2736
TOF,2004,1983,2106,2270,2321,2349,2342,2396,2488,2430,2449,2841,2840,2712,2619,2531,3037,2865,2807,2718,2761,2745,2752,2658,2874,2945,2969,2912,2887,2826,2794,2705,3097,3030,2965,2914,2862,2822,2774,2748,2976,3002,2940,2898,2862,2825,2771,2705,2898,2989,2937,2905,2875,2797,2773,2709,3121,2992,2931,2888,2852,2812,2780,2728
TOF,2004,1957,2106,2270,2351,2303,2304,2326,2443,2483,2499,2776,2838,2718,2630,2550,3022,2938,2834,2714,2708,2767,2775,2687,2870,2977,2983,2919,2853,2835,2768,2736,3039,3014,2955,2934,2845,2801,2783,2738,2991,3005,2963,2910,2875,2831,2752,2726,2894,3009,2931,2899,2844,2819,2747,2732,3094,2975,2974,2914,2843,2830,2766,2710
TOF,1947,1974,2052,2301,2310,2322,2298,2326,2476,2483,2468,2808,2869,2821,2588,2545,2947,2898,2798,2720,2738,2725,2759,2643,2890,2928,2967,2925,2880,2822,2768,2705,3001,3049,2966,2908,2857,2815,2775,2719,3012,3035,2952,2891,2855,2823,2767,2748,2928,3022,2941,2887,2869,2795,2763,2728,3147,2963,2945,2914,2859,2805,2767,2755
TOF,1947,1925,2156,2343,2306,2324,2322,2326,2446,2476,2473,2907,2832,2628,2631,2571,2931,2898,2791,2689,2710,2782,2750,2673,2861,2971,2941,2911,2885,2823,2785,2708,3050,3014,2947,2913,2863,2807,2758,2707,3027,2989,2947,2889,2848,2828,2760,2726,2955,3009,2964,2884,2840,2797,2782,2725,3181,3004,2961,2879,2837,2799,2737,2714
TOF,1995,1987,2156,2218,2353,2332,2339,2659,2432,2463,2470,2912,2767,2757,2627,2552,3062,2939,2823,2716,2712,2717,2778,2644,2871,2905,2964,2917,2877,2806,2775,2732,3024,2993,2948,2936,2866,2811,2764,2745,3070,3038,2939,2892,2854,2801,2750,2720,2917,2981,2943,2911,2849,2801,2767,2731,3077,3021,2964,2891,2848,2808,2771,2732
TOF,1970,2037,2078,2338,2293,2340,2331,2659,2494,2474,2610,2842,2846,2746,2603,2611,2989,2945,2787,2684,2721,2763,2743,2653,2893,2937,2941,2920,2870,2842,2768,2725,3079,2999,2940,2920,2871,2826,2779,2740,2966,3009,2929,2936,2845,2801,2770,2734,2892,3000,2963,2886,2846,2793,2776,2730,3112,3006,2952,2889,2846,2827,2767,2743
TOF,1914,2010,2095,2223,2305,2361,2406,2659,2435,2453,2610,2853,2815,2733,2646,2540,3074,3004,2827,2693,2757,2778,2767,2686,2949,2923,2954,2927,2867,2815,2766,2714,3028,3049,2994,2908,2873,2826,2776,2704,2945,3046,2942,2915,2858,2816,2766,2747,2996,2996,2927,2902,2870,2815,2768,2736,3077,2985,2935,2895,2858,2822,2763,2764
TOF,1980,2011,2095,2289,2295,2321,2344,2381,2444,2476,2488,2874,2837,2715,2648,2573,3050,2959,2811,2739,2720,2790,2751,2641,2885,2980,2948,2924,2868,2817,2785,2702,3045,3016,2972,2922,2853,2815,2774,2719,3142,3012,2942,2912,2862,2821,2755,2723,2842,2987,2938,2913,2853,2788,2772,2740,3186,2979,2964,2893,2835,2808,2774,2740
TOF,1915,1975,2095,2280,2330,2318,2314,2381,2467,2538,2509,2840,2842,2751,2578,2550,3054,2987,2838,2713,2703,2744,2753,2669,2855,2932,2970,2915,2885,2809,2777,2717,3054,3048,2950,2908,2870,2821,2779,2730,2994,3040,2944,2898,2877,2819,2772,2716,2898,3002,2948,2883,2867,2801,2754,2718,3122,3027,2954,2894,2868,2814,2793,2734
TOF,1990,1997,2095,2331,2355,2366,2281,2375,2456,2498,2509,2840,2812,2824,2608,2532,3030,2959,2818,2678,2736,2737,2741,2682,2898,2942,2941,2915,2886,2813,2775,2689,3063,3049,2971,2924,2857,2833,2774,2739,2834,3028,2940,2900,2869,2807,2765,2720,2845,2996,2935,2889,2854,2809,2775,2715,3078,3002,2940,2888,2845,2815,2776,2738
TOF,1926,1990,1933,2252,2286,2331,2328,2630,2448,2477,2444,2811,2874,2597,2638,2559,2997,2968,2757,2683,2712,2777,2762,2671,2890,2920,2942,2923,2875,2817,2779,2715,3039,3043,2957,2943,2864,2823,2757,2725,2958,3011,2938,2924,2838,2805,2781,2724,2819,3001,2951,2931,2839,2783,2756,2718,3100,2977,2979,2917,2841,2805,2776,2756
TOF,1926,2012,2036,2275,2307,2361,2315,2630,2454,2506,2487,2834,2829,2742,2631,2516,2925,2952,2813,2710,2738,2743,2742,2671,2852,2956,2963,2917,2862,2827,2778,2687,2998,3027,2976,2905,2883,2816,2789,2755,3043,2963,2980,2892,2875,2807,2757,2715,2967,2997,2962,2886,2832,2804,2750,2716,3070,2982,2943,2905,2857,2822,2776,2728
TOF,1992,1974,2112,2235,2302,2347,2326,2630,2454,2467,2528,2828,2853,2734,2605,2558,3048,2943,2780,2693,2717,2730,2759,2662,2856,2967,2927,2918,2868,2823,2767,2719,3004,3010,2970,2924,2891,2813,2781,2707,2929,3007,2949,2902,2865,2783,2793,2711,2903,2988,2917,2899,2862,2833,2773,2707,3139,3005,2946,2911,2864,2810,2779,2728
TOF,1946,1978,2073,2240,2272,2336,2297,2696,2505,2464,2448,2871,2845,2794,2579,2597,3050,2932,2790,2699,2738,2771,2733,2673,2915,2936,2950,2901,2872,2828,2775,2719,2964,3009,2946,2893,2861,2813,2768,2692,2968,3008,2943,2918,2851,2808,2766,2720,2980,2972,2946,2888,2843,2827,2767,2734,3139,2994,2965,2886,2861,2813,2798,2751
TOF,2041,1970,2054,2292,2327,2309,2352,2762,2450,2486,2448,2819,2831,2728,2621,2555,3008,2925,2700,2699,2741,2724,2742,2687,2887,2995,2950,2923,2878,2804,2798,2724,3013,3003,2958,2922,2873,2808,2784,2726,2914,3033,2974,2902,2890,2811,2763,2740,3050,3008,2953,2899,2830,2802,2748,2733,2887,3004,2977,2893,2864,2815,2764,2720
TOF,1937,2024,2018,2343,2293,2312,2328,2762,2439,2438,2788,2852,2822,2753,2661,2554,3047,2905,2853,2680,2703,2717,2754,2629,2895,2895,2956,2910,2851,2818,2757,2718,3032,3035,2954,2922,2868,2814,2768,2740,2922,3026,2962,2914,2844,2804,2784,2733,2833,2997,2942,2877,2859,2801,2768,2726,3137,2990,2942,2894,2856,2829,2754,2743
TOF,1995,2066,2139,2324,2342,2307,2329,2762,2463,2489,2728,2904,2825,2757,2620,2517,3004,2963,2844,2675,2727,2768,2763,2688,2907,2970,2983,2911,2860,2820,2778,2726,3035,3062,2953,2913,2857,2829,2783,2702,2998,2997,2940,2905,2836,2808,2750,2742,2992,2973,2951,2900,2842,2781,2749,2740,3086,3003,2948,2877,2852,2801,2779,2718
TOF,2058,1997,2139,2186,2334,2355,2319,2397,2452,2473,2480,2917,2811,2745,2627,2519,3041,3006,2819,2721,2757,2703,2752,2728,2916,2993,2943,2918,2866,2823,2787,2731,3007,3049,2956,2938,2850,2814,2789,2721,2976,3011,2944,2915,2822,2795,2766,2713,3007,2991,2945,2873,2858,2801,2776,2730,2976,2984,2965,2890,2864,2809,2775,2744
TOF,1974,1944,2031,2227,2315,2311,2326,2397,2442,2494,2437,2859,2835,2751,2641,2557,3003,2936,2750,2725,2702,2762,2741,2680,2898,2905,2953,2899,2882,2819,2783,2724,3044,3019,2954,2920,2865,2810,2777,2720,3019,3008,2966,2880,2862,2805,2783,2728,2943,3017,2950,2918,2860,2797,2756,2702,3205,3003,2938,2879,2857,2794,2774,2730
TOF,1958,1988,2110,2299,2295,2296,2369,2714,2391,2508,2471,2884,2836,2692,2582,2570,3073,2987,2767,2757,2664,2739,2767,2708,2876,2937,2942,2926,2869,2827,2794,2716,3069,3049,2968,2927,2876,2813,2751,2734,3034,2981,2936,2906,2866,2823,2770,2719,2845,2999,2951,2894,2864,2806,2760,2766,3140,2976,2925,2894,2872,2805,2766,2757
TOF,1958,1988,2110,2321,2270,2326,2393,2714,2451,2535,2522,2836,2855,2634,2618,2559,3014,2912,2819,2718,2729,2767,2765,2659,2888,2955,2940,2912,2866,2822,2776,2719,3034,3051,2983,2916,2843,2824,2772,2740,3093,2985,2951,2914,2885,2822,2773,2714,2924,3035,2955,2869,2868,2799,2777,2723,3085,2948,2967,2901,2866,2781,2771,2726
TOF,1981,2047,2110,2212,2302,2330,2314,2714,2410,2513,2522,2857,2832,2693,2737,2544,2860,3030,2815,2688,2670,2789,2775,2640,2913,2910,2947,2902,2853,2828,2754,2718,3067,3023,2947,2900,2864,2828,2760,2727,2987,3021,2946,2910,2842,2791,2773,2708,3084,3000,2975,2896,2839,2786,2781,2715,3116,2957,2916,2913,2851,2804,2778,2730
TOF,1996,1993,2110,2236,2318,2348,2303,2714,2454,2468,2467,2490,2837,2743,2675,2548,3028,2808,2825,2726,2727,2731,2743,2692,2887,2965,2949,2924,2871,2814,2774,2713,3017,3028,2953,2919,2879,2821,2778,2724,2954,3017,2930,2901,2847,2811,2762,2709,2913,3024,2939,2864,2855,2797,2782,2735,3069,2973,2965,2902,2857,2803,2759,2746
TOF,1996,1991,2062,2286,2327,2305,2381,2714,2443,2452,2467,2490,2845,2796,2624,2565,3068,2787,2763,2699,2691,2744,2735,2672,2894,2888,2938,2917,2875,2834,2778,2723,3003,2975,2947,2924,2872,2819,2778,2731,2956,3021,2960,2899,2850,2796,2754,2711,2865,2971,2939,2880,2877,2807,2754,2719,3113,2984,2960,2914,2851,2816,2753,2733
TOF,1996,2045,2062,2247,2303,2316,2290,2714,2442,2452,2480,2953,2808,2769,2707,2561,2996,2868,2766,2700,2801,2709,2748,2670,2903,2940,2952,2912,2869,2814,2777,2721,2991,3041,2945,2907,2871,2819,2765,2712,3020,3006,2941,2909,2828,2788,2777,2729,2836,2999,2963,2890,2857,2790,2757,2730,3155,2987,2963,2907,2847,2808,2762,2732
TOF,1996,2008,2118,2293,2324,2318,2282,2311,2446,2451,2430,2919,2867,2780,2652,2568,3065,2955,2792,2705,2698,2734,2770,2677,2874,2967,2932,2938,2880,2804,2764,2714,3034,2973,2967,2905,2865,2816,2771,2735,2979,3026,2967,2911,2862,2797,2762,2737,3030,2994,2943,2904,2845,2795,2758,2709,3137,2982,2969,2896,2866,2815,2786,2737
TOF,2005,1989,2114,2278,2325,2346,2333,2311,2498,2492,2459,2847,2829,2766,2676,2552,3022,2886,2799,2686,2734,2744,2759,2668,2911,2937,2958,2909,2858,2815,2785,2733,3031,3014,2988,2909,2865,2821,2779,2718,2954,3035,2958,2904,2860,2811,2775,2713,2999,2966,2961,2909,2862,2810,2758,2740,3155,2986,2927,2924,2844,2802,2769,2765
TOF,1959,1998,2253,2261,2341,2352,2327,2686,2472,2467,2428,2902,2829,2658,2639,2554,2894,2913,2758,2705,2703,2745,2774,2623,2884,2974,2945,2916,2861,2807,2775,2705,3025,3014,2952,2913,2870,2823,2756,2708,2958,3020,2924,2904,2851,2794,2761,2729,2863,3005,2946,2900,2845,2792,2756,2714,3070,2990,2944,2909,2851,2806,2774,2727
TOF,2002,2000,2253,2258,2329,2341,2295,2575,2458,2459,2551,2949,2848,2732,2612,2543,3076,2969,2836,2702,2734,2773,2772,2620,2828,2978,2940,2922,2871,2802,2785,2739,3060,3037,2962,2925,2867,2825,2776,2727,3031,3019,2960,2919,2882,2816,2776,2706,2845,2991,2938,2879,2845,2805,2764,2726,3146,2998,2929,2904,2865,2816,2775,2742
TOF,1939,2030,2235,2280,2311,2318,2292,2575,2430,2512,2466,2884,2818,2757,2642,2558,3018,2996,2853,2709,2743,2790,2772,2680,2878,2918,2966,2926,2867,2826,2774,2732,3053,3017,2954,2917,2869,2811,2759,2740,2948,3001,2962,2898,2884,2792,2765,2734,2937,2995,2949,2893,2868,2821,2774,2727,3113,2997,2946,2870,2852,2785,2778,2732
TOF,1941,1982,2098,2290,2344,2331,2350,2683,2407,2492,2532,2821,2829,2753,2665,2573,3047,2975,2784,2691,2743,2815,2763,2636,2861,2944,2934,2921,2850,2806,2776,2710,3003,3013,2977,2875,2855,2806,2779,2701,2970,3049,2961,2897,2873,2796,2772,2724,2895,3016,2961,2902,2858,2801,2750,2715,3116,3032,2968,2897,2842,2826,2759,2736
TOF,1941,2044,2109,2280,2311,2365,2328,2500,2493,2470,2869,2875,2814,2779,2647,2536,2829,2978,2787,2708,2684,2776,2743,2648,2877,2957,2936,2908,2875,2832,2767,2732,3040,3051,2946,2914,2873,2805,2757,2730,2952,3043,2962,2918,2816,2810,2758,2736,2903,3021,2955,2890,2861,2793,2771,2734,3089,2986,2953,2902,2866,2818,2780,2742
TOF,1975,1933,1988,2298,2325,2331,2289,2635,2401,2439,2557,2810,2816,2771,2581,2521,2998,2968,2826,2698,2719,2767,2762,2649,2904,2976,2976,2903,2880,2809,2781,2700,3041,3024,2949,2902,2879,2811,2767,2728,2949,3005,2966,2918,2879,2818,2764,2735,2952,2999,2937,2880,2843,2800,2769,2728,3118,2988,2973,2899,2867,2805,2773,2749
TOF,1975,2029,1988,2308,2323,2318,2302,2505,2463,2466,2557,2872,2875,2709,2675,2503,2887,2964,2793,2698,2708,2750,2782,2668,2826,2941,2948,2906,2865,2805,2780,2745,3058,3029,2943,2912,2883,2818,2780,2713,2981,2991,2952,2896,2847,2814,2764,2733,2950,3000,2947,2876,2848,2794,2759,2747,3118,3011,2925,2869,2856,2808,2749,2715
TOF,2021,2029,1988,2312,2295,2293,2335,2505,2415,2464,2557,2872,2868,2757,2548,2517,3046,2969,2757,2696,2669,2752,2765,2679,2830,2944,2957,2918,2865,2810,2768,2718,3096,3009,2937,2924,2866,2811,2755,2745,2955,3015,2960,2913,2842,2808,2765,2719,2892,3004,2947,2912,2854,2797,2756,2714,3106,2981,2974,2913,2847,2808,2773,2714
TOF,2021,1995,1988,2323,2288,2303,2258,2725,2427,2488,2557,2808,2808,2748,2630,2568,3014,2842,2814,2723,2705,2755,2768,2634,2884,2907,2948,2904,2866,2840,2777,2709,3027,3025,2938,2900,2864,2804,2761,2709,3006,3022,2939,2919,2863,2798,2771,2717,2989,3023,2943,2896,2853,2801,2783,2728,3100,2994,2950,2904,2881,2798,2749,2742
TOF,2019,1933,2025,2249,2385,2363,2324,2725,2440,2442,2459,2834,2810,2748,2660,2563,3052,2999,2712,2705,2732,2765,2775,2639,2868,2955,2960,2915,2876,2818,2773,2727,2998,3047,2960,2923,2880,2826,2769,2705,2913,2983,2961,2917,2852,2829,2766,2743,2897,2986,2947,2895,2833,2799,2757,2723,3170,3009,2923,2898,2859,2790,2792,2745
TOF,2001,2030,2056,2298,2295,2326,2347,2725,2453,2489,2481,2889,2826,2731,2633,2560,2914,2851,2820,2711,2731,2757,2717,2692,2840,2972,2947,2940,2880,2820,2781,2711,3045,3018,2964,2920,2866,2825,2758,2720,3018,3022,2957,2896,2875,2818,2743,2726,2869,3026,2934,2887,2857,2794,2755,2732,3093,3024,2959,2896,2856,2813,2784,2737
TOF,1980,1981,2056,2316,2321,2335,2282,2725,2440,2474,2513,2876,2817,2684,2563,2549,2920,2872,2822,2695,2767,2775,2740,2654,2889,2945,2990,2910,2864,2824,2781,2734,3015,3042,2947,2922,2850,2835,2750,2730,2993,3007,2946,2899,2846,2797,2751,2706,2923,2994,2931,2894,2859,2802,2771,2735,3111,3009,2959,2900,2850,2793,2771,2729
TOF,1980,1972,2056,2241,2233,2365,2308,2545,2494,2473,2544,2870,2827,2677,2651,2569,2935,2822,2777,2704,2696,2722,2743,2713,2873,3020,2956,2908,2872,2804,2773,2720,3033,3012,2977,2935,2868,2833,2783,2736,2990,3021,2958,2903,2862,2801,2769,2721,3095,2985,2929,2882,2852,2801,2762,2731,2994,3004,2938,2913,2853,2810,2780,2726
TOF,1953,1984,2041,2274,2337,2325,2306,2637,2492,2459,2449,2777,2805,2701,2664,2527,3021,2931,2789,2692,2708,2742,2747,2670,2868,2923,2950,2930,2874,2815,2764,2707,3052,3042,2967,2911,2863,2824,2761,2729,3032,2960,2925,2904,2852,2812,2764,2740,3105,3014,2945,2922,2850,2793,2755,2733,3070,2978,2959,2920,2839,2818,2765,2719
TOF,1953,2031,2041,2315,2304,2354,2360,2382,2455,2448,2420,2934,2823,2776,2564,2583,3030,2926,2798,2715,2707,2763,2745,2623,2870,2913,2925,2887,2891,2836,2782,2704,3014,3013,2947,2897,2854,2817,2773,2720,2992,3010,2964,2899,2842,2795,2758,2732,2888,2978,2954,2885,2852,2825,2781,2728,3143,2996,2927,2896,2855,2799,2756,2725
TOF,1973,1970,2041,2264,2300,2338,2297,2377,2501,2448,2500,2925,2873,2767,2627,2603,3032,2945,2812,2711,2724,2759,2762,2655,2866,2954,2973,2917,2860,2818,2797,2727,3053,3032,2981,2908,2859,2839,2772,2720,2966,3007,2973,2918,2858,2804,2754,2721,2818,2996,2916,2889,2846,2801,2744,2734,3060,2999,2971,2903,2843,2817,2773,2743
TOF,1989,1937,1966,2227,2334,2269,2414,2766,2435,2473,2612,2905,2806,2765,2580,2574,3013,2983,2766,2689,2711,2761,2747,2642,2870,2953,2945,2909,2849,2826,2791,2709,3081,3042,2961,2894,2864,2831,2776,2752,2909,3027,2940,2919,2866,2819,2776,2727,2886,2984,2941,2906,2853,2800,2764,2738,3178,2987,2954,2871,2851,2805,2779,2743
TOF,1995,1937,1966,2221,2301,2307,2361,2600,2454,2504,2477,2869,2850,2749,2686,2513,2840,3013,2804,2720,2693,2745,2771,2713,2932,3005,2955,2913,2861,2809,2775,2704,3046,3006,2962,2931,2880,2809,2769,2734,2970,3005,2952,2903,2859,2807,2767,2724,2819,2992,2937,2904,2837,2808,2763,2721,3043,2988,2937,2899,2833,2813,2770,2768
TOF,1995,1931,2056,2219,2339,2323,2318,2674,2416,2447,2477,2860,2837,2797,2630,2541,2985,2849,2815,2701,2682,2719,2760,2661,2900,2914,2930,2911,2876,2811,2769,2718,3058,3047,2971,2901,2866,2823,2778,2738,2966,3009,2943,2898,2829,2814,2750,2721,2884,3001,2950,2914,2862,2809,2753,2718,3001,2982,2953,2890,2851,2793,2748,2757
TOF,1958,1962,2060,2196,2337,2306,2356,2570,2460,2497,2477,2850,2872,2692,2610,2549,3090,2950,2789,2738,2699,2720,2768,2658,2902,2946,2961,2902,2873,2807,2783,2727,3068,3014,2965,2933,2863,2820,2768,2693,2967,3001,2955,2901,2862,2798,2776,2731,2845,2996,2953,2902,2854,2819,2767,2718,3074,2975,2929,2896,2844,2823,2758,2740
TOF,1991,1970,2060,2300,2284,2320,2418,2570,2464,2451,2476,2853,2819,2730,2655,2525,2805,2996,2774,2704,2692,2767,2744,2670,2857,2942,2937,2920,2891,2808,2777,2722,3002,3027,2970,2896,2865,2814,2772,2709,3002,3020,2953,2914,2840,2839,2762,2718,2874,3011,2942,2915,2871,2812,2782,2750,3152,2998,2959,2893,2866,2806,2740,2732
TOF,1943,2017,2118,2313,2349,2309,2307,2570,2449,2511,2395,2863,2815,2692,2626,2555,2695,2972,2777,2734,2713,2745,2771,2658,2873,2969,2945,2922,2873,2812,2769,2700,3024,3030,2977,2893,2888,2811,2760,2726,3009,2997,2946,2918,2850,2805,2766,2728,2910,3002,2949,2884,2872,2796,2749,2736,3116,2980,2957,2881,2875,2819,2763,2737
TOF,1982,1985,2118,2213,2273,2321,2373,2482,2423,2481,2531,2863,2834,2747,2609,2551,2922,2970,2873,2702,2725,2764,2788,2692,2893,2937,2959,2906,2864,2846,2791,2709,3043,3027,2949,2906,2856,2812,2757,2730,3005,3011,2952,2915,2882,2806,2777,2718,2834,3013,2925,2883,2843,2819,2780,2729,3052,2973,2944,2944,2852,2808,2757,2712
TOF,1955,1986,2040,2237,2354,2293,2337,2328,2438,2491,2705,2818,2838,2703,2644,2544,3087,2935,2775,2722,2724,2734,2794,2672,2904,2942,2942,2930,2852,2832,2781,2705,3005,3034,2968,2913,2871,2840,2770,2711,3037,2998,2945,2903,2846,2790,2752,2727,2796,3006,2944,2894,2844,2794,2763,2714,3150,3013,2947,2898,2836,2800,2776,2751
TOF,1962,1993,2075,2260,2319,2323,2294,2637,2450,2441,2429,2836,2853,2693,2673,2577,3148,2934,2912,2704,2668,2777,2767,2653,2834,2928,2946,2904,2872,2829,2765,2738,3017,3038,2936,2910,2879,2811,2771,2729,2991,3006,2954,2915,2864,2797,2773,2728,2833,3004,2957,2886,2846,2811,2765,2733,3113,2995,2946,2902,2871,2806,2776,2719
TOF,1962,1981,2008,2299,2302,2299,2327,2335,2435,2459,2620,2822,2839,2714,2620,2541,3089,2925,2811,2697,2719,2767,2752,2669,2850,2960,2957,2923,2869,2825,2791,2725,3012,3022,2981,2896,2866,2825,2766,2709,2959,3013,2968,2915,2823,2820,2764,2720,3016,2993,2923,2889,2844,2808,2756,2739,3044,2976,2979,2914,2867,2805,2754,2741
TOF,1937,2023,2124,2268,2249,2328,2343,2344,2436,2469,2620,2865,2871,2727,2567,2538,2997,2955,2793,2706,2688,2793,2759,2705,2850,2959,2979,2931,2844,2812,2762,2709,3093,3027,2964,2911,2866,2817,2758,2695,2984,3016,2941,2910,2854,2815,2763,2719,3112,2997,2951,2889,2839,2796,2754,2727,3129,2995,2946,2881,2851,2814,2776,2723
TOF,1968,2023,2162,2231,2336,2334,2317,2344,2470,2473,2552,2873,2861,2682,2683,2550,3045,2973,2791,2699,2747,2764,2747,2652,2878,2946,2960,2916,2864,2816,2781,2722,3010,3035,2976,2891,2848,2814,2776,2713,3022,3013,2948,2906,2839,2796,2764,2723,2967,2989,2963,2903,2865,2802,2769,2728,3097,2999,2956,2889,2869,2797,2770,2726
TOF,1968,2057,2162,2256,2350,2340,2321,2344,2439,2477,2552,2873,2869,2657,2642,2564,3039,2783,2824,2719,2720,2790,2767,2693,2928,2957,2950,2929,2869,2805,2782,2705,3066,2978,2991,2883,2876,2811,2746,2726,2974,2998,2958,2911,2829,2818,2770,2706,2846,3000,2930,2911,2833,2814,2769,2719,3097,2983,2971,2897,2856,2816,2781,2759
TOF,2011,2016,2107,2304,2287,2327,2308,2344,2445,2448,2482,2637,2772,2778,2650,2556,3007,2968,2794,2719,2697,2761,2772,2687,2870,2990,2955,2907,2892,2804,2775,2736,3041,3012,2969,2919,2869,2837,2771,2710,2961,3027,2945,2885,2874,2808,2767,2723,2917,3036,2970,2922,2857,2811,2764,2715,3130,2979,2966,2887,2875,2807,2765,2734
TOF,1940,2023,2105,2249,2314,2353,2294,2610,2450,2467,2425,2585,2815,2737,2678,2559,2889,2910,2770,2691,2693,2777,2739,2652,2893,2942,2968,2903,2886,2806,2781,2729,3004,3023,2982,2902,2866,2830,2781,2705,2926,3017,2955,2899,2837,2799,2776,2712,2907,2996,2935,2882,2871,2811,2763,2726,3082,2982,2958,2882,2858,2807,2756,2724
TOF,1979,1967,2105,2237,2312,2353,2295,2610,2400,2454,2460,2585,2870,2787,2630,2527,3000,2993,2825,2691,2692,2758,2778,2655,2906,2950,2935,2916,2872,2850,2793,2722,3065,3013,2974,2910,2863,2814,2763,2737,3075,2988,2952,2899,2826,2794,2765,2698,2925,2991,2929,2894,2863,2800,2762,2725,3041,2996,2958,2899,2850,2809,2776,2733
TOF,1979,1959,2105,2280,2326,2330,2336,2298,2424,2490,2467,2840,2826,2796,2700,2556,3037,2947,2812,2723,2720,2792,2757,2674,2852,2948,2942,2926,2868,2831,2776,2740,3049,3038,2984,2894,2877,2801,2770,2729,3060,2990,2933,2906,2877,2800,2782,2726,2839,3000,2947,2877,2845,2799,2777,2712,2998,2976,2952,2907,2829,2789,2780,2722
TOF,1993,1963,2084,2276,2306,2317,2360,2298,2437,2472,2491,2826,2806,2831,2622,2563,3027,2983,2787,2697,2736,2744,2759,2667,2879,2943,2952,2907,2868,2798,2774,2706,3038,3027,2953,2937,2858,2810,2784,2710,3026,3032,2956,2912,2854,2819,2764,2723,3092,2992,2965,2903,2832,2808,2762,2722,3071,3008,2942,2890,2853,2815,2790,2734
TOF,1946,1963,2084,2239,2348,2299,2288,2610,2401,2452,2499,2879,2843,2697,2642,2563,2977,2851,2758,2691,2722,2744,2784,2683,2878,2927,2946,2919,2867,2820,2784,2682,2990,3045,2948,2894,2859,2811,2763,2722,2980,2991,2962,2883,2873,2799,2780,2725,2846,2989,2954,2916,2883,2802,2774,2720,3118,2976,2932,2894,2861,2821,2768,2759
TOF,1946,2066,2083,2253,2293,2299,2324,2610,2415,2455,2466,2700,2831,2671,2602,2556,3061,2915,2829,2688,2685,2738,2767,2673,2894,2969,2973,2920,2881,2809,2775,2731,3032,3017,2969,2908,2875,2824,2774,2722,2919,3021,2957,2896,2875,2808,2767,2718,2917,2979,2940,2915,2846,2803,2770,2739,3114,2996,2956,2911,2854,2797,2749,2745
TOF,1956,1943,2030,2323,2299,2273,2324,2610,2464,2462,2495,2840,2848,2718,2633,2552,3050,2869,2807,2700,2708,2725,2779,2640,2868,2967,2965,2902,2863,2816,2779,2722,3059,3038,2963,2932,2877,2815,2768,2713,2987,3008,2946,2923,2828,2804,2776,2722,2953,2989,2920,2871,2854,2791,2767,2723,3128,2995,2966,2901,2858,2799,2766,2741
TOF,1996,2041,2083,2150,2334,2342,2321,2298,2419,2462,2524,2899,2851,2781,2622,2551,3074,2939,2807,2701,2733,2755,2778,2636,2903,2904,2958,2908,2868,2823,2778,2695,3020,3016,2964,2925,2848,2831,2764,2703,3011,3007,2951,2896,2842,2807,2772,2697,2849,3007,2944,2904,2851,2802,2748,2733,3174,3000,2968,2895,2855,2816,2757,2710
TOF,1996,1995,2083,2171,2351,2318,2278,2575,2432,2458,2524,2967,2854,2697,2593,2492,3031,2955,2771,2691,2713,2768,2774,2680,2887,3025,2946,2918,2868,2808,2787,2702,3081,3039,2939,2916,2861,2809,2771,2750,2890,2984,2952,2890,2855,2805,2752,2728,3049,3018,2925,2905,2860,2795,2753,2742,3147,3005,2940,2900,2834,2806,2748,2729
TOF,2017,1975,2083,2253,2315,2313,2353,2416,2437,2458,2447,2877,2827,2780,2679,2544,3001,2945,2773,2702,2674,2774,2742,2615,2899,2939,2952,2923,2880,2813,2786,2700,2986,3004,2956,2959,2875,2799,2786,2703,3045,3018,2940,2895,2817,2803,2767,2686,2861,2983,2948,2897,2838,2806,2775,2740,3140,2982,2942,2897,2852,2813,2758,2734
TOF,1962,2004,2108,2224,2286,2322,2383,2416,2474,2479,2447,2843,2829,2746,2645,2515,2904,2878,2786,2713,2698,2753,2759,2671,2838,2924,2953,2903,2875,2828,2768,2689,3009,3042,2955,2924,2876,2813,2767,2741,3033,2978,2955,2901,2860,2807,2769,2698,2897,2980,2937,2890,2836,2825,2753,2739,3125,3017,2950,2887,2855,2785,2779,2738
TOF,1994,2029,2003,2275,2264,2302,2313,2608,2439,2475,2455,2843,2826,2773,2604,2524,3018,2918,2827,2705,2685,2764,2751,2663,2864,2962,2929,2904,2866,2830,2755,2701,3002,3007,2965,2913,2860,2817,2760,2736,3044,3022,2958,2907,2864,2824,2764,2720,2886,3008,2940,2914,2868,2790,2779,2734,3157,2926,2948,2918,2849,2800,2774,2745
TOF,2008,1993,2048,2308,2307,2334,2342,2608,2467,2475,2443,2931,2854,2685,2679,2580,2859,2860,2789,2708,2747,2718,2762,2662,2905,2918,2954,2911,2870,2832,2786,2697,3049,3078,2966,2934,2883,2801,2774,2694,2955,2990,2951,2917,2884,2825,2772,2713,2917,3008,2932,2900,2845,2795,2765,2711,3142,2984,2950,2900,2832,2803,2789,2713
TOF,1984,2052,2100,2312,2293,2345,2350,2608,2479,2465,2467,2931,2815,2744,2673,2569,2735,2840,2772,2721,2721,2710,2754,2693,2914,2897,2952,2936,2863,2824,2789,2725,3017,3030,2953,2918,2850,2811,2761,2732,2908,2991,2955,2902,2867,2803,2761,2727,2894,3007,2946,2896,2867,2792,2755,2715,3229,2997,2940,2903,2849,2797,2768,2725
TOF,1984,1979,2093,2331,2323,2319,2397,2608,2440,2467,2469,2829,2727,2716,2632,2540,2993,2952,2785,2696,2738,2804,2774,2680,2894,2955,2943,2904,2883,2844,2793,2708,3003,3006,2961,2914,2859,2798,2756,2712,3006,3018,2947,2903,2845,2813,2767,2716,2931,3010,2958,2915,2873,2799,2758,2730,3135,2957,2946,2889,2840,2797,2752,2732
TOF,2073,1980,2055,2293,2306,2282,2318,2650,2454,2440,2448,2888,2802,2702,2644,2531,3038,2959,2805,2702,2726,2780,2744,2732,2893,2961,2981,2909,2865,2843,2772,2713,3008,3015,2937,2914,2871,2813,2758,2720,3004,3028,2953,2900,2855,2813,2757,2754,2914,3029,2944,2903,2850,2801,2775,2743,3136,2984,2928,2902,2864,2797,2765,2757
TOF,2073,1992,2030,2270,2290,2340,2339,2686,2435,2470,2528,2890,2861,2751,2690,2555,2951,2919,2791,2702,2723,2772,2762,2725,2913,2918,2974,2911,2869,2813,2794,2716,2937,3021,2955,2923,2867,2803,2790,2728,3013,3017,2925,2904,2841,2827,2775,2715,2913,2962,2955,2916,2837,2824,2752,2726,3031,2965,2977,2899,2851,2807,2765,2729
TOF,1961,1992,2030,2293,2315,2338,2324,2686,2455,2465,2485,2909,2859,2708,2672,2557,3050,2839,2932,2716,2696,2724,2782,2690,2877,2891,2965,2925,2875,2846,2779,2730,3047,2997,2984,2906,2858,2821,2769,2732,3034,3016,2977,2894,2814,2810,2764,2699,2989,3027,2942,2893,2875,2812,2759,2726,3169,3011,2956,2887,2846,2782,2796,2719
TOF,2023,2040,2030,2282,2343,2329,2347,2251,2508,2473,2714,2844,2757,2693,2641,2545,3021,2901,2832,2698,2722,2785,2763,2685,2892,2931,2987,2926,2861,2805,2780,2702,3022,3010,2979,2920,2877,2823,2790,2732,2992,3004,2954,2908,2887,2813,2760,2717,2945,2984,2944,2902,2872,2804,2759,2725,3169,3016,2960,2904,2848,2800,2768,2738
TOF,1964,1959,2097,2325,2281,2347,2331,2251,2403,2471,2499,2873,2835,2759,2649,2557,3127,2948,2815,2707,2704,2807,2761,2668,2845,2939,2977,2904,2873,2816,2773,2705,3081,3026,2947,2914,2866,2817,2763,2730,2996,2990,2959,2900,2855,2823,2757,2734,2845,2995,2954,2885,2872,2806,2769,2747,3143,3009,2966,2920,2842,2813,2779,2736
TOF,1964,1934,2262,2268,2341,2318,2302,2251,2484,2471,2559,2817,2828,2810,2618,2546,3042,2958,2811,2668,2727,2787,2753,2696,2852,2931,2948,2929,2868,2815,2778,2717,3029,3010,2966,2910,2880,2814,2763,2721,2965,3023,2946,2907,2860,2809,2756,2723,2946,2995,2921,2886,2842,2819,2750,2691,3090,3007,2957,2907,2837,2808,2783,2735
TOF,1964,1977,2070,2300,2308,2354,2282,2756,2443,2469,2525,2817,2830,2731,2668,2581,3017,2968,2706,2722,2718,2776,2758,2657,2870,2934,2972,2942,2886,2786,2777,2712,2993,2986,2950,2919,2860,2821,2763,2733,2999,2971,2950,2894,2859,2836,2780,2706,2917,2987,2935,2894,2854,2808,2773,2729,3147,3016,2937,2915,2842,2805,2773,2702
TOF,1964,2038,2086,2291,2316,2306,2360,2562,2513,2486,2528,2880,2842,2720,2698,2538,3002,2804,2776,2720,2723,2788,2777,2681,2870,2905,2951,2925,2869,2853,2787,2708,3023,3050,2958,2918,2872,2801,2763,2733,2980,3000,2937,2892,2834,2822,2773,2709,2979,3002,2955,2896,2863,2805,2746,2733,3194,2979,2946,2899,2876,2809,2760,2733
TOF,1964,1994,2033,2256,2299,2361,2319,2562,2453,2500,2679,2908,2823,2789,2748,2527,2951,2895,2856,2693,2759,2808,2752,2676,2899,2946,2956,2912,2867,2801,2761,2725,3034,3018,2959,2922,2855,2813,2779,2738,2945,3011,2934,2913,2844,2808,2776,2726,2858,2980,2932,2907,2852,2805,2775,2713,3116,3014,2969,2918,2862,2801,2767,2722
TOF,1971,2063,2191,2238,2287,2333,2350,2454,2401,2492,2575,2882,2798,2677,2628,2574,2994,2953,2830,2719,2742,2812,2746,2681,2888,2981,2946,2917,2869,2831,2768,2727,3013,3021,2926,2909,2869,2800,2787,2717,2937,3010,2953,2895,2849,2808,2781,2753,2947,2983,2944,2887,2838,2788,2804,2696,3075,2981,2940,2885,2876,2807,2778,2747
TOF,1976,2100,2092,2267,2288,2345,2307,2454,2456,2488,2501,2858,2813,2651,2703,2531,3068,2953,2822,2680,2707,2723,2749,2674,2936,2956,2965,2922,2859,2835,2779,2709,3058,3042,2969,2917,2874,2828,2773,2718,2997,2992,2940,2900,2862,2806,2770,2738,2923,2991,2952,2906,2853,2811,2757,2741,3100,2970,2921,2886,2865,2796,2764,2747
TOF,1982,1959,2066,2298,2334,2324,2316,2454,2461,2446,2458,2887,2859,2696,2553,2533,3058,2911,2820,2674,2739,2777,2752,2670,2878,2916,2954,2915,2883,2827,2771,2722,2992,3074,2942,2931,2863,2816,2772,2737,2963,3007,2967,2893,2862,2797,2758,2726,2985,3017,2931,2867,2868,2820,2764,2741,3090,2979,2948,2906,2848,2805,2777,2722
TOF,2051,1987,2039,2229,2327,2332,2344,2454,2456,2467,2450,2864,2856,2767,2600,2549,3035,2943,2798,2725,2738,2782,2765,2637,2867,2921,2950,2897,2869,2816,2768,2693,3047,2995,2964,2917,2872,2817,2763,2725,3029,3005,2937,2915,2867,2817,2764,2738,2949,3023,2929,2906,2834,2792,2760,2730,3145,3009,2952,2897,2837,2809,2765,2702
TOF,1937,1990,2039,2279,2325,2350,2285,2553,2477,2506,2471,2944,2845,2757,2591,2549,3045,2861,2848,2723,2697,2757,2744,2691,2845,2923,2967,2928,2872,2821,2760,2705,3070,3026,2951,2917,2885,2807,2754,2711,3049,2958,2976,2908,2836,2808,2749,2750,3034,3006,2933,2905,2853,2818,2777,2748,3154,2955,2951,2899,2861,2819,2757,2753
TOF,1965,2030,2083,2160,2323,2318,2321,2553,2479,2457,2491,2812,2847,2732,2708,2565,3070,2849,2773,2708,2723,2758,2762,2654,2910,2926,2940,2896,2874,2835,2755,2718,3009,3037,2959,2899,2872,2819,2771,2733,2980,3043,2954,2919,2831,2821,2776,2715,2900,3014,2950,2900,2856,2800,2761,2703,3139,2983,2986,2894,2846,2817,2758,2745
TOF,1988,2027,2083,2320,2307,2307,2360,2379,2475,2465,2491,2793,2844,2732,2661,2543,3060,2911,2839,2721,2713,2686,2762,2667,2884,2898,2964,2913,2871,2823,2776,2705,2986,3054,2930,2912,2853,2814,2774,2740,2993,3029,2944,2911,2873,2783,2751,2720,2883,3003,2933,2894,2854,2810,2785,2728,3153,3021,2973,2878,2846,2812,2773,2739
TOF,1972,1969,2068,2236,2350,2365,2316,2379,2422,2476,2486,2800,2816,2734,2586,2569,3070,2894,2835,2712,2706,2763,2747,2693,2894,2898,2945,2911,2861,2796,2773,2723,3017,3033,2950,2899,2879,2803,2785,2722,2968,3003,2944,2920,2893,2810,2781,2730,2908,3005,2961,2917,2841,2806,2755,2735,3114,2987,2938,2886,2869,2812,2765,2725
TOF,1972,2035,2058,2217,2313,2336,2385,2379,2476,2440,2481,2774,2838,2727,2647,2537,3082,2978,2809,2713,2727,2776,2768,2701,2836,2944,2961,2920,2862,2835,2787,2737,3008,3002,2957,2896,2853,2821,2764,2711,2975,3011,2967,2917,2846,2804,2747,2727,2806,3008,2932,2906,2847,2810,2767,2709,3026,3001,2962,2894,2863,2807,2762,2760
TOF,1972,2012,2058,2232,2305,2319,2280,2379,2467,2463,2491,2875,2784,2773,2662,2570,3030,2962,2841,2712,2735,2738,2765,2629,2919,2914,2949,2921,2874,2813,2772,2721,3008,2989,2965,2899,2878,2825,2751,2729,2973,3020,2959,2883,2815,2814,2776,2720,2851,3023,2942,2900,2827,2808,2761,2714,3119,2977,2962,2895,2834,2801,2769,2731
TOF,1972,1982,1966,2233,2326,2292,2306,2379,2483,2478,2438,2888,2877,2766,2580,2534,3040,2840,2850,2685,2710,2709,2737,2676,2867,2947,2980,2917,2877,2837,2774,2726,3028,2996,2948,2919,2874,2804,2753,2738,2967,3032,2939,2906,2829,2830,2757,2726,3004,2999,2940,2885,2859,2788,2760,2728,3035,2973,2971,2898,2865,2818,2782,2725
TOF,1993,1982,2049,2247,2310,2329,2343,2379,2434,2481,2472,2881,2881,2734,2586,2562,2924,2947,2825,2729,2735,2805,2747,2677,2875,2933,2943,2922,2862,2828,2784,2718,3003,3061,2970,2894,2875,2811,2775,2728,2987,2973,2960,2903,2827,2811,2781,2738,2950,3014,2908,2906,2845,2801,2766,2737,2928,2991,2938,2912,2865,2797,2762,2730
TOF,1993,1979,1993,2233,2302,2350,2345,2280,2495,2473,2484,2856,2791,2675,2584,2574,3026,2966,2821,2718,2711,2793,2769,2632,2858,2950,2947,2925,2867,2827,2781,2705,3090,3078,2964,2938,2862,2805,2759,2709,3047,3000,2943,2903,2870,2800,2773,2733,2895,2999,2974,2926,2858,2793,2763,2733,3133,2970,2950,2893,2874,2805,2785,2727
TOF,1991,1972,2165,2233,2315,2375,2334,2280,2445,2479,2484,2856,2808,2756,2665,2588,2971,2874,2790,2716,2692,2751,2771,2686,2863,2962,2952,2904,2872,2804,2761,2696,3081,3022,2946,2907,2872,2828,2776,2706,2954,2997,2972,2922,2829,2805,2757,2719,3115,3006,2938,2916,2846,2802,2762,2698,3076,3010,2974,2897,2870,2790,2768,2736
TOF,1959,2051,2036,2291,2325,2302,2358,2357,2431,2452,2570,2888,2865,2737,2619,2531,3030,2895,2760,2728,2670,2756,2753,2680,2882,3005,2954,2911,2896,2799,2793,2721,3015,3032,2949,2906,2847,2823,2763,2720,3021,3017,2972,2905,2860,2820,2767,2740,2921,3002,2945,2882,2856,2808,2763,2731,3143,2980,2961,2893,2861,2818,2787,2724
TOF,1999,2065,2052,2260,2300,2289,2343,2338,2484,2487,2538,2883,2796,2735,2628,2552,3080,2945,2831,2683,2687,2721,2780,2652,2887,2978,2954,2942,2858,2802,2775,2711,3049,3014,2961,2920,2866,2814,2772,2709,3022,3017,2951,2916,2862,2817,2762,2727,2810,3016,2954,2899,2837,2778,2784,2723,3102,2977,2937,2920,2834,2820,2778,2737
TOF,2005,2057,2101,2270,2317,2319,2346,2601,2437,2485,2687,2892,2850,2766,2572,2533,3045,2970,2796,2697,2680,2740,2743,2685,2867,2923,2973,2904,2879,2849,2786,2714,3042,3005,2958,2911,2858,2817,2780,2742,3018,3005,2957,2918,2838,2815,2766,2736,2949,3010,2942,2900,2824,2822,2764,2733,3081,2992,2954,2908,2838,2804,2770,2783
TOF,1933,2030,2112,2284,2323,2350,2331,2601,2483,2486,2456,2875,2846,2705,2620,2486,3029,2991,2820,2696,2711,2775,2760,2673,2899,2974,2953,2938,2875,2818,2778,2731,3021,3029,2948,2939,2872,2813,2765,2724,2975,3027,2978,2890,2858,2807,2772,2729,2869,3006,2930,2921,2856,2804,2762,2721,3103,3004,2936,2888,2878,2799,2775,2739
TOF,1933,2011,2099,2259,2311,2342,2377,2601,2461,2469,2515,2874,2844,2711,2596,2619,2982,2964,2814,2700,2747,2710,2751,2651,2894,2953,2933,2922,2868,2833,2782,2742,2987,3017,2965,2898,2880,2810,2767,2732,2999,3014,2949,2907,2884,2804,2764,2707,2920,2992,2941,2912,2858,2798,2758,2727,3176,3001,2956,2907,2823,2824,2763,2738
TOF,1967,1990,1974,2163,2303,2342,2313,2601,2455,2466,2533,2856,2859,2820,2586,2549,3014,2944,2824,2710,2725,2790,2771,2680,2876,2963,2966,2920,2873,2846,2777,2725,3067,3028,2945,2915,2870,2819,2749,2733,2959,2979,2934,2919,2859,2799,2753,2698,2929,2997,2953,2907,2838,2807,2771,2735,3092,3024,2971,2876,2881,2798,2788,2745
TOF,1998,2028,1993,2295,2320,2340,2268,2762,2466,2476,2533,2857,2831,2718,2650,2502,2980,2979,2796,2703,2697,2771,2769,2668,2861,2992,2963,2912,2869,2835,2780,2721,2994,3008,2950,2916,2893,2825,2770,2711,3085,2993,2952,2912,2851,2791,2772,2716,2886,3024,2952,2895,2841,2803,2758,2734,3109,3002,2952,2921,2846,2822,2772,2731
TOF,1998,2028,2009,2322,2301,2344,2354,2762,2378,2455,2558,2899,2815,2723,2642,2516,3066,2985,2769,2702,2703,2771,2773,2673,2867,2938,2938,2920,2865,2831,2796,2722,3015,3024,2946,2912,2866,2816,2781,2732,2931,3014,2969,2911,2856,2828,2776,2716,2930,2989,2937,2891,2856,2819,2779,2744,3070,2988,2969,2897,2850,2799,2787,2742
TOF,1998,1961,2139,2076,2294,2301,2327,2311,2412,2479,2465,2921,2865,2739,2649,2531,3002,2900,2983,2726,2691,2754,2755,2714,2855,2951,2978,2931,2880,2809,2781,2710,3070,2984,2974,2908,2864,2823,2775,2713,3005,3011,2964,2902,2863,2832,2752,2711,2887,3017,2936,2873,2855,2800,2763,2720,3122,2971,2968,2878,2865,2820,2762,2745
TOF,1935,2043,2013,2288,2328,2357,2302,2555,2478,2495,2561,2886,2833,2744,2653,2545,2994,2973,2829,2714,2632,2778,2752,2720,2860,2948,2945,2924,2859,2823,2773,2712,2999,3014,2947,2919,2873,2817,2757,2726,2941,2987,2948,2898,2835,2808,2776,2698,2879,2992,2933,2877,2850,2801,2767,2720,3137,2991,2973,2888,2879,2811,2765,2748
TOF,1935,1973,2188,2329,2326,2340,2332,2555,2425,2457,2438,2886,2822,2731,2668,2534,2942,2912,2837,2694,2731,2715,2766,2639,2920,2957,2965,2911,2877,2826,2777,2721,2985,3023,2991,2937,2875,2808,2763,2739,3036,2991,2951,2877,2851,2804,2771,2719,3046,3011,2933,2890,2843,2815,2771,2731,3241,3011,2941,2907,2884,2828,2754,2732
TOF,1935,1999,2161,2305,2322,2314,2361,2555,2380,2495,2505,2841,2852,2743,2621,2567,3039,2887,2772,2702,2699,2775,2757,2641,2881,2936,2981,2905,2871,2833,2766,2727,3066,3025,2978,2920,2871,2826,2760,2709,2989,2991,2930,2893,2865,2804,2770,2714,2947,2991,2939,2930,2850,2789,2761,2706,3147,3024,2954,2882,2874,2808,2765,2710
TOF,1935,2012,2161,2283,2323,2332,2352,2555,2441,2493,2505,2841,2778,2754,2649,2586,2962,2927,2775,2735,2711,2747,2778,2635,2906,2959,2957,2909,2870,2825,2794,2721,2995,2958,2959,2913,2882,2814,2765,2740,2964,3008,2939,2910,2843,2814,2784,2705,2896,3015,2960,2892,2874,2798,2773,2706,3135,2988,2951,2882,2864,2817,2760,2733
TOF,1935,2070,2163,2252,2323,2282,2332,2368,2476,2471,2488,2931,2822,2779,2609,2532,3047,2956,2798,2691,2703,2759,2731,2660,2845,2923,2956,2909,2872,2824,2771,2719,3026,2995,2975,2923,2878,2806,2773,2712,3015,3016,2955,2905,2857,2809,2779,2712,2807,2986,2925,2906,2852,2799,2738,2729,3067,2960,2950,2874,2871,2802,2767,2746
TOF,1958,1979,2161,2286,2351,2315,2319,2632,2470,2452,2499,2931,2800,2744,2587,2581,3067,2992,2849,2705,2694,2798,2758,2653,2871,2952,2945,2897,2887,2810,2766,2718,3014,3021,2975,2930,2869,2814,2764,2712,2905,3014,2955,2894,2867,2820,2751,2741,2916,2990,2934,2889,2822,2803,2781,2728,3125,3023,2969,2898,2852,2806,2779,2748
TOF,1920,2023,2026,2252,2326,2324,2331,2632,2465,2448,2422,2879,2814,2747,2577,2587,3057,2976,2793,2698,2705,2780,2766,2690,2888,2907,2953,2920,2850,2817,2762,2712,2969,3043,2973,2910,2862,2810,2775,2728,3026,3015,2946,2888,2842,2837,2779,2734,2900,3003,2925,2893,2849,2799,2775,2725,3129,2981,2963,2891,2856,2806,2753,2755
TOF,1920,2023,2043,2255,2324,2276,2342,2361,2446,2468,2472,2879,2837,2809,2684,2590,3003,2989,2788,2702,2738,2711,2769,2699,2897,2948,2949,2924,2902,2808,2780,2735,3062,3034,2965,2901,2860,2789,2755,2763,2979,2995,2959,2894,2859,2803,2786,2714,2849,3033,2937,2857,2847,2804,2766,2732,3103,3010,2963,2877,2849,2798,2767,2725
TOF,1957,1979,2073,2292,2332,2344,2298,2528,2415,2439,2503,2910,2851,2782,2648,2529,3075,2900,2796,2722,2722,2773,2771,2725,2891,2936,2967,2914,2875,2831,2766,2721,2968,3013,2973,2937,2864,2809,2776,2716,3067,3018,2957,2913,2825,2828,2755,2715,2856,3001,2949,2896,2835,2798,2779,2727,3097,2996,2949,2916,2868,2797,2777,2721
TOF,1957,1970,2106,2235,2313,2305,2380,2651,2438,2480,2472,2885,2880,2733,2587,2543,3090,2992,2819,2711,2686,2749,2763,2692,2911,2983,2960,2908,2865,2836,2787,2729,3043,3018,2961,2905,2874,2824,2756,2712,2898,3020,2954,2904,2842,2811,2772,2732,2888,2992,2947,2908,2854,2795,2771,2726,3141,3002,2966,2879,2852,2810,2776,2729
TOF,1968,1970,2073,2284,2318,2338,2272,2359,2403,2490,2469,2891,2777,2754,2648,2566,3054,2881,2762,2704,2654,2742,2765,2706,2880,2954,2961,2914,2870,2819,2771,2697,3047,3071,2962,2915,2875,2818,2763,2713,2898,2983,2956,2896,2870,2799,2766,2710,2842,3008,2954,2896,2868,2796,2783,2731,3159,2986,2969,2893,2838,2817,2767,2733
TOF,1998,1970,2073,2169,2301,2338,2319,2359,2450,2479,2500,2853,2827,2678,2623,2535,2977,2891,2796,2699,2720,2761,2748,2686,2914,2917,2958,2925,2871,2808,2779,2718,3057,3031,2947,2901,2840,2812,2775,2721,3096,3019,2967,2901,2856,2833,2757,2712,3118,2992,2935,2913,2837,2807,2749,2747,3148,3007,2943,2893,2854,2812,2757,2745
TOF,1984,1993,2106,2232,2310,2316,2325,2359,2489,2513,2459,2868,2852,2644,2676,2564,3005,2933,2805,2698,2694,2777,2761,2692,2853,2965,2954,2912,2854,2809,2777,2714,3094,3008,2949,2919,2858,2814,2783,2729,2952,3009,2958,2903,2845,2805,2781,2736,2894,2986,2943,2892,2840,2793,2769,2720,3107,2965,2955,2898,2853,2796,2769,2743
TOF,1993,1975,2004,2227,2301,2322,2313,2359,2453,2471,2483,2848,2831,2741,2677,2555,3030,2869,2853,2703,2694,2758,2755,2657,2862,2955,2962,2901,2867,2808,2786,2706,3041,3016,2968,2891,2870,2818,2763,2713,2963,3005,2937,2912,2862,2819,2775,2726,2879,3000,2963,2898,2856,2800,2780,2755,3114,2971,2956,2900,2840,2810,2778,2730
TOF,1927,2024,2033,2311,2322,2316,2299,2478,2477,2455,2483,2851,2862,2777,2716,2606,2974,2876,2789,2695,2716,2783,2763,2681,2890,2921,2938,2911,2873,2828,2781,2729,3048,3003,2990,2911,2865,2811,2771,2717,2983,3029,2923,2900,2858,2815,2760,2731,2903,2971,2948,2905,2846,2814,2745,2723,2954,2988,2942,2915,2841,2807,2762,2750
TOF,1894,2014,2033,2246,2352,2305,2334,2398,2362,2493,2842,2808,2829,2793,2567,2515,3092,2890,2789,2722,2756,2777,2792,2675,2908,2936,2960,2903,2879,2845,2778,2712,3063,3043,2942,2943,2867,2824,2770,2722,2932,3039,2973,2907,2853,2810,2769,2736,2905,2994,2930,2884,2847,2796,2777,2714,3091,2972,2951,2913,2858,2800,2779,2740
TOF,1966,2023,2033,2340,2328,2331,2279,2552,2457,2469,2485,2858,2824,2751,2681,2557,2942,2974,2797,2702,2699,2746,2782,2674,2838,3035,2955,2921,2865,2828,2784,2721,3016,2993,2969,2891,2850,2816,2770,2714,2975,3004,2954,2908,2848,2797,2757,2726,3002,3019,2954,2890,2848,2802,2761,2713,3116,2971,2943,2900,2870,2822,2775,2740
TOF,2011,2036,2118,2302,2321,2325,2279,2480,2447,2516,2538,2896,2794,2791,2583,2523,2868,2996,2846,2718,2750,2754,2765,2646,2849,2919,2965,2914,2875,2802,2771,2709,3076,3056,2936,2903,2871,2819,2787,2734,2948,3007,2941,2912,2842,2786,2772,2733,3115,3004,2926,2902,2857,2814,2744,2740,3164,3011,2971,2904,2860,2804,2748,2732
TOF,1993,1951,2052,2271,2311,2327,2444,2473,2483,2513,2573,2862,2862,2745,2632,2547,3048,2907,2795,2707,2726,2764,2764,2700,2902,2931,2982,2919,2868,2839,2781,2727,3062,3027,2953,2915,2877,2829,2780,2714,2947,2999,2964,2901,2850,2798,2772,2709,3035,3030,2944,2898,2863,2793,2760,2741,3150,3036,2948,2895,2864,2787,2761,2731
TOF,1987,1964,2026,2198,2309,2312,2297,2680,2422,2490,2573,2862,2865,2768,2619,2561,3020,2877,2806,2697,2688,2763,2765,2687,2880,2899,2942,2922,2874,2825,2762,2699,3018,3044,2972,2908,2846,2827,2761,2722,2983,3018,2959,2902,2845,2815,2769,2710,3057,3008,2937,2903,2850,2788,2781,2733,3154,2991,2931,2909,2843,2816,2773,2706
TOF,1987,1964,2075,2315,2265,2325,2339,2578,2345,2471,2548,2879,2823,2869,2777,2531,3028,2844,2818,2694,2751,2741,2763,2672,2896,2968,2959,2920,2896,2832,2792,2713,3062,3007,2961,2900,2849,2817,2777,2729,2977,3006,2954,2915,2849,2813,2766,2744,3104,2997,2937,2891,2851,2790,2759,2725,3133,3016,2949,2885,2852,2811,2798,2739
TOF,1904,1986,2125,2202,2324,2353,2350,2578,2419,2482,2518,2870,2815,2733,2576,2547,2698,2947,2832,2682,2708,2765,2766,2644,2927,2959,2956,2917,2878,2809,2787,2717,3016,3027,2981,2919,2885,2816,2790,2718,2979,3010,2938,2913,2821,2828,2761,2716,2921,2981,2965,2910,2857,2812,2729,2710,3135,2958,2923,2897,2856,2812,2758,2730
TOF,1904,1961,2056,2281,2314,2328,2374,2460,2441,2501,2454,2928,2817,2740,2675,2537,3042,2912,2821,2682,2745,2745,2753,2678,2852,2956,2955,2919,2870,2837,2774,2704,3028,3027,2974,2907,2861,2810,2765,2718,3069,3030,2941,2912,2856,2796,2762,2705,2846,2995,2948,2905,2861,2807,2756,2742,3141,2968,2966,2856,2843,2807,2767,2749
TOF,2019,1986,2056,2242,2275,2305,2288,2460,2455,2470,2457,2908,2855,2760,2662,2540,3011,2931,2791,2713,2713,2728,2753,2671,2873,2953,2945,2928,2862,2813,2760,2700,3034,3006,2970,2918,2868,2806,2776,2725,3027,3016,2949,2905,2839,2809,2746,2728,2923,2989,2935,2885,2856,2794,2762,2742,2980,3022,2950,2902,2846,2821,2768,2747
TOF,1958,1997,2083,2264,2301,2338,2355,2460,2378,2486,2575,2834,2838,2707,2662,2540,3026,2985,2790,2732,2720,2672,2788,2660,2889,2933,2950,2921,2871,2806,2779,2727,3018,3007,2978,2903,2859,2823,2761,2710,3009,2956,2944,2902,2844,2801,2764,2716,2855,2979,2928,2896,2846,2806,2784,2734,2996,2972,2950,2906,2878,2819,2770,2755
TOF,1958,1997,2188,2268,2344,2297,2312,2336,2526,2529,2535,2767,2883,2698,2576,2587,3012,2869,2826,2692,2677,2757,2762,2698,2862,2950,2958,2922,2884,2839,2765,2697,3042,3048,2975,2901,2855,2815,2757,2724,2997,2990,2945,2914,2856,2799,2762,2706,2869,3019,2920,2889,2839,2797,2742,2729,3145,2987,2932,2898,2870,2797,2754,2746
TOF,1992,1992,2188,2298,2342,2344,2458,2336,2350,2473,2509,2864,2857,2636,2634,2549,2950,2927,2757,2689,2685,2787,2738,2700,2869,2892,2942,2914,2851,2801,2770,2709,3049,3020,2956,2904,2863,2808,2774,2725,3069,3005,2962,2909,2845,2813,2767,2716,2837,3039,2954,2916,2845,2825,2754,2723,3136,2976,2946,2922,2855,2812,2774,2718
TOF,1992,1992,2175,2341,2295,2328,2367,2346,2465,2425,2509,2871,2826,2812,2584,2557,3002,2936,2798,2722,2710,2742,2769,2686,2901,2941,2938,2936,2864,2819,2765,2685,3037,3009,2939,2939,2862,2809,2763,2730,2931,3000,2943,2902,2844,2813,2764,2735,2920,2992,2950,2887,2840,2826,2769,2718,3131,3013,2926,2897,2861,2812,2778,2732
TOF,2009,2027,2205,2285,2298,2338,2342,2346,2493,2508,2621,2831,2816,2771,2624,2582,3023,2928,2766,2705,2704,2830,2762,2657,2836,2950,2928,2922,2856,2845,2780,2722,3082,3002,2951,2909,2856,2817,2774,2702,2982,2978,2962,2935,2846,2814,2763,2733,2833,2978,2931,2888,2852,2795,2750,2729,3149,3008,2955,2908,2830,2808,2788,2716
TOF,2042,2062,2205,2266,2300,2322,2302,2346,2444,2466,2546,2842,2830,2674,2601,2555,2960,2982,2799,2694,2729,2759,2763,2691,2901,2966,2967,2888,2856,2813,2789,2698,3025,3036,2946,2917,2876,2808,2769,2731,2942,2946,2938,2894,2862,2793,2765,2716,2986,3000,2941,2897,2830,2784,2783,2728,3093,3005,2958,2918,2848,2818,2755,2749
TOF,1971,2073,2039,2274,2318,2323,2332,2346,2462,2448,2492,2866,2805,2718,2623,2539,2958,2902,2775,2711,2719,2783,2741,2637,2832,2941,2940,2927,2864,2828,2772,2703,3069,3028,2972,2912,2858,2818,2763,2708,2976,3010,2962,2902,2850,2812,2778,2722,3058,3030,2940,2889,2848,2808,2757,2719,3082,2978,2961,2876,2839,2812,2765,2733
TOF,1979,2073,2130,2243,2319,2295,2286,2607,2437,2483,2549,2806,2788,2719,2597,2522,2996,2919,2816,2701,2707,2722,2752,2665,2889,2990,2955,2916,2866,2836,2752,2729,3033,3011,2963,2933,2862,2802,2742,2685,2996,3012,2939,2887,2839,2803,2768,2718,3115,3001,2937,2901,2844,2802,2775,2721,2986,2993,2949,2915,2849,2808,2784,2734
TOF,1989,1976,2130,2261,2346,2316,2343,2607,2462,2429,2488,2845,2860,2730,2624,2552,3030,2915,2796,2686,2723,2758,2725,2660,2883,2949,2932,2926,2862,2841,2777,2713,3044,3011,2951,2931,2871,2830,2775,2721,2985,3044,2954,2886,2824,2826,2762,2710,3083,2958,2934,2914,2850,2813,2753,2706,3123,2977,2970,2872,2853,2796,2762,2744
TOF,1989,1976,2014,2186,2300,2297,2337,2676,2482,2424,2488,2857,2838,2701,2668,2563,2970,2919,2832,2688,2717,2779,2755,2712,2861,2937,2963,2928,2872,2844,2781,2720,3031,3011,2967,2908,2873,2804,2765,2729,3012,3025,2945,2896,2862,2814,2780,2706,2948,3003,2953,2884,2865,2820,2763,2721,3129,2978,2952,2918,2879,2800,2754,2741
TOF,1942,1964,2105,2211,2356,2304,2334,2595,2460,2436,2588,2882,2851,2751,2630,2575,3015,2911,2782,2729,2722,2755,2753,2659,2857,2955,2963,2916,2893,2819,2764,2709,2988,3023,2955,2909,2863,2827,2767,2738,2969,3016,2955,2909,2838,2819,2781,2708,2913,3007,2953,2909,2841,2806,2741,2734,3110,2984,2915,2900,2850,2818,2751,2714
TOF,2027,2059,2173,2241,2292,2319,2345,2340,2487,2496,2540,2836,2838,2723,2609,2551,2962,2976,2807,2704,2726,2738,2776,2674,2831,2874,2940,2934,2861,2829,2761,2705,3044,2993,2954,2917,2867,2810,2760,2726,3003,3027,2954,2910,2845,2813,2740,2719,2868,3009,2958,2893,2850,2809,2751,2717,3058,3009,2927,2867,2859,2804,2784,2749
TOF,1946,2024,2173,2311,2334,2309,2332,2340,2428,2457,2540,2826,2818,2667,2551,2528,3003,2908,2910,2730,2722,2789,2777,2668,2901,2965,2962,2926,2868,2814,2767,2724,2978,3022,2960,2902,2874,2815,2768,2704,2997,3028,2954,2888,2854,2799,2765,2739,2905,2988,2934,2874,2838,2810,2762,2711,3130,3020,2956,2914,2860,2821,2778,2719
TOF,1946,1981,2101,2363,2294,2323,2388,2319,2458,2451,2432,2877,2876,2766,2650,2563,2997,2977,2846,2696,2746,2764,2745,2702,2872,2955,2970,2900,2873,2836,2771,2683,3045,3012,2951,2911,2855,2831,2781,2720,3005,3011,2936,2903,2877,2814,2768,2707,3076,2985,2959,2910,2856,2792,2773,2726,3131,3003,2971,2902,2820,2806,2764,2722
TOF,1982,1952,2101,2183,2336,2320,2439,2556,2463,2488,2432,2877,2891,2661,2675,2536,2949,2913,2793,2695,2726,2752,2753,2692,2858,2977,2959,2908,2876,2840,2780,2716,3004,3011,3000,2908,2867,2820,2782,2704,2972,2977,2965,2932,2854,2815,2757,2739,2991,2994,2944,2899,2861,2808,2747,2723,3155,2993,2943,2884,2857,2809,2784,2729
TOF,1937,2017,2101,2186,2322,2332,2341,2665,2495,2471,2432,2901,2804,2773,2690,2542,2994,2848,2790,2692,2728,2765,2765,2651,2861,2977,2942,2922,2880,2814,2774,2709,3045,3034,2948,2911,2882,2834,2773,2725,3000,3028,2940,2906,2877,2801,2766,2718,2984,2995,2925,2906,2852,2800,2766,2720,3128,2956,2953,2893,2860,2811,2789,2729
TOF,2019,1917,1974,2238,2319,2279,2342,2632,2444,2470,2537,2859,2798,2762,2631,2537,3048,2893,2814,2709,2702,2734,2757,2650,2902,3025,2967,2924,2860,2806,2778,2718,3017,2976,2975,2917,2869,2803,2771,2703,2995,3016,2937,2906,2843,2810,2775,2722,2920,3035,2950,2879,2847,2804,2780,2745,3121,2995,2944,2891,2837,2818,2766,2758
TOF,1989,1917,2071,2339,2321,2343,2294,2756,2506,2476,2653,2854,2832,2765,2608,2563,2996,2922,2785,2726,2751,2724,2715,2645,2930,2966,2983,2906,2864,2820,2773,2718,3026,3027,2957,2915,2877,2829,2799,2702,2993,2995,2966,2906,2842,2818,2765,2715,2920,2993,2941,2882,2849,2791,2779,2737,3070,2996,2956,2907,2866,2810,2759,2734
TOF,1977,1988,2108,2227,2304,2334,2362,2756,2422,2464,2427,2847,2832,2739,2595,2539,2963,2950,2800,2726,2709,2773,2763,2697,2826,2942,2945,2917,2867,2794,2783,2746,2981,3027,2960,2927,2878,2817,2767,2723,2981,3001,2971,2895,2882,2836,2760,2725,2884,2991,2964,2893,2849,2800,2767,2730,3108,2996,2959,2879,2843,2801,2773,2732
TOF,2006,1955,2145,2252,2333,2336,2274,2756,2448,2467,2427,2827,2811,2742,2614,2512,3075,2921,2772,2720,2722,2767,2787,2681,2845,2945,2961,2912,2890,2800,2772,2707,3056,3013,2981,2904,2867,2820,2756,2739,2992,3015,2957,2900,2876,2805,2764,2728,2823,3008,2941,2912,2852,2799,2766,2693,3133,2990,2926,2903,2857,2803,2756,2713
TOF,1978,2012,2182,2272,2327,2338,2412,2756,2473,2437,2795,2909,2861,2730,2669,2552,2974,2885,2776,2695,2694,2770,2749,2691,2849,2946,2950,2922,2894,2814,2776,2716,3036,3006,2954,2911,2858,2810,2772,2727,2936,3009,2957,2897,2844,2815,2767,2737,2985,3047,2940,2901,2840,2795,2761,2749,3060,2989,2971,2887,2843,2823,2761,2758
TOF,1919,1977,2118,2165,2314,2360,2399,2405,2396,2467,2526,2808,2825,2718,2566,2528,2989,2934,2787,2677,2657,2751,2781,2624,2900,2985,2935,2910,2874,2841,2773,2682,3012,3003,2932,2914,2850,2800,2770,2725,2991,3016,2949,2898,2839,2821,2762,2706,3023,2978,2969,2888,2857,2801,2773,2734,3099,3014,2962,2896,2853,2787,2785,2747
TOF,1958,1958,2067,2300,2347,2283,2418,2405,2419,2494,2477,2849,2790,2729,2654,2521,3044,2926,2825,2715,2746,2770,2751,2640,2928,2922,2952,2918,2875,2839,2780,2733,3012,3023,2951,2907,2871,2813,2762,2720,2934,3000,2989,2927,2871,2804,2758,2726,3077,2993,2939,2901,2828,2821,2769,2718,3087,3004,2978,2911,2858,2805,2781,2740
TOF,1958,2009,2047,2192,2298,2313,2383,2405,2522,2480,2568,2863,2814,2768,2648,2516,3036,2924,2755,2711,2692,2783,2780,2670,2927,2905,2943,2898,2870,2840,2773,2717,3077,3014,2947,2903,2882,2819,2769,2724,3034,3016,2947,2894,2842,2815,2759,2746,3043,3006,2952,2909,2845,2817,2760,2729,3211,2994,2955,2868,2845,2796,2762,2732
TOF,1994,1998,2054,2301,2321,2307,2345,2635,2467,2455,2865,2886,2872,2777,2672,2534,3117,2929,2828,2717,2713,2767,2778,2669,2884,2946,2971,2911,2873,2834,2764,2706,3033,3001,2974,2929,2867,2815,2769,2712,3023,3004,2943,2880,2876,2809,2781,2725,3055,2993,2950,2898,2854,2813,2769,2709,3171,3024,2942,2904,2834,2803,2781,2716
TOF,1974,1974,2054,2263,2310,2313,2283,2359,2493,2461,2520,2820,2829,2780,2689,2539,2994,2908,2797,2694,2688,2793,2743,2671,2867,2966,2951,2884,2868,2824,2773,2712,3010,3002,2954,2928,2857,2802,2748,2727,2993,3013,2943,2904,2858,2808,2759,2729,3069,2969,2940,2885,2851,2807,2758,2719,3064,3004,2957,2921,2857,2812,2772,2729
TOF,1970,1979,2054,2262,2312,2345,2344,2418,2471,2473,2455,2816,2893,2719,2619,2519,3003,2837,2832,2738,2718,2759,2758,2689,2902,2974,2957,2904,2886,2808,2787,2709,2983,3044,2970,2916,2862,2820,2754,2733,2966,2988,2923,2900,2866,2828,2763,2736,2933,3010,2942,2896,2854,2812,2773,2722,3196,2982,2927,2888,2862,2798,2779,2732
TOF,2000,1987,2175,2172,2328,2291,2332,2267,2447,2458,2530,2836,2836,2690,2627,2522,3007,2973,2822,2703,2734,2750,2760,2620,2847,2973,2961,2916,2876,2842,2776,2722,3036,3025,2977,2912,2876,2813,2760,2711,2945,2990,2940,2896,2829,2808,2776,2739,2867,3007,2958,2890,2834,2799,2765,2729,2992,3024,2984,2907,2847,2808,2781,2723
TOF,2000,2004,2175,2274,2317,2336,2362,2267,2450,2490,2530,2859,2822,2768,2675,2581,2936,2992,2839,2704,2684,2751,2762,2688,2869,2969,2942,2921,2871,2840,2760,2718,3075,3025,2963,2916,2868,2812,2758,2725,2869,3020,2969,2895,2853,2809,2765,2723,2920,3032,2935,2894,2848,2791,2741,2728,2975,2960,2956,2902,2845,2796,2763,2732
TOF,2034,2004,2175,2296,2320,2351,2350,2267,2433,2469,2477,2941,2840,2881,2682,2541,2945,3010,2830,2682,2724,2756,2755,2749,2857,2959,2955,2906,2882,2812,2782,2708,3022,3019,2951,2904,2881,2805,2771,2702,3003,3035,2956,2905,2854,2828,2753,2711,2875,3000,2954,2932,2849,2806,2774,2746,3078,3044,2951,2885,2838,2821,2759,2747
TOF,1974,2004,2132,2270,2322,2335,2355,2327,2468,2508,2604,2870,2815,2711,2658,2596,3018,2913,2785,2705,2728,2776,2790,2641,2911,2969,2948,2926,2876,2817,2779,2706,3018,3015,2952,2906,2869,2811,2769,2745,2988,2999,2949,2916,2832,2823,2759,2713,2875,2971,2958,2903,2868,2792,2748,2728,3071,2970,2943,2909,2843,2809,2749,2727
TOF,1990,2016,2056,2254,2329,2294,2328,2333,2362,2449,2462,2860,2876,2785,2631,2578,2986,2909,2838,2689,2721,2757,2751,2664,2902,2948,2958,2908,2872,2826,2770,2693,3035,3052,2953,2916,2855,2804,2779,2732,3008,2997,2958,2901,2859,2795,2771,2716,2875,2995,2941,2908,2843,2800,2780,2707,2966,3013,2948,2898,2839,2814,2772,2731
TOF,1936,2016,2061,2337,2331,2296,2353,2621,2418,2488,2486,2837,2849,2723,2642,2609,2962,2900,2869,2693,2743,2767,2760,2690,2863,2955,2936,2910,2871,2819,2769,2712,3037,3020,2977,2893,2867,2806,2776,2717,2923,2996,2947,2913,2848,2811,2776,2736,2917,3005,2910,2907,2839,2797,2766,2739,3098,2963,2934,2889,2831,2831,2756,2750
TOF,1936,1990,2072,2294,2317,2301,2332,2621,2424,2472,2485,2873,2857,2721,2642,2572,2979,2935,2849,2757,2734,2748,2767,2694,2872,3006,2959,2930,2872,2805,2789,2706,3012,3007,2964,2922,2856,2823,2777,2724,2955,3027,2935,2891,2845,2787,2771,2740,2901,2977,2942,2914,2852,2820,2781,2711,3156,2981,2958,2919,2859,2798,2783,2740
TOF,1936,1974,2043,2243,2324,2345,2322,2501,2445,2475,2646,2851,2879,2812,2619,2579,2955,2914,2806,2710,2742,2816,2778,2641,2826,2958,2968,2914,2868,2826,2784,2720,3032,3037,2958,2947,2872,2806,2764,2713,2920,2988,2946,2905,2861,2818,2753,2716,2824,3013,2935,2883,2841,2803,2762,2717,3113,2999,2939,2906,2874,2818,2790,2742
TOF,1962,2014,2201,2273,2329,2379,2328,2501,2423,2471,2439,2895,2797,2769,2599,2589,2952,3004,2832,2698,2723,2779,2786,2714,2907,3000,2940,2930,2850,2817,2765,2696,3091,3015,2948,2903,2863,2798,2778,2721,3128,2999,2932,2863,2880,2802,2766,2713,2908,2978,2927,2916,2847,2800,2771,2721,2999,2996,2964,2883,2838,2814,2759,2747
TOF,2026,1987,2244,2244,2313,2343,2361,2501,2445,2466,2439,2824,2796,2709,2642,2541,3027,2938,2760,2708,2705,2736,2766,2680,2922,2924,2962,2914,2892,2826,2777,2710,3028,3008,2949,2918,2872,2801,2767,2704,3028,3061,2947,2908,2863,2813,2758,2730,2999,2971,2932,2887,2846,2801,2790,2729,3105,2987,2958,2888,2846,2813,2776,2749
TOF,2026,1987,2093,2296,2340,2354,2328,2654,2473,2457,2439,2805,2800,2709,2636,2547,3064,2898,2817,2704,2715,2776,2767,2655,2879,2955,2954,2917,2885,2806,2767,2736,3069,3037,2951,2920,2866,2815,2767,2712,2966,3019,2957,2924,2866,2820,2762,2727,3011,2999,2938,2918,2868,2812,2755,2720,3107,2961,2975,2922,2847,2808,2802,2738
TOF,2026,1963,1990,2238,2350,2327,2340,2425,2456,2463,2729,2876,2806,2770,2668,2555,3005,2926,2785,2716,2709,2780,2761,2669,2886,2950,2944,2923,2850,2814,2766,2706,3039,3017,2968,2916,2847,2813,2758,2709,3047,3038,2945,2896,2882,2803,2754,2715,2991,3025,2939,2903,2847,2802,2758,2751,3152,2965,2937,2917,2852,2793,2793,2753
TOF,1983,1918,2120,2313,2279,2298,2297,2425,2490,2505,2556,2858,2833,2783,2648,2548,3082,2846,2790,2713,2672,2758,2776,2675,2837,2970,2957,2912,2868,2811,2791,2711,3021,3027,2973,2924,2865,2803,2773,2734,2974,3035,2957,2913,2831,2835,2760,2733,2967,2997,2953,2908,2856,2812,2775,2727,3102,2953,2961,2874,2846,2797,2760,2732
TOF,1983,1976,2120,2257,2318,2324,2294,2425,2463,2443,2471,2846,2824,2763,2636,2534,3073,2907,2817,2700,2707,2739,2756,2698,2907,2943,2943,2904,2869,2842,2786,2704,3080,3019,2960,2924,2848,2800,2761,2728,2980,3001,2953,2922,2827,2807,2771,2724,2874,2996,2943,2898,2828,2810,2750,2721,3116,3020,2960,2896,2855,2811,2768,2731
TOF,1983,1976,2234,2298,2313,2310,2373,2425,2510,2457,2445,2679,2808,2719,2614,2594,3009,2907,2809,2679,2704,2733,2745,2693,2872,2937,2948,2908,2869,2822,2777,2739,2988,3010,2969,2921,2854,2815,2775,2727,2896,3008,2941,2900,2863,2816,2773,2719,2921,2986,2923,2907,2838,2816,2767,2724,3048,2958,2977,2892,2844,2803,2765,2711
TOF,1975,1973,2109,2296,2348,2306,2345,2425,2454,2456,2470,2845,2819,2791,2603,2533,3074,2907,2767,2740,2745,2741,2727,2714,2894,2939,2955,2932,2868,2807,2762,2714,3020,3020,2943,2913,2867,2806,2767,2719,3000,3028,2931,2909,2864,2827,2784,2737,2856,2981,2953,2912,2835,2816,2754,2746,3169,2978,2950,2895,2875,2811,2783,2745
TOF,1958,1995,2188,2193,2314,2355,2320,2444,2470,2443,2469,2903,2820,2770,2684,2682,3042,2874,2831,2649,2693,2765,2752,2630,2880,2951,2952,2915,2852,2849,2761,2706,3031,3045,2956,2914,2872,2820,2764,2732,2941,3012,2944,2905,2879,2796,2783,2709,2996,2993,2964,2911,2864,2796,2740,2729,3129,2974,2962,2911,2850,2800,2783,2736
TOF,1976,1978,2188,2192,2315,2309,2375,2452,2445,2473,2464,2834,2788,2655,2711,2574,2874,2934,2769,2718,2709,2746,2754,2641,2885,2887,2979,2905,2852,2833,2763,2708,3059,3010,2955,2909,2868,2809,2757,2728,2889,2984,2923,2898,2849,2805,2756,2715,3015,2977,2925,2918,2836,2797,2759,2733,3119,3016,2950,2904,2872,2797,2781,2745
TOF,1940,1960,2188,2216,2327,2348,2299,2610,2483,2474,2464,2862,2823,2738,2568,2544,2998,2994,2775,2699,2718,2756,2744,2715,2824,2859,2955,2909,2853,2821,2791,2722,2972,3046,2961,2900,2860,2804,2777,2724,2997,2975,2944,2898,2840,2815,2779,2707,2953,2973,2962,2913,2855,2802,2766,2721,3108,2976,2961,2898,2850,2799,2782,2720
TOF,2030,1972,2029,2269,2300,2324,2326,2705,2506,2456,2458,2909,2870,2689,2706,2515,3043,2921,2789,2721,2714,2711,2761,2691,2854,2934,2965,2905,2879,2811,2782,2720,3009,3022,2952,2915,2880,2826,2777,2731,2969,3009,2942,2896,2833,2814,2754,2708,3035,2991,2954,2904,2844,2800,2745,2732,3159,2997,2953,2899,2874,2819,2773,2737
TOF,2030,1998,2014,2306,2317,2313,2359,2584,2470,2523,2537,2909,2817,2779,2679,2528,2993,2909,2855,2725,2705,2767,2764,2675,2876,3001,2941,2904,2871,2840,2770,2739,3027,3024,2941,2899,2873,2833,2748,2722,2930,2978,2955,2872,2857,2832,2757,2734,3005,3017,2968,2907,2847,2805,2764,2716,3219,2970,2917,2897,2846,2805,2788,2762
TOF,1962,1853,2004,2325,2317,2300,2350,2584,2454,2467,2419,2909,2800,2733,2555,2520,2992,2851,2829,2716,2745,2723,2741,2681,2853,2945,2958,2917,2871,2818,2768,2724,3010,3031,2970,2903,2867,2817,2768,2734,2990,2994,2974,2907,2823,2815,2748,2724,3071,2988,2955,2908,2851,2808,2775,2729,3095,3001,2954,2906,2848,2814,2770,2730
TOF,1975,1981,1989,2236,2316,2332,2370,2584,2456,2486,2472,2907,2850,2771,2609,2571,3021,2912,2829,2701,2764,2800,2777,2646,2891,2941,2952,2913,2862,2826,2789,2705,3005,2992,2937,2927,2858,2811,2755,2723,3049,2994,2943,2912,2857,2824,2763,2724,2867,2991,2930,2892,2848,2810,2775,2731,2932,2980,2946,2897,2846,2814,2772,2704
TOF,1914,1995,2125,2177,2334,2344,2374,2365,2508,2443,2479,2879,2815,2786,2623,2533,2979,2883,2826,2704,2689,2783,2752,2673,2881,2964,2971,2907,2889,2842,2757,2728,3015,3024,2958,2901,2855,2806,2765,2722,3010,3054,2941,2915,2857,2798,2765,2714,3153,3006,2940,2917,2845,2807,2771,2718,2949,3003,2965,2915,2840,2794,2791,2761
TOF,1955,1995,2000,2279,2302,2278,2330,2423,2407,2512,2479,2856,2858,2712,2617,2554,3034,2858,2810,2715,2666,2718,2777,2699,2885,2966,2932,2924,2880,2828,2776,2713,3019,3060,2957,2917,2864,2828,2762,2663,2968,3054,2954,2887,2865,2813,2779,2707,2910,3014,2941,2908,2849,2802,2766,2723,2765,3002,2974,2911,2840,2825,2795,2765
TOF,1973,2045,2213,2253,2356,2298,2312,2423,2438,2445,2479,2861,2796,2746,2644,2537,2940,2910,2761,2694,2707,2750,2726,2676,2835,2977,2944,2933,2853,2821,2773,2693,3005,3039,2956,2941,2856,2817,2771,2726,2951,2975,2963,2886,2854,2812,2769,2717,2958,3004,2929,2894,2858,2820,2773,2725,3132,3003,2959,2889,2853,2833,2747,2730
TOF,1973,2045,2213,2270,2314,2313,2355,2423,2470,2448,2479,2805,2811,2772,2668,2556,2945,2850,2754,2696,2690,2758,2721,2691,2837,2958,2962,2920,2887,2813,2784,2727,3019,3040,2965,2900,2864,2802,2793,2715,3009,3004,2952,2907,2845,2790,2770,2730,2877,2998,2934,2904,2843,2787,2778,2705,3150,3004,2939,2917,2833,2794,2751,2732
TOF,1975,2006,2194,2278,2327,2321,2321,2423,2411,2471,2479,2892,2833,2788,2651,2534,3042,2916,2761,2708,2738,2781,2760,2664,2865,2948,2960,2891,2864,2818,2779,2741,3008,3037,2962,2904,2848,2803,2770,2709,2998,3000,2919,2898,2827,2788,2773,2728,2816,3019,2944,2881,2831,2797,2762,2710,3041,2997,2944,2911,2830,2809,2776,2719
TOF,2037,2006,2103,2225,2331,2338,2354,2645,2454,2449,2474,2941,2844,2726,2714,2551,3024,2843,2828,2707,2713,2764,2753,2643,2904,2957,2938,2910,2873,2821,2779,2717,3029,3006,2964,2905,2867,2820,2754,2711,2945,3054,2943,2916,2849,2792,2775,2731,2909,2990,2964,2904,2847,2796,2773,2716,3123,2996,2933,2897,2855,2797,2765,2716
TOF,1957,1977,2103,2249,2331,2322,2318,2645,2467,2479,2468,2832,2871,2677,2652,2531,2965,2893,2821,2694,2715,2756,2752,2721,2862,2955,2949,2926,2850,2805,2783,2698,3008,3010,2940,2913,2885,2817,2769,2735,2967,2992,2937,2891,2865,2817,2763,2716,2941,3018,2958,2881,2864,2801,2768,2709,3159,2991,2975,2881,2841,2801,2785,2729
TOF,1957,1977,2138,2320,2305,2341,2322,2705,2455,2455,2822,2798,2859,2706,2667,2560,3041,2927,2796,2685,2713,2773,2762,2671,2904,2951,2949,2917,2870,2808,2801,2722,2999,3043,2959,2925,2879,2788,2751,2707,2990,2999,2957,2901,2851,2814,2761,2716,2864,2999,2942,2887,2865,2834,2792,2733,3120,2972,2942,2904,2842,2812,2765,2737
TOF,2018,1984,1990,2249,2323,2297,2321,2554,2449,2474,2796,2828,2813,2710,2688,2521,2920,2900,2789,2715,2685,2747,2762,2640,2930,2967,2966,2895,2874,2825,2771,2731,3026,3005,2948,2900,2873,2814,2775,2731,2985,2990,2936,2906,2873,2806,2777,2721,2893,3008,2948,2889,2859,2801,2772,2723,3085,2995,2994,2902,2853,2826,2784,2760
TOF,1941,2014,2166,2312,2338,2289,2321,2554,2443,2451,2458,2841,2820,2722,2650,2520,2936,2988,2764,2709,2723,2757,2755,2678,2880,2939,2970,2915,2868,2838,2784,2716,3063,2998,2968,2931,2886,2836,2776,2723,3009,3009,2946,2915,2860,2824,2774,2725,2879,2977,2953,2894,2853,2805,2756,2725,3164,3003,2968,2896,2864,2809,2757,2734
TOF,1918,2014,2095,2237,2334,2320,2301,2556,2461,2484,2422,2895,2853,2773,2679,2617,3018,2909,2756,2698,2711,2750,2732,2665,2908,2936,2934,2905,2877,2814,2789,2710,3081,2971,2956,2918,2851,2815,2762,2728,3002,3024,2955,2919,2854,2795,2756,2721,2868,3005,2937,2884,2866,2806,2777,2721,3116,2988,2960,2896,2843,2818,2773,2735
TOF,1971,2008,2095,2219,2302,2373,2304,2556,2442,2485,2720,2877,2815,2719,2651,2524,3031,2979,2830,2727,2713,2768,2699,2682,2888,2961,2941,2914,2873,2819,2776,2700,3028,3039,2933,2899,2856,2812,2770,2720,2992,2999,2932,2914,2908,2809,2779,2716,2945,2975,2939,2890,2860,2794,2754,2741,3116,2997,2924,2906,2851,2793,2763,2754
TOF,1939,2008,2170,2276,2309,2277,2373,2190,2462,2469,2720,2783,2839,2742,2683,2528,3105,2986,2850,2722,2726,2784,2772,2682,2860,2992,2946,2916,2849,2819,2783,2736,3025,2985,2938,2922,2864,2810,2763,2724,2958,2998,2949,2891,2850,2806,2753,2735,3052,2988,2938,2863,2840,2801,2777,2724,2958,2962,2942,2870,2865,2797,2752,2718
TOF,1970,1954,2119,2318,2310,2332,2344,2190,2449,2456,2732,2838,2826,2785,2617,2555,2901,2968,2841,2696,2685,2777,2767,2682,2836,2842,2952,2929,2872,2804,2773,2714,3011,3031,2988,2930,2866,2812,2755,2712,2958,3019,2950,2914,2872,2817,2783,2716,3027,2986,2955,2904,2869,2790,2785,2723,3101,2991,2939,2893,2872,2800,2773,2732
TOF,1971,2017,2207,2246,2308,2333,2309,2677,2466,2500,2820,2858,2797,2749,2646,2545,3002,3011,2774,2706,2725,2786,2731,2667,2874,2960,2967,2912,2880,2820,2782,2717,3053,3019,2950,2924,2866,2823,2754,2715,2960,3017,2958,2882,2862,2808,2769,2717,2866,3015,2941,2900,2837,2802,2741,2720,3144,2976,2932,2873,2854,2808,2756,2744
TOF,1971,1972,2192,2260,2334,2325,2357,2373,2378,2493,2611,2834,2833,2729,2572,2540,3009,3042,2832,2736,2675,2727,2751,2674,2877,2957,2981,2920,2878,2816,2754,2712,3076,3022,2944,2925,2869,2827,2777,2717,2963,2989,2950,2922,2855,2830,2747,2711,2883,2991,2933,2882,2848,2792,2786,2722,3082,3006,2978,2899,2862,2781,2754,2740
TOF,2035,2011,2170,2250,2278,2332,2301,2373,2452,2471,2556,2879,2859,2608,2628,2560,2997,2941,2842,2681,2715,2776,2773,2685,2876,2932,2932,2920,2875,2824,2773,2716,3003,3063,2973,2923,2869,2817,2774,2728,2997,2998,2957,2894,2850,2790,2765,2749,2824,3012,2936,2896,2850,2802,2755,2734,3096,2983,2952,2904,2853,2798,2782,2746
TOF,1982,2030,2012,2254,2312,2391,2340,2373,2436,2450,2489,2902,2827,2708,2594,2528,2939,2983,2774,2714,2783,2733,2767,2657,2832,2997,2937,2925,2857,2860,2773,2695,3005,3026,2943,2905,2872,2805,2780,2725,3040,3038,2959,2887,2882,2786,2761,2727,2916,2983,2940,2884,2860,2803,2776,2731,3153,2996,2947,2888,2847,2792,2790,2759
TOF,1992,1978,1984,2271,2349,2324,2308,2697,2463,2474,2518,2726,2851,2748,2608,2625,2961,2983,2782,2677,2735,2717,2764,2704,2875,2932,2951,2911,2869,2836,2781,2708,3067,3015,2929,2928,2855,2811,2781,2720,2984,3019,2951,2903,2857,2813,2779,2725,2842,2999,2945,2904,2844,2789,2756,2727,3136,3013,2937,2929,2853,2806,2765,2722
TOF,1975,1978,2054,2304,2328,2368,2345,2484,2477,2495,2510,2833,2827,2748,2580,2616,2968,2963,2816,2692,2731,2759,2754,2658,2863,2975,2933,2907,2880,2829,2768,2681,3026,3009,2959,2907,2872,2822,2784,2725,2992,3008,2967,2901,2832,2777,2770,2729,2930,3022,2934,2879,2849,2816,2753,2717,3128,2998,2972,2877,2832,2801,2753,2714
TOF,1936,2004,2020,2326,2338,2324,2343,2484,2499,2493,2618,2842,2840,2727,2642,2527,3058,3034,2799,2689,2722,2816,2767,2679,2873,3017,2966,2901,2876,2835,2775,2716,2991,3044,2957,2916,2877,2833,2784,2704,2988,3004,2943,2891,2874,2818,2774,2724,2975,3000,2955,2917,2856,2797,2777,2727,3153,2958,2937,2888,2846,2804,2776,2733
TOF,1957,1996,2020,2257,2311,2300,2311,2314,2480,2455,2527,2775,2876,2740,2674,2556,2939,2933,2798,2674,2699,2773,2757,2635,2896,2968,2937,2922,2872,2827,2769,2712,3042,3024,2959,2906,2867,2837,2765,2701,3026,2994,2953,2896,2861,2806,2762,2713,2907,2989,2924,2886,2865,2806,2757,2716,3115,2985,2948,2907,2853,2801,2743,2744
TOF,1957,2043,2110,2259,2344,2333,2350,2314,2473,2478,2806,2614,2828,2735,2638,2586,2999,2902,2832,2713,2710,2759,2735,2652,2879,2949,2943,2908,2890,2831,2776,2722,2993,3012,2951,2920,2865,2813,2775,2735,3100,3000,2948,2908,2857,2822,2772,2719,2939,3020,2940,2896,2859,2813,2778,2750,3073,2982,2956,2902,2834,2807,2777,2714
TOF,1957,1964,2018,2292,2342,2311,2366,2756,2446,2481,2508,2895,2833,2709,2664,2573,3101,3014,2816,2713,2720,2742,2752,2648,2905,2975,2957,2931,2864,2834,2770,2712,3060,3034,2939,2902,2865,2806,2761,2738,2942,2961,2952,2886,2851,2816,2767,2724,2922,3017,2942,2884,2861,2796,2748,2714,3070,3015,2957,2905,2859,2813,2778,2760
TOF,1986,2032,1982,2245,2317,2294,2445,2756,2478,2465,2586,2854,2837,2731,2575,2552,2907,2843,2809,2725,2705,2753,2739,2665,2887,2976,2958,2929,2888,2816,2785,2697,3012,3014,2936,2910,2848,2813,2770,2728,3002,2997,2937,2909,2827,2817,2752,2731,2881,2983,2956,2895,2838,2809,2772,2744,3126,2994,2968,2890,2837,2799,2753,2749
TOF,1994,2006,2019,2312,2319,2324,2351,2756,2495,2459,2471,2849,2859,2660,2646,2534,2932,2953,2830,2702,2699,2734,2781,2678,2847,2963,2931,2917,2882,2825,2766,2724,3017,3021,2992,2930,2876,2801,2783,2717,2977,3015,2948,2900,2814,2807,2767,2748,3022,3014,2944,2876,2845,2790,2773,2711,3139,2996,2926,2907,2855,2808,2752,2734
TOF,1957,2015,2088,2316,2328,2346,2351,2524,2483,2548,2483,2853,2831,2777,2620,2539,3002,2942,2784,2710,2684,2767,2763,2678,2882,2971,2965,2924,2866,2826,2772,2690,3008,3012,2988,2891,2864,2816,2775,2720,2976,3019,2957,2892,2862,2823,2770,2710,2983,3004,2938,2905,2845,2814,2779,2712,3156,3020,2936,2906,2839,2806,2776,2718
TOF,2015,1921,2086,2275,2300,2335,2339,2524,2450,2505,2610,2762,2837,2745,2594,2548,3009,2926,2821,2712,2701,2774,2757,2714,2879,2949,2953,2922,2881,2805,2787,2743,2978,3040,2954,2907,2850,2807,2778,2720,2955,3001,2935,2920,2828,2809,2764,2708,3029,2992,2921,2909,2841,2798,2751,2728,3154,2957,2947,2884,2852,2811,2778,2737
TOF,1940,2025,2035,2256,2312,2308,2328,2524,2415,2450,2502,2930,2861,2754,2660,2573,3071,2870,2820,2707,2713,2766,2764,2680,2855,2949,2952,2916,2867,2843,2780,2713,3061,3021,2974,2924,2851,2820,2767,2712,2904,3011,2962,2893,2834,2790,2752,2723,2890,3007,2946,2902,2876,2797,2765,2736,3124,3009,2929,2897,2850,2813,2790,2726
TOF,1990,1948,2096,2315,2321,2323,2354,2524,2499,2489,2434,2748,2853,2789,2732,2569,3012,2977,2774,2716,2703,2751,2746,2693,2836,2948,2949,2937,2866,2824,2775,2715,3032,3042,2962,2919,2867,2800,2769,2729,2993,2994,2955,2902,2825,2819,2762,2705,2952,2992,2941,2887,2845,2810,2754,2735,3134,3016,2959,2907,2823,2799,2758,2755
TOF,1970,1948,2096,2347,2315,2322,2324,2464,2450,2500,2521,2846,2857,2753,2655,2523,3052,2837,2856,2669,2701,2759,2762,2634,2892,2950,2952,2903,2883,2830,2768,2718,3036,3060,2970,2927,2872,2826,2783,2712,2983,3002,2964,2909,2857,2799,2789,2713,2964,3001,2937,2884,2842,2813,2765,2725,3128,2990,2969,2906,2847,2802,2758,2723
TOF,1951,1915,2015,2243,2318,2354,2324,2464,2476,2497,2442,2868,2832,2718,2644,2557,3049,2953,2818,2689,2701,2732,2766,2646,2867,2957,2967,2916,2857,2801,2791,2709,3039,2979,2973,2912,2863,2824,2770,2725,2894,3021,2969,2920,2876,2823,2747,2724,2864,2980,2941,2878,2879,2811,2767,2720,3152,3012,2937,2879,2858,2805,2772,2746
TOF,1994,1954,2073,2221,2338,2326,2330,2479,2461,2482,2442,2893,2830,2665,2661,2571,3069,2901,2774,2731,2730,2758,2752,2644,2905,2957,2969,2913,2876,2812,2764,2701,2979,2977,2964,2899,2882,2800,2755,2721,3004,3011,2950,2898,2865,2799,2764,2707,2891,2972,2933,2896,2841,2793,2753,2727,3149,3017,2973,2903,2841,2799,2772,2740
TOF,1994,2025,2138,2310,2292,2302,2363,2479,2398,2460,2466,2950,2789,2683,2642,2559,2981,2969,2793,2694,2701,2772,2794,2625,2950,2980,2948,2919,2860,2807,2760,2703,3031,3019,2974,2893,2865,2811,2753,2716,3056,3004,2943,2906,2829,2811,2768,2730,3011,2996,2942,2912,2870,2791,2789,2723,3116,3036,2962,2903,2857,2802,2759,2732
TOF,1941,2025,2085,2337,2331,2339,2334,2659,2442,2468,2523,2781,2852,2733,2686,2541,3012,2995,2775,2711,2680,2729,2747,2675,2878,2976,2967,2924,2865,2816,2773,2695,2992,3019,2975,2919,2858,2820,2763,2713,2996,2984,2968,2901,2878,2815,2780,2715,2954,3010,2947,2893,2857,2807,2761,2731,3096,3019,2933,2912,2857,2798,2762,2733
TOF,1989,2037,2060,2291,2311,2306,2351,2659,2464,2489,2465,2856,2861,2797,2620,2538,3050,2926,2851,2685,2730,2752,2753,2698,2850,2946,2949,2938,2853,2819,2772,2709,3018,2998,2950,2901,2875,2795,2764,2709,3046,2994,2943,2919,2900,2826,2758,2725,2864,2988,2960,2914,2846,2787,2769,2721,3049,2995,2954,2911,2862,2810,2765,2740
TOF,1989,2000,2060,2303,2310,2311,2349,2380,2460,2490,2465,2864,2865,2758,2656,2533,3073,3010,2801,2713,2719,2750,2759,2679,2889,2927,2927,2915,2870,2804,2770,2734,2985,3023,2954,2927,2845,2819,2778,2722,3046,3024,2940,2929,2844,2814,2766,2728,2903,3001,2960,2881,2842,2805,2757,2734,3141,2991,3011,2886,2870,2809,2781,2732
TOF,1989,2050,2060,2243,2323,2345,2348,2347,2386,2476,2557,2896,2843,2711,2698,2530,3050,2892,2812,2730,2706,2723,2789,2641,2858,2920,2906,2911,2872,2820,2777,2719,3063,3037,2964,2925,2877,2811,2764,2688,2953,3028,2954,2909,2855,2808,2755,2714,2898,2990,2933,2894,2834,2801,2771,2742,3174,3006,2965,2920,2858,2824,2760,2721
TOF,1989,1980,2148,2298,2313,2313,2340,2671,2297,2467,2501,2886,2859,2720,2641,2535,2937,2887,2803,2723,2692,2744,2781,2664,2864,2979,2960,2917,2883,2822,2788,2713,2997,3028,2958,2902,2878,2819,2786,2745,2998,3010,2961,2912,2831,2797,2774,2740,2976,3029,2940,2887,2870,2810,2767,2714,3119,3010,2975,2902,2851,2800,2776,2726
TOF,1989,1980,2190,2331,2306,2355,2329,2428,2486,2486,2489,2837,2861,2740,2626,2549,3052,2916,2745,2720,2791,2757,2741,2667,2851,2913,2955,2904,2853,2842,2775,2705,2976,3011,2952,2920,2850,2810,2752,2707,3016,2965,2966,2906,2875,2805,2755,2676,2847,3015,2940,2910,2847,2790,2755,2708,3071,2988,2963,2882,2836,2797,2787,2762
TOF,1998,1980,2150,2324,2275,2319,2343,2356,2457,2466,2453,2838,2775,2697,2705,2553,3031,2904,2780,2736,2721,2796,2739,2633,2904,2978,2954,2928,2869,2822,2778,2719,2990,3037,2984,2937,2865,2820,2771,2703,2946,2987,2948,2897,2867,2829,2775,2730,2871,2998,2954,2914,2860,2814,2752,2719,3136,2974,2969,2879,2851,2810,2771,2739
TOF,1968,1972,2107,2152,2303,2254,2335,2356,2438,2464,2444,2795,2857,2705,2628,2542,3018,2950,2814,2731,2667,2754,2778,2677,2892,2989,2949,2901,2883,2815,2773,2718,3054,3023,2978,2905,2862,2820,2745,2702,2998,3016,2939,2904,2843,2831,2760,2735,2993,2998,2949,2889,2836,2807,2746,2725,3116,3002,2917,2890,2856,2828,2746,2741
TOF,1968,1956,2084,2190,2308,2344,2321,2620,2483,2467,2471,2912,2885,2737,2638,2524,3025,2954,2753,2693,2731,2766,2768,2654,2874,2937,2958,2925,2874,2839,2780,2697,3068,3032,2969,2889,2861,2814,2773,2709,2933,2989,2945,2906,2817,2834,2773,2739,3008,3000,2953,2905,2851,2798,2770,2722,3112,2991,2958,2895,2865,2817,2755,2752
TOF,1942,1998,2114,2287,2339,2278,2321,2705,2504,2446,2471,2912,2816,2751,2614,2544,3025,2925,2857,2705,2704,2758,2762,2662,2874,2980,2959,2907,2870,2835,2772,2709,3019,3038,2977,2911,2863,2803,2756,2718,3043,2973,2952,2889,2837,2799,2762,2711,2983,3025,2951,2891,2843,2810,2779,2722,3100,2987,2942,2895,2834,2797,2774,2712
TOF,1921,2061,2114,2264,2317,2346,2306,2448,2435,2496,2549,2879,2832,2738,2610,2536,3002,2929,2826,2676,2658,2787,2751,2650,2860,2955,2955,2914,2857,2836,2763,2688,3014,3054,2963,2899,2874,2817,2783,2709,3077,3029,2941,2902,2880,2827,2777,2737,2872,3018,2954,2903,2860,2814,2769,2715,3070,2998,2939,2902,2835,2806,2769,2697
TOF,1921,1921,2186,2312,2328,2323,2411,2655,2460,2492,2648,2915,2853,2729,2643,2548,3058,2922,2865,2701,2718,2771,2775,2676,2909,2970,2965,2920,2897,2834,2786,2722,3031,3004,2985,2909,2860,2812,2757,2718,2975,3010,2972,2916,2827,2803,2748,2725,2923,3014,2951,2894,2849,2803,2777,2729,3170,2978,2942,2902,2830,2782,2775,2757
TOF,1921,2021,2186,2328,2303,2350,2380,2705,2490,2482,2648,2900,2813,2668,2570,2557,3001,2989,2793,2703,2743,2775,2752,2713,2878,2951,2942,2911,2875,2826,2767,2734,3019,3022,2967,2908,2875,2823,2776,2716,3001,2997,2966,2913,2871,2805,2757,2721,2897,2985,2944,2896,2853,2809,2778,2724,3136,2987,2927,2887,2845,2801,2778,2742
TOF,2022,2030,2157,2289,2301,2311,2382,2690,2461,2492,2452,2904,2885,2748,2684,2607,3003,2981,2772,2684,2723,2812,2774,2677,2850,2945,2986,2925,2865,2837,2776,2721,2936,3022,2943,2932,2866,2822,2750,2717,3054,3025,2931,2906,2828,2823,2760,2722,2901,3009,2949,2905,2844,2786,2780,2717,3123,3024,2934,2879,2830,2775,2760,2751
TOF,1982,2067,2053,2264,2278,2349,2356,2514,2482,2474,2489,2878,2885,2765,2786,2541,3075,2959,2796,2722,2734,2819,2765,2703,2907,2969,2968,2923,2898,2804,2763,2711,3012,3032,2950,2910,2855,2812,2755,2691,2965,3055,2957,2900,2851,2806,2760,2719,2912,3007,2934,2880,2839,2804,2769,2728,3062,2997,2963,2892,2843,2813,2745,2735
TOF,1952,1975,2103,2301,2324,2328,2309,2405,2451,2482,2495,2878,2841,2769,2673,2559,2924,2883,2822,2706,2725,2775,2748,2638,2875,2958,2961,2917,2868,2826,2776,2715,3022,3021,2968,2909,2867,2811,2795,2695,2971,2987,2954,2905,2851,2801,2791,2729,3074,2996,2958,2902,2851,2815,2763,2729,3150,3002,2958,2918,2852,2799,2752,2738
TOF,1952,1970,2103,2298,2318,2312,2328,2654,2403,2463,2493,2878,2850,2796,2641,2527,3000,2895,2762,2705,2746,2780,2743,2582,2893,2953,2977,2915,2873,2819,2775,2718,2963,3032,2941,2897,2853,2825,2782,2710,2980,2997,2941,2903,2846,2815,2769,2730,2933,2995,2944,2899,2852,2798,2768,2732,3085,2985,2963,2894,2859,2808,2753,2740
TOF,1944,2050,2103,2151,2329,2310,2327,2654,2481,2482,2493,2897,2802,2792,2613,2549,2958,2886,2804,2704,2761,2757,2770,2640,2909,2992,2930,2924,2869,2825,2780,2701,3021,3021,2943,2897,2871,2804,2764,2702,2992,2980,2959,2917,2839,2798,2772,2711,2854,2983,2938,2906,2847,2790,2741,2730,3115,2985,2971,2886,2848,2815,2768,2748
TOF,1947,1944,2033,2115,2314,2297,2303,2654,2407,2480,2684,2899,2800,2708,2630,2532,2948,2925,2817,2699,2720,2790,2780,2676,2887,2978,2963,2918,2882,2820,2777,2700,3030,3033,2943,2921,2866,2825,2761,2744,2939,3030,2961,2908,2826,2802,2765,2734,3031,3021,2937,2905,2855,2817,2759,2745,3045,2978,2944,2897,2850,2816,2772,2738
TOF,1947,1958,2079,2205,2329,2344,2326,2607,2431,2440,2470,2802,2839,2722,2623,2537,2873,2992,2828,2689,2713,2755,2778,2658,2860,2927,2952,2909,2868,2841,2763,2688,3042,3005,2970,2920,2863,2820,2777,2722,2993,3039,2976,2892,2846,2827,2763,2726,2944,3020,2937,2911,2856,2796,2769,2739,3103,2964,2946,2904,2870,2815,2757,2723
TOF,1947,1956,2098,2263,2317,2345,2331,2272,2443,2496,2503,2854,2838,2734,2601,2590,2974,2929,2772,2733,2703,2717,2764,2672,2899,2965,2936,2916,2876,2841,2774,2706,3020,3020,2961,2942,2869,2831,2777,2706,2934,3000,2968,2942,2860,2795,2762,2733,2851,2997,2946,2897,2850,2810,2785,2735,3054,2959,2937,2910,2845,2795,2753,2728
TOF,1982,1989,2098,2271,2340,2320,2343,2258,2429,2492,2503,2856,2790,2724,2567,2545,2902,2884,2766,2680,2700,2782,2784,2680,2899,2989,2957,2929,2864,2816,2768,2731,2956,3046,2977,2928,2886,2826,2769,2725,3007,2993,2952,2901,2859,2798,2734,2728,3027,3006,2955,2904,2833,2808,2777,2732,3177,2983,2939,2906,2870,2819,2759,2750
TOF,1929,1964,2087,2272,2321,2311,2291,2258,2432,2468,2494,2950,2857,2800,2667,2557,2939,2866,2779,2696,2733,2775,2754,2706,2909,2952,2959,2896,2888,2815,2776,2711,3009,3037,2957,2886,2848,2810,2779,2722,2958,3009,2967,2888,2824,2826,2749,2716,3115,2998,2952,2921,2848,2804,2785,2732,3178,2997,2939,2871,2852,2805,2788,2727
TOF,1983,1998,2080,2257,2291,2315,2334,2258,2423,2469,2459,2866,2847,2730,2670,2532,3035,2898,2747,2710,2731,2765,2737,2657,2906,2946,2970,2913,2873,2821,2767,2706,3028,3010,3014,2924,2856,2805,2771,2709,3012,3003,2924,2888,2861,2802,2758,2749,2979,3000,2927,2904,2864,2805,2799,2724,3178,2998,2942,2924,2858,2816,2762,2739
TOF,2007,1974,2142,2308,2325,2290,2373,2734,2394,2463,2486,2796,2839,2705,2624,2537,3069,2885,2839,2705,2727,2747,2766,2652,2901,2951,2947,2914,2863,2823,2782,2703,3033,3007,2964,2922,2854,2817,2769,2716,2967,3019,2944,2913,2834,2812,2760,2741,2934,3004,2921,2887,2849,2808,2765,2717,3057,2998,2936,2901,2876,2799,2757,2713
TOF,2007,2002,2142,2274,2303,2325,2340,2734,2504,2453,2814,2737,2845,2680,2549,2548,3006,2941,2825,2711,2743,2802,2757,2682,2951,2955,2949,2919,2860,2827,2759,2727,2981,3025,2998,2901,2867,2817,2763,2709,2971,3004,2964,2903,2846,2824,2767,2722,2836,2964,2946,2893,2862,2793,2744,2738,3203,2986,2952,2895,2853,2806,2757,2757
TOF,2007,1958,2142,2283,2313,2360,2405,2591,2441,2487,2446,2871,2855,2869,2595,2572,2991,2903,2852,2683,2716,2768,2750,2667,2895,2952,2961,2908,2858,2821,2790,2741,2995,3038,2953,2916,2839,2808,2757,2728,2927,3001,2956,2907,2860,2819,2771,2720,2894,3007,2949,2911,2837,2803,2769,2744,3063,3028,2954,2883,2869,2791,2776,2706
TOF,2007,1958,2075,2325,2317,2326,2360,2585,2489,2457,2563,2859,2873,2798,2662,2558,3015,2763,2747,2701,2707,2762,2728,2677,2852,3002,2975,2916,2864,2825,2780,2707,3024,3013,2963,2914,2878,2817,2758,2707,2971,3030,2950,2902,2848,2819,2763,2721,2935,2988,2962,2916,2879,2802,2757,2733,3162,2969,2939,2903,2852,2797,2778,2740
TOF,1980,2002,2075,2242,2294,2325,2393,2585,2443,2445,2362,2874,2833,2674,2615,2561,3048,2967,2816,2717,2677,2745,2778,2631,2860,2925,2954,2902,2875,2818,2768,2711,3027,3013,2967,2910,2864,2817,2770,2739,2997,3004,2971,2906,2843,2794,2754,2738,2815,2985,2946,2894,2840,2801,2766,2725,3141,2996,2959,2919,2848,2806,2765,2751
TOF,2017,1995,2069,2334,2306,2360,2312,2642,2470,2470,2362,2874,2842,2698,2660,2580,3073,2894,2859,2706,2710,2744,2755,2681,2866,2937,2952,2915,2859,2810,2771,2702,3049,2991,2946,2921,2880,2811,2761,2714,2979,3020,2958,2903,2865,2795,2755,2724,2901,2983,2947,2904,2866,2803,2770,2739,3107,2988,2940,2895,2861,2793,2771,2712
TOF,2016,2003,2045,2255,2302,2323,2325,2642,2455,2473,2541,2840,2841,2806,2596,2570,2950,2901,2829,2683,2699,2782,2762,2668,2888,2942,2948,2908,2867,2822,2785,2715,3040,3040,2976,2918,2872,2812,2781,2702,2970,2983,2940,2911,2855,2814,2766,2740,2913,3012,2942,2902,2857,2801,2777,2719,3145,2958,2970,2900,2851,2809,2765,2726
TOF,2143,2041,2045,2183,2326,2340,2330,2642,2424,2440,2461,2871,2866,2731,2648,2567,3041,2907,2783,2720,2724,2723,2747,2651,2908,2927,2961,2912,2852,2826,2782,2723,3026,3011,2958,2907,2870,2823,2760,2680,3054,3071,2943,2888,2852,2799,2774,2712,3127,3009,2956,2888,2866,2821,2752,2720,3039,3025,2948,2876,2831,2807,2760,2748
TOF,2029,1964,2183,2276,2340,2335,2389,2369,2472,2479,2508,2857,2800,2763,2619,2536,3055,2936,2825,2717,2721,2774,2740,2638,2890,2928,2963,2910,2870,2823,2772,2718,3012,3052,2972,2899,2871,2817,2789,2712,3035,3016,2918,2897,2861,2820,2779,2718,2872,2995,2951,2901,2839,2809,2751,2718,3100,2997,2949,2886,2863,2819,2763,2724
TOF,1990,1972,2070,2304,2266,2300,2318,2369,2407,2461,2681,2898,2809,2761,2618,2567,3040,2972,2835,2727,2702,2759,2749,2671,2924,2920,2992,2907,2875,2817,2782,2697,3024,3033,2946,2901,2883,2831,2773,2718,2885,3017,2977,2898,2854,2817,2774,2684,2883,3001,2951,2872,2841,2814,2766,2727,3042,2965,2962,2913,2846,2812,2776,2712
TOF,1990,1941,2070,2290,2315,2336,2335,2506,2478,2492,2798,2768,2904,2694,2629,2587,3063,2930,2808,2690,2756,2768,2760,2664,2889,2981,2951,2905,2869,2828,2768,2729,3101,3005,2940,2907,2886,2802,2779,2739,2975,3004,2968,2895,2839,2821,2775,2717,2882,2994,2920,2896,2847,2791,2752,2725,3202,2984,2935,2909,2862,2807,2778,2734
TOF,2023,2067,2100,2285,2300,2334,2265,2506,2448,2491,2798,2800,2850,2674,2609,2557,2970,2970,2820,2714,2700,2797,2758,2670,2911,2944,2963,2935,2870,2819,2769,2701,3044,3046,2945,2914,2858,2814,2780,2730,2886,3019,2940,2908,2880,2828,2770,2711,2899,3010,2943,2891,2886,2809,2760,2718,3135,3006,2988,2897,2840,2826,2786,2730
TOF,1965,1959,2003,2280,2290,2297,2340,2620,2420,2395,2431,2868,2780,2772,2575,2551,3001,2995,2814,2704,2723,2785,2786,2661,2895,2942,2945,2913,2889,2822,2776,2707,3009,3071,2981,2922,2875,2806,2783,2736,3030,2997,2949,2909,2872,2802,2770,2739,2844,3022,2953,2880,2844,2810,2765,2737,3126,2973,2978,2906,2824,2787,2774,2738
