[0;32mI (95) esp_image: segment 0: paddr=00010020 vaddr=3c02002IO pESP-ROM:esp32s3-20210327
Build:Mar 27 2021
rst:0x15 (USB_UART_CHIP_RESET),boot:0x2b (SPI_FAST_FLASH_BOOT)
Saved PC:0x40048839
SPIWP:0xee
mode:DIO, clock div:1
load:0x3fce2810,len:0x1828
load:0x403c8700,len:0x4
load:0x403c8704,len:0xce8
load:0x403cb700,len:0x2eb8
entry 0x403c8918
[0;32mI (26) boot: ESP-IDF v5.3.4 2nd stage bootloader[0m
[0;32mI (27) boot: compile time Aug 18 2026 15:17:00[0m
[0;32mI (27) boot: Multicore bootloader[0m
[0;32mI (30) boot: chip revision: v0.2[0m
[0;32mI (34) boot: efuse block revision: v1.4[0m
[0;32mI (38) boot.esp32s3: Boot SPI Speed : 80MHz[0m
[0;32mI (43) boot.esp32s3: SPI Mode       : DIO[0m
[0;32mI (48) boot.esp32s3: SPI Flash Size : 2MB[0m
[0;32mI (52) boot: Enabling RNG early entropy source...[0m
[0;32mI (58) boot: Partition Table:[0m
[0;32mI (61) boot: ## Label            Usage          Type ST Offset   Length[0m
[0;32mI (69) boot:  0 nvs              WiFi data        01 02 00009000 00006000[0m
[0;32mI (76) boot:  1 phy_init         RF data          01 01 0000f000 00001000[0m
[0;32mI (84) boot:  2 factory          factory app      00 00 00010000 00100000[0m
[0;32mI (91) boot: End of partition table[0m
[0;32mI (95) esp_image: segment 0: paddr=00010020 vaddr=3c020020 size=21500h (136448) map[0m
[0;32mI (129) esp_image: segment 1: paddr=00031528 vaddr=3fc92c00 size=02acch ( 10956) load[0m
[0;32mI (131) esp_image: segment 2: paddr=00033ffc vaddr=40374000 size=0c01ch ( 49180) load[0m
[0;32mI (146) esp_image: segment 3: paddr=00040020 vaddr=42000020 size=1d324h (119588) map[0m
[0;32mI (168) esp_image: segment 4: paddr=0005d34c vaddr=4038001c size=02b2ch ( 11052) load[0m
[0;32mI (177) boot: Loaded app from partition at offset 0x10000[0m
[0;32mI (177) boot: Disabling RNG early entropy source...[0m
[0;32mI (189) cpu_start: Multicore app[0m
[0;32mI (198) cpu_start: Pro cpu start user code[0m
[0;32mI (198) cpu_start: cpu freq: 160000000 Hz[0m
[0;32mI (198) app_init: Application information:[0m
[0;32mI (201) app_init: Project name:     tof_VL53L8CX[0m
[0;32mI (206) app_init: App version:      1[0m
[0;32mI (210) app_init: Compile time:     Aug 18 2026 15:16:50[0m
[0;32mI (216) app_init: ELF file SHA256:  8b3223f4d...[0m
[0;32mI (222) app_init: ESP-IDF:          v5.3.4[0m
[0;32mI (226) efuse_init: Min chip rev:     v0.0[0m
[0;32mI (231) efuse_init: Max chip rev:     v0.99 [0m
[0;32mI (236) efuse_init: Chip rev:         v0.2[0m
[0;32mI (241) heap_init: Initializing. RAM available for dynamic allocation:[0m
[0;32mI (248) heap_init: At 3FC96A98 len 00052C78 (331 KiB): RAM[0m
[0;32mI (254) heap_init: At 3FCE9710 len 00005724 (21 KiB): RAM[0m
[0;32mI (260) heap_init: At 3FCF0000 len 00008000 (32 KiB): DRAM[0m
[0;32mI (267) heap_init: At 600FE000 len 00001FE8 (7 KiB): RTCRAM[0m
[0;32mI (274) spi_flash: detected chip: gd[0m
[0;32mI (277) spi_flash: flash io: dio[0m
[0;33mW (281) spi_flash: Detected size(8192k) larger than the size in the binary image header(2048k). Using the size in the binary image header.[0m
[0;32mI (294) sleep: Configure to isolate all GPIO pins in sleep state[0m
[0;32mI (301) sleep: Enable automatic switching of GPIO sleep configuration[0m
[0;32mI (308) main_task: Started on CPU0[0m
[0;32mI (318) main_task: Calling app_main()[0m
[0;32mI (318) gpio: GPIO[4]| InputEn: 0| OutputEn: 1| OpenDrain: 0| Pullup: 0| Pulldown: 0| Intr:0 [0m
[0;32mI (338) gpio: GPIO[5]| InputEn: 1| OutputEn: 1| OpenDrain: 1| Pullup: 1| Pulldown: 0| Intr:0 [0m
[0;32mI (338) gpio: GPIO[6]| InputEn: 1| OutputEn: 1| OpenDrain: 1| Pullup: 1| Pulldown: 0| Intr:0 [0m
[0;32mI (358) TOF_VL53L8CX: VL53L8CX detected, starting init (uploads firmware, ~1-2s)...[0m
[0;32mI (2608) TOF_VL53L8CX: Init OK[0m
[0;32mI (2778) TOF_VL53L8CX: Ranging ON[0m
TOF,295,277,326,2739,2780,2552,2781,2780,325,355,2717,2603,2765,2766,2804,2791,2804,2696,2745,2839,2805,2814,2748,2797,2769,2867,2875,2857,2834,2832,2800,2765,2936,2890,2888,2852,2853,2820,2823,2777,2929,2910,2894,2889,2869,2854,2842,2822,2941,2940,2917,2894,2890,2847,2854,2862,2904,2959,2959,2902,2914,2908,2886,2867
TOF,290,276,336,2725,2538,2582,2672,2771,338,348,2748,2613,2762,2777,2694,2788,2814,2688,2720,2835,2810,2805,2730,2796,2724,2865,2882,2830,2839,2836,2815,2709,2938,2890,2878,2860,2857,2828,2833,2798,2922,2906,2891,2873,2881,2862,2834,2818,2932,2934,2920,2884,2871,2874,2875,2843,2972,2957,2933,2913,2889,2891,2893,2857
TOF,289,279,332,2756,2712,2576,2667,2746,328,346,2747,2610,2737,2801,2757,2778,2792,2644,2747,2836,2815,2811,2722,2800,2744,2879,2880,2854,2835,2822,2791,2663,2915,2889,2880,2869,2851,2848,2823,2743,2969,2924,2902,2885,2868,2839,2874,2827,2944,2950,2897,2878,2893,2866,2854,2829,2799,2944,2960,2938,2924,2904,2895,2902
TOF,289,273,340,2680,2699,2569,2625,2782,330,349,2729,2598,2732,2792,2733,2773,2863,2640,2746,2836,2829,2798,2731,2784,2770,2853,2867,2864,2852,2824,2804,2731,2949,2915,2865,2859,2852,2824,2818,2750,2951,2922,2896,2890,2870,2857,2844,2818,2965,2929,2911,2901,2854,2869,2859,2864,2925,2924,2942,2907,2892,2876,2917,2892
TOF,285,274,338,2776,2642,2553,2662,2767,319,355,2787,2642,2739,2767,2756,2803,2810,2680,2767,2829,2832,2807,2673,2769,2816,2875,2862,2855,2833,2814,2770,2766,2907,2910,2882,2857,2870,2833,2818,2754,2931,2892,2906,2888,2865,2869,2840,2835,2907,2937,2901,2905,2871,2859,2874,2858,2867,2929,2924,2887,2908,2877,2859,2900
TOF,276,276,342,2713,2699,2609,2675,2815,318,344,2780,2650,2717,2785,2791,2806,2838,2683,2752,2826,2811,2823,2732,2810,2744,2871,2845,2834,2851,2859,2780,2854,2880,2877,2878,2871,2855,2851,2837,2796,2923,2922,2880,2854,2859,2825,2829,2820,2918,2917,2882,2871,2873,2860,2855,2860,2892,2935,2922,2883,2877,2891,2868,2864
TOF,272,279,339,2598,2785,2612,2670,2768,327,351,2818,2646,2705,2736,2839,2792,2854,2674,2686,2804,2820,2822,2703,2818,2692,2819,2871,2858,2846,2819,2786,2811,2891,2887,2871,2865,2833,2834,2822,2742,2929,2880,2855,2877,2849,2836,2836,2818,2911,2897,2887,2853,2871,2848,2833,2840,2931,2911,2904,2894,2850,2867,2876,2893
TOF,275,286,341,2665,2759,2604,2688,2736,331,353,2778,2601,2707,2804,2794,2801,2835,2667,2760,2836,2809,2820,2628,2815,2704,2873,2825,2834,2852,2840,2796,2780,2906,2894,2881,2855,2846,2851,2847,2757,2911,2919,2869,2891,2867,2834,2822,2803,2933,2928,2893,2893,2869,2870,2858,2866,2937,2934,2909,2902,2903,2891,2861,2898
TOF,284,287,343,2733,2736,2586,2666,2748,330,369,2813,2610,2730,2755,2767,2819,2781,2677,2747,2817,2837,2813,2715,2803,2719,2868,2854,2850,2839,2829,2806,2742,2915,2911,2856,2857,2865,2841,2833,2740,2928,2915,2882,2872,2871,2865,2834,2839,2937,2912,2891,2868,2880,2874,2864,2848,2879,2931,2920,2892,2896,2907,2885,2898
TOF,288,287,331,2773,2734,2714,2671,2773,341,364,2727,2644,2739,2778,2779,2790,2850,2657,2739,2835,2832,2826,2684,2813,2748,2858,2856,2859,2828,2846,2800,2754,2891,2894,2873,2875,2833,2846,2828,2793,2925,2923,2889,2880,2866,2835,2830,2783,2912,2917,2899,2890,2885,2848,2833,2863,2928,2946,2912,2902,2898,2885,2886,2855
TOF,296,283,336,2778,2724,2570,2658,2777,339,352,2804,2637,2765,2785,2805,2813,2821,2662,2717,2835,2825,2819,2685,2827,2748,2857,2847,2867,2837,2797,2806,2774,2916,2886,2895,2856,2851,2840,2810,2833,2912,2907,2858,2863,2855,2839,2831,2803,2914,2933,2916,2876,2870,2862,2870,2823,2985,2922,2905,2919,2884,2888,2870,2881
TOF,299,290,341,2749,2763,2634,2626,2767,339,364,2775,2660,2758,2764,2754,2793,2845,2648,2755,2840,2828,2817,2675,2828,2781,2851,2892,2861,2834,2821,2795,2768,2927,2919,2870,2858,2847,2829,2837,2671,2917,2894,2895,2860,2861,2849,2835,2825,2915,2923,2900,2886,2883,2855,2861,2858,2923,2932,2925,2912,2911,2894,2838,2910
TOF,296,289,357,2733,2717,2610,2665,2811,336,360,2833,2612,2755,2770,2760,2798,2833,2632,2759,2841,2833,2837,2703,2796,2799,2865,2880,2860,2843,2851,2790,2816,2924,2902,2858,2851,2863,2835,2832,2697,2951,2890,2876,2897,2838,2840,2856,2827,2918,2904,2890,2857,2887,2860,2854,2872,2891,2940,2940,2898,2893,2887,2882,2922
TOF,298,292,354,2725,2697,2642,2667,2755,330,369,2829,2630,2708,2764,2749,2783,2826,2683,2739,2834,2821,2809,2703,2774,2766,2877,2860,2846,2831,2816,2796,2744,2897,2899,2874,2858,2868,2827,2830,2770,2902,2873,2886,2874,2882,2859,2836,2802,2936,2926,2900,2890,2877,2852,2853,2862,2927,2930,2906,2912,2883,2882,2921,2894
TOF,298,291,353,2836,2752,2622,2632,2786,331,356,2744,2622,2764,2761,2744,2790,2751,2626,2744,2837,2819,2823,2683,2804,2783,2906,2858,2857,2843,2839,2809,2739,2945,2895,2882,2876,2850,2851,2829,2705,2922,2890,2908,2896,2865,2838,2837,2839,2911,2931,2922,2897,2859,2847,2848,2844,2915,2957,2933,2919,2904,2900,2885,2919
TOF,302,293,343,2764,2725,2616,2653,2743,347,354,2788,2661,2740,2783,2754,2802,2814,2674,2792,2823,2821,2831,2623,2780,2746,2856,2870,2850,2844,2808,2798,2715,2892,2876,2892,2861,2844,2839,2805,2682,2956,2916,2898,2863,2879,2866,2859,2834,2930,2940,2909,2891,2861,2850,2856,2856,2786,2946,2933,2911,2885,2890,2886,2920
TOF,296,293,353,2717,2729,2643,2667,2740,335,374,2718,2617,2757,2770,2786,2785,2814,2632,2747,2850,2835,2810,2684,2777,2780,2888,2857,2854,2848,2812,2799,2792,2930,2911,2874,2873,2854,2840,2812,2704,2919,2909,2886,2886,2864,2876,2852,2831,2921,2928,2884,2893,2890,2859,2873,2844,2847,2964,2914,2915,2916,2875,2892,2871
TOF,300,297,339,2737,2751,2575,2688,2757,333,371,2660,2643,2772,2790,2759,2784,2821,2658,2763,2848,2825,2821,2700,2787,2776,2877,2863,2847,2822,2818,2816,2818,2951,2900,2879,2846,2844,2836,2836,2810,2935,2913,2899,2911,2856,2883,2842,2831,2935,2931,2912,2891,2864,2854,2846,2838,2913,2981,2913,2932,2902,2875,2915,2901
TOF,294,292,349,2746,2669,2578,2660,2738,324,364,2777,2623,2814,2779,2806,2814,2824,2634,2761,2836,2824,2800,2739,2798,2791,2883,2866,2860,2865,2834,2795,2748,2891,2898,2894,2875,2844,2835,2822,2739,2941,2884,2890,2890,2864,2855,2836,2812,2917,2943,2903,2885,2892,2870,2847,2858,2935,2957,2908,2912,2909,2915,2881,2894
TOF,307,293,338,2816,2671,2628,2629,2774,339,380,2746,2645,2736,2803,2723,2811,2786,2649,2735,2840,2838,2826,2700,2784,2759,2882,2854,2848,2831,2838,2788,2737,2949,2887,2880,2848,2842,2845,2823,2678,2926,2920,2869,2879,2875,2841,2835,2827,2943,2969,2909,2910,2867,2871,2873,2850,2912,2961,2946,2909,2910,2883,2898,2887
TOF,303,303,351,2762,2622,2669,2628,2755,336,359,2680,2629,2759,2770,2749,2784,2834,2635,2772,2846,2821,2799,2672,2803,2777,2883,2875,2855,2847,2838,2801,2748,2935,2902,2898,2879,2851,2840,2835,2759,2920,2911,2899,2863,2879,2849,2849,2806,2928,2937,2921,2887,2874,2886,2868,2864,2932,2944,2937,2903,2883,2901,2909,2882
TOF,306,318,360,2761,2738,2568,2663,2804,347,369,2694,2604,2752,2763,2733,2821,2814,2687,2763,2829,2809,2836,2717,2763,2780,2855,2872,2859,2854,2823,2812,2729,2935,2871,2872,2873,2852,2831,2819,2720,2942,2899,2888,2886,2882,2854,2845,2799,2941,2934,2904,2896,2862,2860,2845,2840,2912,2980,2906,2920,2888,2896,2885,2888
TOF,311,326,361,2747,2730,2636,2666,2749,2378,2793,2723,2606,2754,2788,2753,2810,2783,2654,2773,2829,2833,2801,2744,2839,2806,2869,2873,2860,2858,2814,2808,2757,2912,2915,2887,2864,2853,2824,2820,2748,2923,2905,2898,2891,2870,2863,2839,2833,2927,2928,2886,2904,2875,2879,2860,2844,2825,2948,2901,2920,2899,2896,2912,2911
TOF,325,329,361,2726,2807,2583,2641,2725,2349,2800,2717,2629,2745,2791,2711,2806,2828,2651,2712,2832,2833,2815,2758,2797,2773,2884,2854,2846,2831,2811,2796,2780,2920,2901,2861,2844,2846,2834,2832,2820,2947,2901,2893,2893,2876,2871,2846,2845,2960,2941,2922,2915,2876,2856,2852,2855,2908,2947,2967,2927,2903,2930,2884,2865
TOF,326,329,370,2726,2708,2592,2695,2737,2359,2842,2789,2602,2761,2780,2752,2786,2795,2686,2785,2846,2812,2813,2712,2793,2780,2898,2868,2859,2832,2834,2797,2801,2940,2886,2879,2851,2853,2858,2821,2776,2948,2886,2892,2885,2888,2845,2841,2810,2946,2919,2896,2890,2881,2852,2826,2876,2889,2962,2934,2914,2921,2889,2877,2904
TOF,326,334,373,2759,2827,2578,2647,2771,2347,2756,2758,2651,2749,2774,2737,2800,2771,2642,2783,2841,2833,2816,2683,2799,2787,2872,2858,2847,2849,2809,2807,2731,2949,2897,2865,2857,2854,2845,2822,2794,2934,2902,2894,2893,2875,2858,2857,2846,2933,2951,2902,2913,2883,2849,2858,2862,2870,2978,2938,2936,2908,2891,2887,2907
TOF,323,332,379,2743,2731,2606,2656,2740,2369,2763,2736,2595,2711,2772,2753,2794,2740,2653,2766,2848,2816,2807,2727,2790,2785,2875,2876,2848,2841,2815,2807,2770,2933,2885,2881,2876,2851,2830,2850,2794,2914,2914,2880,2887,2855,2859,2846,2805,2912,2949,2920,2865,2891,2868,2859,2857,2917,2965,2922,2898,2933,2877,2862,2893
TOF,324,332,384,2728,2659,2579,2682,2779,2359,360,2759,2620,2739,2780,2757,2775,2781,2646,2776,2850,2841,2825,2705,2775,2795,2857,2864,2866,2858,2821,2803,2765,2921,2900,2863,2857,2860,2840,2817,2714,2899,2919,2897,2885,2888,2870,2851,2821,2904,2922,2909,2916,2902,2867,2857,2867,2873,2955,2960,2899,2917,2883,2870,2911
TOF,320,325,361,2768,2658,2612,2692,2701,2365,2807,2756,2614,2724,2783,2775,2815,2811,2652,2801,2847,2831,2790,2714,2781,2784,2863,2850,2848,2827,2832,2780,2757,2922,2889,2864,2864,2864,2844,2824,2741,2936,2902,2888,2886,2866,2852,2823,2791,2933,2933,2929,2892,2883,2863,2854,2865,2876,2964,2920,2891,2901,2886,2883,2904
TOF,306,319,358,2789,2733,2576,2659,2737,2329,2827,2764,2615,2747,2772,2762,2805,2848,2673,2803,2831,2849,2808,2682,2792,2766,2884,2871,2854,2859,2827,2811,2765,2899,2902,2879,2887,2851,2840,2794,2749,2924,2906,2895,2890,2904,2870,2851,2796,2950,2941,2898,2895,2885,2846,2865,2835,2890,2957,2928,2915,2893,2886,2902,2908
TOF,312,318,367,2764,2717,2604,2723,2767,2360,387,2804,2488,2763,2810,2727,2779,2830,2638,2738,2833,2835,2814,2765,2776,2791,2879,2862,2869,2846,2838,2809,2760,2919,2896,2880,2860,2866,2835,2809,2729,2934,2907,2908,2873,2866,2850,2854,2846,2933,2906,2892,2917,2880,2864,2854,2864,2899,2943,2938,2915,2912,2873,2891,2882
TOF,314,313,352,2752,2785,2601,2706,2765,2341,374,2800,2659,2733,2789,2688,2759,2785,2689,2771,2839,2821,2813,2732,2810,2821,2876,2870,2863,2833,2832,2804,2760,2941,2887,2873,2856,2845,2847,2835,2758,2938,2901,2906,2889,2857,2866,2859,2817,2925,2934,2880,2885,2885,2865,2827,2871,2887,2938,2942,2939,2901,2895,2896,2867
TOF,318,314,347,2787,2697,2605,2654,2771,2372,365,2759,2607,2746,2751,2777,2789,2794,2661,2759,2835,2819,2814,2693,2808,2784,2883,2869,2860,2818,2838,2807,2850,2934,2878,2869,2874,2854,2840,2817,2814,2956,2926,2880,2878,2881,2854,2849,2811,2934,2958,2888,2914,2890,2868,2857,2853,2910,2940,2951,2897,2911,2913,2894,2867
TOF,305,311,365,2751,2619,2613,2665,2767,2380,378,2809,2596,2763,2773,2758,2784,2802,2675,2752,2834,2819,2812,2711,2794,2745,2881,2861,2849,2817,2836,2796,2782,2925,2890,2869,2878,2845,2827,2835,2820,2933,2905,2889,2896,2866,2846,2821,2809,2920,2917,2894,2905,2901,2863,2852,2862,2902,2948,2937,2920,2891,2899,2876,2847
TOF,316,323,357,2757,2712,2566,2661,2759,2359,395,2816,2628,2732,2766,2761,2807,2837,2665,2750,2821,2823,2815,2736,2781,2816,2883,2853,2854,2841,2831,2792,2741,2902,2906,2891,2862,2830,2836,2830,2741,2913,2908,2874,2901,2864,2863,2833,2793,2928,2943,2920,2902,2875,2862,2839,2858,2961,2959,2920,2899,2914,2892,2894,2913
TOF,316,321,351,2701,2691,2617,2679,2769,2362,381,2713,2644,2768,2795,2714,2778,2797,2654,2780,2837,2817,2810,2750,2803,2763,2881,2871,2848,2853,2837,2795,2745,2908,2887,2890,2874,2853,2832,2820,2763,2924,2913,2897,2911,2849,2848,2844,2821,2918,2928,2888,2901,2894,2852,2836,2845,2877,2951,2929,2918,2914,2881,2874,2924
TOF,315,323,353,2759,2721,2572,2678,2764,2368,2791,2776,2625,2730,2781,2768,2789,2826,2653,2734,2828,2817,2800,2746,2795,2760,2874,2874,2841,2850,2831,2795,2772,2900,2891,2885,2859,2859,2837,2821,2717,2934,2896,2867,2873,2866,2847,2840,2814,2963,2934,2910,2886,2877,2862,2849,2842,2883,2975,2939,2907,2902,2882,2889,2901
TOF,315,326,355,2804,2658,2629,2654,2773,2369,2743,2723,2626,2728,2752,2691,2799,2841,2621,2782,2844,2826,2824,2675,2808,2800,2853,2874,2849,2822,2834,2798,2733,2947,2897,2883,2842,2853,2830,2836,2764,2934,2911,2896,2867,2862,2866,2832,2827,2951,2916,2909,2884,2865,2861,2853,2884,2934,2936,2929,2914,2910,2882,2901,2879
TOF,320,322,357,2773,2758,2630,2665,2781,2350,358,2797,2608,2764,2793,2790,2794,2906,2675,2787,2837,2844,2823,2707,2791,2772,2874,2871,2861,2830,2835,2786,2724,2896,2890,2879,2890,2855,2843,2827,2787,2931,2891,2888,2875,2856,2859,2845,2817,2932,2952,2911,2904,2882,2876,2842,2862,2933,2958,2970,2935,2916,2883,2890,2891
TOF,309,321,349,2756,2727,2559,2666,2747,2332,2844,2731,2630,2742,2777,2719,2806,2830,2659,2754,2846,2835,2797,2749,2803,2845,2868,2855,2841,2828,2840,2796,2756,2937,2903,2894,2852,2861,2829,2822,2795,2931,2886,2886,2873,2879,2843,2829,2833,2933,2933,2921,2892,2889,2885,2847,2821,2966,2964,2932,2941,2907,2890,2882,2875
TOF,316,330,358,2828,2727,2574,2707,2768,2372,2825,2742,2609,2745,2781,2747,2787,2826,2670,2778,2828,2826,2816,2670,2803,2771,2863,2860,2854,2845,2811,2791,2854,2904,2888,2873,2855,2855,2862,2823,2845,2951,2916,2911,2887,2881,2860,2861,2791,2911,2929,2901,2897,2869,2873,2875,2870,2872,2952,2917,2913,2892,2904,2880,2889
TOF,313,321,352,2769,2716,2564,2646,2751,2399,2805,2797,2675,2729,2780,2753,2796,2841,2660,2760,2842,2835,2813,2686,2784,2734,2872,2875,2864,2849,2843,2803,2772,2903,2895,2889,2885,2867,2834,2824,2738,2918,2904,2898,2886,2854,2851,2849,2832,2948,2928,2897,2900,2872,2867,2846,2882,2840,2942,2929,2918,2923,2867,2904,2881
TOF,308,321,355,2767,2748,2601,2657,2734,2362,2789,2872,2673,2721,2747,2789,2774,2770,2659,2738,2835,2819,2815,2694,2823,2795,2876,2877,2870,2849,2818,2798,2763,2943,2885,2877,2879,2848,2835,2829,2787,2934,2932,2898,2883,2877,2869,2844,2827,2915,2911,2915,2888,2885,2863,2852,2886,2972,2971,2923,2919,2920,2910,2865,2881
TOF,308,323,362,2784,2773,2575,2600,2761,2354,2819,2674,2622,2729,2775,2764,2802,2855,2644,2775,2833,2827,2832,2670,2808,2781,2869,2862,2869,2831,2825,2794,2665,2920,2895,2881,2855,2843,2827,2826,2748,2941,2915,2891,2887,2872,2852,2859,2808,2925,2930,2905,2920,2870,2886,2858,2844,2917,2939,2924,2920,2898,2900,2907,2855
TOF,317,322,347,2733,2747,2612,2625,2787,2331,2803,2684,2656,2749,2779,2746,2773,2817,2666,2802,2836,2825,2799,2664,2812,2859,2879,2884,2841,2836,2834,2801,2789,2940,2920,2871,2867,2857,2840,2830,2780,2962,2909,2880,2881,2885,2836,2841,2822,2919,2916,2916,2928,2866,2882,2865,2856,2905,2999,2959,2923,2892,2890,2880,2872
TOF,306,323,358,2770,2776,2581,2632,2783,2353,2826,2705,2632,2714,2778,2759,2766,2790,2654,2756,2836,2840,2812,2763,2793,2796,2873,2867,2844,2832,2823,2803,2751,2918,2893,2876,2867,2846,2861,2817,2777,2963,2927,2879,2865,2864,2852,2835,2792,2937,2957,2914,2890,2877,2856,2861,2878,2968,2955,2937,2903,2909,2893,2904,2884
TOF,314,325,360,2795,2731,2584,2680,2743,2346,2781,2773,2568,2730,2783,2762,2777,2776,2678,2772,2838,2829,2808,2719,2817,2778,2880,2869,2853,2863,2819,2793,2774,2940,2888,2883,2871,2860,2852,2817,2708,2954,2916,2872,2884,2855,2859,2834,2822,2930,2938,2899,2890,2848,2850,2849,2885,2920,2964,2964,2923,2900,2914,2892,2844
TOF,313,323,345,2772,2713,2606,2696,2787,2336,2783,2715,2629,2737,2792,2727,2816,2782,2652,2762,2845,2831,2814,2730,2795,2786,2881,2844,2857,2835,2838,2839,2761,2935,2897,2862,2862,2848,2836,2836,2717,2941,2909,2891,2853,2844,2847,2836,2825,2944,2936,2927,2874,2902,2869,2870,2866,2882,2970,2958,2920,2912,2879,2887,2853
TOF,314,330,364,2757,2651,2594,2689,2786,2352,2751,2752,2637,2740,2770,2807,2809,2755,2663,2783,2833,2839,2823,2704,2782,2728,2872,2880,2850,2839,2830,2819,2793,2921,2899,2888,2865,2850,2828,2818,2787,2931,2908,2867,2890,2886,2878,2832,2828,2933,2951,2910,2893,2900,2872,2856,2850,2994,2961,2967,2925,2895,2912,2886,2910
TOF,320,323,368,2705,2765,2595,2678,2728,2344,348,2688,2634,2765,2781,2735,2791,2838,2663,2755,2829,2833,2824,2712,2823,2784,2879,2864,2843,2822,2814,2793,2766,2904,2910,2890,2860,2860,2827,2831,2772,2954,2909,2903,2890,2865,2872,2848,2841,2926,2940,2909,2892,2873,2865,2863,2871,2906,2960,2922,2916,2899,2908,2902,2867
TOF,312,326,357,2755,2720,2568,2677,2783,2353,2849,2629,2614,2761,2776,2753,2784,2784,2650,2780,2842,2818,2786,2699,2785,2790,2902,2853,2857,2844,2828,2808,2776,2945,2909,2895,2846,2871,2841,2819,2713,2941,2934,2900,2894,2863,2859,2823,2798,2919,2924,2924,2904,2864,2884,2852,2840,2923,2944,2927,2916,2897,2894,2904,2891
TOF,317,325,356,2770,2695,2596,2716,2785,2349,2819,2777,2619,2725,2757,2738,2758,2802,2667,2806,2842,2824,2802,2711,2787,2805,2875,2861,2858,2822,2824,2791,2734,2925,2905,2889,2875,2864,2848,2823,2730,2966,2899,2903,2887,2833,2850,2839,2851,2936,2936,2940,2885,2895,2874,2847,2846,2989,2964,2935,2901,2878,2892,2896,2882
TOF,313,339,359,2776,2733,2614,2656,2759,2359,2822,2697,2591,2729,2772,2738,2776,2764,2659,2763,2836,2826,2802,2740,2818,2801,2876,2866,2859,2850,2817,2798,2804,2914,2898,2861,2862,2852,2846,2847,2750,2930,2902,2899,2878,2870,2849,2849,2830,2918,2934,2913,2902,2871,2856,2876,2865,2935,2984,2936,2935,2908,2899,2900,2913
TOF,338,354,373,2751,2678,2633,2700,2783,2344,2785,2718,2630,2779,2797,2716,2793,2763,2673,2772,2838,2831,2807,2706,2802,2837,2869,2861,2850,2834,2836,2815,2762,2887,2905,2865,2885,2874,2831,2825,2612,2914,2867,2895,2893,2865,2863,2829,2841,2944,2922,2906,2894,2892,2871,2850,2865,2905,2930,2937,2917,2899,2906,2914,2929
TOF,355,365,401,2781,2648,2603,2690,2760,2365,2829,2690,2629,2797,2765,2799,2793,2728,2685,2732,2832,2820,2819,2708,2795,2775,2872,2852,2855,2842,2816,2834,2754,2911,2909,2890,2855,2858,2855,2820,2777,2941,2916,2902,2875,2883,2855,2847,2788,2928,2929,2936,2912,2875,2885,2858,2857,2833,2974,2943,2911,2888,2905,2893,2895
TOF,2047,407,401,2770,2678,2585,2663,2780,2351,2591,2697,2639,2714,2769,2713,2807,2836,2665,2769,2830,2808,2808,2697,2804,2739,2891,2860,2870,2830,2824,2797,2754,2877,2897,2885,2848,2866,2851,2820,2748,2977,2923,2905,2879,2875,2857,2843,2823,2921,2952,2917,2904,2890,2877,2867,2875,2859,2948,2914,2910,2920,2917,2902,2874
TOF,1944,2249,2316,2749,2763,2593,2657,2791,2370,2777,2746,2639,2748,2786,2670,2780,2858,2671,2765,2836,2832,2815,2711,2771,2817,2886,2845,2848,2829,2811,2803,2779,2934,2922,2875,2856,2847,2834,2840,2780,2936,2903,2906,2880,2882,2853,2834,2816,2952,2951,2905,2893,2912,2847,2841,2842,2833,2957,2912,2928,2920,2916,2903,2896
TOF,1882,2242,2342,2736,2664,2591,2665,2777,2364,2840,2758,2572,2727,2773,2696,2780,2830,2693,2785,2834,2810,2815,2727,2778,2745,2901,2859,2859,2860,2813,2795,2852,2921,2858,2892,2892,2836,2834,2811,2719,2935,2923,2912,2881,2848,2865,2867,2810,2939,2926,2902,2908,2887,2863,2871,2874,2912,2971,2949,2912,2914,2893,2900,2891
TOF,1886,2301,2371,2796,2682,2597,2723,2782,2377,2776,2683,2617,2784,2764,2753,2787,2783,2654,2776,2840,2803,2806,2683,2812,2764,2875,2890,2858,2843,2846,2815,2790,2924,2914,2871,2875,2859,2844,2824,2759,2929,2874,2899,2896,2861,2855,2825,2830,2933,2932,2911,2901,2895,2869,2869,2865,2899,2965,2927,2916,2915,2915,2902,2908
TOF,1994,2237,2378,2749,2717,2592,2701,2880,2374,2689,2796,2648,2735,2784,2735,2795,2789,2694,2837,2822,2805,2815,2654,2800,2767,2880,2865,2854,2831,2829,2789,2776,2922,2883,2893,2863,2847,2849,2821,2721,2925,2932,2905,2867,2863,2862,2848,2820,2963,2947,2919,2904,2895,2862,2851,2871,2911,2954,2928,2916,2896,2909,2873,2917
TOF,1971,2212,2292,2791,2771,2603,2676,2744,2379,2839,2666,2648,2723,2789,2756,128,2831,2676,2786,2840,2816,2825,2719,133,2760,2883,2859,2863,2835,2815,2821,2784,2926,2903,2884,2865,2852,2830,2809,2743,2940,2913,2871,2886,2865,2846,2846,2816,2924,2931,2917,2893,2882,2868,2869,2865,2984,2969,2932,2925,2904,2898,2912,2855
TOF,1991,2237,2335,2754,2746,2595,127,128,2381,2808,2631,2635,2760,2779,133,171,2805,2645,2813,2827,2830,2812,2745,186,2813,2865,2856,2860,2829,2831,2820,2739,2926,2881,2852,2873,2851,2850,2820,2762,2922,2910,2904,2871,2853,2866,2822,2791,2904,2905,2902,2891,2905,2855,2851,2854,2927,2930,2944,2920,2908,2906,2880,2878
TOF,1971,2210,2311,2722,2690,2620,2686,170,2324,2812,2786,2646,2744,2772,2721,2763,2739,2643,2767,2833,2854,2808,2670,2821,2772,2881,2863,2845,2843,2836,2790,2783,2934,2896,2859,2867,2850,2828,2838,2754,2911,2886,2898,2899,2863,2880,2858,2814,2917,2934,2910,2910,2875,2865,2872,2857,2885,2932,2943,2923,2910,2908,2900,2870
TOF,1882,2100,2362,2790,2666,2598,2687,2781,2389,2712,2817,2661,2726,2793,2733,2812,2909,2625,2809,2842,2814,2818,2742,2805,2791,2873,2873,2863,2847,2833,2801,2764,2948,2907,2887,2869,2833,2842,2831,2789,2916,2900,2887,2845,2879,2860,2835,2813,2925,2928,2893,2893,2874,2843,2869,2883,2917,2953,2938,2916,2898,2899,2895,2897
TOF,1947,2281,2330,2779,2814,2596,2671,2779,2385,2804,2753,2611,2778,2764,2732,2781,2724,2646,2804,2839,2824,2801,2698,2810,2808,2880,2862,2860,2834,2814,2824,2779,2942,2880,2886,2876,2863,2847,2830,2797,2938,2907,2882,2889,2847,2863,2843,2862,2953,2940,2905,2907,2879,2870,2855,2858,2932,2961,2951,2893,2897,2925,2905,2899
TOF,1955,2304,2329,2791,2809,2561,2708,2823,2374,2801,2656,2607,2751,2771,2746,2784,2776,2667,2770,2834,2840,2800,2683,2784,2799,2871,2881,2861,2868,2818,2809,2752,2948,2880,2891,2871,2857,2838,2822,2760,2963,2901,2879,2899,2865,2847,2842,2820,2939,2930,2893,2916,2876,2880,2830,2861,2940,2969,2950,2920,2918,2915,2875,2862
TOF,1958,2276,2262,2715,2607,2586,2658,2768,2354,2824,2678,2659,2770,2775,2806,2802,2784,2664,2760,2838,2850,2831,2714,2815,2837,2877,2858,2882,2838,2842,2788,2784,2913,2895,2889,2865,2842,2837,2843,2770,2949,2918,2877,2892,2859,2854,2818,2821,2917,2917,2896,2914,2896,2867,2868,2874,2897,2985,2942,2930,2928,2883,2866,2871
TOF,1996,2287,2344,2773,2822,2572,2653,2747,2345,2635,2638,2595,2765,2770,2796,2768,2762,2672,2791,2836,2823,2804,2681,2783,2789,2875,2885,2861,2835,2854,2819,2767,2914,2888,2878,2858,2850,2839,2810,2770,2917,2877,2902,2888,2871,2862,2851,2815,2933,2951,2920,2902,2889,2879,2839,2871,2881,2961,2939,2904,2911,2895,2888,2932
TOF,1881,2216,2297,2747,2641,2613,2667,2744,2373,2627,2699,2638,2706,2786,2758,2764,2788,2681,2787,2817,2835,2802,2696,2823,2789,2847,2874,2862,2838,2843,2805,2760,2918,2904,2890,2850,2842,2845,2829,2727,2958,2904,2886,2883,2878,2856,2840,2809,2914,2927,2919,2884,2870,2884,2858,2875,2863,2988,2937,2922,2914,2906,2899,2891
TOF,2063,2266,2321,2792,2714,2600,2627,2791,2321,2793,2700,2611,2768,2777,2728,2809,2812,2657,2789,2842,2828,2805,2658,2792,2751,2894,2879,2851,2818,2814,2803,2771,2927,2917,2889,2862,2854,2812,2813,2763,2909,2904,2889,2889,2862,2873,2838,2798,2918,2946,2899,2906,2881,2855,2845,2829,2931,2941,2916,2910,2917,2901,2886,2887
TOF,1921,2266,2334,2771,2771,2560,2672,2744,2347,2732,2720,2638,2750,2763,2691,2844,2848,2656,2800,2833,2845,2809,2709,2807,2771,2895,2874,2871,2849,2818,2818,2827,2921,2907,2896,2878,2833,2847,2828,2747,2934,2891,2912,2884,2844,2856,2843,2808,2939,2935,2913,2880,2886,2877,2859,2854,2911,2972,2952,2901,2914,2898,2883,2884
TOF,1936,2276,2360,2752,2697,2573,2678,2775,2337,2821,2754,2615,2718,2799,2765,2799,2857,2663,2760,2831,2826,2816,2701,2805,2802,2870,2856,2866,2880,2836,2801,2800,2937,2881,2871,2876,2868,2843,2827,2801,2929,2893,2886,2880,2882,2859,2834,2831,2923,2948,2915,2879,2869,2891,2859,2841,2949,2956,2937,2932,2925,2905,2876,2915
TOF,1975,2254,2319,2728,2752,2619,2717,2734,2355,2789,2834,2642,2741,2779,2794,2770,2820,2653,2763,2840,2801,2825,2720,2785,2766,2879,2858,2847,2857,2851,2811,2818,2918,2894,2883,2869,2857,2833,2818,2623,2934,2927,2910,2891,2877,2863,2819,2822,2938,2922,2928,2900,2877,2864,2850,2854,2841,2952,2971,2935,2919,2893,2881,2906
TOF,1975,2287,2343,2757,2693,2616,2764,2770,2355,2764,2694,2639,2787,2780,2776,2787,2742,2613,2745,2845,2827,2818,2732,2800,2773,2873,2855,2867,2850,2807,2829,2766,2946,2909,2888,2872,2861,2816,2829,2735,2956,2893,2907,2888,2857,2854,2838,2829,2944,2933,2906,2887,2902,2878,2862,2872,3013,2977,2910,2929,2879,2914,2875,2875
TOF,2001,2266,2350,2741,2710,2700,2653,2762,2347,2828,2708,2613,2751,2777,2805,2807,2750,2672,2760,2834,2831,2806,2712,2789,2766,2882,2860,2849,2848,2841,2761,2753,2913,2905,2851,2849,2861,2832,2813,2777,2934,2931,2901,2903,2851,2877,2829,2809,2921,2926,2925,2898,2877,2870,2858,2849,2930,2919,2923,2908,2927,2885,2886,2895
TOF,2138,2251,2334,2764,2710,2560,2679,2801,2381,2719,2642,2623,2710,2788,2721,2789,2769,2611,2759,2852,2809,2827,2758,2778,2814,2892,2865,2849,2851,2848,2806,2726,2892,2890,2878,2863,2856,2830,2820,2736,2948,2922,2893,2886,2860,2832,2844,2821,2921,2917,2940,2920,2886,2878,2854,2834,2986,2934,2934,2912,2907,2897,2902,2894
TOF,2064,2254,2330,2797,2817,2619,2677,2765,2408,2679,2664,2618,2736,2769,2737,2805,2773,2657,2765,2840,2840,2801,2725,2813,2763,2887,2883,2856,2849,2833,2811,2783,2889,2897,2885,2869,2871,2841,2813,2736,2910,2923,2902,2903,2853,2856,2852,2855,2933,2952,2906,2902,2881,2880,2877,2857,2893,2947,2916,2911,2899,2902,2869,2898
TOF,1915,2231,2334,2714,2787,2595,2651,2714,2349,2767,2684,2616,2770,2777,2719,2803,2757,2686,2781,2844,2852,2847,2728,2795,2743,2886,2869,2843,2845,2855,2822,2739,2955,2904,2881,2873,2862,2828,2822,2632,2925,2898,2885,2881,2900,2864,2838,2810,2934,2927,2910,2930,2886,2856,2863,2851,2919,2957,2949,2899,2903,2896,2853,2902
TOF,1922,2329,2316,2704,2749,2540,2685,2776,2326,2662,2772,2596,2760,2772,2750,2800,2895,2657,2759,2832,2822,2814,2656,2793,2764,2868,2861,2863,2871,2825,2801,2766,2902,2888,2873,2858,2846,2844,2830,2746,2964,2917,2899,2858,2868,2862,2838,2827,2920,2950,2931,2885,2877,2861,2868,2872,2852,2951,2931,2943,2906,2912,2876,2900
TOF,1960,2241,2272,2796,2779,2618,2687,2793,2340,2807,2716,2656,2758,2773,2768,2796,2719,2682,2790,2838,2826,2802,2587,2797,2745,2904,2862,2877,2829,2827,2811,2838,2934,2892,2884,2893,2869,2836,2834,2745,2895,2892,2898,2879,2856,2849,2863,2815,2925,2950,2917,2885,2889,2873,2849,2865,2839,2962,2962,2923,2904,2899,2891,2942
TOF,1980,2198,2334,2789,2712,2597,2653,2775,2349,2817,2752,2614,2758,2790,2738,2772,2753,2685,2754,2839,2810,2798,2804,2832,2853,2890,2868,2857,2841,2815,2807,2793,2933,2902,2881,2857,2862,2849,2810,2769,2948,2898,2891,2902,2884,2853,2835,2805,2937,2929,2910,2918,2873,2873,2859,2842,2970,2943,2929,2924,2912,2882,2893,2931
TOF,1999,2283,2318,2773,2748,2583,2672,2782,2377,2477,2700,2610,2774,2774,2724,2753,2768,2658,2782,2832,2812,2805,2714,2800,2748,2889,2858,2870,2868,2842,2801,2757,2932,2882,2881,2874,2857,2841,2835,2697,2954,2913,2867,2872,2844,2855,2853,2855,2924,2965,2909,2898,2872,2860,2862,2884,2952,2957,2957,2923,2888,2911,2895,2894
TOF,1975,2306,2326,2796,2761,2612,2677,2780,2339,2814,2756,2620,2744,2782,2754,2816,2810,2641,2750,2832,2815,2799,2707,2777,2797,2878,2872,2849,2848,2842,2817,2776,2905,2886,2873,2855,2856,2856,2837,2780,2951,2896,2898,2895,2864,2865,2854,2806,2958,2926,2923,2905,2886,2846,2877,2846,2899,2955,2941,2917,2878,2884,2902,2915
TOF,1952,2251,2314,2783,2809,2609,2652,2786,2364,2792,2800,2611,2780,2767,2678,2829,2816,2659,2774,2850,2815,2794,2699,2804,2813,2852,2860,2849,2831,2836,2831,2768,2966,2906,2891,2885,2880,2839,2818,2722,2936,2915,2876,2896,2859,2860,2853,2842,2934,2932,2886,2902,2870,2878,2869,2855,2884,2949,2937,2918,2918,2884,2853,2891
TOF,1958,2290,2327,2758,2652,2596,2645,2790,2341,2784,2614,2640,2808,2777,2730,2792,2892,2660,2788,2836,2819,2791,2696,2816,2778,2860,2880,2849,2853,2835,2807,2772,2905,2900,2872,2876,2854,2847,2829,2765,2973,2936,2891,2873,2871,2836,2845,2786,2946,2935,2899,2901,2880,2869,2871,2849,2932,2949,2942,2904,2914,2888,2883,2902
TOF,1918,2217,2304,2774,2750,2589,2654,2757,2349,2758,2737,2625,2774,2766,2756,2788,2814,2650,2731,2832,2799,2831,2716,2789,2795,2870,2866,2854,2851,2839,2803,2889,2928,2870,2876,2878,2848,2834,2827,2789,2944,2881,2896,2878,2833,2845,2846,2806,2912,2935,2902,2894,2893,2870,2867,2839,2916,2993,2944,2932,2910,2905,2898,2869
TOF,1861,2307,2337,2810,2750,2584,2643,2746,2332,2802,2752,2597,2793,2796,2776,2806,2894,2662,2792,2838,2832,2835,2749,2810,2809,2873,2865,2856,2831,2832,2787,2801,2910,2916,2861,2876,2865,2837,2814,2816,2914,2883,2895,2888,2860,2884,2838,2816,2944,2919,2896,2876,2886,2866,2844,2871,2873,2951,2915,2941,2917,2910,2873,2895
TOF,1937,2310,2337,2804,2756,2595,2669,2789,2399,2851,2759,2640,2742,2786,2724,2801,2864,2691,2734,2831,2814,2813,2725,2775,2851,2863,2879,2873,2877,2819,2822,2771,2949,2930,2882,2887,2864,2852,2817,2812,2938,2905,2880,2882,2872,2857,2872,2770,2925,2923,2915,2902,2853,2874,2878,2874,2934,2952,2929,2911,2903,2896,2890,2893
TOF,1922,2286,2306,2801,2766,2568,2637,2741,2372,2823,2632,2625,2685,2796,2690,2798,2848,2663,2748,2837,2851,2799,2717,2793,2814,2875,2848,2861,2835,2802,2810,2818,2935,2922,2878,2866,2866,2836,2834,2751,2942,2912,2883,2895,2881,2878,2850,2842,2915,2953,2900,2927,2899,2862,2846,2862,2898,2949,2957,2947,2907,2890,2904,2862
TOF,2080,2243,2326,2764,2704,2594,2620,2761,2365,2852,2643,2602,2779,2754,2808,2776,2733,2634,2746,2835,2833,2788,2666,2795,2838,2870,2882,2860,2841,2833,2801,2764,2922,2900,2892,2867,2845,2842,2828,2807,2925,2896,2922,2884,2893,2870,2846,2826,2944,2923,2905,2879,2874,2855,2864,2850,2900,2946,2946,2922,2893,2894,2890,2969
TOF,1985,2291,2307,2774,2666,2586,2696,2815,2363,2812,2722,2598,2745,2766,2800,2798,2769,2672,2778,2844,2812,2845,2697,2788,2783,2888,2868,2849,2852,2836,2796,2801,2908,2909,2888,2878,2854,2845,2823,2723,2914,2917,2895,2894,2856,2851,2863,2844,2933,2920,2916,2901,2869,2862,2876,2860,2873,2939,2941,2921,2906,2908,2872,2921
TOF,2016,2151,2317,2752,2798,2625,2672,2749,2342,2814,2843,2651,2770,2756,2791,2803,2726,2646,2750,2823,2811,2799,2749,2777,2772,2879,2871,2857,2873,2799,2796,2780,2937,2907,2877,2900,2845,2843,2837,2769,2916,2930,2893,2885,2877,2851,2845,2830,2913,2924,2912,2897,2869,2864,2856,2876,2853,2974,2918,2935,2925,2885,2882,2908
TOF,1878,2242,2280,2776,2735,2579,2609,2753,2341,2843,2736,2616,2725,2778,2742,2795,2790,2644,2798,2842,2840,2810,2690,2788,2777,2867,2879,2856,2834,2802,2826,2774,2959,2906,2885,2889,2867,2862,2844,2724,2930,2896,2900,2871,2887,2861,2857,2781,2903,2953,2903,2885,2870,2867,2874,2864,2811,2972,2932,2933,2918,2915,2920,2902
TOF,2013,2278,2324,2755,2780,2613,2682,2763,2386,2838,2805,2633,2777,2776,2792,2810,2811,2639,2802,2843,2824,2812,2708,2791,2840,2882,2865,2862,2826,2820,2826,2780,2927,2864,2864,2855,2851,2836,2821,2791,2943,2904,2893,2893,2869,2837,2827,2830,2917,2937,2906,2913,2852,2868,2865,2864,2902,2955,2963,2922,2931,2890,2896,2917
TOF,1937,2265,2306,2761,2735,2595,2635,2765,2369,2852,2663,2663,2750,2768,2722,2781,2785,2651,2795,2863,2841,2822,2743,2780,2896,2848,2866,2835,2862,2831,2806,2729,2919,2901,2881,2862,2863,2833,2827,2832,2911,2883,2907,2885,2853,2847,2854,2822,2894,2923,2920,2903,2883,2859,2878,2854,2927,2953,2950,2938,2911,2899,2902,2899
TOF,1837,2136,2326,2765,2737,2593,2665,2747,2388,2839,2766,2642,2753,2744,2710,2776,2843,2708,2802,2834,2808,2827,2625,2789,2797,2878,2887,2859,2855,2821,2780,2755,2908,2871,2880,2867,2860,2844,2806,2754,2934,2916,2903,2901,2859,2854,2847,2833,2937,2955,2912,2908,2882,2870,2866,2862,2896,2955,2942,2904,2896,2907,2902,2920
TOF,1965,2201,2290,2749,2755,2591,2642,2743,2311,2758,2851,2651,2775,2729,2705,2788,2810,2659,2787,2844,2839,2822,2704,2813,2825,2858,2873,2849,2832,2849,2817,2792,2937,2910,2882,2852,2874,2846,2826,2759,2965,2911,2892,2884,2864,2848,2843,2815,2938,2931,2909,2880,2891,2858,2845,2843,2913,2962,2924,2913,2904,2909,2906,2882
TOF,1891,2271,2344,2789,2707,2579,2667,2773,2354,2831,2724,2608,2751,2732,2756,2787,2814,2638,2748,2823,2815,2810,2730,2787,2796,2891,2859,2853,2851,2834,2811,2831,2905,2910,2858,2871,2851,2850,2819,2821,2944,2925,2919,2891,2877,2863,2857,2799,2913,2946,2936,2912,2893,2879,2870,2843,2861,2964,2929,2930,2923,2917,2894,2848
TOF,1922,2251,2309,2786,2691,2589,2682,2748,2358,2827,2743,2641,2758,2778,2755,2796,2847,2681,2724,2825,2822,2818,2736,2812,2790,2848,2879,2866,2856,2841,2812,2768,2925,2892,2886,2875,2847,2852,2837,2792,2930,2911,2902,2870,2864,2874,2844,2850,2923,2929,2899,2898,2877,2871,2854,2875,2928,2950,2951,2945,2899,2887,2906,2893
TOF,1884,2219,2352,2607,2740,2565,2589,2777,2353,2853,2657,2633,2730,2770,2773,2802,2870,2640,2747,2837,2824,2796,2716,2802,2826,2873,2862,2860,2835,2835,2789,2768,2897,2871,2904,2879,2837,2862,2830,2812,2929,2903,2907,2910,2897,2859,2850,2819,2932,2957,2907,2902,2880,2865,2849,2846,2900,2976,2931,2940,2899,2912,2868,2913
TOF,1933,2263,2313,2705,2772,2575,2724,2783,2358,2821,2704,2606,2732,2782,2743,2805,2788,2672,2770,2833,2818,2814,2771,2807,2800,2852,2855,2855,2845,2832,2793,2805,2918,2905,2865,2867,2846,2831,2820,2737,2958,2927,2895,2876,2881,2869,2853,2833,2954,2964,2932,2872,2867,2880,2885,2846,2909,2949,2941,2931,2891,2884,2888,2893
TOF,1945,2271,2311,2760,2721,2599,2662,2809,2344,2794,2755,2637,2760,2762,2731,2789,2813,2667,2764,2810,2852,2794,2729,2825,2777,2867,2847,2865,2845,2810,2782,2734,2926,2929,2875,2877,2854,2856,2815,2747,2953,2933,2901,2885,2893,2869,2835,2794,2925,2919,2901,2895,2893,2846,2876,2866,2881,2952,2901,2916,2925,2889,2907,2875
TOF,1944,2241,2321,2773,2714,2570,2598,2757,2363,2791,2677,2655,2725,2789,2731,2821,2799,2668,2763,2835,2832,2826,2714,2796,2797,2873,2871,2855,2851,2840,2780,2799,2938,2917,2887,2873,2843,2845,2832,2727,2904,2932,2901,2888,2873,2843,2854,2827,2929,2950,2908,2877,2874,2876,2854,2850,2967,2949,2955,2918,2925,2915,2871,2915
TOF,1936,2296,2287,2731,2696,2613,2679,2755,2357,2835,2779,2602,2723,2791,2757,2817,2726,2688,2773,2822,2829,2807,2698,2784,2806,2879,2848,2869,2835,2832,2839,2808,2906,2909,2892,2878,2861,2821,2809,2801,2933,2933,2872,2887,2855,2839,2858,2810,2934,2937,2911,2882,2889,2867,2867,2845,2913,2943,2945,2910,2924,2895,2895,2902
TOF,1892,2279,2313,2781,2716,2555,2635,2790,2356,2739,2724,2682,2708,2772,2736,2787,2769,2684,2776,2852,2840,2821,2721,2800,2755,2892,2886,2864,2841,2844,2800,2782,2908,2886,2878,2890,2859,2829,2830,2790,2938,2917,2894,2880,2862,2848,2850,2821,2925,2932,2907,2886,2895,2867,2863,2827,2982,2977,2946,2911,2908,2877,2920,2926
TOF,1915,2256,2351,2769,2706,2560,2677,2722,2349,2808,2700,2589,2738,2788,2748,2811,2810,2662,2775,2845,2816,2822,2741,2793,2799,2879,2882,2854,2862,2824,2806,2784,2937,2920,2870,2888,2870,2821,2831,2706,2939,2916,2904,2880,2873,2858,2844,2823,2920,2950,2893,2891,2889,2861,2850,2885,2922,2937,2949,2921,2874,2890,2901,2866
TOF,2005,2261,2306,2761,2756,2596,2707,2759,2333,2741,2738,2633,2764,2771,2794,2773,2786,2643,2769,2829,2815,2804,2727,2797,2811,2884,2868,2854,2835,2852,2804,2767,2918,2913,2858,2891,2861,2843,2820,2791,2934,2909,2896,2900,2873,2863,2826,2843,2898,2946,2921,2881,2882,2856,2869,2890,2971,2965,2918,2909,2884,2878,2908,2878
TOF,2010,2291,2323,2746,2764,2558,2657,2747,2329,2850,2692,2610,2763,2791,2749,2802,2762,2665,2795,2834,2822,2818,2716,2793,2782,2886,2872,2847,2846,2808,2816,2825,2924,2896,2878,2873,2843,2837,2840,2746,2979,2923,2890,2884,2877,2877,2840,2786,2931,2918,2899,2894,2898,2869,2875,2851,2927,2948,2959,2919,2912,2885,2890,2899
TOF,1921,2234,2313,2802,2798,2577,2692,2793,2358,2812,2659,2621,2721,2778,2770,2784,2829,2704,2814,2840,2821,2813,2702,2799,2740,2875,2890,2848,2823,2839,2810,2812,2950,2886,2882,2890,2857,2844,2823,2779,2956,2915,2900,2892,2878,2873,2831,2819,2930,2928,2911,2901,2882,2862,2858,2863,2891,2962,2962,2920,2901,2915,2903,2885
TOF,2269,2211,2355,2763,2626,2575,2683,2776,2323,2801,2732,2644,2749,2783,2716,2795,2839,2695,2748,2853,2807,2839,2716,2807,2812,2878,2862,2860,2845,2827,2802,2796,2919,2901,2885,2882,2846,2842,2835,2716,2939,2943,2895,2934,2853,2847,2839,2850,2938,2944,2889,2899,2891,2868,2852,2884,2941,2970,2942,2920,2915,2893,2883,2878
TOF,2072,2177,2336,2761,2857,2616,2638,2752,2332,2882,2722,2617,2738,2795,2770,2795,2814,2663,2772,2823,2821,2828,2695,2785,2771,2874,2880,2866,2845,2836,2796,2796,2899,2911,2893,2875,2856,2852,2818,2676,2941,2886,2886,2871,2887,2864,2849,2812,2908,2940,2901,2922,2880,2877,2864,2856,2931,2963,2926,2905,2910,2882,2882,2886
TOF,1958,2281,2311,2761,2744,2593,2705,2769,2328,2706,2692,2615,2777,2760,2703,2797,2786,2695,2776,2822,2816,2803,2732,2801,2786,2879,2868,2872,2841,2819,2817,2796,2919,2942,2870,2878,2850,2836,2839,2723,2943,2923,2894,2889,2869,2865,2849,2809,2939,2959,2906,2897,2882,2870,2877,2850,2911,2956,2909,2905,2932,2892,2884,2900
TOF,1906,2222,2330,2735,2763,2593,2683,2745,2343,2815,2700,2612,2738,2787,2740,2794,2841,2683,2753,2839,2830,2817,2747,2784,2829,2904,2871,2864,2826,2858,2811,2764,2942,2894,2896,2863,2854,2840,2816,2817,2932,2911,2884,2879,2854,2865,2865,2810,2938,2945,2886,2893,2893,2873,2852,2855,2921,2948,2929,2911,2900,2900,2894,2914
TOF,1856,2260,2369,2788,2680,2586,2677,2763,2362,2785,2724,2627,2786,2780,2698,2818,2732,2651,2744,2836,2834,2808,2717,2813,2763,2871,2856,2860,2834,2797,2809,2784,2934,2889,2876,2878,2859,2839,2807,2677,2925,2927,2900,2874,2878,2865,2836,2804,2914,2947,2909,2896,2898,2865,2877,2857,2938,2958,2929,2910,2906,2890,2909,2882
TOF,1956,2232,2337,2768,2745,2606,2655,2812,2359,2738,2692,2621,2766,2776,2797,2803,2784,2671,2805,2840,2825,2788,2694,2810,2829,2867,2858,2859,2853,2835,2795,2766,2919,2893,2874,2866,2859,2813,2836,2848,2957,2903,2873,2885,2871,2869,2840,2860,2942,2938,2893,2868,2872,2866,2855,2862,2989,2952,2957,2931,2901,2886,2906,2915
TOF,1933,2298,2323,2665,2761,2608,2682,2782,2313,2832,2737,2618,2756,2801,2707,2797,2773,2634,2795,2827,2815,2833,2699,2782,2743,2877,2873,2866,2834,2822,2791,2817,2963,2912,2898,2862,2864,2836,2826,2782,2939,2925,2904,2886,2852,2863,2850,2814,2919,2922,2900,2894,2885,2870,2873,2891,2900,2915,2926,2937,2939,2881,2907,2893
TOF,1921,2285,2309,2634,2768,2581,2631,2761,2381,2728,2745,2621,2725,2755,2731,2818,2795,2664,2789,2842,2816,2817,2709,2790,2808,2882,2889,2854,2841,2831,2809,2803,2915,2887,2866,2883,2870,2868,2827,2773,2944,2915,2872,2878,2894,2854,2839,2801,2931,2927,2909,2893,2874,2878,2838,2864,2900,2944,2978,2946,2930,2911,2875,2922
TOF,1879,2202,2328,2562,2705,2639,2601,2789,2356,2746,2723,2617,2733,2771,2739,2774,2772,2634,2708,2848,2843,2797,2700,2794,2754,2886,2871,2866,2847,2814,2827,2749,2930,2917,2899,2850,2858,2851,2851,2772,2979,2935,2888,2905,2843,2849,2843,2844,2933,2906,2899,2900,2886,2880,2861,2871,2863,2976,2925,2915,2900,2884,2889,2859
TOF,1907,2244,2299,2786,2793,2586,2667,2780,2387,2765,2732,2632,2708,2761,2787,2808,2821,2644,2781,2848,2826,2810,2751,2810,2723,2892,2870,2866,2839,2850,2797,2788,2931,2879,2878,2860,2865,2836,2820,2788,2944,2918,2885,2879,2882,2868,2862,2818,2917,2936,2896,2879,2882,2907,2855,2872,2860,2923,2948,2910,2897,2893,2882,2913
TOF,1923,2249,2331,2724,2663,2621,2663,2807,2371,2754,2755,2661,2763,2786,2747,2812,2784,2674,2789,2841,2821,2835,2764,2823,2786,2879,2846,2843,2853,2816,2797,2717,2921,2892,2877,2873,2862,2852,2837,2733,2928,2925,2883,2888,2865,2855,2836,2779,2937,2936,2901,2880,2881,2876,2841,2888,2841,2944,2955,2920,2912,2883,2907,2912
TOF,2000,2243,2330,2770,2788,2593,2713,2795,2353,2857,2742,2595,2773,2783,2742,2762,2773,2669,2770,2833,2832,2829,2745,2814,2814,2877,2836,2860,2841,2830,2817,2788,2899,2895,2880,2875,2852,2833,2823,2715,2980,2904,2895,2888,2870,2847,2847,2815,2898,2930,2897,2906,2877,2856,2884,2887,2972,2944,2946,2935,2885,2919,2905,2910
TOF,1955,2243,2364,2820,2764,2597,2669,2771,2372,2768,2732,2647,2797,2784,2761,2794,2757,2699,2754,2825,2842,2839,2745,2804,2762,2857,2875,2850,2834,2832,2810,2776,2922,2902,2864,2848,2864,2830,2843,2739,2917,2921,2896,2874,2868,2852,2848,2812,2932,2942,2917,2880,2895,2882,2872,2868,2900,2959,2914,2936,2892,2892,2879,2901
TOF,1968,2204,2351,2738,2705,2566,2627,2760,2375,2814,2751,2618,2778,2775,2741,2786,2811,2658,2762,2851,2819,2820,2694,2799,2754,2888,2863,2866,2853,2825,2810,2745,2931,2907,2878,2865,2850,2854,2830,2685,2961,2907,2885,2898,2892,2860,2849,2810,2915,2950,2910,2892,2883,2883,2861,2876,2953,2972,2955,2901,2886,2908,2897,2885
TOF,1922,2224,2345,2786,2779,2619,2673,2776,2344,2751,2740,2648,2751,2797,2796,2783,2836,2693,2757,2844,2824,2802,2696,2796,2766,2841,2862,2859,2847,2836,2805,2734,2916,2881,2880,2855,2854,2838,2818,2736,2905,2897,2898,2891,2872,2860,2854,2844,2943,2946,2923,2862,2869,2873,2851,2869,2932,2965,2937,2893,2933,2899,2869,2923
TOF,1998,2278,2328,2786,2692,2555,2675,2782,2357,2820,2697,2639,2761,2779,2775,2802,2845,2661,2783,2841,2830,2825,2698,2793,2767,2872,2836,2854,2850,2812,2808,2795,2910,2911,2907,2876,2875,2844,2829,2738,2926,2920,2908,2889,2864,2839,2835,2783,2909,2923,2905,2912,2891,2893,2847,2843,2884,2952,2943,2934,2903,2886,2899,2858
TOF,1978,2254,2298,2773,2708,2609,2678,2785,2363,2800,2765,2607,2778,2772,2731,2777,2794,2668,2761,2859,2823,2825,2727,2794,2797,2879,2862,2871,2843,2804,2801,2735,2906,2897,2876,2874,2861,2847,2823,2815,2906,2873,2881,2882,2852,2837,2832,2796,2915,2931,2888,2893,2877,2878,2843,2840,2909,2910,2905,2937,2922,2902,2896,2875
TOF,2121,2257,2320,2705,2736,2601,2667,2774,2375,2761,2771,2611,2743,2796,2752,2801,2775,2674,2779,2834,2823,2810,2737,2790,2783,2856,2866,2848,2840,2821,2809,2775,2933,2909,2882,2878,2868,2856,2830,2774,2892,2918,2891,2900,2834,2830,2846,2822,2943,2934,2902,2890,2888,2865,2873,2856,2908,2921,2954,2941,2888,2892,2903,2867
TOF,2081,2302,2329,2740,2716,2601,2626,2802,2383,2854,2718,2668,2749,2751,2752,2752,2781,2692,2776,2833,2833,2806,2707,2817,2809,2870,2840,2858,2846,2832,2816,2784,2929,2918,2871,2885,2863,2835,2827,2666,2951,2938,2888,2890,2896,2851,2846,2816,2937,2907,2920,2886,2896,2868,2865,2849,2920,2963,2924,2924,2915,2911,2925,2903
TOF,1911,2265,2329,2775,2699,2580,2649,2779,2350,2800,2660,2653,2757,2773,2745,2778,2842,2664,2811,2819,2829,2815,2712,2787,2768,2871,2879,2868,2846,2840,2813,2798,2921,2902,2888,2875,2844,2844,2830,2732,2945,2919,2889,2881,2880,2869,2850,2815,2930,2957,2902,2899,2884,2856,2860,2862,2904,2982,2938,2938,2910,2900,2888,2916
TOF,2030,2304,2305,2785,2611,2560,2649,2776,2357,2731,2714,2649,2787,2774,2759,2797,2848,2713,2748,2838,2831,2826,2690,2784,2759,2863,2850,2854,2857,2835,2793,2793,2933,2899,2911,2873,2856,2835,2827,2725,2936,2936,2909,2890,2905,2838,2833,2825,2943,2926,2908,2911,2864,2852,2862,2870,2952,2964,2924,2928,2915,2867,2905,2893
TOF,1866,2215,2328,2738,2687,2585,2636,2771,2344,2825,2721,2627,2746,2761,2792,2800,2895,2661,2779,2830,2833,2811,2670,2786,2800,2876,2866,2867,2836,2826,2799,2763,2937,2920,2874,2872,2861,2841,2809,2746,2969,2915,2907,2887,2863,2873,2855,2832,2916,2929,2898,2905,2886,2873,2892,2827,2884,2971,2917,2915,2926,2919,2888,2895
TOF,1860,2279,2312,2756,2720,2581,2630,2764,2346,2836,2634,2626,2734,2741,2778,2793,2737,2629,2738,2835,2826,2831,2699,2780,2787,2868,2877,2857,2825,2828,2816,2794,2921,2892,2860,2879,2869,2850,2813,2783,2945,2916,2898,2874,2848,2848,2867,2808,2928,2923,2904,2888,2902,2868,2860,2834,2937,2949,2915,2897,2906,2895,2903,2907
TOF,1923,2205,2363,2786,2728,2594,2688,2724,2352,2774,2740,2619,2723,2777,2741,2778,2726,2700,2784,2832,2816,2833,2654,2794,2775,2880,2881,2846,2832,2833,2810,2766,2932,2896,2884,2883,2856,2846,2825,2780,2928,2894,2895,2892,2860,2866,2859,2830,2943,2920,2895,2886,2871,2867,2862,2859,2947,2950,2928,2915,2899,2897,2896,2895
TOF,1923,2258,2321,2789,2694,2590,2701,2757,2330,2768,2723,2607,2728,2796,2725,2808,2802,2640,2754,2845,2820,2812,2699,2824,2787,2876,2866,2864,2833,2832,2818,2762,2926,2892,2905,2889,2859,2855,2804,2782,2923,2901,2892,2886,2867,2831,2819,2822,2968,2950,2918,2893,2891,2856,2873,2831,2920,2920,2935,2912,2893,2875,2924,2891
TOF,2024,2242,2314,2792,2706,2587,2641,2792,2357,2773,2698,2615,2724,2809,2786,2786,2795,2650,2784,2863,2828,2791,2702,2814,2782,2879,2867,2864,2862,2832,2785,2756,2900,2908,2879,2863,2839,2818,2824,2687,2938,2909,2892,2876,2880,2865,2816,2843,2926,2962,2905,2898,2882,2889,2874,2846,2982,2960,2943,2915,2906,2889,2882,2899
TOF,2024,2236,2310,2738,2711,2561,2654,2776,2366,2788,2714,2619,2759,2775,2737,2800,2814,2657,2744,2830,2811,2807,2656,2794,2734,2875,2864,2860,2848,2862,2813,2817,2924,2895,2894,2884,2856,2831,2832,2700,2950,2914,2912,2880,2854,2853,2862,2819,2916,2937,2908,2910,2857,2869,2845,2876,2928,2952,2949,2917,2917,2904,2851,2902
TOF,1872,2271,2364,2702,2764,2569,2667,2742,2351,2830,2707,2654,2708,2754,2761,2790,2856,2665,2750,2846,2826,2818,2709,2774,2802,2878,2866,2857,2852,2823,2805,2777,2960,2935,2890,2879,2872,2849,2832,2783,2929,2937,2889,2865,2867,2851,2852,2805,2926,2908,2917,2914,2872,2881,2870,2847,2981,2953,2908,2943,2906,2873,2875,2899
TOF,1872,2284,2406,2755,2746,2619,2691,2782,2366,2837,2729,2626,2733,2770,2783,2780,2795,2651,2782,2825,2829,2824,2714,2791,2760,2893,2865,2855,2851,2847,2799,2776,2940,2901,2901,2855,2874,2852,2811,2715,2913,2909,2891,2896,2884,2861,2875,2820,2963,2930,2937,2893,2885,2874,2856,2861,2853,2965,2957,2911,2921,2873,2892,2856
TOF,1852,2265,2317,2743,2781,2595,2669,2739,2332,2730,2658,2621,2772,2781,2788,2782,2819,2647,2762,2822,2830,2798,2722,2797,2798,2878,2865,2871,2844,2837,2782,2782,2911,2895,2877,2852,2864,2849,2830,2740,2928,2934,2899,2882,2861,2843,2835,2833,2940,2923,2881,2905,2896,2847,2898,2872,2900,2965,2969,2886,2907,2898,2910,2875
TOF,1963,2277,2320,2686,2775,2610,2643,2752,2361,2817,2730,2621,2774,2773,2783,2814,2829,2651,2746,2831,2805,2797,2730,2797,2759,2887,2895,2861,2841,2818,2824,2764,2935,2880,2889,2850,2860,2848,2813,2804,2926,2880,2893,2871,2851,2846,2842,2821,2951,2917,2897,2888,2901,2866,2884,2874,2923,2952,2942,2932,2897,2897,2882,2898
TOF,1986,2177,2283,2749,2668,2603,2640,2752,2318,2782,2660,2677,2691,2803,2696,2795,2812,2647,2784,2864,2836,2823,2703,2800,2807,2875,2868,2868,2856,2825,2825,2775,2909,2902,2902,2868,2864,2852,2826,2842,2954,2946,2901,2891,2854,2845,2837,2817,2932,2941,2924,2896,2872,2855,2874,2873,2872,2971,2936,2885,2897,2902,2894,2891
TOF,1871,2237,2376,2778,2576,2606,2649,2779,2323,2758,2704,2633,2758,2781,2805,2798,2790,2707,2746,2825,2816,2815,2719,2800,2812,2899,2869,2842,2851,2837,2819,2797,2891,2893,2889,2862,2860,2843,2813,2751,2932,2926,2887,2875,2838,2855,2838,2811,2944,2918,2907,2852,2903,2866,2860,2838,2975,2944,2936,2925,2899,2896,2879,2895
TOF,1983,2221,2344,2751,2723,2595,2672,2787,2357,2776,2733,2597,2766,2780,2772,2818,2797,2660,2801,2841,2829,2817,2676,2813,2749,2884,2870,2862,2848,2849,2816,2783,2938,2891,2897,2887,2861,2844,2811,2746,2938,2918,2885,2890,2871,2870,2858,2840,2956,2921,2914,2902,2871,2875,2861,2881,2954,2987,2901,2917,2911,2911,2884,2895
TOF,1913,2237,2311,2781,2697,2590,2621,2726,2351,2775,2635,2624,2735,2762,2729,2785,2801,2667,2747,2816,2818,2797,2709,2787,2799,2871,2885,2847,2852,2839,2812,2792,2902,2887,2888,2866,2866,2842,2832,2774,2951,2925,2892,2857,2850,2847,2853,2807,2953,2953,2921,2910,2872,2863,2865,2857,2971,2929,2971,2932,2924,2915,2870,2872
TOF,1896,2349,2314,2733,2669,2631,2659,2794,2350,2573,2726,2613,2698,2780,2732,2788,2812,2679,2787,2828,2835,2821,2703,2804,2805,2890,2847,2850,2842,2827,2792,2787,2908,2920,2885,2870,2847,2838,2834,2733,2922,2882,2887,2902,2881,2867,2853,2798,2931,2934,2914,2879,2896,2866,2859,2858,2852,2955,2957,2923,2901,2917,2896,2891
TOF,2002,2276,2314,2809,2715,2602,2696,2770,2338,2533,2693,2633,2767,2770,2692,2769,2726,2668,2761,2845,2826,2819,2668,2805,2762,2860,2870,2865,2842,2823,2816,2786,2908,2874,2878,2871,2859,2830,2836,2698,2924,2927,2890,2888,2878,2848,2847,2796,2974,2965,2879,2891,2872,2851,2868,2864,2893,2945,2916,2934,2888,2878,2894,2907
TOF,1892,2233,2354,2816,2656,2603,2663,2798,2343,2737,2755,2594,2789,2795,2815,2798,2815,2610,2732,2834,2836,2788,2694,2809,2768,2888,2868,2864,2852,2824,2817,2797,2920,2912,2868,2857,2869,2849,2826,2679,2928,2897,2894,2867,2854,2864,2842,2811,2945,2950,2902,2897,2865,2869,2846,2850,2912,2926,2977,2913,2909,2887,2871,2895
TOF,1892,2213,2357,2759,2719,2563,2647,2779,2375,2810,2717,2606,2779,2788,2748,2817,2813,2654,2760,2835,2824,2792,2696,2812,2820,2874,2860,2858,2849,2842,2783,2787,2935,2897,2884,2849,2847,2844,2838,2690,2932,2909,2887,2891,2877,2854,2839,2799,2975,2941,2878,2894,2876,2855,2858,2852,2913,2955,2941,2904,2897,2896,2881,2894
TOF,1960,2231,2305,2725,2722,2585,2679,2746,2356,2765,2740,2603,2743,2776,2784,2810,2799,2697,2760,2836,2812,2822,2676,2812,2770,2870,2863,2843,2848,2850,2781,2719,2932,2876,2888,2866,2864,2838,2830,2728,2941,2890,2897,2867,2882,2852,2848,2798,2933,2932,2910,2905,2893,2858,2858,2867,2868,2946,2936,2916,2897,2878,2906,2864
TOF,1972,2249,2296,2698,2727,2592,2654,2788,2384,2728,2687,2613,2767,2798,2779,2793,2827,2680,2779,2830,2812,2798,2719,2811,2746,2853,2864,2878,2841,2808,2793,2778,2936,2890,2905,2901,2845,2832,2819,2784,2926,2938,2909,2876,2870,2859,2859,2828,2933,2948,2921,2926,2887,2890,2859,2894,2889,2949,2941,2903,2909,2901,2902,2919
TOF,1896,2271,2317,2741,2709,2615,2706,2755,2374,2808,2686,2630,2708,2790,2772,2798,2776,2665,2797,2839,2817,2803,2677,2791,2853,2868,2871,2860,2832,2856,2805,2754,2923,2907,2901,2877,2856,2848,2814,2710,2924,2895,2898,2869,2876,2849,2849,2823,2941,2929,2900,2897,2894,2880,2860,2887,2861,2940,2944,2933,2903,2896,2899,2876
TOF,1975,2201,2331,2746,2697,2589,2666,2759,2336,2752,2663,2638,2728,2771,2736,2785,2751,2689,2763,2836,2840,2849,2719,2811,2818,2855,2876,2879,2860,2812,2802,2819,2917,2877,2879,2870,2852,2832,2837,2699,2938,2915,2930,2880,2854,2834,2831,2831,2927,2939,2907,2884,2888,2875,2854,2844,2890,2961,2953,2921,2892,2902,2884,2934
TOF,1930,2182,2325,2801,2721,2597,2721,2761,2364,2861,2667,2634,2727,2771,2781,2788,2790,2663,2800,2832,2829,2827,2675,2804,2793,2892,2877,2845,2837,2859,2812,2760,2924,2918,2896,2861,2866,2850,2832,2751,2921,2933,2907,2898,2879,2874,2858,2793,2917,2913,2920,2865,2880,2849,2827,2892,2858,2965,2946,2921,2905,2903,2900,2898
TOF,1906,2244,2331,2740,2747,2580,2679,2742,2355,2757,2726,2634,2742,2785,2780,2801,2825,2677,2745,2838,2840,2816,2616,2790,2819,2881,2883,2857,2867,2846,2813,2746,2881,2898,2898,2872,2855,2822,2832,2786,2921,2889,2864,2888,2895,2847,2827,2813,2947,2930,2903,2895,2890,2865,2873,2875,2952,2949,2950,2918,2891,2892,2913,2890
TOF,1951,2272,2326,2781,2748,2594,2701,2783,2326,2799,2745,2635,2742,2782,2815,2794,2839,2663,2779,2842,2816,2826,2645,2781,2776,2872,2869,2857,2848,2850,2801,2751,2917,2889,2880,2856,2840,2839,2828,2705,2946,2895,2886,2882,2870,2827,2850,2821,2917,2932,2921,2891,2877,2874,2862,2869,2837,2923,2914,2920,2931,2896,2883,2878
TOF,1951,2214,2347,2825,2801,2572,2656,2780,2304,2843,2770,2662,2750,2747,2762,2791,2653,2706,2748,2839,2831,2812,2652,2807,2801,2877,2898,2870,2836,2820,2805,2803,2913,2905,2868,2894,2847,2849,2821,2718,2919,2905,2884,2891,2863,2863,2841,2828,2906,2918,2855,2883,2884,2857,2885,2880,2956,2965,2909,2932,2932,2871,2900,2899
TOF,1945,2234,2346,2640,2773,2591,2697,2768,2375,2875,2822,2642,2727,2764,2784,2824,2867,2670,2691,2847,2833,2836,2659,2789,2767,2866,2873,2864,2868,2825,2811,2835,2894,2874,2849,2866,2858,2835,2812,2770,2916,2904,2872,2867,2875,2852,2836,2838,2912,2959,2905,2919,2870,2866,2853,2825,2924,2949,2933,2899,2894,2882,2883,2867
TOF,1874,2241,2305,2819,2701,2591,2693,2803,2330,2803,2702,2609,2712,2799,2767,2779,2813,2681,2773,2839,2852,2825,2637,2802,2792,2850,2847,2856,2845,2835,2785,2747,2909,2873,2889,2868,2848,2852,2816,2709,2941,2890,2903,2890,2861,2859,2853,2841,2908,2950,2895,2889,2875,2859,2872,2827,2917,2946,2927,2934,2887,2891,2877,2886
TOF,2019,2185,2331,2791,2843,2605,2676,2777,2405,2739,2627,2660,2781,2779,2718,2787,2835,2663,2814,2837,2825,2815,2610,2781,2797,2882,2852,2851,2849,2822,2809,2827,2913,2898,2871,2872,2859,2843,2847,2734,2919,2893,2891,2872,2866,2841,2843,2793,2923,2938,2901,2914,2884,2864,2863,2858,2876,2969,2930,2911,2912,2906,2902,2916
TOF,2251,2321,2747,2806,2678,2556,2757,2818,2784,2668,2587,2770,2815,2755,2796,2823,2649,2727,2832,2838,2819,2822,2740,2822,2860,2849,2865,2857,2846,2855,2778,2852,2921,2894,2863,2870,2886,2858,2846,2873,2916,2901,2886,2873,2899,2872,2873,2833,2910,2918,2912,2901,2889,2898,2882,2869,2916,3001,2958,2975,2914,2931,2961,2954
TOF,2260,2315,2695,2599,2640,2606,2697,2774,2705,2640,2593,2717,2790,2782,2841,2807,2668,2756,2831,2834,2836,2835,2702,2814,2854,2847,2859,2858,2843,2845,2712,2858,2877,2877,2886,2885,2855,2871,2835,2856,2924,2894,2883,2893,2883,2911,2900,2847,2909,2892,2902,2911,2907,2910,2908,2906,2932,2958,2938,2944,2946,2963,2947,2883
TOF,2307,2346,2714,2757,2702,2567,2684,2809,2781,2638,2607,2681,2791,2760,2813,2836,2672,2812,2819,2846,2814,2834,2725,2834,2864,2853,2871,2857,2861,2844,2782,2864,2884,2874,2840,2873,2874,2849,2837,2870,2905,2910,2881,2897,2867,2887,2894,2890,2931,2937,2883,2911,2880,2913,2926,2851,2976,2950,2928,2968,2943,2940,2964,2978
TOF,2263,2292,2656,2736,2677,2600,2703,2815,2768,2674,2626,2722,2796,2735,2831,2832,2663,2797,2820,2842,2821,2859,2749,2837,2825,2853,2841,2858,2843,2848,2718,2848,2892,2877,2871,2875,2875,2876,2870,2830,2884,2889,2880,2883,2897,2886,2877,2810,2936,2907,2891,2897,2909,2909,2915,2799,2933,2977,2931,2937,2945,2935,2972,2914
TOF,2234,2329,2596,2733,2769,2566,2625,2773,2700,2659,2593,2707,2785,2752,2807,2813,2710,2743,2829,2832,2815,2840,2705,2832,2870,2865,2830,2854,2859,2853,2745,2817,2904,2875,2886,2875,2851,2875,2836,2865,2905,2883,2879,2882,2860,2848,2875,2808,2927,2903,2904,2903,2889,2908,2904,2826,2965,2944,2918,2925,2900,2928,2936,2897
TOF,2209,2322,2547,2773,2732,2608,2680,2732,2577,2693,2639,2687,2793,2788,2795,2822,2696,2760,2832,2841,2827,2816,2734,2817,2870,2865,2839,2858,2848,2857,2759,2845,2900,2887,2877,2856,2866,2866,2841,2858,2911,2872,2873,2871,2880,2899,2868,2784,2921,2916,2892,2904,2901,2898,2898,2835,2942,2951,2929,2940,2916,2932,2915,2889
TOF,2243,2290,2672,2794,2786,2613,2626,2702,2775,2634,2639,2653,2765,2789,2803,2806,2706,2788,2796,2821,2827,2829,2753,2817,2884,2863,2871,2850,2856,2837,2736,2860,2886,2860,2864,2871,2867,2862,2857,2865,2902,2907,2904,2887,2879,2858,2895,2715,2932,2890,2913,2910,2903,2902,2918,2787,2932,2986,2899,2956,2948,2927,2920,2926
TOF,2269,2328,2772,2731,2663,2596,2716,2784,2758,2604,2603,2729,2796,2772,2789,2823,2684,2778,2843,2845,2822,2802,2710,2817,2870,2856,2833,2843,2862,2859,2761,2853,2878,2863,2874,2862,2884,2862,2861,2892,2951,2885,2884,2898,2877,2871,2897,2918,2896,2902,2888,2879,2876,2893,2893,2805,2922,2960,2932,2948,2937,2935,2941,2950
TOF,2191,2296,2484,2724,2623,2554,2678,2744,2768,2712,2624,2718,2781,2778,2804,2815,2670,2776,2821,2840,2849,2800,2716,2806,2834,2848,2865,2852,2859,2842,2723,2843,2891,2877,2880,2866,2861,2864,2851,2861,2907,2860,2887,2913,2875,2885,2906,2941,2909,2915,2892,2890,2903,2896,2902,2815,2942,2948,2945,2953,2947,2927,2957,2896
TOF,2283,2351,2695,2759,2656,2610,2691,2763,2713,2625,2591,2759,2793,2779,2794,2820,2657,2761,2819,2818,2851,2833,2762,2855,2869,2861,2859,2850,2853,2860,2737,2861,2858,2874,2890,2878,2863,2872,2837,2867,2909,2891,2887,2888,2880,2888,2883,2875,2929,2923,2908,2907,2906,2903,2913,2868,2946,2908,2928,2928,2933,2933,2928,2910
TOF,2270,2262,2739,2711,2656,2586,2665,2735,2771,2666,2561,2748,2801,2771,2827,2810,2681,2765,2843,2827,2815,2828,2706,2820,2867,2841,2833,2856,2850,2815,2748,2874,2912,2858,2870,2885,2872,2859,2851,2860,2905,2901,2894,2889,2889,2876,2870,2811,2920,2913,2902,2918,2909,2872,2882,2811,2964,2984,2933,2940,2932,2935,2972,2909
TOF,2289,2262,2608,2764,2621,2595,2710,2715,2806,2646,2598,2735,2802,2766,2826,2815,2689,2769,2827,2835,2834,2823,2679,2840,2846,2843,2840,2851,2855,2842,2732,2846,2859,2890,2866,2879,2852,2863,2854,2853,2941,2892,2879,2878,2895,2869,2859,2876,2917,2897,2917,2890,2886,2907,2890,2869,2915,2927,2948,2929,2960,2923,2950,2966
TOF,2258,2317,2728,2728,2623,2574,2633,2726,2790,2658,2574,2685,2809,2788,2791,2867,2680,2788,2817,2835,2840,2822,2722,2838,2865,2848,2843,2856,2843,2822,2695,2849,2885,2860,2882,2879,2854,2879,2845,2871,2888,2885,2897,2900,2911,2873,2885,2925,2928,2936,2917,2903,2896,2878,2914,2828,2949,2920,2954,2951,2932,2933,2923,2899
TOF,2309,2343,2733,2735,2743,2563,2655,2779,2764,2670,2598,2711,2792,2765,2814,2813,2689,2765,2828,2821,2824,2823,2747,2833,2868,2865,2868,2839,2846,2850,2735,2839,2892,2877,2869,2870,2877,2852,2871,2883,2907,2878,2870,2890,2902,2910,2894,2872,2917,2910,2915,2880,2936,2908,2916,2862,2938,2951,2936,2925,2938,2934,2938,2939
TOF,2381,2292,2723,2756,2617,2609,2692,2749,2798,2646,2621,2738,2797,2762,2785,2792,2705,2806,2840,2821,2825,2820,2688,2850,2845,2846,2849,2850,2856,2848,2727,2882,2872,2879,2855,2863,2852,2854,2854,2855,2919,2894,2875,2878,2892,2873,2866,2896,2912,2930,2922,2895,2917,2887,2931,2827,2926,2927,2952,2914,2948,2954,2939,2886
TOF,2229,2303,2783,2738,2637,2596,2708,2757,2795,2634,2596,2723,2784,2764,2811,2800,2686,2791,2849,2829,2818,2828,2790,2840,2870,2862,2872,2863,2857,2819,2780,2857,2894,2844,2872,2883,2872,2860,2845,2866,2890,2884,2901,2875,2899,2885,2879,2887,2918,2915,2911,2913,2928,2903,2912,2818,2931,2932,2925,2926,2924,2935,2980,2919
TOF,2235,2316,2783,2611,2622,2576,2635,2780,2772,2649,2620,2720,2808,2743,2816,2844,2697,2767,2806,2832,2825,2822,2722,2821,2870,2841,2845,2859,2856,2843,2692,2847,2843,2877,2869,2870,2869,2874,2831,2850,2895,2888,2888,2895,2907,2904,2884,2907,2922,2920,2901,2917,2911,2903,2904,2885,2942,2965,2921,2954,2936,2939,2963,2927
TOF,2248,2286,2760,2743,2640,2573,2620,2782,2738,2633,2610,2706,2791,2782,2790,2813,2683,2817,2831,2836,2834,2836,2739,2809,2865,2867,2832,2854,2865,2830,2741,2849,2888,2860,2860,2880,2852,2864,2865,2883,2886,2875,2888,2894,2901,2911,2859,2835,2920,2912,2933,2907,2924,2925,2919,2865,2917,2959,2934,2937,2904,2944,2950,2877
TOF,2266,2319,2722,2752,2586,2602,2685,2732,2810,2669,2595,2722,2829,2749,2788,2841,2698,2781,2845,2836,2815,2814,2787,2840,2854,2859,2833,2843,2838,2824,2758,2852,2868,2873,2871,2873,2873,2874,2854,2867,2918,2907,2881,2894,2904,2866,2898,2749,2931,2897,2889,2892,2905,2907,2901,2812,2943,2956,2943,2958,2942,2935,2967,2893
TOF,2279,2446,2700,2734,2629,2574,2668,2766,2752,2616,2617,2762,2777,2783,2777,2848,2683,2781,2818,2816,2827,2803,2768,2833,2845,2847,2847,2833,2838,2855,2769,2846,2880,2872,2865,2863,2857,2873,2838,2866,2902,2883,2888,2887,2903,2882,2868,2904,2906,2900,2908,2893,2927,2923,2905,2891,2925,2950,2920,2938,2920,2954,2931,2906
TOF,2299,2297,2868,2711,2607,2554,2703,2773,2761,2584,2626,2712,2791,2770,2803,2822,2666,2790,2831,2822,2843,2831,2764,2832,2840,2852,2824,2864,2853,2819,2716,2848,2863,2858,2858,2868,2856,2867,2870,2884,2913,2892,2882,2899,2857,2900,2885,2869,2925,2914,2916,2871,2903,2912,2920,2910,2937,2910,2947,2955,2924,2949,2939,2970
TOF,2214,2346,2748,2782,2529,2638,2699,2808,2700,2622,2650,2731,2802,2749,2814,2810,2686,2794,2822,2843,2808,2813,2788,2833,2844,2849,2843,2858,2842,2858,2706,2865,2869,2879,2859,2873,2850,2871,2846,2886,2926,2883,2896,2905,2888,2884,2893,2938,2936,2896,2908,2877,2919,2897,2934,2851,2938,2981,2965,2932,2970,2935,2954,2898
TOF,2266,2355,2766,2733,2682,2575,2720,2753,2710,2642,2641,2713,2798,2791,2799,2835,2658,2785,2835,2824,2833,2844,2757,2803,2826,2850,2863,2848,2859,2838,2707,2855,2896,2869,2876,2863,2864,2855,2855,2897,2907,2883,2890,2881,2897,2917,2892,2916,2934,2906,2904,2933,2921,2909,2912,2794,2971,2987,2963,2926,2972,2925,2989,2943
TOF,2270,2300,2717,2771,2622,2569,2676,2789,2748,2620,2617,2694,2781,2767,2812,2810,2702,2794,2845,2845,2829,2844,2671,2852,2859,2878,2837,2847,2848,2830,2709,2858,2882,2864,2875,2859,2855,2858,2834,2881,2909,2888,2892,2883,2898,2872,2881,2922,2924,2900,2900,2924,2879,2893,2926,2874,2990,2940,2921,2918,2961,2923,2950,2887
TOF,2205,2283,2808,2771,2643,2574,2691,2791,2797,2668,2654,2716,2789,2787,2805,2825,2679,2763,2849,2828,2821,2813,2739,2858,2855,2847,2845,2859,2849,2859,2742,2863,2865,2853,2869,2865,2888,2845,2837,2849,2900,2899,2885,2882,2888,2911,2903,2854,2919,2914,2900,2878,2900,2906,2921,2865,2956,2943,2946,2928,2951,2940,2972,2890
TOF,2247,2388,2727,2833,2656,2586,2611,2780,2760,2662,2666,2746,2796,2777,2812,2823,2688,2780,2819,2827,2844,2829,2726,2828,2871,2849,2853,2854,2863,2850,2805,2836,2889,2874,2845,2874,2860,2863,2863,2892,2909,2907,2897,2885,2880,2895,2862,2859,2914,2915,2887,2899,2898,2917,2905,2927,2939,2944,2952,2972,2937,2946,2959,2850
TOF,2234,2270,2764,2762,2731,2583,2664,2789,2811,2687,2660,2714,2789,2745,2815,2813,2678,2774,2836,2846,2831,2826,2751,2819,2848,2858,2850,2853,2852,2836,2752,2874,2870,2875,2832,2885,2852,2874,2861,2884,2908,2891,2890,2883,2900,2910,2892,2857,2960,2896,2910,2935,2913,2883,2927,2967,2956,2933,2947,2967,2966,2946,2923,2880
TOF,2290,2305,2785,2738,2604,2573,2677,2767,2766,2652,2615,2742,2831,2788,2816,2804,2683,2795,2811,2815,2826,2814,2802,2824,2845,2864,2836,2872,2845,2856,2764,2856,2906,2882,2869,2873,2870,2860,2864,2869,2918,2874,2891,2895,2879,2890,2887,2876,2917,2923,2905,2921,2907,2892,2921,2862,2908,2959,2938,2977,2944,2941,2944,2906
TOF,2241,2305,2695,2718,2617,2600,2686,2761,2802,2657,2648,2756,2816,2766,2814,2822,2690,2785,2822,2828,2826,2823,2758,2845,2838,2860,2857,2853,2843,2858,2732,2855,2878,2891,2892,2886,2877,2879,2861,2860,2898,2902,2913,2891,2890,2891,2883,2800,2918,2904,2911,2894,2925,2896,2887,2838,2943,2956,2940,2919,2945,2949,2961,2974
TOF,2239,2240,2795,2759,2628,2605,2665,2802,2842,2616,2634,2699,2795,2753,2821,2815,2698,2799,2847,2844,2822,2840,2766,2844,2844,2837,2856,2839,2840,2859,2691,2845,2908,2870,2881,2881,2879,2876,2871,2863,2874,2890,2897,2910,2890,2896,2893,2882,2925,2899,2902,2913,2912,2890,2908,2833,2937,2936,2954,2931,2930,2958,2946,2922
TOF,2287,2318,2767,2812,2633,2607,2681,2807,2731,2628,2656,2742,2791,2766,2764,2825,2682,2793,2827,2820,2846,2830,2744,2861,2821,2835,2842,2844,2853,2851,2757,2870,2861,2882,2865,2871,2867,2858,2874,2840,2942,2904,2888,2893,2900,2910,2903,2896,2936,2933,2930,2907,2911,2922,2926,2844,2950,2967,2942,2955,2910,2957,2951,2935
TOF,2273,2261,2763,2773,2678,2588,2715,2785,2734,2692,2640,2734,2795,2801,2815,2809,2657,2769,2812,2843,2830,2816,2751,2830,2829,2868,2844,2861,2858,2837,2756,2854,2899,2875,2867,2856,2872,2857,2863,2862,2878,2905,2898,2893,2899,2880,2914,2823,2929,2890,2902,2914,2915,2902,2944,2872,2965,2949,2965,2943,2948,2937,2928,2932
TOF,2242,2307,2484,2753,2638,2566,2686,2750,2779,2631,2640,2739,2816,2758,2802,2807,2653,2790,2822,2849,2840,2823,2766,2831,2852,2872,2844,2842,2850,2841,2710,2842,2868,2846,2881,2842,2870,2850,2876,2868,2922,2887,2884,2886,2894,2896,2894,2859,2937,2919,2923,2922,2920,2880,2924,2836,2964,2927,2933,2917,2949,2952,2948,2957
TOF,2291,2327,2755,2773,2648,2589,2714,2782,2790,2679,2637,2775,2792,2766,2807,2829,2685,2785,2831,2830,2849,2825,2745,2838,2859,2841,2840,2841,2847,2849,2706,2830,2917,2871,2896,2870,2850,2873,2863,2878,2893,2905,2885,2892,2871,2905,2894,2952,2909,2924,2921,2905,2907,2915,2910,2808,2924,2934,2976,2937,2913,2951,2949,2892
TOF,2240,2338,2698,2764,2668,2575,2679,2780,2768,2631,2600,2703,2812,2773,2798,2818,2736,2796,2843,2835,2824,2810,2843,2854,2862,2845,2822,2855,2835,2847,2758,2851,2879,2892,2857,2861,2882,2871,2837,2846,2882,2889,2883,2877,2915,2872,2874,2866,2925,2921,2917,2901,2905,2909,2895,2876,2939,2938,2933,2966,2939,2961,2968,2887
TOF,2271,2252,2748,2758,2612,2634,2699,2741,2784,2659,2660,2712,2801,2761,2794,2827,2695,2794,2822,2842,2814,2801,2787,2823,2858,2857,2842,2852,2840,2854,2738,2844,2871,2849,2866,2904,2874,2851,2853,2861,2881,2893,2882,2885,2901,2906,2869,2829,2922,2906,2912,2895,2902,2909,2905,2852,2949,2935,2971,2928,2945,2938,2944,2960
TOF,2314,2283,2748,2713,2655,2568,2730,2749,2731,2661,2622,2708,2809,2739,2793,2827,2662,2797,2820,2830,2838,2827,2721,2863,2833,2871,2855,2865,2840,2869,2703,2858,2875,2853,2856,2865,2862,2845,2855,2870,2884,2883,2862,2877,2899,2866,2897,2785,2898,2915,2906,2924,2902,2893,2904,2843,2960,2913,2934,2962,2932,2944,2944,2870
TOF,2285,2283,2791,2713,2664,2608,2671,2757,2774,2647,2681,2727,2769,2757,2791,2817,2678,2814,2843,2827,2847,2816,2758,2856,2845,2861,2843,2868,2857,2863,2722,2864,2913,2875,2860,2884,2868,2882,2849,2864,2918,2871,2891,2890,2912,2879,2890,2782,2926,2922,2915,2914,2913,2915,2898,2846,2954,2984,2968,2954,2939,2941,2936,2903
TOF,2235,2314,2742,2650,2618,2589,2700,2793,2741,2646,2638,2744,2773,2769,2804,2824,2709,2799,2814,2821,2842,2828,2738,2826,2855,2856,2846,2854,2850,2833,2701,2855,2882,2868,2863,2879,2863,2845,2819,2888,2904,2866,2885,2895,2901,2894,2907,2779,2952,2912,2932,2891,2921,2912,2919,2742,2967,2962,2918,2939,2955,2927,2998,2899
TOF,2281,2314,2795,2779,2652,2575,2659,2773,2782,2635,2642,2728,2797,2784,2812,2826,2653,2802,2817,2815,2824,2833,2783,2825,2852,2850,2851,2831,2851,2843,2781,2848,2872,2868,2884,2848,2845,2847,2856,2863,2900,2884,2908,2899,2891,2916,2902,2930,2942,2923,2895,2925,2918,2931,2916,2742,2926,2965,2949,2947,2937,2943,2949,2987
TOF,2259,2295,2719,2693,2603,2596,2692,2780,2758,2676,2664,2755,2794,2770,2818,2825,2709,2809,2825,2833,2818,2833,2762,2822,2881,2850,2828,2859,2848,2856,2781,2856,2878,2896,2867,2856,2871,2867,2837,2863,2909,2886,2879,2898,2906,2870,2888,2852,2946,2908,2886,2878,2896,2908,2926,2873,2960,2948,2971,2932,2936,2937,2974,2907
TOF,2292,2316,2642,2685,2646,2604,2714,2771,2757,2586,2636,2732,2799,2735,2811,2828,2702,2811,2838,2833,2831,2816,2800,2820,2852,2860,2859,2845,2851,2856,2725,2839,2903,2866,2882,2880,2874,2870,2849,2848,2905,2907,2883,2896,2887,2908,2858,2891,2943,2901,2925,2906,2900,2901,2906,2916,2917,2921,2941,2928,2963,2953,2967,2899
TOF,2302,2311,2748,2746,2629,2583,2724,2789,2728,2640,2595,2717,2786,2797,2802,2840,2703,2786,2823,2835,2829,2840,2797,2841,2856,2855,2855,2864,2856,2849,2762,2844,2887,2865,2889,2865,2878,2847,2848,2858,2904,2899,2888,2877,2921,2868,2899,2876,2900,2915,2909,2931,2916,2905,2923,2848,2920,2991,2930,2941,2961,2953,2961,2882
TOF,2243,2298,2660,2752,2631,2577,2725,2724,2759,2569,2602,2720,2810,2788,2782,2794,2715,2806,2802,2820,2854,2825,2755,2832,2866,2856,2841,2873,2844,2837,2845,2870,2881,2887,2871,2877,2875,2867,2832,2887,2920,2885,2886,2879,2887,2892,2897,2880,2949,2919,2930,2903,2904,2899,2914,2776,2962,2924,2928,2938,2936,2959,2984,2959
TOF,2255,2283,2762,2747,2602,2591,2666,205,2726,2648,2623,2676,2785,2760,2794,213,2678,2783,2812,2824,2813,2800,2788,2793,2851,2837,2863,2863,2845,2839,2794,2817,2864,2883,2873,2871,2856,2856,2860,2889,2929,2875,2880,2881,2874,2881,2909,2884,2931,2892,2905,2905,2884,2906,2934,2721,2946,2924,2951,2932,2959,2927,3002,2904
TOF,2241,2294,2695,2745,2615,2605,2690,199,2784,2657,2622,2742,2792,2782,2775,207,2690,2800,2828,2826,2829,2823,2773,222,2866,2870,2839,2862,2848,2838,2723,231,2868,2876,2855,2895,2876,2870,2831,2870,2902,2876,2893,2883,2919,2887,2892,2877,2943,2906,2910,2940,2908,2929,2915,2721,2956,2952,2930,2922,2937,2941,2937,2946
TOF,2263,2311,2730,2752,2610,2602,2624,195,2741,2573,2607,2715,2781,2786,2803,203,2673,2786,2810,2826,2812,2814,2788,217,2848,2843,2857,2851,2825,2856,2783,224,2893,2886,2868,2847,2873,2878,2843,224,2885,2894,2892,2881,2870,2866,2863,2763,2939,2894,2890,2907,2911,2898,2903,2803,2939,2935,2927,2940,2901,2938,2924,2925
TOF,2300,2291,2741,2746,2641,2614,221,197,2709,2693,2641,2667,2782,2782,2805,206,2680,2778,2820,2827,2843,2823,2753,217,2864,2840,2858,2871,2841,2849,2715,229,2884,2842,2871,2882,2886,2856,2850,228,2911,2880,2886,2899,2897,2906,2902,245,2938,2926,2920,2884,2894,2904,2927,2858,2965,2932,2919,2937,2958,2913,2939,2874
TOF,2279,2351,2746,2725,2532,2597,231,204,2705,2664,2610,2757,2816,2757,2790,216,2700,2790,2837,2839,2825,2805,2783,224,2837,2850,2860,2853,2852,2852,2799,232,2879,2882,2874,2860,2861,2846,2881,245,2899,2898,2876,2884,2882,2884,2893,254,2930,2912,2915,2936,2919,2875,2921,2800,2927,2937,2949,2936,2935,2937,2954,2919
TOF,2248,2283,2783,2716,2688,2584,235,208,2763,2635,2639,2756,2793,2752,2805,223,2661,2775,2839,2834,2807,2832,2766,233,2846,2854,2858,2843,2844,2843,2706,250,2862,2867,2856,2854,2872,2872,2837,257,2894,2901,2870,2866,2864,2892,2874,2886,2928,2918,2901,2887,2894,2886,2909,2800,2950,2955,2941,2933,2958,2941,2951,2903
TOF,2213,2290,2629,2733,2762,2579,2726,213,2811,2645,2619,2701,2788,2783,2812,228,2716,2780,2834,2835,2814,2840,2786,236,2876,2845,2869,2842,2858,2809,2694,248,2881,2852,2862,2868,2866,2868,2870,262,2919,2887,2870,2896,2884,2888,2898,2808,2919,2906,2912,2906,2897,2883,2912,2883,2937,2948,2969,2925,2940,2957,2918,2867
TOF,2260,2325,2760,2774,2649,2633,2729,225,2789,2688,2598,2716,2818,2779,2812,236,2685,2790,2829,2841,2824,2835,2769,241,2859,2849,2860,2872,2849,2849,2700,243,2880,2882,2866,2874,2866,2869,2855,258,2927,2893,2890,2887,2884,2893,2893,2828,2933,2887,2921,2898,2915,2882,2934,2851,2975,2965,2971,2944,2930,2952,2967,2873
TOF,2247,2270,2767,2717,2755,2578,2704,224,2753,2665,2643,2719,2807,2773,2809,230,2702,2779,2830,2819,2827,2814,2833,238,2850,2853,2866,2850,2849,2869,2732,231,2900,2877,2873,2874,2877,2868,2865,241,2889,2890,2895,2894,2905,2893,2888,232,2937,2909,2912,2907,2884,2895,2931,2858,2929,2972,2919,2938,2934,2933,2960,2887
TOF,2294,2339,2776,2738,2758,2603,2701,221,2809,2707,2612,2699,2799,2779,2803,221,2696,2781,2846,2814,2841,2809,2754,225,2842,2854,2870,2847,2859,2855,2720,206,2874,2861,2865,2873,2865,2858,2859,209,2920,2883,2873,2900,2880,2876,2891,200,2898,2898,2905,2907,2902,2896,2912,229,2926,2953,2961,2932,2943,2944,2937,233
TOF,2280,2369,2779,2726,2664,2575,217,215,2765,2641,2649,2750,2803,2851,222,213,2725,2794,2809,2820,2835,2822,194,200,2821,2851,2839,2851,2849,192,2849,228,2859,2825,2858,2864,2876,2860,200,230,2907,2885,2886,2867,2887,194,202,201,2911,2890,2939,2901,2909,2911,216,217,2960,2927,2920,2961,2937,2923,2980,2916
TOF,2267,250,207,203,210,213,205,205,2760,2683,2619,194,204,183,219,2854,2718,2816,2843,2814,186,200,188,182,2820,2848,2869,2852,229,2859,188,2856,2862,2864,2880,2887,2873,200,2823,2866,2888,2890,2896,2893,210,319,2875,2904,2933,2925,2915,2898,2885,2898,2914,2870,2942,2959,2948,2926,2943,2920,2959,2980
TOF,240,217,258,232,2645,2568,2725,2809,2874,2705,2660,2702,2778,2791,2826,2813,2729,2795,2813,2818,2797,2802,2813,2823,2824,2856,2828,2831,2830,2860,2744,2859,2885,2856,2895,2884,2885,2867,2832,2870,2906,2901,2885,2887,2896,2906,2882,2891,2908,2901,2916,2906,2895,2904,2885,2855,2947,2952,2950,2962,2954,2951,2980,2980
TOF,2260,2331,2773,2726,2642,2600,2674,2783,2739,2639,2640,2709,2781,2771,2810,2832,2784,2793,2835,2823,2842,2821,2764,2848,2857,2869,2840,2849,2870,2841,2766,2853,2882,2876,2882,2873,2863,2863,2872,2885,2926,2897,2894,2897,2893,2901,2891,2850,2920,2907,2918,2899,2904,2892,2895,2899,2956,2931,2943,2985,2921,2915,2960,2938
TOF,2272,2449,2799,2658,2621,2583,2727,2769,2738,2642,2630,2746,2795,2763,2813,2834,2685,2768,2833,2818,2832,2821,2736,2811,2842,2863,2867,2860,2867,2843,2713,2864,2852,2891,2881,2874,2857,2856,2836,2840,2926,2901,2879,2905,2907,2867,2904,2853,2922,2913,2890,2896,2895,2877,2933,2898,2972,2933,2935,2958,2929,2949,2947,2906
TOF,2284,2307,2672,2680,2702,2601,2702,2773,2677,2620,2616,2719,2815,2756,2801,2815,2706,2786,2836,2826,2821,2818,2772,2843,2876,2873,2839,2856,2855,2833,2749,2864,2861,2843,2857,2898,2853,2875,2837,2874,2923,2906,2903,2897,2885,2894,2886,2877,2934,2893,2899,2900,2904,2908,2943,2775,2948,2955,2949,2927,2947,2939,2945,2927
TOF,2300,2326,2725,2755,2740,2563,2687,2784,2802,2659,2617,2757,2807,2750,2808,2810,2702,2804,2810,2831,2821,2820,2792,2845,2868,2850,2829,2872,2854,2839,2720,2867,2882,2862,2859,2851,2881,2873,2853,2882,2962,2888,2892,2866,2884,2869,2893,2874,2923,2906,2909,2920,2920,2905,2913,2848,2966,2922,2981,2963,2950,2938,2961,2949
TOF,2281,2326,2734,2733,2623,2584,2724,2782,2768,2598,2634,2725,2818,2783,2822,2787,2681,2797,2830,2832,2829,2818,2816,2834,2851,2844,2839,2829,2839,2863,2761,2853,2858,2871,2844,2871,2876,2875,2845,2865,2905,2915,2874,2883,2887,2878,2891,2898,2924,2917,2899,2882,2922,2895,2904,2908,2932,2954,2932,2940,2933,2946,2958,2915
TOF,2277,2330,2734,2777,2682,2603,2724,2809,2819,2690,2639,2745,2798,2766,2807,2859,2644,2784,2843,2833,2833,2804,2774,2800,2852,2856,2867,2861,2841,2859,2701,2851,2878,2892,2881,2849,2872,2871,2856,2857,2877,2901,2875,2882,2889,2889,2914,2805,2939,2946,2911,2904,2910,2880,2915,2829,2967,2962,2939,2936,2941,2949,2948,2942
TOF,2241,2289,2755,2783,2651,2584,2687,2744,2745,2642,2642,2727,2809,2777,2794,2820,2684,2785,2819,2820,2837,2833,2798,2835,2856,2862,2848,2848,2843,2836,2733,2853,2885,2875,2854,2857,2877,2876,2834,2887,2910,2896,2884,2880,2882,2884,2902,2893,2909,2905,2917,2914,2901,2922,2912,2874,2949,2966,2946,2952,2971,2938,2953,2932
TOF,2238,2298,2764,2713,2641,2586,2657,2744,2741,2604,2609,2710,2788,2779,2812,2810,2686,2816,2834,2829,2850,2811,2795,2855,2882,2831,2857,2840,2865,2847,2760,2858,2858,2862,2864,2881,2843,2844,2864,2847,2929,2920,2918,2894,2895,2912,2897,2859,2943,2933,2901,2905,2906,2900,2901,2797,2930,2940,2940,2932,2943,2949,3001,2992
TOF,2227,2318,2747,2701,2654,2587,2671,2775,2784,2607,2641,2699,2770,2762,2805,2860,2676,2803,2827,2830,2832,2814,2804,2837,2856,2838,2840,2852,2864,2832,2748,2858,2880,2857,2861,2867,2865,2874,2848,2887,2874,2864,2897,2894,2883,2893,2885,2893,2913,2893,2891,2921,2879,2905,2934,2811,2944,2939,2901,2956,2934,2941,2967,2964
TOF,2260,2337,2763,2673,2666,2593,2730,2818,2787,2591,2669,2719,2807,2752,2828,2875,2663,2786,2809,2822,2820,2818,2769,2841,2843,2862,2845,2843,2836,2846,2757,2853,2882,2878,2882,2884,2875,2853,2851,2880,2892,2895,2883,2882,2882,2863,2885,2907,2930,2899,2920,2937,2921,2921,2934,2861,2965,2960,2946,2945,2954,2945,2959,2892
TOF,2233,2339,2691,2720,2616,2610,2692,2793,2816,2652,2660,2736,2819,2790,2802,2814,2660,2803,2823,2820,2866,2832,2816,2849,2850,2847,2827,2860,2857,2841,2762,2855,2867,2891,2868,2856,2852,2867,2854,2863,2937,2903,2895,2877,2885,2858,2883,2947,2914,2899,2909,2920,2924,2913,2894,2841,2936,2914,2927,2935,2905,2968,2965,2928
TOF,2259,2268,2772,2724,2640,2554,2697,2813,2801,2655,2655,2790,2804,2784,2785,2818,2707,2791,2820,2845,2855,2818,2701,2845,2861,2831,2851,2872,2848,2842,2734,2842,2895,2872,2854,2871,2874,2869,2853,2856,2924,2881,2894,2888,2874,2893,2880,2931,2927,2921,2905,2919,2916,2917,2893,2831,2948,2956,2980,2949,2947,2937,2946,2886
TOF,2303,2297,215,2749,2665,2572,2773,2764,2765,2712,2621,216,2808,2762,2815,2795,2702,2799,2841,2822,2833,2823,2715,2836,2866,2871,2849,2852,2832,2858,2723,2863,2877,2860,2864,2884,2872,2856,2871,2898,2888,2909,2885,2877,2904,2886,2890,2835,2922,2917,2892,2883,2909,2901,2928,2778,2971,2975,2996,2933,2969,2948,2931,2945
TOF,2252,2290,2799,2727,210,2599,2718,174,2753,2612,2613,2743,2803,2817,167,2805,2719,2747,2817,2848,2822,2835,2756,153,2849,2866,2849,2858,2844,2846,2740,2815,2885,2879,2883,2865,2859,2873,2846,2883,2924,2881,2868,2888,2885,2898,2869,181,2921,2919,2912,2903,2926,2900,2922,2853,2934,2962,2957,2917,2938,2937,2939,2868
TOF,2324,2332,2791,2740,2581,2614,2680,2788,2684,2623,2617,2722,2794,2795,2778,2859,2668,2774,2838,2817,2838,2834,2790,208,2855,2856,2859,2846,2832,2828,182,2844,2862,2888,2857,2847,2866,2853,2847,170,2901,2904,2894,2893,2889,2885,2877,2885,2917,2920,2917,2915,2893,2884,2933,2908,2949,2934,2918,2945,2935,2942,2956,2923
TOF,2267,2292,2757,2753,2696,2564,2688,2777,2736,2660,2665,2779,2796,2758,2803,2820,2731,2810,2837,2829,2834,2825,2775,2839,2866,2845,2857,2858,2863,2867,2734,2848,2860,2869,2864,2882,2857,2844,2841,2875,2895,2886,2900,2901,2895,2897,2892,2887,2917,2917,2895,2918,2895,2909,2903,2772,2923,2968,2948,2962,2936,2914,2958,2963
TOF,2307,2262,2806,2784,2703,2565,2688,2806,2748,2657,2626,2684,2800,2788,2818,2826,2706,2771,2821,2820,2832,2841,2741,2853,2853,2846,2857,2858,2849,2847,2754,2846,2850,2880,2877,2878,2873,2857,2830,2844,2925,2890,2882,2883,2883,2899,2889,2780,2899,2915,2907,2912,2896,2942,2914,2865,2955,2960,2947,2915,2914,2930,2947,2940
TOF,2262,2279,2661,2701,2606,2592,2697,2763,2760,2637,2613,2726,2800,2741,2794,2848,2666,2769,2802,2817,2827,2829,2698,2835,2846,2863,2848,2853,2844,2853,2707,2823,2871,2861,2895,2881,2849,2850,2851,2841,2911,2887,2880,2883,2889,2875,2914,2821,2884,2907,2893,2896,2908,2924,2886,2893,2936,2989,2940,2944,2941,2927,2974,2922
TOF,2250,2357,2718,2772,2629,2571,2746,2811,2729,2611,2650,2708,2792,2776,2805,2832,2684,2791,2831,2840,2817,2822,2730,2821,2833,2855,2856,2861,2841,2836,2734,2875,2891,2868,2890,2870,2873,2857,2871,2885,2900,2894,2883,2891,2868,2879,2874,2933,2935,2917,2928,2916,2890,2893,2921,2826,2948,2970,2944,2951,2926,2972,2928,2940
TOF,2221,2367,2773,2718,2644,2537,2658,2803,2744,2625,2599,2732,2808,2804,2797,2868,2701,2804,2820,2816,2836,2841,2715,2846,2846,2865,2839,2846,2845,2838,2742,2850,2883,2878,2866,2880,2855,2861,2841,2864,2892,2889,2909,2901,2890,2892,2905,2838,2911,2891,2906,2897,2893,2911,2878,2878,2940,2951,2943,2962,2922,2940,2989,2886
TOF,2272,2303,2756,2696,2693,2599,2690,2769,2721,2650,2658,2744,2797,2752,2793,2795,2701,2785,2832,2837,2848,2814,2768,2831,2846,2839,2843,2839,2863,2857,2749,2862,2884,2870,2868,2882,2852,2861,2852,2870,2912,2895,2907,2879,2880,2889,2895,2804,2908,2916,2923,2922,2887,2914,2930,2829,2962,2956,2952,2931,2948,2966,2982,2876
TOF,2287,2304,2708,2642,2618,2586,2681,2722,2696,2635,2606,2724,2783,2778,2801,2800,2682,2797,2828,2846,2838,2794,2759,2851,2874,2855,2838,2852,2845,2844,2701,2872,2884,2869,2864,2862,2870,2873,2871,2834,2904,2889,2896,2895,2876,2870,2886,2820,2893,2891,2906,2902,2913,2903,2949,2879,2958,2970,2961,2952,2950,2950,2939,2906
TOF,2304,2264,2727,2736,2595,2554,2707,2771,2772,2663,2657,2735,2803,2769,2802,2828,2638,2801,2820,2844,2812,2818,2783,2864,2872,2862,2878,2860,2854,2842,2747,2852,2895,2876,2859,2863,2880,2870,2856,2870,2881,2886,2877,2888,2891,2883,2907,2925,2916,2937,2908,2897,2886,2920,2880,2833,2937,2979,2939,2920,2936,2954,2944,2916
TOF,343,351,2747,2702,2644,2570,2664,2806,2783,2671,2656,2752,2807,2784,2801,2835,2666,2817,2802,2842,2841,2850,2772,2832,2845,2845,2848,2854,2841,2854,2734,2870,2900,2869,2869,2884,2861,2884,2854,2872,2920,2885,2857,2853,2872,2900,2886,2875,2938,2928,2912,2914,2896,2918,2894,2860,2929,2959,2930,2929,2964,2938,2946,2916
TOF,296,334,355,2691,2629,2576,2671,2795,2811,2666,2638,2736,2788,2776,2797,2851,2711,2797,2819,2828,2825,2836,2729,2822,2847,2855,2853,2852,2836,2840,2656,2843,2872,2881,2865,2881,2859,2879,2849,2869,2917,2895,2894,2905,2892,2886,2875,2936,2927,2900,2924,2889,2893,2915,2912,2904,2934,2960,2935,2926,2923,2947,2949,2921
TOF,273,319,337,2730,2604,2557,2697,2819,350,2581,2592,2718,2799,2767,2806,2797,2676,2776,2822,2825,2796,2816,2774,2808,2851,2860,2849,2845,2848,2842,2738,2856,2886,2875,2842,2853,2854,2865,2863,2872,2872,2909,2892,2883,2881,2896,2883,2839,2917,2922,2909,2910,2914,2909,2914,2848,2942,2979,2946,2956,2945,2930,2969,2844
TOF,268,312,340,2764,2594,2581,2688,2751,303,312,2579,2705,2794,2787,2823,2816,2679,2820,2824,2827,2840,2837,2764,2846,2850,2857,2857,2848,2847,2859,2738,2852,2877,2869,2868,2852,2867,2866,2858,2882,2921,2905,2917,2889,2893,2881,2892,2865,2918,2921,2901,2897,2895,2903,2920,2858,2980,2956,2938,2940,2938,2940,2956,2917
TOF,258,300,332,2707,2660,2593,2667,185,280,304,2590,2728,2798,2743,2796,2811,343,2776,2800,2816,2840,2834,2769,2834,2851,2845,2856,2845,2853,2861,2746,2842,2884,2879,2869,2870,2861,2869,2867,2890,2952,2866,2899,2864,2883,2878,2899,2910,2919,2917,2917,2887,2920,2924,2917,2843,2931,2991,2950,2934,2933,2926,2931,2861
TOF,252,291,315,2733,2582,2618,2744,173,273,301,354,2702,2802,2793,2804,2822,329,2826,2813,2837,2821,2807,2778,2826,2860,2873,2858,2869,2852,2847,2730,2856,2866,2870,2865,2869,2872,2858,2849,2891,2888,2900,2892,2880,2882,2889,2889,2856,2947,2901,2886,2896,2895,2912,2921,2832,2944,2948,2949,2956,2963,2925,2967,2936
TOF,246,285,314,2745,2639,2579,2690,177,264,298,334,2732,2809,2767,2812,2815,310,323,2831,2833,2807,2804,2831,2836,2838,2864,2841,2843,2845,2871,2749,2859,2881,2861,2873,2893,2880,2879,2854,2848,2919,2877,2877,2888,2882,2874,2881,2894,2947,2916,2915,2910,2916,2904,2945,2847,2950,2977,2943,2954,2941,2923,2973,2948
TOF,245,278,314,2791,2640,2576,2699,174,263,296,335,2731,2782,2787,2805,2847,308,323,2821,2835,2816,2832,2752,2835,2853,2848,2855,2848,2856,2858,2726,2847,2873,2868,2878,2881,2894,2865,2863,2859,2882,2872,2882,2893,2904,2892,2887,2890,2914,2916,2909,2912,2892,2902,2918,2888,2959,2952,2960,2947,2914,2932,2967,2889
TOF,238,274,307,2564,2643,2599,2752,176,259,298,340,2764,2799,2763,2794,2818,291,319,2802,2835,2837,2829,2797,2849,2859,2855,2844,2849,2847,2840,2773,2843,2957,2867,2874,2867,2881,2869,2858,2877,2928,2897,2872,2886,2900,2872,2883,2891,2896,2907,2927,2931,2920,2915,2889,2786,2945,2960,2964,2954,2960,2958,2960,2914
TOF,239,270,309,2506,2574,2583,2750,174,256,293,343,2722,2799,2787,2821,2828,294,319,2826,2836,2842,2840,2784,2845,2872,2843,2862,2856,2852,2853,2726,2855,2857,2866,2856,2863,2864,2872,2857,2856,2908,2899,2903,2904,2886,2870,2900,2814,2919,2945,2901,2909,2925,2903,2915,2888,2947,2993,2927,2948,2936,2945,2965,2931
TOF,239,268,307,311,2682,2610,2712,172,253,286,320,2785,2784,2762,2815,2803,285,309,2830,2844,2829,2807,2821,2842,2859,2832,2858,2860,2850,2847,2748,2856,2866,2878,2872,2873,2884,2860,2835,2871,2916,2899,2893,2875,2893,2898,2893,2875,2926,2938,2909,2901,2908,2914,2904,2849,2928,2953,2925,2934,2943,2944,2961,2913
TOF,241,266,304,2755,2652,2585,2691,173,256,288,329,2692,2807,2768,2795,2798,284,311,2835,2833,2824,2812,2775,2841,2868,2848,2843,2854,2844,2841,2754,2834,2864,2881,2866,2875,2881,2858,2859,2881,2907,2922,2881,2895,2879,2895,2893,2876,2928,2895,2903,2904,2902,2913,2918,2825,2957,2961,2920,2930,2928,2949,2977,2926
TOF,236,266,303,2647,2647,2577,2676,163,248,286,319,2765,2809,2766,2795,2819,280,310,2838,2833,2794,2828,2804,2838,2850,2867,2844,2852,2858,2821,2714,2851,2867,2867,2857,2870,2865,2889,2854,2917,2899,2905,2885,2879,2898,2901,2873,2913,2914,2895,2919,2914,2902,2907,2923,2882,2974,2960,2924,2930,2927,2941,2966,2923
TOF,230,264,304,2809,2704,2573,2761,170,250,289,335,2719,2807,2778,2792,2817,281,308,2844,2825,2820,2822,2789,2837,2857,2836,2854,2859,2854,2836,2746,2852,2900,2863,2864,2854,2870,2871,2831,2890,2971,2918,2888,2882,2884,2892,2881,2849,2910,2933,2897,2920,2920,2891,2912,2885,2965,2968,2960,2957,2935,2953,2961,2917
TOF,233,264,302,2740,2756,2579,2690,165,247,286,314,2716,2799,2770,2826,2804,279,316,2857,2827,2823,2808,2789,2860,2853,2839,2865,2850,2851,2839,2775,2863,2882,2859,2860,2867,2873,2861,2860,2871,2928,2896,2894,2881,2863,2903,2893,2909,2922,2923,2924,2898,2911,2916,2921,2944,2974,2959,2954,2929,2946,2942,2958,2938
TOF,236,263,302,2683,2758,2608,2707,172,250,283,322,2709,2782,2778,2803,2813,275,312,2808,2843,2823,2816,2770,2829,2844,2854,2838,2847,2844,2837,2750,2848,2886,2894,2868,2889,2854,2863,2855,2891,2921,2889,2894,2875,2885,2866,2889,2910,2920,2916,2904,2923,2908,2910,2916,2888,2940,2954,2942,2926,2954,2927,2970,2946
TOF,231,262,305,2711,2734,2606,2662,174,249,290,331,2724,2779,2789,2853,2819,274,314,2834,2820,2844,2811,2799,2845,2833,2834,2857,2846,2854,2839,2755,2842,2899,2865,2867,2853,2872,2852,2864,2870,2885,2901,2889,2865,2892,2887,2900,2855,2937,2928,2907,2928,2881,2921,2907,2829,2924,2939,2947,2970,2948,2921,2947,2922
TOF,233,268,306,2773,2730,2581,2716,185,250,293,311,2774,2810,2777,2778,2801,279,306,2834,2814,2813,2816,2782,2853,2855,2847,2851,2853,2852,2842,2707,2854,2861,2863,2859,2851,2871,2869,2866,2831,2896,2900,2883,2890,2879,2886,2881,2881,2916,2923,2894,2917,2870,2913,2909,2898,2932,2981,2954,2957,2932,2937,2967,2946
TOF,234,263,306,2762,2725,2606,2679,2732,245,287,315,2720,2809,2752,2797,2852,276,313,2827,2829,2827,2823,2775,2824,2855,2844,2842,2854,2847,2861,2719,2879,2875,2867,2870,2883,2852,2875,2831,2887,2924,2878,2925,2902,2904,2903,2885,2714,2906,2902,2898,2914,2917,2915,2908,2855,2952,2936,2925,2929,2934,2975,2933,2936
TOF,237,265,306,2791,2660,2593,2709,2773,250,292,331,2731,2800,2763,2773,2826,274,311,2831,2833,2825,2823,2758,2830,2868,2835,2871,2844,2837,2846,2724,2849,2880,2851,2884,2879,2857,2861,2866,2872,2928,2904,2878,2896,2891,2890,2886,2892,2933,2934,2908,2897,2900,2920,2926,2850,2904,2920,2931,2942,2944,2969,2962,2921
TOF,232,266,307,2719,2667,2577,2681,2794,245,290,321,2706,2809,2761,2815,2826,273,315,2829,2810,2836,2848,2745,2844,2849,2848,2858,2846,2854,2850,2718,2862,2872,2883,2863,2876,2862,2863,2849,2878,2890,2887,2894,2901,2874,2883,2886,2926,2935,2919,2893,2902,2905,2879,2897,2878,2941,2966,2948,2922,2923,2921,2944,2921
TOF,236,265,310,2784,2620,2584,2716,2763,245,289,330,2666,2799,2776,2807,2835,276,317,2834,2831,2841,2809,2712,2843,2850,2855,2857,2845,2848,2843,2728,2844,2879,2863,2872,2876,2886,2875,2848,2855,2903,2878,2886,2874,2890,2901,2893,2839,2921,2905,2926,2902,2900,2924,2899,2853,2939,2933,2947,2962,2924,2936,2971,2926
TOF,232,266,304,2684,2715,2621,2773,2762,247,295,320,2737,2802,2760,2794,2819,283,323,2816,2839,2837,2824,2744,2822,2849,2832,2857,2848,2859,2831,2706,2847,2862,2891,2848,2865,2878,2850,2847,2888,2881,2906,2886,2894,2893,2890,2881,2782,2904,2923,2937,2894,2922,2904,2928,2880,2958,2939,2944,2936,2933,2937,2972,2944
TOF,239,270,316,2698,2732,2605,2721,2787,245,294,319,2739,2801,2787,2814,2838,284,326,2813,2841,2834,2819,2719,2852,2854,2846,2862,2862,2859,2845,2733,2853,2865,2865,2859,2869,2879,2866,2856,2882,2926,2877,2897,2896,2885,2870,2890,2921,2943,2912,2889,2899,2889,2900,2915,2897,2971,2958,2947,2934,2947,2932,2948,2865
TOF,237,277,305,2728,2638,2598,2681,2795,247,299,323,2762,2816,2779,2806,2837,301,327,2824,2830,2845,2826,2766,2856,2866,2867,2859,2836,2862,2866,2707,2859,2898,2868,2875,2847,2860,2865,2826,2923,2942,2899,2901,2883,2877,2898,2895,2896,2911,2933,2907,2901,2884,2900,2922,2878,2960,2921,2951,2956,2948,2947,2941,2919
TOF,240,281,309,2718,2647,2588,2648,2747,250,305,335,2705,2804,2772,2795,2841,316,325,2820,2826,2827,2816,2756,2831,2859,2855,2848,2850,2854,2857,2721,2831,2884,2891,2854,2866,2870,2868,2856,2894,2902,2870,2890,2884,2856,2886,2890,2903,2910,2901,2917,2917,2894,2892,2898,2888,2932,2952,2940,2941,2941,2945,2950,2917
TOF,243,280,307,2752,2612,2562,2695,2799,247,302,328,2698,2810,2764,2807,2826,324,329,2823,2819,2823,2835,2714,2815,2854,2866,2886,2857,2866,2850,2738,2848,2865,2877,2869,2893,2866,2862,2849,2858,2920,2917,2886,2897,2893,2864,2875,2827,2900,2914,2928,2903,2885,2892,2911,2820,2938,2936,2967,2919,2929,2945,2975,2896
TOF,242,283,318,2767,2667,2583,2687,2816,253,303,336,2685,2804,2789,2810,2844,314,341,2810,2822,2822,2821,2724,2823,2852,2830,2835,2843,2836,2837,2740,2842,2896,2882,2868,2871,2888,2877,2843,2896,2928,2875,2904,2876,2892,2897,2880,2901,2906,2910,2902,2927,2916,2898,2941,2858,2969,2941,2949,2924,2941,2942,2957,2912
TOF,242,277,316,2823,2700,2600,2673,2787,247,299,2608,2707,2801,2750,2791,2816,334,350,2837,2845,2843,2837,2771,2835,2864,2845,2844,2856,2856,2857,2756,2845,2891,2885,2854,2884,2865,2879,2851,2858,2915,2873,2887,2891,2887,2871,2883,3017,2919,2906,2903,2893,2924,2912,2892,2854,2956,2980,2962,2910,2960,2926,2966,2901
TOF,243,282,312,2686,2603,2594,2711,2761,258,301,335,2732,2803,2786,2819,2862,332,332,2822,2828,2835,2829,2810,2862,2858,2837,2869,2846,2850,2824,2707,2866,2859,2868,2882,2864,2882,2876,2856,2877,2920,2875,2897,2906,2902,2876,2882,2906,2933,2895,2902,2894,2903,2909,2928,2807,2950,2903,2924,2942,2934,2942,2938,2915
TOF,242,289,311,2739,2598,2605,2662,2751,260,295,2581,2704,2807,2795,2835,2833,340,2827,2819,2836,2826,2816,2785,2835,2826,2846,2832,2851,2846,2849,2757,2834,2867,2872,2835,2863,2869,2857,2842,2882,2895,2889,2880,2898,2865,2895,2896,2885,2919,2912,2903,2928,2896,2925,2893,2874,2957,2963,2952,2955,2925,2940,2944,2935
TOF,248,282,325,2750,2657,2594,2632,2746,265,289,2587,2756,2849,2773,2805,2857,325,2811,2840,2823,2834,2811,2767,2840,2853,2856,2854,2852,2857,2844,2749,2836,2865,2862,2866,2886,2860,2870,2876,2868,2888,2893,2909,2889,2895,2895,2886,2912,2912,2915,2918,2930,2891,2895,2908,2855,2934,2925,2942,2904,2942,2933,2951,2865
TOF,245,284,320,2754,2597,2577,2720,2799,269,298,357,2695,2796,2772,2817,2836,336,2768,2832,2840,2839,2828,2714,2845,2851,2876,2856,2866,2856,2860,2742,2881,2879,2865,2857,2853,2864,2884,2882,2893,2913,2880,2895,2868,2867,2896,2902,2877,2897,2915,2896,2905,2911,2900,2902,2831,2946,2949,2937,2926,2941,2933,2952,2894
TOF,244,287,317,2709,2647,2592,2699,2775,273,302,2603,2722,2781,2771,2822,2828,349,2812,2823,2826,2830,2817,2711,2838,2829,2856,2852,2861,2842,2853,2771,2838,2876,2868,2866,2845,2860,2860,2849,2882,2904,2871,2880,2885,2888,2874,2885,2909,2904,2933,2911,2901,2923,2894,2915,2818,2948,2947,2929,2942,2932,2910,2939,2877
TOF,242,289,317,2713,2639,2628,2692,2769,270,304,2648,2701,2801,2775,2832,2790,339,2808,2816,2830,2856,2810,2760,2857,2834,2835,2855,2842,2843,2838,2729,2873,2867,2886,2880,2871,2879,2869,2847,2859,2900,2898,2903,2889,2870,2899,2879,2821,2932,2925,2905,2898,2910,2898,2905,2895,2961,2933,2936,2945,2931,2923,2962,2863
TOF,241,288,323,2694,2636,2568,2662,2770,268,307,357,2687,2817,2756,2801,2833,315,2805,2854,2822,2843,2801,2784,2841,2851,2856,2851,2854,2847,2860,2751,2853,2874,2887,2870,2891,2870,2869,2868,2862,2896,2889,2861,2898,2890,2885,2872,2756,2921,2940,2900,2887,2912,2928,2888,2931,2965,2950,2962,2971,2927,2956,2940,2889
TOF,247,288,324,2776,2655,2612,2735,2752,272,305,2608,2734,2783,2780,2795,2834,329,2807,2837,2843,2822,2830,2804,2836,2855,2851,2848,2849,2858,2849,2760,2860,2891,2860,2874,2853,2847,2852,2855,2905,2884,2892,2873,2879,2894,2885,2886,2853,2926,2913,2928,2893,2900,2902,2892,2839,2970,2971,2938,2930,2938,2945,2944,2967
TOF,243,290,331,2781,2713,2582,2678,2785,273,297,2634,2731,2778,2776,2795,2820,341,2799,2826,2837,2836,2817,2788,2818,2846,2854,2849,2870,2860,2852,2719,2882,2894,2888,2860,2880,2862,2858,2850,2897,2947,2885,2892,2893,2871,2895,2869,2878,2929,2927,2906,2925,2906,2879,2930,2844,2953,2939,2936,2937,2959,2934,2934,2921
TOF,246,286,308,2846,2758,2589,2711,2772,275,305,2578,2748,2787,2801,2818,2829,335,2781,2836,2830,2830,2833,2750,2829,2846,2847,2847,2861,2839,2869,2730,2838,2885,2892,2864,2872,2869,2875,2861,2846,2925,2881,2875,2873,2879,2875,2886,2817,2923,2911,2893,2881,2912,2894,2935,2848,2955,2952,2969,2925,2938,2928,2953,2909
TOF,244,289,317,2717,2647,2574,2738,2783,271,309,2599,2707,2821,2773,2804,2829,339,2778,2843,2829,2845,2826,2659,2845,2860,2853,2849,2852,2858,2851,2765,2845,2904,2876,2871,2867,2875,2866,2842,2871,2905,2923,2887,2881,2894,2884,2907,2895,2916,2931,2899,2881,2894,2910,2923,2966,2916,2943,2932,2972,2970,2934,2956,2940
TOF,244,287,313,2697,2676,2610,2665,2726,263,302,2592,2732,2808,2779,2817,2827,355,2788,2828,2827,2845,2818,2774,2828,2851,2850,2849,2844,2845,2842,2731,2845,2864,2881,2868,2887,2848,2874,2843,2875,2919,2900,2891,2885,2896,2878,2871,2823,2940,2901,2910,2925,2886,2902,2901,2869,2962,2967,2919,2952,2941,2952,2936,2899
TOF,243,291,310,2656,2625,2584,2678,2739,264,308,2554,2720,2801,2780,2788,2821,336,2776,2844,2817,2827,2825,2788,2824,2851,2853,2855,2834,2848,2842,2714,2837,2878,2865,2889,2888,2862,2880,2827,2891,2884,2883,2891,2905,2874,2892,2869,2753,2928,2924,2926,2888,2917,2899,2908,2906,2965,2977,2980,2963,2910,2936,2967,2938
TOF,242,290,333,2744,2623,2591,2680,2752,262,309,2573,2705,2802,2771,2805,2853,347,2799,2814,2828,2835,2828,2802,2840,2844,2845,2845,2833,2864,2825,2744,2840,2872,2885,2871,2889,2877,2850,2861,2854,2891,2893,2885,2895,2882,2884,2912,2928,2933,2907,2906,2893,2917,2894,2920,2818,2946,2934,2930,2925,2939,2960,2961,2924
TOF,241,286,319,2789,2700,2573,2674,2805,260,306,2696,2793,2802,2793,2801,2803,327,2841,2834,2834,2808,2815,2749,2851,2843,2848,2852,2853,2824,2870,2710,2865,2900,2867,2853,2874,2862,2869,2860,2838,2902,2866,2892,2885,2870,2900,2886,2913,2945,2920,2903,2911,2912,2906,2932,2871,2940,2952,2934,2939,2948,2923,2954,2909
TOF,241,282,316,2708,2583,2591,2656,2763,264,297,364,2699,2797,2770,2799,2824,319,2831,2830,2831,2843,2817,2712,2829,2848,2840,2835,2839,2839,2847,2716,2842,2866,2840,2875,2869,2857,2865,2849,2869,2929,2888,2874,2879,2911,2888,2893,2924,2915,2912,2924,2918,2913,2898,2913,2836,2973,2956,2966,2944,2959,2926,2899,2908
TOF,240,284,327,2715,2543,2603,2697,2796,267,304,2669,2666,2817,2756,2798,2832,310,2819,2824,2819,2833,2817,2836,2821,2862,2843,2866,2860,2852,2849,2740,2845,2855,2846,2868,2871,2873,2861,2856,2882,2907,2870,2877,2889,2885,2907,2879,2901,2948,2902,2890,2910,2911,2907,2920,2786,2928,2960,2936,2951,2918,2942,2957,2947
TOF,242,285,313,2707,2659,2615,2709,2779,263,305,316,2676,2794,2785,2786,2844,319,2803,2841,2826,2834,2839,2786,2844,2877,2853,2874,2866,2840,2844,2709,2847,2884,2871,2870,2872,2881,2865,2842,2871,2905,2905,2872,2906,2846,2873,2875,2786,2951,2900,2904,2902,2895,2913,2904,2836,2902,2934,2959,2930,2925,2950,2953,2943
TOF,244,287,315,2692,2602,2582,2695,2764,267,306,2647,2695,2791,2774,2804,2819,345,2778,2823,2829,2835,2851,2855,2840,2850,2848,2840,2853,2843,2837,2713,2839,2860,2892,2874,2875,2879,2865,2840,2862,2929,2904,2885,2880,2888,2878,2905,2814,2926,2909,2916,2919,2924,2904,2879,2762,2962,2954,2949,2950,2929,2956,2948,2875
TOF,242,287,322,2758,2643,2575,2736,2722,261,307,2665,2738,2804,2781,2817,2820,323,2816,2826,2818,2826,2831,2776,2833,2849,2851,2849,2845,2857,2840,2692,2838,2867,2874,2861,2866,2860,2846,2852,2858,2902,2883,2877,2889,2911,2897,2910,2825,2924,2952,2901,2911,2884,2908,2901,2815,2958,2941,2944,2951,2925,2940,2917,2877
TOF,245,286,321,2721,2597,2599,2655,2770,267,305,2620,2698,2800,2779,2807,2820,348,2760,2806,2813,2844,2827,2838,2835,2849,2863,2844,2843,2845,2846,2741,2853,2866,2855,2861,2871,2875,2868,2850,2845,2902,2888,2900,2870,2885,2888,2898,2868,2904,2920,2910,2898,2906,2917,2926,2858,2952,2937,2933,2928,2911,2936,2956,2916
TOF,241,284,333,2734,2611,2623,2661,2784,269,299,2630,2681,2805,2763,2794,2839,335,2812,2829,2828,2838,2859,2823,2831,2865,2846,2855,2855,2849,2869,2715,2849,2865,2882,2880,2854,2864,2873,2841,2842,2890,2878,2889,2893,2896,2855,2889,2875,2915,2914,2930,2922,2921,2887,2938,2842,2945,2949,2926,2926,2982,2947,2946,2943
TOF,244,290,319,2746,2648,2543,2671,2802,271,312,2614,2705,2802,2751,2805,2809,344,2795,2822,2823,2832,2837,2733,2832,2849,2848,2846,2850,2839,2861,2765,2843,2889,2863,2879,2855,2872,2863,2851,2903,2905,2885,2898,2876,2935,2874,2878,2826,2915,2909,2919,2898,2932,2890,2919,2863,2966,2994,2946,2908,2969,2956,2956,2961
TOF,241,288,323,2691,2649,2589,2698,2774,272,306,2622,2700,2817,2765,2782,2831,347,2793,2826,2826,2842,2833,2762,2848,2854,2854,2858,2847,2855,2853,2699,2828,2891,2881,2861,2874,2892,2861,2843,2915,2916,2868,2892,2890,2919,2884,2897,2814,2909,2930,2911,2920,2899,2904,2938,2846,2949,2930,2921,2940,2955,2949,2953,2938
TOF,243,289,331,2759,2674,2607,2673,2720,269,312,2585,2728,2796,2777,2805,2818,2691,2804,2825,2835,2838,2816,2687,2827,2872,2852,2835,2851,2850,2855,2708,2857,2885,2895,2860,2870,2864,2849,2868,2847,2856,2889,2876,2888,2902,2888,2897,2854,2943,2900,2916,2903,2910,2904,2916,2909,2928,2948,2918,2953,2928,2935,2928,2880
TOF,241,289,330,2728,2639,2574,2651,2774,271,316,2618,2709,2801,2765,2819,2818,347,2841,2830,2823,2806,2794,2867,2834,2868,2844,2834,2860,2849,2842,2751,2848,2885,2870,2861,2865,2872,2887,2864,2878,2912,2864,2890,2883,2890,2868,2876,2880,2922,2930,2928,2885,2918,2893,2944,2911,2911,2906,2936,2937,2925,2947,2938,2889
TOF,239,294,323,2730,2583,2573,2707,2795,269,301,2611,2736,2795,2789,2833,2830,2665,2801,2827,2832,2845,2844,2766,2853,2854,2817,2837,2854,2849,2842,2723,2850,2892,2878,2868,2869,2869,2847,2865,2858,2884,2892,2887,2903,2898,2891,2887,2919,2910,2921,2896,2925,2909,2926,2895,2946,2933,2915,2960,2922,2976,2914,2980,2945
TOF,241,289,336,2736,2620,2599,2719,2817,265,304,2628,2671,2774,2760,2808,2833,341,2777,2830,2860,2817,2848,2764,2805,2840,2843,2866,2844,2838,2836,2752,2868,2856,2889,2861,2860,2843,2861,2860,2857,2911,2868,2888,2888,2878,2893,2890,2892,2934,2914,2918,2918,2902,2914,2897,2946,2931,2962,2932,2930,2925,2962,2934,2904
TOF,244,299,319,2721,2562,2582,2664,2819,268,314,2624,2724,2799,2772,2801,2816,324,2796,2845,2833,2842,2816,2743,2860,2871,2849,2854,2853,2863,2841,2770,2842,2901,2868,2854,2885,2859,2872,2848,2889,2903,2913,2881,2896,2899,2884,2887,2820,2927,2910,2915,2912,2929,2897,2907,2942,2929,2968,2943,2929,2943,2934,2944,2877
TOF,244,290,311,2672,2612,2584,2703,2783,269,312,2623,2727,2800,2740,2796,2837,327,2807,2825,2848,2829,2819,2674,2885,2843,2837,2848,2845,2856,2852,2726,2841,2862,2884,2876,2868,2859,2856,2854,2912,2938,2878,2900,2888,2877,2901,2891,2855,2925,2915,2893,2911,2898,2915,2899,2875,2954,2934,2961,2950,2941,2945,2963,2911
TOF,242,288,322,2767,2617,2583,2712,2720,271,310,2639,2726,2802,2780,2805,2828,337,2815,2820,2816,2832,2859,2804,2848,2866,2859,2847,2859,2841,2838,2725,2841,2888,2873,2867,2869,2869,2866,2849,2876,2905,2879,2865,2903,2893,2880,2909,2880,2925,2917,2908,2919,2904,2921,2942,2856,2964,2937,2947,2946,2952,2937,2983,2976
TOF,239,287,326,2769,2633,2586,2680,2801,271,312,2582,2735,2782,2792,2802,2849,2649,2780,2803,2837,2827,2825,2723,2848,2844,2837,2856,2854,2834,2846,2740,2856,2869,2876,2860,2892,2862,2845,2869,2854,2928,2869,2887,2894,2911,2895,2886,2937,2911,2908,2891,2913,2903,2898,2926,2890,2957,2941,2945,2947,2958,2929,2941,2913
TOF,243,288,321,2698,2669,2593,2611,2745,272,304,2620,2717,2795,2737,2838,2811,336,2806,2834,2819,2834,2817,2743,2819,2843,2853,2857,2859,2868,2837,2743,2861,2892,2882,2862,2861,2874,2871,2848,2850,2896,2918,2891,2892,2902,2861,2875,2916,2939,2921,2904,2901,2898,2910,2921,2894,2950,2956,2919,2907,2938,2923,2969,2914
[0;32mI (22768) TOF_VL53L8CX: Ranging OFF[0m
[0;32mI (42788) TOF_VL53L8CX: Ranging ON[0m
TOF,2273,2323,2378,2404,2787,2747,2684,2613,2519,2793,2736,2640,2644,2648,2677,2822,2659,2715,2804,2841,2836,2840,2737,2836,2880,2863,2853,2868,2851,2820,2715,2847,2912,2882,2883,2864,2858,2854,2849,2842,2905,2903,2845,2885,2855,2860,2850,2877,2921,2897,2881,2883,2895,2858,2879,2849,2900,2911,2905,2920,2884,2874,2867,2755
TOF,2237,2342,2336,2701,2689,2743,2672,2648,2601,2755,2680,2633,2665,2730,2622,2766,2667,2776,2830,2833,2790,2852,2707,2860,2883,2870,2863,2863,2854,2834,2742,2833,2898,2875,2890,2832,2865,2857,2803,2866,2941,2882,2873,2856,2863,2867,2823,2853,2893,2886,2889,2880,2852,2886,2860,2850,2912,2921,2921,2912,2915,2909,2880,2885
TOF,2258,2305,2343,2824,2777,2812,2669,2602,2624,2745,2672,2663,2651,2723,2631,2804,2718,2742,2828,2837,2835,2822,2718,2821,2860,2871,2857,2847,2844,2821,2724,2825,2892,2854,2875,2881,2864,2851,2812,2840,2942,2879,2872,2875,2853,2866,2840,2839,2913,2887,2902,2895,2874,2854,2857,2791,2933,2935,2907,2940,2907,2878,2897,2781
TOF,2271,2297,2362,2725,2741,2677,2585,2592,2833,2759,2656,2677,2688,2749,2706,2816,2704,2778,2829,2827,2847,2812,2800,2827,2889,2859,2843,2850,2849,2850,2823,2804,2883,2885,2862,2883,2848,2858,2827,2847,2908,2909,2905,2881,2882,2844,2853,2827,2924,2918,2882,2895,2868,2860,2853,2801,2956,2941,2921,2926,2899,2886,2895,2833
TOF,2220,2313,2317,2749,2756,2751,2661,2648,2759,2760,2684,2629,2759,2749,2711,2815,2714,2748,2839,2834,2833,2832,2684,2823,2860,2867,2851,2858,2817,2840,2770,2837,2876,2878,2890,2857,2848,2845,2812,2829,2922,2918,2903,2880,2876,2839,2831,2831,2907,2895,2894,2889,2879,2880,2879,2791,2952,2944,2930,2905,2893,2891,2905,2779
TOF,2272,2323,2305,2720,2767,2738,2606,2664,2770,2822,2716,2619,2724,2738,2675,2833,2720,2763,2821,2813,2850,2822,2696,2806,2844,2883,2861,2846,2847,2836,2791,2819,2915,2869,2863,2854,2864,2851,2808,2823,2964,2879,2886,2870,2855,2846,2844,2864,2907,2902,2892,2879,2884,2885,2881,2725,2927,2908,2910,2917,2923,2891,2887,2831
TOF,2287,2341,2272,2423,2769,2706,2657,2668,2865,2710,2667,2622,2713,2763,2680,2777,2689,2797,2815,2833,2828,2828,2716,2816,2868,2869,2876,2851,2844,2855,2745,2833,2905,2861,2880,2873,2866,2861,2807,2834,2939,2893,2906,2874,2866,2867,2852,2908,2946,2895,2897,2886,2868,2879,2844,2846,2928,2938,2945,2904,2881,2889,2906,2843
TOF,2256,2260,2323,2784,2758,2745,2645,2578,2845,2808,2668,2610,2740,2734,2666,2811,2701,2749,2817,2850,2847,2817,2683,2812,2886,2863,2854,2851,2814,2834,2778,2819,2914,2902,2854,2855,2844,2839,2819,2859,2900,2868,2872,2882,2886,2846,2851,2854,2872,2909,2889,2884,2864,2839,2861,2870,2938,2918,2920,2905,2902,2909,2901,2852
TOF,2250,2315,2363,2702,2788,2811,2645,2597,2824,2741,2645,2644,2723,2732,2749,2823,2707,2760,2855,2837,2824,2825,2693,2827,2876,2873,2877,2863,2823,2829,2750,2814,2889,2888,2863,2859,2860,2852,2834,2826,2930,2899,2871,2898,2872,2841,2851,2897,2934,2905,2898,2869,2883,2876,2864,2811,2953,2909,2910,2894,2898,2886,2896,2858
TOF,2254,2315,2360,2773,2759,2641,2592,2599,2786,2810,2654,2637,2736,2760,2667,2809,2658,2756,2837,2832,2820,2827,2713,2815,2891,2877,2851,2864,2866,2852,2763,2834,2903,2879,2865,2855,2866,2847,2828,2842,2911,2901,2900,2892,2866,2855,2848,2807,2940,2912,2885,2856,2879,2858,2876,2765,2945,2962,2936,2897,2902,2895,2878,2843
TOF,2267,2314,2339,2790,2763,2758,2598,2586,2713,2821,2622,2629,2681,2712,2672,2815,2674,2755,2838,2854,2831,2854,2742,2838,2890,2887,2861,2853,2834,2826,2755,2840,2913,2880,2869,2854,2845,2847,2849,2825,2907,2906,2894,2880,2861,2867,2848,2856,2920,2920,2902,2882,2875,2871,2871,2767,2957,2935,2914,2903,2920,2876,2885,2906
TOF,2296,2361,2342,2717,2806,2706,2618,2591,2803,2774,2644,2634,2676,2725,2721,2820,2680,2734,2859,2850,2828,2827,2710,2826,2914,2873,2862,2846,2840,2838,2770,2823,2907,2889,2863,2868,2860,2857,2833,2834,2905,2878,2874,2870,2875,2860,2861,2889,2908,2907,2894,2878,2883,2878,2890,2836,2987,2922,2930,2916,2908,2894,2905,2863
TOF,2263,2338,2365,2758,2760,2682,2609,2581,2830,2681,2674,2604,2654,2752,2661,2830,2706,2753,2845,2815,2845,2844,2735,2827,2861,2865,2864,2855,2836,2817,2753,2819,2892,2885,2874,2866,2856,2836,2821,2826,2932,2882,2889,2852,2871,2868,2844,2830,2937,2908,2915,2896,2891,2867,2880,2872,2948,2933,2915,2899,2895,2872,2889,2863
TOF,2261,2315,2346,2714,2775,2673,2612,2617,2789,2717,2692,2590,2683,2758,2655,2783,2709,2795,2857,2827,2845,2817,2680,2827,2857,2879,2865,2877,2849,2822,2748,2810,2890,2893,2884,2853,2840,2835,2816,2827,2930,2897,2891,2895,2881,2849,2848,2818,2932,2900,2898,2895,2874,2884,2834,2884,2954,2949,2942,2904,2853,2898,2907,2837
TOF,2295,2330,2343,2790,2724,2795,2678,2611,2758,2729,2632,2626,2692,2762,2559,2799,2639,2754,2812,2830,2843,2825,2720,2827,2884,2885,2861,2860,2837,2844,2754,2819,2916,2856,2859,2870,2854,2838,2834,2858,2916,2895,2886,2895,2865,2856,2854,2870,2925,2916,2899,2873,2882,2883,2845,2750,2946,2939,2943,2918,2905,2908,2882,2887
TOF,2258,2330,2322,2790,2766,2742,2761,2616,2807,2790,2727,2631,2675,2695,2683,2772,2652,2749,2840,2861,2838,2831,2625,2809,2861,2868,2871,2886,2842,2835,2783,2843,2870,2896,2864,2870,2854,2838,2828,2828,2899,2876,2891,2884,2857,2858,2860,2871,2939,2897,2885,2885,2877,2869,2855,2850,2912,2948,2923,2934,2890,2891,2870,2872
TOF,2157,2250,2370,2756,2840,2851,2664,2626,2788,2767,2682,2676,2749,2731,2738,2824,2667,2778,2841,2846,2854,2832,2685,2825,2909,2874,2869,2864,2850,2840,2774,2825,2900,2889,2854,2873,2862,2843,2829,2863,2934,2878,2878,2884,2874,2858,2842,2785,2923,2904,2905,2892,2864,2869,2857,2812,2926,2913,2945,2903,2903,2901,2869,2735
TOF,2237,2281,2331,2774,2755,2708,2608,2640,2828,2797,2631,2605,2683,2802,2625,2795,2700,2724,2815,2854,2837,2824,2689,2821,2881,2861,2867,2860,2859,2825,2784,2817,2895,2900,2877,2856,2859,2863,2829,2840,2948,2880,2890,2874,2856,2856,2838,2846,2933,2899,2897,2862,2904,2869,2865,2775,2925,2949,2923,2909,2903,2895,2887,2831
TOF,2277,2261,2323,2684,2780,2729,2624,2656,2800,2769,2703,2624,2654,2714,2686,2809,2679,2768,2795,2827,2828,2822,2676,2828,2907,2857,2866,2875,2833,2825,2782,2821,2897,2889,2858,2882,2853,2832,2828,2827,2878,2887,2867,2880,2884,2845,2842,2859,2905,2917,2895,2899,2896,2868,2861,2835,2922,2934,2918,2902,2909,2887,2916,2812
TOF,2265,2283,2271,2793,2781,2732,2671,2632,2836,2752,2716,2591,2710,2728,2660,2822,2685,2731,2804,2845,2845,2817,2681,2807,2868,2874,2861,2836,2834,2844,2745,2835,2908,2890,2857,2877,2857,2868,2859,2817,2930,2878,2872,2888,2862,2847,2852,2862,2943,2912,2903,2877,2860,2872,2883,2770,2936,2931,2934,2913,2929,2904,2864,2867
TOF,2279,2307,2393,2819,2804,2757,2697,2605,2814,2713,2712,2669,2720,2725,2677,2789,2666,2741,2818,2836,2830,2806,2650,2819,2891,2905,2876,2853,2846,2852,2822,2822,2898,2894,2862,2874,2840,2834,2827,2836,2946,2902,2896,2876,2848,2866,2848,2921,2935,2917,2879,2891,2869,2845,2852,2800,2963,2917,2914,2922,2900,2888,2890,2864
TOF,2267,2293,2372,2763,2769,2817,2658,2600,2806,2659,2631,2622,2634,2747,2647,2791,2668,2740,2808,2857,2833,2803,2661,2820,2886,2875,2855,2859,2840,2852,2776,2818,2916,2870,2891,2884,2837,2848,2827,2845,2935,2886,2882,2869,2874,2884,2845,2788,2914,2918,2873,2889,2895,2864,2856,2868,2909,2936,2909,2939,2886,2879,2910,2833
TOF,2285,2322,2332,2797,2731,2768,2564,2618,2718,2791,2642,2642,2641,2754,2650,2818,2694,2752,2826,2851,2847,2822,2704,2833,2884,2880,2855,2860,2857,2824,2781,2820,2904,2890,2878,2867,2854,2852,2854,2835,2897,2874,2886,2871,2887,2871,2860,2817,2908,2921,2903,2913,2881,2858,2857,2832,2920,2942,2922,2883,2905,2896,2883,2785
TOF,2307,2286,2290,2734,2768,2653,2613,2646,2821,2750,2684,2613,2680,2780,2692,2821,2707,2733,2771,2835,2820,2818,2724,2820,2882,2880,2856,2876,2836,2825,2796,2824,2913,2896,2877,2873,2861,2842,2835,2842,2930,2908,2874,2893,2842,2857,2848,2868,2922,2900,2908,2889,2888,2873,2858,2808,2935,2965,2907,2898,2898,2893,2907,2794
TOF,2286,2301,2392,2770,2773,2733,2551,2686,2786,2764,2648,2682,2692,2740,2676,2795,2728,2750,2812,2850,2829,2802,2677,2788,2882,2867,2859,2863,2855,2870,2774,2820,2930,2879,2878,2854,2870,2871,2833,2859,2925,2917,2886,2891,2875,2863,2863,2866,2927,2907,2906,2876,2883,2853,2858,2866,2924,2940,2934,2929,2909,2889,2911,2792
TOF,2265,2310,2309,2741,2798,2693,2586,2643,2794,2800,2681,2656,2674,2739,2662,2802,2701,2759,2847,2842,2833,2809,2723,2815,2876,2893,2881,2876,2860,2835,2795,2816,2916,2895,2855,2855,2862,2866,2798,2831,2938,2914,2883,2871,2869,2867,2820,2834,2937,2903,2927,2889,2886,2862,2871,2865,2952,2924,2901,2920,2910,2886,2885,2867
TOF,2270,2295,2312,2725,2794,2700,2630,2643,2844,2728,2621,2657,2687,2728,2672,2807,2673,2788,2862,2824,2806,2823,2741,2819,2862,2880,2875,2846,2845,2827,2778,2841,2903,2892,2868,2853,2842,2846,2802,2861,2913,2875,2883,2870,2883,2871,2846,2820,2901,2924,2905,2880,2888,2862,2855,2800,2927,2927,2937,2897,2888,2905,2893,2891
TOF,2248,2335,2351,2801,2732,2693,2660,2587,2814,2689,2666,2621,2685,2757,2624,2788,2666,2742,2814,2849,2820,2844,2737,2812,2868,2884,2860,2863,2869,2823,2778,2809,2892,2902,2867,2877,2847,2850,2834,2853,2920,2885,2863,2885,2866,2874,2821,2872,2917,2896,2880,2875,2871,2874,2868,2894,2932,2929,2929,2905,2910,2891,2902,2797
TOF,2192,2348,2375,2363,2743,2811,2709,2612,2778,2762,2681,2598,2697,2744,2692,2825,2652,2742,2812,2845,2840,2832,2747,2824,2879,2856,2876,2863,2835,2853,2771,2818,2892,2864,2849,2869,2838,2857,2823,2849,2917,2890,2896,2849,2865,2859,2866,2780,2929,2908,2909,2909,2887,2880,2870,2871,2966,2923,2923,2926,2880,2875,2906,2882
TOF,2242,2289,2318,2711,2775,2751,2731,2586,2799,2703,2654,2634,2640,2777,2712,2834,2716,2737,2836,2834,2830,2815,2685,2815,2862,2866,2873,2869,2853,2853,2732,2824,2939,2894,2866,2878,2858,2855,2825,2826,2918,2904,2888,2874,2889,2878,2839,2788,2908,2908,2912,2886,2892,2868,2868,2861,2968,2957,2948,2900,2916,2879,2905,2806
TOF,2228,2314,2393,2684,2762,2806,2709,2575,2789,2752,2638,2649,2696,2779,2714,2818,2660,2755,2831,2834,2816,2832,2734,2822,2887,2874,2857,2864,2834,2839,2752,2827,2924,2878,2871,2859,2874,2837,2847,2818,2909,2907,2881,2891,2877,2849,2858,2785,2917,2899,2906,2886,2889,2880,2859,2863,2967,2919,2918,2922,2913,2901,2894,2874
TOF,2279,2308,2369,2755,2749,2738,2623,2611,2830,2751,2651,2612,2676,2771,2746,2807,2677,2756,2852,2853,2832,2843,2679,2829,2889,2872,2865,2868,2843,2840,2800,2844,2941,2892,2870,2871,2863,2851,2834,2844,2913,2895,2892,2889,2859,2858,2851,2848,2944,2889,2901,2876,2883,2878,2862,2809,2931,2930,2905,2899,2897,2884,2913,2804
TOF,2261,2295,2369,2667,2794,2699,2586,2620,2764,2753,2701,2626,2668,2776,2654,2779,2645,2759,2820,2836,2845,2829,2677,2824,2895,2879,2871,2858,2843,2854,2782,2847,2910,2878,2871,2862,2866,2835,2850,2862,2940,2893,2901,2888,2853,2862,2887,2820,2932,2912,2865,2878,2863,2875,2852,2769,2947,2965,2946,2930,2887,2897,2907,2907
TOF,2302,2303,2353,2725,2783,2703,2613,2595,2703,2789,2666,2668,2666,2770,2642,2774,2693,2775,2833,2840,2846,2831,2702,2818,2881,2897,2853,2859,2851,2846,2756,2810,2916,2882,2875,2861,2871,2846,2851,2850,2898,2889,2873,2884,2853,2860,2847,2710,2932,2921,2898,2913,2870,2874,2865,2860,2959,2932,2930,2920,2908,2920,2890,2891
TOF,2205,2285,2293,2426,2676,2676,2587,2572,2656,2757,2653,2614,2700,2749,2659,2775,2693,2772,2840,2839,2831,2795,2706,2835,2889,2864,2873,2865,2850,2844,2745,2852,2875,2909,2881,2890,2848,2853,2840,2808,2940,2891,2883,2871,2876,2860,2842,2829,2936,2889,2897,2930,2878,2890,2862,2884,2916,2914,2921,2890,2881,2911,2905,2930
TOF,2274,2310,2318,2767,2717,2740,2690,2641,2749,2719,2680,2598,2685,2699,2654,2788,2693,2776,2836,2825,2841,2812,2696,2841,2880,2874,2885,2860,2850,2806,2764,2816,2913,2880,2871,2865,2857,2858,2826,2827,2886,2898,2909,2869,2853,2859,2861,2914,2907,2910,2903,2912,2845,2867,2866,2861,2965,2913,2908,2891,2907,2883,2915,2855
TOF,2243,2301,2369,2747,2750,2778,2584,2596,2744,2746,2620,2597,2728,2764,2698,2810,2669,2771,2856,2839,2834,2808,2654,2833,2892,2893,2868,2861,2826,2850,2798,2809,2941,2883,2866,2857,2846,2858,2820,2821,2925,2877,2894,2880,2851,2864,2853,2857,2928,2920,2898,2878,2894,2876,2857,2909,2947,2918,2923,2912,2919,2887,2900,2773
TOF,2263,2318,2363,2767,2766,2660,2724,2627,2797,2724,2701,2677,2711,2767,2676,2829,2716,2753,2811,2835,2841,2820,2673,2841,2888,2863,2871,2849,2836,2843,2779,2814,2877,2889,2865,2871,2866,2849,2825,2833,2937,2881,2874,2860,2868,2883,2822,2859,2916,2890,2888,2893,2893,2873,2881,2807,2924,2928,2926,2913,2897,2906,2904,2812
TOF,2260,2301,2359,2784,2793,2812,2764,2598,2818,2746,2620,2644,2676,2743,2691,2828,2698,2763,2835,2832,2847,2822,2677,2816,2869,2871,2872,2848,2844,2840,2766,2819,2889,2875,2871,2870,2848,2862,2814,2854,2920,2890,2857,2875,2867,2884,2865,2803,2923,2899,2900,2889,2872,2889,2870,2896,2939,2925,2929,2908,2909,2889,2919,2851
TOF,2315,2334,2334,2732,2780,2761,2572,2592,2818,2668,2682,2609,2669,2761,2662,2792,2671,2782,2856,2839,2832,2803,2706,2826,2855,2896,2860,2856,2848,2859,2762,2812,2919,2876,2887,2851,2848,2850,2826,2806,2924,2904,2873,2879,2868,2857,2839,2796,2921,2921,2889,2885,2869,2874,2869,2799,2926,2973,2953,2924,2911,2900,2904,2861
TOF,2337,2351,2359,2734,2772,2736,2611,2564,2801,2635,2660,2624,2709,2736,2703,2822,2688,2786,2817,2844,2832,2827,2687,2805,2872,2865,2870,2882,2848,2835,2809,2822,2944,2901,2893,2864,2876,2846,2828,2860,2929,2908,2887,2882,2911,2860,2843,2823,2923,2942,2897,2913,2888,2878,2872,2832,2949,2968,2920,2927,2914,2893,2887,2809
TOF,2307,2330,2350,2760,2736,2727,2590,2588,2799,2724,2658,2625,2743,2779,2643,2789,2741,2787,2835,2832,2842,2816,2649,2817,2877,2864,2869,2853,2850,2808,2805,2825,2923,2900,2863,2850,2843,2854,2834,2839,2940,2921,2887,2873,2871,2858,2868,2847,2950,2924,2874,2905,2859,2871,2894,2866,2978,2943,2944,2936,2899,2900,2908,2805
TOF,2284,2322,2381,2744,2791,2676,2571,2625,2784,2682,2638,2665,2753,2771,2683,2800,2734,2803,2846,2826,2811,2813,2687,2825,2907,2889,2870,2862,2852,2833,2774,2819,2909,2885,2895,2872,2862,2853,2825,2793,2924,2904,2913,2887,2884,2858,2872,2849,2914,2927,2916,2911,2864,2882,2860,2897,2986,2947,2934,2943,2908,2914,2912,2851
TOF,2317,2286,2750,2775,2740,2637,2573,2621,2742,2665,2636,2639,2761,2771,2697,2774,2735,2814,2851,2830,2820,2835,2676,2816,2906,2882,2860,2852,2860,2842,2779,2806,2927,2900,2848,2889,2882,2854,2857,2821,2934,2916,2861,2886,2879,2881,2872,2840,2944,2899,2913,2907,2892,2879,2899,2744,2966,2954,2941,2948,2963,2894,2918,2893
TOF,2268,2288,2473,2789,2585,2643,2580,2662,2768,2728,2642,2673,2740,2797,2629,2799,2735,2776,2819,2852,2828,2814,2680,2815,2880,2871,2852,2845,2844,2830,2803,2827,2911,2873,2881,2877,2871,2864,2828,2822,2934,2919,2882,2890,2874,2875,2865,2747,2934,2916,2922,2926,2881,2884,2886,2788,2991,2939,2941,2914,2939,2924,2892,2893
TOF,2266,2306,2384,2725,2705,2615,2653,2648,2819,2708,2629,2604,2731,2800,2670,2787,2720,2837,2857,2834,2827,2826,2625,2807,2879,2875,2883,2847,2838,2840,2778,2832,2960,2908,2878,2863,2867,2867,2846,2833,2910,2905,2895,2895,2888,2856,2860,2818,2950,2913,2928,2910,2899,2873,2854,2871,2948,2942,2957,2925,2924,2921,2929,2816
TOF,2303,2309,2839,2753,2794,2580,2553,2601,2815,2696,2625,2640,2770,2793,2626,2809,2726,2799,2824,2835,2840,2825,2703,2778,2880,2861,2857,2868,2851,2837,2842,2840,2906,2903,2864,2883,2864,2835,2823,2844,2904,2903,2866,2876,2881,2873,2865,2843,2929,2928,2914,2898,2895,2883,2887,2824,2932,2961,2954,2943,2915,2921,2915,2890
TOF,2312,2317,2767,2749,2817,2663,2587,2646,2744,2743,2633,2695,2744,2777,2716,2783,2715,2797,2849,2854,2834,2808,2681,2814,2859,2861,2861,2867,2858,2822,2763,2815,2914,2890,2874,2868,2877,2841,2834,2793,2926,2911,2893,2889,2855,2864,2866,2844,2963,2921,2921,2914,2908,2890,2876,2818,2989,2967,2905,2912,2929,2918,2895,2876
TOF,2283,2314,2693,2739,2684,2632,2603,2612,2692,2848,2625,2661,2753,2779,2688,2823,2718,2824,2838,2835,2828,2817,2678,2828,2891,2884,2853,2846,2846,2859,2776,2808,2906,2883,2884,2884,2865,2845,2836,2826,2907,2891,2886,2889,2895,2880,2865,2852,2963,2925,2892,2925,2900,2884,2880,2784,2988,2979,2933,2931,2931,2907,2906,2852
TOF,2228,2314,2693,2763,2741,2685,2619,2608,2790,2650,2601,2678,2744,2819,2692,2788,2745,2817,2842,2835,2825,2800,2727,2826,2898,2860,2854,2866,2872,2829,2774,2812,2906,2915,2890,2852,2856,2863,2829,2857,2950,2930,2892,2881,2903,2873,2859,2860,2936,2949,2926,2901,2914,2893,2864,2835,2948,2962,2984,2949,2922,2908,2928,2872
TOF,2270,2316,2693,2779,2706,2613,2544,2665,2814,2716,2641,2669,2711,2772,2734,2800,2729,2822,2859,2829,2834,2812,2705,2818,2879,2869,2864,2858,2843,2845,2783,2811,2923,2884,2892,2864,2861,2842,2840,2853,2946,2919,2878,2885,2884,2860,2850,2820,2935,2913,2910,2917,2882,2879,2878,2787,2986,2978,2934,2904,2943,2919,2915,2885
TOF,2300,2317,2693,2800,2767,2637,2620,2612,2821,2690,2651,2660,2734,2768,2714,2814,2696,2805,2838,2857,2814,2797,2639,2808,2889,2879,2851,2845,2852,2824,2779,2820,2932,2848,2870,2881,2881,2862,2838,2837,2915,2910,2910,2890,2882,2870,2861,2823,2962,2925,2906,2893,2897,2886,2882,2798,2958,2937,2968,2936,2932,2928,2935,2867
TOF,2209,2330,2627,2776,2823,2631,2642,2655,2814,2749,2657,2676,2757,2783,2689,2797,2715,2811,2838,2833,2807,2828,2586,2802,2880,2894,2863,2841,2854,2829,2807,2829,2910,2884,2866,2868,2873,2849,2846,2850,2928,2895,2907,2889,2893,2866,2852,2881,2952,2928,2915,2907,2900,2878,2882,2823,2975,2982,2936,2937,2928,2914,2931,2863
TOF,2308,2346,2326,2782,2673,2599,2613,2587,2806,2721,2627,2686,2751,2750,2627,2806,2730,2809,2835,2842,2824,2815,2792,2807,2894,2891,2865,2857,2842,2850,2770,2801,2904,2896,2894,2885,2880,2849,2851,2839,2921,2893,2893,2876,2900,2863,2834,2734,2941,2926,2902,2872,2900,2879,2897,2892,3013,2934,2925,2915,2928,2915,2886,2837
TOF,2323,2363,2326,2816,2706,2638,2611,2603,2816,2682,2626,2658,2720,2768,2655,2786,2758,2826,2857,2827,2825,2831,2788,2827,2921,2882,2857,2856,2842,2840,2814,2793,2874,2893,2889,2885,2856,2853,2838,2866,2915,2884,2891,2896,2876,2867,2858,2771,2943,2925,2912,2915,2906,2889,2903,2753,2924,2936,2950,2920,2923,2913,2924,2765
TOF,2309,2377,2326,2762,2709,2630,2559,2624,2782,2718,2640,2730,2748,2773,2699,2834,2803,2807,2838,2846,2830,2802,2687,2819,2898,2888,2834,2854,2867,2857,2780,2839,2919,2876,2882,2876,2856,2860,2860,2857,2915,2898,2897,2871,2885,2895,2875,2837,2922,2906,2893,2896,2897,2893,2880,2812,2932,2968,2949,2957,2937,2906,2923,2818
TOF,2354,2388,2697,2813,2794,2620,2616,2661,2818,2679,2653,2667,2733,2774,2698,2796,2751,2817,2862,2844,2824,2793,2684,2800,2887,2873,2860,2849,2841,2845,2764,2817,2911,2893,2865,2879,2877,2856,2837,2867,2933,2901,2895,2895,2862,2860,2877,2848,2951,2935,2896,2921,2905,2867,2877,2874,2964,2938,2967,2940,2930,2897,2916,2924
TOF,2279,2337,2697,2739,2665,2583,2596,2620,2855,2678,2626,2649,2755,2770,2633,2806,2746,2816,2854,2842,2826,2806,2685,2814,2881,2875,2867,2857,2831,2841,2783,2845,2899,2885,2872,2873,2852,2849,2844,2912,2953,2894,2895,2897,2878,2885,2853,2865,2954,2943,2926,2920,2894,2898,2883,2802,2990,2981,2943,2929,2945,2935,2917,2844
TOF,2252,2303,2596,2755,2644,2656,2619,2632,2756,2667,2604,2668,2776,2783,2699,2774,2776,2836,2827,2836,2819,2808,2707,2801,2882,2867,2869,2847,2847,2825,2765,2819,2899,2905,2874,2888,2875,2847,2830,2847,2929,2921,2892,2868,2869,2863,2844,2705,2944,2935,2907,2887,2906,2884,2890,2786,2972,2995,2963,2925,2915,2917,2923,2891
TOF,2267,2364,2810,2767,2691,2611,2570,2612,2798,2641,2645,2680,2759,2786,2695,2803,2732,2844,2866,2835,2827,2825,2669,2833,2865,2875,2863,2834,2829,2857,2802,2832,2874,2876,2871,2872,2873,2852,2846,2854,2929,2891,2897,2888,2901,2863,2863,2755,2928,2942,2924,2919,2893,2909,2916,2729,2913,2950,2939,2907,2923,2926,2920,2891
TOF,2321,2324,2741,2765,2722,2630,2527,2593,2757,2697,2657,2682,2738,2779,2671,2774,2705,2816,2840,2841,2837,2814,2711,2814,2885,2852,2860,2864,2851,2832,2784,2833,2906,2904,2873,2862,2865,2860,2829,2822,2933,2931,2897,2900,2892,2875,2869,2846,2951,2931,2899,2901,2913,2918,2872,2843,2987,2964,2952,2954,2943,2923,2917,2903
TOF,2279,2349,2413,2765,2734,2592,2565,2638,2770,2750,2614,2599,2777,2777,2727,2777,2730,2787,2823,2842,2807,2813,2735,2839,2889,2895,2872,2875,2872,2836,2811,2840,2899,2895,2886,2858,2874,2844,2836,2834,2947,2905,2889,2870,2912,2871,2874,2851,2943,2926,2916,2921,2920,2898,2904,2805,2937,2963,2963,2942,2931,2934,2910,2907
TOF,2296,2310,2797,2801,2761,2576,2580,2601,2872,2698,2623,2659,2741,2780,2662,2799,2725,2800,2819,2823,2814,2829,2740,2814,2872,2865,2884,2855,2843,2850,2828,2826,2916,2878,2874,2863,2868,2842,2836,2818,2905,2894,2889,2904,2889,2853,2867,2846,2960,2953,2897,2896,2920,2880,2903,2892,2976,2988,2960,2934,2922,2910,2895,2826
TOF,2301,2312,2790,2769,2738,2625,2599,2607,2721,2705,2652,2723,2743,2781,2691,2761,2737,2839,2829,2830,2803,2838,2715,2793,2898,2871,2873,2872,2845,2799,2776,2837,2904,2914,2863,2873,2871,2858,2836,2807,2946,2907,2889,2883,2906,2850,2888,2893,2940,2918,2917,2923,2902,2891,2904,2812,2961,2976,2943,2934,2926,2927,2913,2869
TOF,2314,2313,2803,2751,2766,2639,2587,2603,2684,2697,2656,2678,2760,2790,2694,2788,2714,2800,2858,2836,2817,2829,2688,2818,2869,2870,2869,2864,2848,2859,2785,2819,2917,2908,2897,2871,2857,2859,2847,2847,2928,2907,2892,2877,2877,2875,2857,2786,2958,2960,2907,2884,2871,2889,2898,2804,2934,2975,2973,2916,2922,2938,2944,2868
TOF,2298,2344,2381,2777,2820,2610,2599,2605,2806,2689,2703,2679,2762,2782,2778,2829,2725,2831,2830,2838,2821,2822,2757,2798,2881,2885,2868,2872,2864,2836,2776,2825,2934,2901,2884,2873,2850,2848,2852,2842,2925,2887,2884,2889,2882,2862,2863,2840,2958,2935,2889,2904,2875,2907,2899,2822,2959,2977,2938,2954,2928,2897,2934,2873
TOF,2292,2325,2751,2742,2721,2615,2596,2601,2798,2632,2639,2659,2790,2783,2626,2793,2733,2808,2838,2836,2821,2800,2653,2810,2903,2874,2845,2850,2851,2835,2773,2800,2907,2892,2879,2868,2866,2830,2839,2844,2956,2904,2895,2899,2912,2891,2881,2806,2952,2921,2894,2898,2900,2913,2882,2849,2966,2990,2953,2920,2918,2916,2908,2867
TOF,2241,2288,2748,2787,2767,2616,2610,2615,2790,2742,2635,2672,2773,2791,2677,2818,2736,2809,2830,2815,2850,2811,2733,2819,2897,2868,2873,2845,2868,2839,2810,2833,2896,2884,2873,2862,2867,2845,2848,2859,2943,2928,2892,2889,2894,2862,2866,2896,2933,2940,2925,2901,2893,2882,2880,2812,2966,2976,2957,2921,2927,2914,2918,2882
TOF,2329,2342,2748,2801,2843,2589,2569,2577,2794,2672,2649,2648,2774,2775,2679,2802,2718,2840,2842,2841,2804,2835,2660,2808,2878,2864,2851,2855,2855,2832,2803,2809,2901,2899,2877,2868,2856,2868,2849,2831,2934,2917,2882,2892,2866,2887,2858,2779,2951,2956,2925,2901,2893,2892,2884,2876,2958,2977,2949,2974,2916,2909,2916,2857
TOF,2294,2322,2691,2812,2709,2606,2582,2629,2796,2620,2608,2674,2781,2802,2718,2812,2782,2826,2819,2844,2824,2825,2682,2818,2862,2870,2853,2836,2845,2823,2739,2821,2931,2880,2878,2866,2857,2841,2826,2850,2924,2917,2889,2897,2886,2875,2879,2780,2927,2958,2936,2925,2886,2897,2883,2788,2988,2975,2940,2973,2935,2939,2925,2922
TOF,2274,2354,2711,2724,2677,2619,2581,2635,2815,2692,2634,2679,2774,2777,2648,2806,2744,2833,2829,2851,2833,2818,2670,2827,2885,2869,2854,2859,2845,2844,2767,2812,2909,2882,2886,2867,2862,2852,2855,2856,2925,2911,2898,2888,2896,2886,2875,2819,2941,2928,2904,2911,2889,2904,2892,2803,2955,2945,2958,2957,2938,2910,2916,2849
TOF,2243,2275,2574,2768,2676,2599,2585,2622,2829,2723,2634,2621,2774,2785,2698,2794,2736,2828,2823,2840,2826,2811,2711,2815,2882,2860,2847,2860,2840,2845,2816,2853,2920,2886,2861,2860,2888,2875,2821,2835,2903,2918,2881,2898,2874,2887,2882,2840,2953,2912,2910,2903,2898,2889,2891,2852,2962,2962,2963,2957,2902,2906,2912,2812
TOF,2308,2280,2446,2734,2719,2649,2627,2593,2775,2663,2608,2663,2763,2783,2684,2803,2733,2799,2842,2837,2824,2815,2719,2805,2875,2854,2862,2866,2811,2860,2784,2853,2901,2904,2882,2853,2854,2860,2849,2798,2921,2901,2903,2893,2898,2871,2878,2857,2949,2930,2929,2902,2885,2896,2902,2869,2972,2965,2975,2933,2914,2916,2879,2863
TOF,2309,2364,2729,2805,2786,2550,2611,2612,2800,2723,2671,2732,2758,2762,2657,2820,2768,2823,2840,2821,2829,2795,2717,2797,2895,2871,2865,2853,2846,2845,2812,2826,2908,2889,2878,2901,2857,2835,2839,2854,2953,2878,2909,2897,2883,2861,2878,2860,2925,2913,2919,2920,2900,2885,2890,2819,3000,2951,2954,2934,2933,2926,2922,2872
TOF,2277,2319,2732,2771,2693,2604,2591,2633,2788,2656,2660,2653,2743,2781,2690,2803,2748,2785,2846,2837,2832,2833,2685,2802,2890,2874,2854,2854,2847,2818,2773,2795,2890,2890,2874,2869,2855,2847,2822,2851,2947,2909,2903,2891,2901,2879,2867,2839,2955,2926,2911,2913,2900,2878,2882,2752,2950,2955,2934,2913,2924,2900,2943,2865
TOF,2296,2322,2454,2783,2733,2646,2583,2636,2835,2717,2596,2663,2734,2785,2703,2821,2680,2814,2825,2824,2823,2819,2709,2811,2866,2883,2862,2856,2834,2853,2772,2811,2911,2903,2868,2891,2867,2851,2853,2866,2934,2898,2902,2871,2872,2846,2880,2826,2938,2905,2917,2912,2897,2870,2904,2796,2961,2981,2930,2957,2966,2919,2935,2870
TOF,2302,2329,2305,2764,2738,2682,2577,2627,2802,2661,2641,2642,2729,2760,2659,2807,2721,2832,2835,2842,2835,2832,2726,2774,2900,2891,2856,2846,2854,2826,2788,2834,2910,2892,2887,2875,2861,2865,2831,2816,2945,2916,2905,2890,2889,2873,2873,2859,2924,2929,2919,2909,2912,2890,2863,2842,2970,2986,2944,2930,2918,2906,2930,2867
TOF,2247,2300,2669,2756,2726,2611,2586,2590,2806,2646,2584,2657,2746,2763,2654,2810,2727,2833,2847,2846,2814,2807,2749,2791,2870,2881,2865,2857,2843,2833,2797,2797,2938,2855,2893,2908,2867,2842,2850,2855,2943,2893,2913,2871,2869,2866,2844,2848,2953,2950,2928,2896,2896,2865,2868,2886,3024,2987,2952,2910,2944,2921,2935,2869
TOF,2277,2317,2770,2733,2776,2602,2552,2624,2783,2807,2619,2647,2758,2753,2623,2818,2698,2828,2827,2838,2825,2827,2676,2802,2896,2877,2861,2858,2833,2830,2793,2831,2890,2872,2883,2860,2862,2835,2840,2828,2955,2934,2905,2882,2875,2842,2868,2858,2933,2939,2940,2904,2901,2886,2881,2845,2962,2986,2955,2927,2943,2914,2905,2867
TOF,2258,2375,2662,2827,2783,2597,2592,2624,2821,2675,2581,2633,2778,2768,2725,2776,2749,2796,2835,2818,2829,2794,2721,2810,2880,2860,2861,2870,2858,2842,2813,2805,2911,2900,2890,2880,2855,2833,2827,2834,2949,2916,2871,2911,2850,2869,2844,2817,2956,2916,2904,2896,2885,2887,2862,2742,2943,2986,2987,2952,2946,2919,2905,2920
TOF,2300,2340,2476,2778,2649,2551,2592,2621,2776,2565,2623,2645,2772,2767,2666,2794,2724,2798,2837,2849,2837,2813,2670,2800,2860,2861,2865,2858,2844,2833,2784,2841,2909,2899,2879,2859,2854,2855,2826,2874,2911,2905,2916,2894,2904,2861,2879,2879,2932,2934,2916,2916,2885,2898,2878,2805,2974,2974,2917,2938,2944,2934,2912,2853
TOF,2305,2345,2742,2798,2768,2537,2642,2594,2805,2616,2641,2643,2710,2776,2661,2823,2736,2809,2833,2842,2817,2820,2639,2781,2885,2877,2883,2871,2827,2848,2801,2814,2896,2891,2883,2882,2876,2852,2865,2814,2931,2917,2904,2883,2897,2869,2862,2806,2947,2931,2905,2892,2881,2898,2868,2821,3008,2974,2944,2952,2890,2900,2926,2870
TOF,2297,2352,2801,2769,2741,2602,2596,2636,2798,2673,2628,2638,2730,2766,2690,2819,2730,2797,2843,2848,2821,2816,2695,2807,2871,2878,2854,2859,2846,2846,2810,2832,2918,2884,2873,2863,2859,2836,2832,2825,2975,2903,2888,2891,2870,2867,2846,2745,2942,2906,2909,2900,2894,2875,2886,2892,2953,2941,2976,2954,2927,2928,2934,2879
TOF,2344,2360,2351,2770,2711,2625,2588,2571,2859,2626,2627,2667,2732,2782,2657,2782,2657,2813,2852,2836,2841,2809,2747,2794,2880,2878,2855,2861,2868,2835,2780,2808,2913,2897,2891,2871,2882,2847,2842,2827,2905,2904,2890,2903,2856,2867,2869,2820,2953,2896,2926,2903,2889,2869,2920,2799,2952,2999,2913,2942,2913,2938,2924,2879
TOF,2302,2292,2708,2762,2722,2635,2560,2642,2810,2723,2621,2662,2743,2774,2673,2752,2746,2832,2851,2834,2827,2829,2709,2812,2859,2876,2871,2869,2845,2821,2811,2828,2887,2930,2878,2876,2844,2866,2847,2847,2930,2897,2888,2898,2896,2874,2852,2879,2926,2907,2923,2898,2901,2886,2895,2845,2986,2970,2959,2940,2917,2935,2925,2835
TOF,2304,2321,2687,2744,2642,2653,2560,2659,2807,2758,2650,2651,2696,2801,2635,2836,2687,2826,2843,2853,2819,2829,2724,2788,2904,2870,2882,2885,2856,2822,2802,2797,2931,2883,2881,2909,2864,2857,2841,2852,2910,2904,2890,2886,2840,2860,2863,2817,2953,2955,2904,2891,2898,2881,2884,2830,2969,2980,2962,2921,2917,2909,2902,2869
TOF,2267,2296,2785,2796,2689,2613,2560,2649,2705,2701,2634,2628,2767,2765,2693,2782,2728,2819,2833,2833,2827,2824,2690,2806,2897,2884,2851,2842,2850,2834,2792,2830,2897,2888,2878,2866,2868,2850,2836,2842,2904,2886,2917,2888,2893,2867,2859,2790,2957,2933,2910,2884,2899,2896,2881,2779,2964,3014,2950,2949,2938,2897,2927,2878
TOF,2280,2296,2737,2683,2783,2660,2596,2628,2837,2700,2658,2674,2715,2776,2711,2790,2758,2824,2836,2850,2848,2805,2690,2822,2881,2866,2887,2849,2844,2821,2819,2799,2915,2893,2879,2856,2874,2849,2814,2853,2927,2906,2878,2894,2871,2872,2874,2862,2938,2939,2912,2932,2906,2891,2885,2845,2969,2989,2941,2927,2932,2913,2942,2775
TOF,2319,2296,2435,2767,2641,2649,2559,2617,2698,2744,2627,2594,2767,2797,2694,2812,2757,2841,2834,2841,2823,2829,2707,2813,2926,2870,2862,2867,2833,2822,2799,2806,2913,2878,2902,2877,2869,2849,2832,2796,2932,2896,2905,2889,2874,2880,2854,2825,2962,2922,2917,2904,2914,2907,2871,2839,2968,2974,2951,2945,2930,2923,2894,2911
TOF,2276,2293,2565,2752,2715,2580,2589,2615,2831,2719,2673,2685,2749,2747,2683,2792,2740,2807,2822,2843,2781,2809,2679,2826,2884,2881,2871,2843,2863,2846,2799,2824,2923,2905,2874,2873,2872,2842,2816,2863,2932,2903,2891,2885,2904,2872,2856,2780,2954,2935,2922,2909,2876,2880,2900,2843,2980,2980,2962,2937,2912,2924,2896,2874
TOF,2294,2321,2446,2742,2700,2617,2606,2605,2805,2707,2641,2624,2754,2789,2705,2804,2700,2813,2839,2855,2810,2822,2685,2795,2884,2880,2868,2865,2850,2838,2809,2817,2923,2909,2892,2868,2870,2846,2822,2847,2925,2884,2916,2898,2876,2864,2837,2825,2954,2928,2935,2908,2913,2888,2878,2826,2989,2953,2935,2959,2952,2914,2953,2837
TOF,2307,2307,2604,2746,2702,2603,2583,2698,2794,2670,2642,2620,2737,2793,2689,2786,2713,2805,2854,2837,2822,2825,2697,2797,2862,2880,2873,2864,2860,2859,2806,2779,2936,2893,2896,2860,2872,2849,2830,2783,2932,2918,2911,2880,2893,2892,2856,2753,2915,2934,2901,2913,2890,2911,2876,2850,2962,2999,2923,2917,2934,2927,2950,2924
TOF,2287,2360,2776,2687,2720,2618,2580,2651,2766,2756,2615,2666,2735,2792,2663,2798,2723,2809,2859,2849,2829,2813,2708,2811,2880,2870,2865,2867,2840,2810,2807,2820,2934,2906,2882,2876,2861,2854,2842,2858,2931,2923,2887,2906,2872,2862,2852,2816,2916,2950,2912,2923,2897,2885,2864,2872,2957,2956,2954,2930,2929,2906,2926,2880
TOF,2279,2348,2776,2779,2665,2640,2555,2645,2818,2663,2642,2665,2759,2795,2624,2806,2706,2814,2830,2818,2851,2814,2714,2807,2857,2895,2855,2869,2841,2843,2797,2824,2885,2885,2874,2879,2867,2849,2840,2859,2941,2904,2888,2893,2897,2869,2851,2927,2950,2924,2907,2911,2913,2867,2887,2883,2982,2960,2952,2963,2928,2910,2947,2878
TOF,2331,2336,2824,2790,2730,2642,2599,2629,2831,2674,2606,2682,2745,2769,2685,2792,2758,2817,2834,2838,2825,2818,2736,2833,2861,2886,2868,2857,2863,2840,2787,2821,2916,2894,2868,2885,2862,2870,2826,2877,2913,2907,2890,2912,2889,2859,2842,2815,2938,2913,2923,2928,2912,2909,2894,2762,2974,2957,2940,2915,2931,2912,2940,2837
TOF,2296,2391,2500,2748,2735,2577,2691,2619,2700,2641,2624,2671,2751,2766,2736,2790,2720,2814,2838,2836,2815,2803,2680,2794,2889,2881,2875,2863,2840,2847,2787,2803,2925,2892,2880,2888,2883,2854,2841,2815,2917,2915,2903,2892,2896,2879,2859,2862,2956,2944,2903,2900,2905,2895,2855,2862,2944,2948,2967,2929,2926,2912,2925,2830
TOF,2308,2303,2718,2783,2765,2688,2647,2611,2841,2738,2645,2639,2720,2788,2710,2795,2745,2783,2836,2836,2838,2832,2760,2793,2867,2867,2855,2859,2857,2827,2786,2802,2918,2913,2875,2867,2852,2849,2838,2787,2921,2880,2901,2874,2894,2851,2846,2847,2956,2927,2923,2895,2894,2867,2898,2862,2984,2985,2957,2937,2925,2934,2919,2863
TOF,2278,2304,2389,2791,2753,2710,2572,2602,2838,2687,2635,2651,2713,2780,2670,2801,2741,2819,2840,2843,2824,2786,2724,2810,2866,2882,2877,2870,2857,2832,2808,2827,2947,2896,2886,2880,2863,2842,2842,2850,2973,2909,2890,2891,2849,2883,2863,2757,2964,2934,2931,2930,2922,2871,2893,2793,2922,2939,2955,2926,2911,2906,2923,2863
TOF,2300,2317,2721,2766,2736,2623,2580,2596,2775,2717,2624,2697,2754,2758,2612,2800,2766,2801,2837,2843,2832,2811,2753,2798,2894,2876,2868,2863,2840,2862,2776,2835,2909,2903,2883,2899,2877,2859,2844,2857,2931,2900,2886,2910,2879,2863,2845,2757,2939,2909,2923,2922,2901,2901,2880,2862,2978,2969,2948,2931,2922,2923,2947,2909
TOF,2303,2316,2721,2749,2730,2619,2527,2693,2754,2693,2614,2707,2800,2767,2663,2803,2804,2809,2845,2841,2811,2812,2720,2823,2884,2890,2862,2855,2850,2829,2798,2814,2911,2906,2886,2881,2876,2865,2826,2842,2950,2908,2896,2900,2895,2862,2863,2844,2939,2929,2911,2911,2915,2884,2894,2814,2952,2932,2961,2926,2932,2910,2926,2861
TOF,2279,2313,2735,2743,2696,2616,2542,2605,2788,2692,2645,2756,2746,2773,2713,2813,2722,2822,2829,2835,2851,2820,2682,2805,2903,2879,2855,2860,2836,2847,2775,2818,2931,2900,2858,2867,2846,2860,2844,2809,2945,2893,2902,2901,2898,2870,2870,2679,2918,2912,2929,2884,2897,2873,2881,2770,3043,2966,2944,2945,2907,2926,2911,2882
TOF,2282,2328,2650,2793,2750,2617,2571,2624,2800,2681,2681,2601,2741,2801,2729,2784,2743,2831,2852,2821,2820,2827,2653,2803,2891,2880,2863,2850,2857,2835,2759,2805,2932,2873,2863,2851,2860,2829,2853,2835,2922,2909,2891,2887,2880,2842,2861,2766,2952,2931,2931,2901,2892,2883,2850,2831,2976,2954,2965,2906,2930,2915,2907,2766
TOF,2238,2336,2274,2808,2769,2646,2603,2569,2817,2748,2644,2613,2752,2775,2671,2826,2713,2783,2827,2841,2826,2808,2687,2835,2875,2864,2887,2868,2856,2823,2779,2805,2906,2894,2874,2880,2849,2857,2824,2849,2928,2924,2891,2891,2880,2862,2844,2917,2935,2920,2912,2894,2869,2870,2861,2773,2950,2935,2950,2916,2902,2900,2904,2814
TOF,2323,2323,2360,2808,2769,2847,2626,2632,2850,2747,2667,2618,2747,2761,2696,2797,2693,2765,2845,2846,2829,2817,2743,2813,2870,2879,2863,2848,2841,2851,2763,2849,2935,2892,2894,2883,2861,2851,2840,2857,2921,2899,2880,2882,2861,2862,2851,2851,2920,2923,2885,2853,2881,2867,2880,2709,2949,2940,2917,2922,2886,2894,2900,2781
TOF,2322,2304,2367,2773,2753,2705,2584,2641,2731,2805,2644,2604,2680,2708,2698,2818,2709,2785,2825,2846,2840,2816,2653,2826,2865,2866,2869,2865,2856,2853,2775,2805,2906,2882,2860,2864,2855,2850,2787,2879,2862,2874,2879,2871,2878,2859,2856,2850,2927,2924,2901,2895,2889,2879,2868,2841,2925,2942,2931,2909,2903,2903,2903,2862
TOF,2277,2302,2349,2743,2731,2716,2626,2608,2730,2798,2655,2653,2750,2747,2682,2821,2688,2809,2824,2839,2824,2838,2720,2807,2881,2879,2878,2865,2863,2850,2789,2828,2930,2897,2893,2865,2872,2823,2811,2848,2937,2901,2881,2878,2888,2870,2852,2859,2927,2916,2900,2899,2886,2892,2887,2824,2942,2951,2933,2908,2896,2897,2866,2840
TOF,2284,2328,2358,2812,2727,2700,2658,2629,2839,2759,2683,2622,2750,2779,2741,2802,2695,2778,2835,2854,2826,2838,2675,2832,2868,2873,2855,2869,2851,2858,2772,2827,2905,2895,2873,2885,2846,2843,2837,2869,2940,2894,2874,2872,2860,2868,2848,2841,2910,2916,2918,2891,2890,2868,2858,2831,2954,2943,2911,2899,2897,2903,2890,2875
TOF,2287,2306,2358,2825,2714,2654,2598,2621,2786,2708,2655,2643,2712,2769,2690,2800,2679,2766,2872,2861,2827,2852,2686,2801,2874,2875,2842,2859,2856,2829,2801,2844,2881,2893,2881,2879,2874,2849,2840,2840,2932,2937,2896,2872,2879,2873,2848,2843,2925,2908,2901,2912,2883,2877,2872,2739,2924,2956,2944,2883,2906,2897,2893,2831
TOF,2269,2300,2300,2727,2775,2737,2658,2585,2808,2688,2660,2609,2667,2746,2676,2802,2692,2766,2826,2836,2836,2815,2708,2828,2872,2886,2878,2856,2854,2836,2759,2834,2905,2896,2874,2851,2863,2857,2841,2836,2928,2895,2875,2877,2876,2859,2849,2866,2931,2929,2884,2899,2872,2859,2878,2856,2964,2938,2953,2910,2905,2901,2908,2804
TOF,2338,2285,2356,2765,2773,2806,2575,2619,2782,2787,2647,2597,2736,2759,2737,2827,2700,2745,2847,2832,2838,2814,2700,2804,2880,2862,2848,2858,2860,2842,2771,2834,2944,2888,2866,2856,2843,2852,2841,2852,2916,2887,2879,2883,2879,2871,2861,2795,2915,2900,2885,2892,2883,2867,2875,2866,2961,2959,2933,2929,2941,2900,2878,2864
TOF,2244,2312,2356,2770,2755,2724,2599,2621,2719,2770,2669,2647,2716,2751,2788,2810,2696,2793,2840,2850,2824,2832,2679,2802,2879,2876,2855,2868,2851,2826,2785,2828,2914,2893,2881,2867,2859,2855,2832,2863,2910,2876,2886,2887,2873,2852,2848,2845,2951,2903,2910,2901,2872,2878,2837,2815,2929,2921,2965,2916,2900,2918,2896,2881
TOF,2268,2341,2328,2742,2760,2767,2669,2685,2738,2759,2618,2617,2719,2765,2684,2791,2645,2790,2842,2854,2830,2813,2693,2805,2883,2876,2868,2875,2856,2838,2747,2825,2916,2891,2892,2832,2872,2848,2825,2839,2905,2909,2873,2868,2869,2856,2874,2867,2945,2905,2897,2882,2875,2858,2876,2832,2928,2936,2931,2912,2905,2901,2889,2873
TOF,2215,2347,2403,2780,2779,2695,2614,2666,2782,2717,2703,2607,2696,2782,2705,2805,2705,2774,2863,2864,2850,2812,2744,2813,2865,2869,2867,2859,2838,2832,2771,2811,2901,2876,2876,2876,2845,2835,2836,2839,2935,2884,2877,2859,2855,2865,2836,2852,2936,2901,2915,2892,2871,2868,2867,2745,2928,2934,2930,2899,2898,2886,2898,2878
TOF,2229,2304,2331,2786,2738,2696,2635,2662,2732,2687,2659,2627,2772,2726,2718,2789,2650,2751,2843,2843,2830,2814,2709,2818,2875,2865,2870,2861,2855,2850,2746,2815,2899,2884,2856,2880,2861,2861,2819,2855,2927,2890,2898,2869,2871,2880,2871,2823,2937,2925,2905,2879,2882,2877,2854,2791,2954,2964,2939,2920,2892,2879,2896,2913
TOF,2198,2313,2359,2768,2790,2659,2608,2581,2717,2706,2672,2636,2720,2763,2689,2825,2716,2766,2838,2830,2839,2804,2710,2818,2849,2861,2849,2859,2852,2843,2775,2814,2897,2889,2872,2894,2870,2854,2820,2857,2931,2924,2885,2870,2879,2854,2859,2865,2923,2920,2895,2909,2885,2880,2850,2863,2947,2934,2928,2909,2884,2884,2873,2854
TOF,2216,2259,2393,2783,2760,2683,2658,2691,2805,2729,2665,2647,2703,2755,2816,2805,2701,2728,2827,2849,2827,2844,2740,2812,2845,2861,2863,2862,2848,2837,2802,2822,2911,2888,2861,2882,2862,2858,2831,2809,2975,2878,2880,2885,2875,2862,2839,2784,2915,2902,2877,2896,2884,2871,2881,2860,2965,2957,2924,2902,2925,2890,2896,2800
TOF,2335,2358,2353,2822,2783,2716,2629,2633,2821,2735,2666,2650,2729,2752,2702,2822,2625,2787,2815,2840,2811,2812,2761,2830,2884,2865,2867,2845,2846,2835,2789,2829,2911,2860,2871,2866,2884,2843,2829,2839,2937,2890,2880,2883,2888,2863,2862,2806,2898,2902,2894,2879,2897,2876,2886,2832,2964,2927,2920,2943,2904,2889,2905,2826
TOF,2318,2307,2334,2749,2731,2669,2611,2596,2808,2768,2582,2613,2783,2739,2676,2789,2689,2768,2845,2822,2838,2835,2739,2825,2887,2872,2845,2867,2838,2848,2791,2828,2914,2893,2871,2866,2867,2834,2847,2820,2903,2888,2872,2898,2881,2856,2841,2876,2928,2918,2903,2924,2896,2879,2880,2788,2961,2916,2909,2912,2915,2886,2909,2833
TOF,2292,2327,2365,2705,2751,2699,2661,2619,2877,2705,2613,2642,2656,2779,2679,2815,2713,2802,2816,2846,2848,2856,2697,2821,2884,2849,2880,2860,2837,2823,2779,2849,2911,2878,2885,2870,2866,2848,2837,2853,2918,2897,2878,2891,2872,2851,2859,2861,2928,2904,2897,2915,2890,2874,2864,2877,2941,2907,2925,2934,2899,2902,2897,2784
TOF,2269,2362,2335,2782,2689,2700,2585,2680,2823,2689,2640,2614,2701,2726,2705,2791,2680,2776,2868,2845,2832,2817,2637,2810,2903,2870,2881,2864,2857,2845,2764,2825,2897,2896,2883,2877,2865,2861,2848,2855,2930,2880,2869,2874,2877,2868,2875,2809,2922,2912,2892,2871,2874,2873,2874,2712,2928,2941,2921,2922,2922,2882,2897,2888
TOF,2261,2340,2409,2689,2741,2690,2563,2615,2777,2707,2598,2632,2712,2758,2665,2800,2680,2791,2838,2842,2843,2819,2700,2830,2871,2891,2861,2855,2847,2859,2750,2801,2923,2888,2876,2890,2867,2851,2835,2805,2945,2905,2874,2877,2863,2852,2856,2860,2931,2934,2892,2882,2871,2882,2876,2818,2950,2948,2919,2955,2897,2920,2896,2837
TOF,2285,2271,2409,2768,2740,2663,2691,2638,2820,2676,2676,2640,2756,2740,2717,2816,2676,2784,2826,2830,2829,2856,2694,2827,2870,2887,2870,2854,2853,2845,2749,2812,2885,2860,2866,2863,2868,2851,2837,2829,2902,2912,2896,2873,2877,2854,2858,2868,2932,2916,2906,2925,2917,2861,2857,2800,2949,2950,2921,2923,2931,2880,2904,2912
TOF,2277,2307,2369,2805,2788,2732,2659,2618,2762,2760,2688,2645,2702,2741,2715,2850,2661,2783,2820,2855,2822,2832,2700,2819,2884,2888,2849,2856,2843,2833,2798,2823,2931,2878,2874,2879,2854,2848,2823,2842,2924,2902,2888,2879,2860,2874,2848,2789,2933,2925,2898,2884,2900,2871,2888,2847,2940,2932,2957,2929,2903,2899,2917,2860
TOF,2280,2305,2314,2783,2757,2711,2625,2603,2794,2780,2581,2640,2651,2771,2706,2840,2685,2768,2814,2834,2849,2806,2700,2821,2872,2895,2838,2849,2844,2850,2712,2820,2923,2875,2873,2847,2865,2854,2833,2837,2924,2897,2885,2858,2882,2863,2861,2860,2940,2903,2896,2909,2875,2861,2865,2895,2970,2935,2923,2903,2907,2879,2902,2871
TOF,2268,2285,2279,2777,2774,2782,2637,2716,2831,2793,2633,2606,2718,2747,2720,2824,2671,2743,2832,2844,2843,2801,2732,2807,2869,2884,2870,2875,2854,2831,2798,2834,2915,2873,2887,2880,2867,2860,2814,2852,2897,2892,2874,2883,2875,2878,2876,2842,2929,2907,2896,2889,2880,2864,2858,2791,2959,2974,2920,2922,2900,2912,2907,2825
TOF,2287,2308,2374,2826,2718,2727,2650,2718,2827,2738,2655,2625,2722,2778,2680,2802,2722,2816,2830,2844,2826,2813,2735,2804,2894,2868,2879,2849,2851,2822,2782,2812,2911,2894,2863,2868,2857,2853,2844,2849,2929,2910,2878,2880,2882,2861,2852,2873,2944,2935,2897,2915,2871,2867,2872,2833,2911,2906,2956,2916,2891,2891,2882,2895
TOF,2288,2308,2440,2734,2775,2699,2613,2638,2858,2735,2642,2630,2687,2743,2684,2790,2686,2764,2834,2833,2843,2824,2707,2833,2891,2871,2862,2868,2837,2829,2766,2814,2892,2881,2874,2874,2884,2848,2833,2824,2941,2894,2884,2884,2873,2855,2862,2848,2934,2884,2910,2870,2903,2875,2889,2772,2927,2948,2945,2897,2927,2893,2873,2858
TOF,2314,2366,2302,2824,2787,2660,2575,2635,2817,2755,2617,2656,2701,2769,2691,2784,2648,2782,2857,2852,2827,2831,2682,2800,2850,2874,2854,2853,2862,2842,2802,2827,2912,2877,2866,2876,2848,2834,2848,2847,2902,2925,2907,2896,2878,2864,2853,2814,2935,2925,2896,2894,2884,2880,2865,2830,2954,2952,2926,2916,2917,2887,2898,2849
TOF,2261,2313,2351,2764,2816,2785,2580,2571,2689,2737,2661,2601,2713,2756,2718,2797,2689,2839,2831,2844,2833,2813,2655,2821,2873,2868,2862,2843,2868,2832,2764,2819,2959,2892,2888,2894,2862,2845,2843,2820,2909,2904,2883,2882,2893,2881,2855,2808,2913,2903,2891,2881,2879,2858,2868,2774,2961,2920,2911,2909,2897,2901,2905,2849
TOF,2247,2333,2317,2712,2752,2759,2597,2582,2827,2741,2664,2619,2684,2755,2678,2803,2701,2809,2824,2842,2854,2852,2686,2840,2865,2867,2875,2854,2821,2834,2769,2821,2903,2862,2867,2850,2875,2861,2816,2790,2916,2924,2889,2855,2862,2874,2875,2818,2938,2901,2897,2891,2884,2871,2842,2783,2918,2930,2929,2924,2893,2893,2902,2895
TOF,2255,2351,2452,2785,2775,2710,2669,2612,2823,2702,2668,2663,2711,2747,2688,2828,2694,2793,2843,2843,2844,2806,2720,2830,2863,2866,2880,2854,2837,2832,2744,2830,2913,2900,2873,2877,2878,2856,2836,2825,2909,2880,2892,2885,2866,2860,2833,2774,2940,2896,2899,2900,2902,2874,2861,2805,2947,2905,2941,2910,2919,2906,2884,2833
TOF,2275,2289,2406,2698,2777,2725,2695,2599,2809,2731,2642,2646,2717,2752,2674,2792,2724,2806,2864,2849,2826,2831,2722,2822,2878,2884,2870,2858,2864,2842,2765,2831,2899,2900,2881,2870,2852,2847,2832,2846,2928,2877,2868,2893,2851,2855,2835,2772,2948,2909,2900,2912,2890,2873,2894,2799,2934,2935,2962,2893,2918,2892,2916,2776
TOF,2307,2359,2347,2739,2768,2733,2637,2618,2804,2766,2630,2689,2714,2747,2684,2825,2661,2779,2829,2853,2855,2829,2701,2828,2865,2886,2860,2877,2864,2845,2782,2813,2912,2874,2873,2854,2848,2843,2831,2843,2903,2903,2896,2889,2872,2860,2848,2807,2941,2906,2892,2889,2872,2868,2875,2852,2962,2954,2924,2888,2913,2901,2861,2830
TOF,2316,2286,2387,2756,2733,2736,2665,2577,2862,2814,2703,2640,2748,2742,2661,2795,2688,2770,2839,2832,2831,2816,2710,2794,2880,2872,2893,2857,2837,2852,2768,2823,2904,2878,2857,2873,2865,2842,2822,2848,2936,2907,2878,2884,2856,2848,2847,2802,2940,2928,2904,2897,2882,2869,2891,2853,2954,2913,2914,2898,2918,2906,2864,2849
TOF,2293,2283,2363,2584,2781,2751,2689,2672,2563,2741,2648,2632,2697,2752,2681,2792,2680,2775,2830,2835,2810,2851,2688,2807,2888,2863,2869,2856,2846,2837,2782,2810,2906,2891,2890,2863,2874,2842,2819,2840,2935,2889,2874,2874,2873,2872,2869,2793,2951,2894,2898,2885,2885,2867,2854,2875,2954,2936,2939,2902,2914,2898,2925,2850
TOF,2171,2293,2351,2584,2751,2744,2682,2621,2815,2715,2645,2656,2669,2724,2715,2808,2716,2779,2808,2853,2833,2809,2769,2830,2870,2877,2846,2865,2841,2842,2778,2828,2908,2857,2878,2874,2875,2843,2832,2848,2891,2877,2902,2890,2881,2878,2836,2797,2921,2905,2893,2893,2874,2867,2896,2860,2971,2960,2947,2901,2906,2890,2911,2888
TOF,2324,2309,2351,2793,2824,2788,2643,2586,2833,2662,2672,2665,2708,2748,2661,2811,2701,2799,2830,2831,2843,2826,2703,2806,2906,2874,2867,2860,2842,2847,2775,2835,2901,2880,2869,2873,2859,2841,2816,2850,2944,2900,2888,2869,2872,2859,2855,2722,2911,2923,2907,2884,2860,2867,2867,2815,2957,2905,2902,2925,2895,2890,2902,2897
TOF,2262,2317,2428,2777,2749,2697,2652,2586,2835,2758,2658,2656,2717,2755,2638,2818,2702,2777,2847,2834,2839,2832,2750,2832,2871,2870,2875,2845,2838,2825,2813,2843,2923,2901,2875,2865,2845,2869,2827,2808,2925,2909,2885,2880,2872,2854,2824,2858,2917,2924,2890,2907,2864,2898,2866,2723,2974,2934,2943,2908,2895,2904,2905,2861
TOF,2270,2290,2380,2761,2767,2719,2647,2617,2879,2800,2664,2603,2729,2763,2738,2790,2683,2769,2827,2851,2806,2815,2802,2821,2855,2878,2853,2876,2855,2838,2778,2798,2913,2897,2855,2880,2861,2847,2817,2837,2892,2896,2906,2890,2860,2863,2866,2882,2944,2921,2900,2892,2886,2865,2879,2823,2969,2930,2931,2898,2923,2911,2870,2875
TOF,2253,2309,2371,2802,2731,2662,2632,2624,2753,2699,2680,2615,2731,2748,2762,2812,2732,2806,2832,2829,2849,2822,2654,2838,2883,2881,2865,2842,2852,2837,2761,2822,2907,2886,2899,2871,2845,2864,2810,2815,2926,2894,2891,2872,2872,2847,2840,2859,2946,2927,2891,2880,2883,2872,2851,2840,2956,2925,2908,2890,2923,2876,2896,2864
TOF,2196,2311,2339,2766,2759,2742,2638,2598,2817,2768,2694,2663,2706,2734,2680,2795,2696,2759,2850,2851,2832,2831,2661,2814,2914,2867,2857,2850,2838,2837,2799,2842,2919,2880,2878,2875,2847,2846,2839,2851,2951,2908,2903,2882,2865,2866,2864,2877,2946,2903,2912,2876,2890,2886,2870,2892,2927,2936,2904,2928,2899,2904,2902,2805
TOF,2287,2341,2313,2752,2760,2677,2633,2672,2789,2719,2637,2605,2727,2771,2677,2780,2673,2761,2844,2844,2820,2799,2675,2802,2867,2870,2878,2863,2852,2839,2740,2832,2916,2896,2863,2890,2843,2849,2843,2832,2918,2905,2898,2874,2884,2867,2845,2823,2893,2910,2905,2898,2889,2881,2847,2753,2951,2928,2925,2901,2927,2912,2897,2817
TOF,2299,2281,2460,2655,2787,2676,2584,2611,2759,2761,2693,2645,2703,2789,2672,2780,2700,2774,2847,2836,2857,2814,2762,2801,2879,2875,2857,2844,2843,2853,2763,2836,2941,2876,2880,2872,2869,2852,2851,2835,2944,2882,2886,2897,2842,2870,2843,2872,2938,2914,2885,2876,2888,2861,2856,2832,2954,2911,2937,2907,2902,2902,2893,2837
TOF,2311,2307,2460,2733,2790,2757,2562,2626,2794,2805,2675,2621,2739,2753,2709,2833,2677,2805,2852,2854,2848,2846,2711,2815,2863,2873,2879,2844,2850,2819,2753,2842,2890,2871,2866,2860,2855,2872,2841,2819,2930,2889,2881,2907,2865,2873,2847,2693,2887,2888,2887,2881,2885,2856,2862,2885,2971,2939,2918,2912,2921,2892,2893,2827
TOF,2299,2289,2385,2797,2706,2752,2627,2619,2757,2640,2692,2629,2707,2730,2731,2808,2642,2783,2848,2833,2847,2815,2717,2798,2905,2884,2860,2865,2859,2837,2797,2841,2917,2883,2877,2891,2856,2850,2837,2842,2917,2896,2896,2893,2866,2859,2852,2890,2941,2904,2893,2907,2889,2870,2878,2844,2976,2952,2935,2916,2918,2908,2911,2871
TOF,2317,2369,2350,2748,2766,2707,2674,2586,2826,2708,2697,2610,2723,2768,2699,2812,2705,2800,2827,2848,2834,2809,2736,2832,2886,2894,2862,2867,2852,2841,2773,2787,2911,2869,2881,2854,2859,2860,2852,2855,2951,2889,2903,2886,2889,2869,2864,2829,2942,2881,2905,2894,2881,2880,2864,2820,2964,2909,2890,2901,2912,2899,2882,2754
TOF,2312,2317,2360,2611,2773,2801,2618,2644,2808,2688,2637,2636,2656,2784,2687,2817,2681,2778,2869,2843,2861,2828,2717,2805,2876,2878,2868,2848,2835,2841,2782,2820,2897,2891,2864,2854,2857,2852,2834,2842,2930,2886,2918,2882,2848,2862,2850,2833,2908,2905,2892,2881,2889,2857,2870,2865,2937,2929,2931,2922,2912,2895,2911,2771
TOF,2289,2336,2347,2776,2873,2658,2685,2650,2853,2776,2625,2619,2659,2730,2718,2841,2723,2760,2834,2845,2846,2802,2670,2810,2889,2883,2833,2863,2851,2847,2742,2816,2903,2875,2887,2867,2850,2857,2815,2866,2916,2874,2869,2886,2869,2846,2838,2856,2916,2919,2900,2904,2885,2863,2870,2806,2933,2953,2903,2922,2911,2898,2915,2848
TOF,2246,2319,2348,2773,2795,2645,2603,2593,2803,2774,2664,2623,2705,2789,2723,2794,2694,2791,2834,2845,2821,2818,2704,2810,2887,2884,2862,2864,2843,2850,2765,2819,2885,2899,2892,2846,2863,2850,2826,2857,2921,2893,2891,2882,2875,2843,2849,2855,2925,2916,2911,2886,2890,2876,2884,2779,2929,2935,2932,2902,2894,2898,2880,2863
TOF,2223,2311,2346,2775,2725,2709,2608,2598,2832,2741,2711,2602,2721,2776,2669,2821,2671,2790,2830,2845,2842,2836,2708,2807,2870,2860,2862,2863,2846,2839,2755,2823,2896,2895,2854,2859,2853,2859,2825,2832,2934,2893,2889,2887,2859,2871,2849,2807,2933,2879,2898,2890,2895,2867,2867,2875,2934,2943,2920,2916,2909,2891,2888,2776
TOF,2243,2334,2346,2773,2767,2714,2606,2661,2838,2723,2691,2650,2727,2758,2692,2802,2707,2790,2817,2851,2853,2822,2728,2810,2857,2856,2854,2864,2838,2829,2769,2823,2913,2896,2849,2867,2853,2847,2823,2826,2927,2900,2878,2879,2867,2839,2847,2836,2916,2921,2900,2881,2884,2890,2880,2844,2960,2975,2944,2919,2896,2871,2921,2791
TOF,2292,2269,2325,2740,2773,2740,2592,2690,2747,2645,2626,2620,2750,2764,2676,2823,2654,2782,2876,2833,2845,2834,2681,2841,2874,2894,2873,2868,2850,2828,2770,2810,2934,2873,2872,2865,2855,2843,2820,2824,2937,2887,2874,2851,2871,2860,2852,2834,2932,2913,2897,2898,2888,2892,2886,2781,2932,2908,2925,2892,2918,2913,2887,2833
TOF,2247,2311,2348,2793,2744,2695,2583,2621,2796,2753,2673,2629,2702,2751,2700,2803,2740,2801,2853,2846,2834,2831,2712,2793,2888,2875,2880,2837,2844,2825,2769,2807,2908,2894,2873,2861,2851,2848,2839,2833,2909,2901,2882,2873,2883,2850,2853,2749,2927,2908,2875,2898,2883,2877,2891,2832,2964,2952,2919,2893,2901,2904,2913,2782
TOF,2237,2329,2342,2806,2791,2602,2678,2569,2814,2754,2676,2597,2696,2722,2658,2802,2640,2770,2852,2846,2820,2824,2647,2815,2876,2884,2859,2857,2848,2842,2780,2827,2918,2886,2861,2861,2856,2838,2849,2843,2932,2894,2904,2863,2875,2874,2830,2869,2916,2911,2911,2904,2869,2868,2873,2819,2930,2944,2947,2909,2917,2901,2904,2925
TOF,2344,2347,2382,2725,2775,2656,2624,2602,2664,2730,2661,2635,2697,2753,2751,2808,2702,2749,2852,2835,2816,2826,2678,2823,2870,2880,2870,2867,2842,2822,2765,2826,2910,2886,2851,2869,2858,2858,2838,2849,2916,2885,2870,2881,2893,2869,2822,2777,2911,2925,2912,2897,2888,2863,2853,2807,2966,2954,2935,2914,2915,2921,2914,2867
TOF,2295,2331,2382,2646,2827,2725,2620,2629,2821,2724,2664,2642,2733,2778,2617,2811,2743,2761,2828,2839,2827,2844,2712,2809,2901,2875,2865,2848,2850,2844,2749,2809,2878,2903,2903,2883,2855,2842,2837,2838,2918,2927,2898,2881,2838,2860,2847,2685,2936,2923,2895,2901,2881,2874,2854,2773,2963,2948,2941,2910,2913,2891,2876,2874
TOF,2250,2333,2307,2794,2761,2737,2629,2588,2818,2756,2696,2620,2713,2738,2745,2818,2704,2804,2851,2844,2811,2825,2744,2827,2881,2868,2890,2851,2863,2822,2785,2824,2894,2884,2873,2852,2868,2852,2821,2829,2923,2897,2894,2866,2863,2871,2874,2822,2936,2913,2906,2885,2894,2872,2875,2851,2962,2938,2922,2909,2862,2890,2925,2871
TOF,2281,2328,2307,2716,2775,2777,2630,2560,2855,2749,2730,2650,2701,2721,2659,2829,2683,2757,2830,2836,2848,2825,2773,2800,2889,2886,2859,2861,2829,2829,2741,2828,2882,2868,2873,2884,2854,2856,2838,2849,2897,2905,2876,2864,2863,2882,2872,2796,2934,2917,2915,2892,2898,2869,2856,2829,2932,2937,2937,2925,2921,2912,2889,2833
TOF,2286,2310,2692,2752,2785,2705,2601,2575,2876,2761,2678,2573,2686,2751,2758,2816,2702,2776,2838,2844,2842,2826,2639,2794,2860,2883,2874,2877,2843,2853,2754,2844,2906,2912,2869,2858,2852,2861,2825,2829,2918,2906,2888,2881,2869,2848,2841,2922,2940,2931,2888,2885,2877,2864,2867,2911,2930,2934,2931,2905,2920,2897,2928,2825
TOF,2268,2335,2618,2820,2786,2624,2648,2626,2748,2655,2700,2595,2706,2748,2722,2810,2673,2742,2832,2853,2844,2812,2665,2829,2892,2909,2863,2861,2860,2827,2779,2814,2890,2892,2888,2856,2865,2840,2847,2844,2921,2909,2888,2878,2901,2880,2846,2893,2922,2921,2893,2885,2883,2858,2864,2840,2950,2961,2919,2899,2910,2903,2929,2858
TOF,2303,2291,2385,2806,2788,2700,2662,2623,2826,2767,2613,2619,2677,2752,2707,2795,2714,2764,2842,2842,2843,2833,2716,2813,2875,2873,2880,2860,2824,2863,2782,2822,2894,2890,2890,2863,2871,2842,2836,2842,2908,2913,2891,2875,2881,2866,2863,2874,2919,2891,2897,2906,2891,2863,2886,2800,2957,2946,2912,2897,2924,2905,2919,2806
TOF,2297,2274,2363,2812,2709,2638,2639,2571,2821,2719,2676,2659,2693,2758,2661,2793,2717,2774,2846,2842,2833,2825,2711,2824,2878,2878,2850,2868,2859,2856,2759,2823,2919,2906,2850,2867,2868,2854,2813,2846,2894,2901,2907,2907,2866,2853,2845,2761,2922,2920,2911,2913,2870,2871,2886,2843,2926,2956,2918,2913,2905,2897,2921,2848
TOF,2260,2313,2357,2565,2776,2714,2572,2585,2822,2740,2636,2631,2729,2757,2740,2799,2692,2773,2832,2837,2830,2816,2731,2805,2862,2852,2880,2857,2842,2828,2788,2804,2891,2884,2879,2881,2875,2828,2833,2847,2919,2906,2876,2892,2860,2861,2848,2851,2927,2915,2880,2884,2900,2859,2861,2776,2930,2930,2940,2939,2913,2888,2914,2766
TOF,2309,2305,2385,2770,2776,2724,2683,2641,2698,2776,2621,2634,2669,2766,2735,2795,2703,2756,2824,2835,2845,2833,2691,2831,2870,2865,2841,2872,2835,2855,2766,2833,2894,2892,2881,2871,2871,2848,2823,2853,2929,2890,2881,2876,2879,2874,2852,2832,2920,2906,2902,2883,2870,2868,2880,2828,2944,2932,2933,2924,2893,2908,2885,2786
TOF,2283,2335,2430,2795,2764,2727,2673,2653,2685,2766,2665,2675,2692,2766,2711,2813,2691,2785,2857,2822,2831,2823,2705,2809,2875,2876,2857,2869,2861,2832,2735,2846,2916,2883,2878,2871,2858,2850,2826,2857,2920,2887,2899,2868,2864,2849,2845,2813,2924,2924,2910,2907,2871,2880,2876,2909,2977,2941,2918,2911,2890,2896,2895,2869
TOF,2280,2328,2395,2781,2776,2685,2684,2648,2814,2751,2663,2654,2764,2764,2715,2808,2687,2766,2814,2851,2824,2816,2688,2828,2867,2872,2874,2865,2855,2840,2786,2827,2904,2895,2868,2853,2851,2856,2811,2825,2928,2882,2882,2870,2878,2862,2867,2798,2927,2916,2924,2896,2902,2884,2872,2795,2928,2963,2933,2892,2916,2884,2895,2861
TOF,2252,2312,2328,2730,2791,2669,2618,2648,2766,2825,2668,2647,2712,2762,2632,2766,2628,2760,2838,2848,2852,2836,2664,2839,2889,2871,2872,2869,2852,2831,2760,2831,2896,2888,2890,2858,2852,2858,2829,2829,2910,2897,2891,2887,2881,2851,2854,2848,2918,2912,2906,2896,2884,2888,2864,2855,2961,2917,2938,2916,2880,2896,2906,2826
TOF,2280,2342,2330,2738,2774,2637,2667,2633,2817,2839,2697,2624,2693,2726,2620,2801,2715,2792,2836,2844,2812,2844,2697,2846,2854,2873,2855,2842,2843,2821,2739,2823,2894,2891,2847,2862,2855,2843,2840,2849,2924,2898,2885,2878,2863,2869,2850,2886,2942,2896,2885,2914,2882,2873,2872,2796,2950,2938,2926,2904,2920,2908,2902,2849
TOF,2296,2303,2436,2780,2796,2642,2638,2565,2781,2728,2676,2618,2690,2758,2644,2816,2667,2790,2803,2831,2841,2799,2732,2809,2898,2874,2842,2863,2844,2847,2764,2827,2891,2888,2880,2856,2861,2860,2826,2832,2931,2893,2878,2885,2848,2870,2837,2881,2937,2916,2875,2885,2878,2883,2859,2717,2941,2932,2910,2920,2937,2913,2895,2872
TOF,2279,2293,2369,2633,2815,2717,2654,2629,2846,2717,2666,2619,2714,2751,2712,2813,2687,2771,2820,2836,2846,2825,2689,2801,2886,2876,2859,2880,2853,2827,2731,2857,2890,2878,2883,2875,2842,2839,2824,2824,2945,2875,2884,2893,2870,2854,2831,2784,2942,2918,2899,2888,2882,2871,2842,2884,2913,2924,2947,2909,2901,2890,2881,2821
TOF,2314,2315,2334,2761,2734,2780,2689,2620,2672,2768,2621,2627,2690,2723,2688,2781,2682,2758,2844,2834,2841,2826,2607,2819,2879,2866,2881,2850,2841,2821,2763,2822,2917,2876,2876,2858,2866,2835,2828,2857,2915,2886,2884,2887,2883,2870,2833,2795,2931,2911,2906,2906,2873,2880,2857,2904,2929,2936,2944,2918,2906,2906,2909,2833
TOF,2279,2344,2334,2800,2764,2795,2668,2611,2817,2613,2649,2664,2686,2777,2738,2782,2711,2775,2843,2819,2827,2831,2693,2814,2889,2870,2868,2861,2843,2834,2762,2840,2941,2889,2873,2857,2865,2850,2843,2843,2916,2894,2886,2896,2865,2863,2833,2767,2911,2923,2892,2886,2852,2866,2881,2730,2939,2926,2910,2926,2872,2882,2917,2776
TOF,2309,2338,2304,2786,2754,2768,2581,2615,2770,2626,2685,2653,2719,2755,2692,2829,2692,2806,2853,2835,2842,2805,2761,2822,2896,2862,2857,2875,2856,2835,2753,2841,2898,2911,2862,2865,2860,2849,2843,2841,2921,2925,2903,2895,2871,2863,2851,2853,2961,2921,2889,2902,2877,2864,2867,2812,2942,2932,2953,2928,2902,2899,2896,2837
TOF,2291,2276,2304,2727,2733,2719,2634,2706,2772,2626,2660,2673,2737,2749,2677,2806,2658,2780,2836,2839,2845,2819,2672,2795,2874,2857,2861,2854,2851,2845,2770,2827,2920,2888,2894,2887,2856,2847,2833,2840,2909,2889,2900,2880,2874,2851,2828,2863,2929,2881,2886,2901,2884,2870,2882,2923,2930,2943,2916,2917,2917,2884,2904,2820
TOF,2281,2336,2322,2813,2748,2784,2629,2638,2709,2846,2659,2625,2736,2758,2679,2798,2673,2778,2810,2850,2833,2813,2684,2826,2865,2861,2869,2866,2845,2831,2781,2836,2899,2874,2884,2858,2854,2862,2828,2841,2923,2914,2889,2888,2876,2854,2858,2772,2928,2902,2896,2900,2866,2862,2877,2858,2921,2923,2905,2920,2926,2874,2898,2820
TOF,2258,2285,2348,2809,2779,2763,2590,2600,2777,2751,2672,2628,2678,2770,2653,2801,2706,2787,2845,2852,2815,2814,2689,2847,2898,2883,2867,2851,2843,2852,2734,2811,2917,2911,2874,2857,2860,2861,2852,2840,2919,2906,2884,2916,2871,2884,2859,2879,2926,2916,2890,2881,2880,2880,2873,2812,2934,2974,2944,2909,2890,2908,2893,2830
TOF,2275,2321,2333,2790,2792,2726,2592,2645,2814,2712,2658,2620,2692,2770,2649,2803,2692,2750,2835,2837,2839,2806,2711,2833,2878,2867,2845,2866,2853,2838,2728,2834,2903,2873,2874,2866,2862,2849,2836,2852,2929,2886,2878,2893,2862,2877,2859,2854,2918,2944,2889,2900,2889,2886,2867,2840,2972,2926,2917,2912,2908,2884,2892,2859
TOF,2300,2316,2288,2757,2794,2770,2627,2598,2753,2746,2674,2604,2716,2750,2658,2804,2713,2753,2819,2838,2835,2829,2689,2806,2893,2857,2877,2860,2855,2830,2753,2808,2920,2918,2864,2853,2842,2852,2811,2835,2935,2892,2876,2869,2887,2866,2842,2865,2927,2934,2895,2869,2876,2864,2877,2849,2966,2964,2925,2904,2905,2901,2885,2858
TOF,2318,2298,2337,2735,2755,2797,2676,2585,2826,2713,2703,2625,2691,2771,2711,2801,2689,2823,2829,2838,2828,2823,2661,2829,2852,2863,2873,2862,2854,2836,2757,2840,2903,2899,2884,2865,2857,2836,2849,2852,2905,2913,2881,2869,2874,2870,2851,2813,2913,2896,2911,2887,2893,2873,2871,2815,2969,2931,2925,2945,2905,2903,2902,2760
TOF,2275,2298,2345,2733,2767,2696,2682,2638,2808,2732,2635,2646,2685,2757,2694,2804,2690,2765,2852,2834,2836,2866,2715,2818,2898,2877,2863,2866,2860,2839,2803,2842,2909,2883,2876,2851,2847,2838,2838,2830,2909,2895,2872,2882,2856,2855,2863,2845,2928,2899,2907,2896,2876,2884,2857,2778,2931,2969,2964,2905,2879,2916,2909,2871
TOF,2318,2293,2397,2825,2804,2691,2717,2593,2811,2786,2676,2649,2700,2775,2669,2787,2649,2777,2820,2849,2828,2838,2714,2825,2896,2865,2860,2843,2845,2855,2792,2856,2891,2885,2851,2875,2852,2843,2836,2854,2918,2900,2884,2865,2874,2884,2847,2794,2910,2911,2888,2912,2886,2883,2877,2778,2966,2912,2928,2908,2925,2895,2923,2870
TOF,2258,2332,2290,2741,2745,2737,2691,2628,2565,2729,2639,2639,2669,2734,2704,2798,2708,2790,2836,2850,2820,2827,2720,2829,2873,2884,2871,2847,2849,2862,2798,2831,2911,2887,2862,2874,2847,2837,2846,2842,2907,2884,2885,2890,2862,2846,2848,2835,2937,2943,2917,2893,2898,2877,2870,2816,2950,2919,2948,2923,2921,2888,2891,2845
TOF,2283,2285,2370,2506,2765,2716,2643,2600,2777,2719,2674,2654,2719,2762,2782,2813,2665,2766,2829,2842,2847,2816,2734,2806,2859,2877,2864,2879,2868,2832,2773,2802,2900,2891,2877,2875,2857,2866,2850,2846,2917,2911,2849,2881,2876,2858,2854,2800,2942,2925,2900,2905,2906,2902,2879,2824,2932,2939,2902,2897,2913,2908,2870,2871
TOF,2247,2280,2398,2784,2766,2703,2630,2592,2839,2643,2669,2676,2716,2791,2787,2838,2704,2772,2822,2826,2832,2847,2715,2807,2878,2865,2890,2868,2842,2835,2739,2840,2891,2876,2891,2861,2865,2836,2825,2832,2952,2888,2875,2881,2872,2848,2852,2766,2927,2922,2889,2890,2881,2871,2843,2791,2944,2920,2930,2896,2901,2898,2912,2820
TOF,2264,2318,2320,2765,2771,2683,2598,2656,2836,2787,2650,2681,2672,2764,2625,2816,2685,2778,2857,2814,2834,2812,2746,2809,2906,2863,2860,2861,2848,2845,2782,2820,2910,2877,2867,2866,2854,2850,2816,2842,2954,2901,2901,2895,2872,2871,2877,2781,2936,2905,2893,2896,2878,2858,2869,2829,2937,2921,2917,2910,2911,2887,2874,2882
TOF,2307,2338,2411,2738,2794,2736,2586,2621,2806,2738,2617,2659,2701,2757,2677,2798,2668,2834,2816,2832,2824,2827,2694,2835,2876,2891,2872,2866,2854,2841,2798,2828,2901,2884,2902,2867,2855,2862,2832,2847,2938,2897,2899,2877,2870,2868,2856,2847,2916,2931,2891,2877,2872,2880,2890,2826,2944,2937,2944,2905,2885,2909,2893,2851
TOF,2264,2326,2360,2745,2704,2746,2647,2676,2526,2731,2683,2602,2749,2725,2646,2777,2689,2740,2825,2841,2825,2845,2725,2815,2881,2865,2863,2857,2828,2854,2766,2846,2908,2868,2877,2874,2853,2843,2811,2829,2933,2896,2887,2877,2894,2865,2840,2811,2932,2915,2904,2879,2848,2866,2881,2839,2937,2935,2915,2901,2907,2911,2904,2887
TOF,2270,2328,2360,2838,2669,2697,2582,2578,2839,2676,2616,2640,2675,2775,2678,2825,2677,2768,2845,2843,2838,2836,2654,2836,2894,2881,2851,2852,2820,2844,2776,2833,2876,2884,2868,2864,2844,2855,2830,2825,2949,2891,2886,2866,2878,2858,2837,2713,2955,2907,2894,2883,2882,2875,2886,2826,2934,2967,2905,2925,2899,2922,2889,2858
TOF,2314,2349,2482,2784,2761,2688,2622,2561,2752,2773,2625,2666,2704,2751,2684,2816,2736,2780,2857,2846,2826,2812,2716,2847,2884,2875,2858,2856,2849,2846,2785,2830,2898,2907,2845,2881,2875,2843,2838,2843,2914,2884,2876,2893,2881,2867,2855,2791,2920,2925,2902,2895,2882,2875,2882,2788,2956,2932,2945,2910,2902,2884,2896,2877
TOF,2250,2307,2482,2784,2752,2574,2565,2620,2808,2806,2581,2624,2719,2790,2647,2804,2680,2778,2859,2840,2838,2831,2696,2822,2874,2885,2878,2866,2833,2856,2785,2812,2936,2900,2873,2869,2848,2868,2834,2829,2906,2900,2883,2892,2873,2858,2853,2792,2912,2929,2898,2887,2877,2858,2859,2899,2974,2959,2937,2906,2913,2911,2901,2720
TOF,2228,2301,2342,2758,2767,2735,2614,2627,2849,2689,2661,2610,2754,2793,2679,2822,2687,2771,2844,2857,2841,2815,2776,2838,2868,2868,2860,2879,2850,2835,2774,2832,2899,2879,2889,2873,2861,2856,2830,2863,2925,2909,2869,2873,2874,2849,2843,2811,2932,2909,2887,2892,2876,2852,2884,2800,2936,2928,2945,2922,2916,2901,2901,2870
TOF,2263,2339,2342,2781,2771,2731,2594,2549,2787,2728,2646,2630,2782,2772,2701,2819,2698,2769,2827,2847,2836,2837,2711,2809,2876,2861,2859,2851,2855,2818,2757,2832,2911,2879,2870,2872,2863,2849,2860,2825,2920,2871,2892,2873,2864,2854,2869,2866,2925,2910,2918,2905,2886,2887,2866,2854,2897,2971,2924,2910,2910,2897,2898,2771
TOF,2224,2330,2312,2808,2764,2611,2633,2598,2726,2732,2669,2644,2693,2783,2724,2820,2668,2782,2848,2837,2833,2809,2715,2808,2909,2887,2864,2865,2852,2849,2769,2842,2899,2889,2844,2902,2869,2832,2837,2821,2912,2884,2870,2898,2878,2856,2852,2839,2910,2902,2898,2883,2884,2858,2884,2855,2955,2946,2944,2892,2914,2908,2900,2800
TOF,2276,2329,2481,2801,2695,2803,2584,2661,2798,2743,2661,2617,2678,2725,2753,2831,2733,2780,2825,2840,2843,2816,2700,2813,2920,2882,2889,2838,2849,2880,2754,2819,2912,2877,2865,2886,2845,2846,2840,2818,2910,2898,2892,2870,2865,2885,2858,2848,2931,2923,2900,2876,2894,2866,2879,2901,2963,2916,2920,2911,2895,2886,2914,2876
TOF,2279,2318,2410,2748,2670,2651,2673,2625,2805,2698,2647,2651,2716,2774,2707,2823,2661,2797,2823,2843,2843,2809,2746,2808,2850,2863,2848,2867,2864,2827,2798,2805,2892,2865,2880,2884,2856,2852,2833,2836,2898,2883,2897,2880,2858,2853,2843,2813,2919,2922,2895,2890,2868,2892,2870,2822,2930,2966,2929,2920,2906,2889,2882,2833
TOF,2302,2289,2357,2757,2673,2733,2590,2590,2827,2639,2681,2676,2737,2783,2707,2810,2705,2769,2846,2830,2852,2809,2813,2816,2884,2866,2848,2852,2873,2841,2760,2832,2911,2885,2865,2857,2857,2858,2835,2815,2914,2916,2864,2877,2877,2838,2871,2840,2931,2907,2904,2885,2888,2882,2877,2844,2950,2933,2924,2918,2910,2906,2960,2878
TOF,2241,2357,2383,2785,2733,2665,2601,2645,2821,2742,2678,2631,2681,2755,2698,2807,2670,2767,2851,2840,2828,2824,2685,2830,2893,2857,2868,2858,2845,2831,2795,2827,2896,2874,2890,2884,2842,2841,2844,2828,2929,2891,2894,2883,2883,2859,2858,2867,2941,2915,2877,2890,2876,2864,2881,2770,2928,2939,2930,2916,2890,2891,2887,2877
TOF,2255,2289,2383,2778,2703,2684,2620,2663,2764,2675,2667,2652,2750,2759,2733,2805,2686,2756,2814,2832,2820,2810,2715,2828,2906,2874,2861,2870,2865,2830,2792,2833,2867,2887,2859,2868,2853,2866,2837,2828,2940,2897,2884,2878,2861,2875,2865,2867,2937,2911,2887,2891,2882,2850,2875,2914,2953,2931,2931,2911,2904,2903,2921,2811
TOF,2282,2313,2397,2792,2757,2728,2640,2625,2749,2683,2696,2660,2667,2766,2689,2849,2705,2782,2835,2851,2839,2842,2723,2830,2878,2874,2869,2855,2841,2837,2769,2834,2930,2886,2861,2868,2845,2848,2841,2843,2902,2892,2882,2886,2865,2863,2884,2848,2934,2896,2889,2880,2876,2863,2862,2834,2943,2944,2923,2913,2899,2865,2890,2831
TOF,2240,2344,2331,2798,2778,2675,2637,2607,2742,2563,2645,2650,2657,2756,2673,2786,2679,2790,2857,2851,2819,2836,2731,2808,2905,2867,2873,2856,2860,2840,2778,2819,2939,2887,2872,2881,2867,2841,2834,2847,2910,2878,2899,2877,2863,2864,2868,2848,2952,2903,2908,2888,2885,2874,2874,2822,2934,2944,2946,2901,2905,2904,2888,2857
TOF,2246,2339,2333,2668,2789,2688,2690,2583,2704,2739,2623,2659,2665,2771,2707,2810,2645,2787,2823,2840,2825,2829,2740,2822,2894,2881,2862,2856,2843,2848,2762,2829,2906,2872,2894,2862,2856,2841,2824,2849,2912,2886,2875,2886,2871,2860,2856,2870,2913,2919,2909,2906,2885,2879,2854,2743,2956,2949,2925,2915,2912,2912,2898,2825
TOF,2309,2289,2333,2767,2781,2698,2656,2671,2818,2723,2655,2618,2716,2747,2671,2808,2682,2752,2817,2841,2847,2820,2702,2819,2896,2878,2884,2857,2864,2811,2762,2836,2899,2887,2875,2853,2858,2848,2810,2840,2943,2881,2860,2874,2878,2855,2864,2874,2933,2911,2878,2887,2884,2859,2888,2808,2948,2939,2921,2902,2896,2899,2911,2836
TOF,2289,2299,2327,2794,2656,2710,2613,2608,2712,2707,2658,2668,2723,2748,2671,2807,2703,2800,2824,2834,2832,2839,2683,2823,2888,2878,2880,2870,2825,2831,2769,2842,2904,2894,2886,2879,2859,2854,2833,2826,2917,2897,2868,2882,2861,2867,2865,2881,2914,2896,2889,2892,2884,2871,2879,2894,2964,2939,2920,2905,2889,2903,2879,2772
TOF,2286,2280,2313,2742,2747,2704,2628,2609,2784,2750,2740,2632,2703,2780,2709,2798,2737,2788,2838,2856,2846,2837,2659,2817,2886,2885,2856,2854,2871,2839,2745,2808,2878,2878,2867,2861,2838,2858,2841,2840,2910,2882,2878,2872,2878,2878,2859,2818,2916,2899,2900,2905,2884,2896,2863,2828,2969,2944,2929,2898,2910,2882,2905,2857
TOF,2298,2294,2309,2778,2732,2709,2633,2614,2825,2727,2633,2631,2742,2719,2673,2826,2685,2756,2841,2846,2845,2834,2663,2793,2832,2872,2848,2873,2872,2859,2783,2816,2917,2877,2897,2872,2852,2841,2834,2842,2945,2899,2882,2871,2881,2866,2857,2837,2923,2903,2872,2899,2886,2888,2868,2874,2940,2967,2907,2909,2911,2890,2924,2777
TOF,2262,2342,2358,2760,2759,2745,2606,2573,2852,2870,2605,2629,2693,2762,2688,2789,2659,2789,2828,2840,2854,2840,2692,2813,2865,2874,2868,2846,2837,2847,2755,2840,2908,2869,2899,2854,2856,2841,2839,2859,2903,2930,2894,2892,2886,2854,2853,2914,2929,2908,2893,2895,2872,2854,2863,2794,2932,2950,2920,2901,2896,2932,2858,2787
TOF,2255,2358,2385,2779,2771,2750,2560,2585,2846,2777,2665,2636,2697,2721,2694,2772,2658,2770,2847,2832,2833,2830,2725,2810,2896,2874,2872,2861,2840,2837,2800,2855,2907,2889,2861,2866,2858,2849,2833,2833,2923,2878,2891,2892,2883,2879,2840,2778,2937,2922,2907,2901,2889,2868,2889,2791,2970,2923,2931,2900,2888,2892,2909,2810
TOF,2223,2326,2334,2790,2787,2722,2585,2584,2780,2714,2672,2633,2646,2771,2615,2839,2664,2788,2829,2834,2853,2821,2681,2802,2889,2875,2842,2860,2844,2846,2798,2818,2900,2894,2895,2859,2869,2831,2830,2824,2947,2913,2908,2881,2888,2864,2855,2815,2934,2896,2905,2897,2901,2891,2859,2815,2940,2974,2917,2910,2916,2893,2924,2820
TOF,2300,2363,2356,2793,2809,2751,2650,2626,2711,2704,2687,2656,2721,2733,2705,2796,2716,2796,2850,2844,2853,2808,2752,2810,2902,2874,2875,2854,2860,2844,2771,2816,2927,2905,2859,2869,2858,2840,2831,2846,2937,2882,2900,2886,2878,2863,2834,2855,2928,2901,2902,2892,2889,2890,2865,2904,2970,2930,2930,2921,2895,2923,2903,2849
TOF,2307,2342,2336,2717,2766,2669,2709,2615,2775,2720,2677,2612,2736,2714,2658,2812,2666,2796,2818,2836,2834,2841,2718,2794,2889,2869,2860,2839,2860,2827,2764,2820,2912,2906,2881,2873,2863,2868,2803,2866,2881,2899,2877,2872,2895,2847,2864,2841,2927,2932,2889,2912,2880,2864,2865,2859,2944,2940,2918,2911,2893,2916,2916,2889
TOF,2296,2354,2352,2785,2761,2815,2623,2601,2823,2843,2653,2628,2653,2791,2637,2784,2720,2787,2855,2816,2843,2822,2717,2816,2893,2856,2843,2870,2850,2833,2772,2830,2875,2902,2862,2849,2840,2849,2811,2820,2920,2905,2881,2872,2891,2869,2856,2819,2931,2925,2891,2898,2891,2895,2877,2800,2958,2961,2949,2900,2872,2905,2888,2880
TOF,2310,2338,2556,2725,2729,2729,2590,2544,2806,2690,2678,2656,2711,2748,2703,2792,2667,2779,2849,2844,2819,2828,2693,2807,2880,2877,2880,2860,2843,2847,2774,2825,2917,2912,2871,2858,2869,2855,2820,2887,2908,2920,2880,2893,2880,2843,2834,2892,2953,2912,2910,2874,2900,2876,2871,2725,2975,2928,2925,2905,2904,2878,2910,2827
TOF,2292,2327,2329,2770,2771,2752,2632,2623,2787,2718,2672,2643,2683,2767,2591,2828,2672,2787,2832,2849,2819,2814,2665,2822,2886,2879,2872,2876,2846,2833,2758,2826,2896,2894,2865,2871,2862,2856,2837,2869,2925,2899,2896,2892,2862,2853,2850,2745,2936,2918,2900,2923,2870,2903,2862,2814,2954,2927,2939,2902,2907,2903,2882,2814
TOF,2263,2312,2353,2785,2735,2659,2594,2591,2835,2721,2674,2661,2728,2758,2684,2771,2669,2785,2831,2838,2815,2823,2688,2818,2886,2882,2857,2861,2848,2835,2788,2826,2894,2891,2873,2872,2855,2860,2846,2803,2915,2897,2876,2867,2873,2851,2839,2830,2935,2923,2916,2897,2895,2889,2845,2820,2952,2918,2921,2916,2894,2893,2880,2845
TOF,2291,2316,2339,2775,2779,2714,2635,2587,2733,2773,2623,2663,2696,2793,2658,2827,2724,2774,2867,2850,2834,2838,2754,2830,2885,2870,2864,2867,2850,2832,2778,2847,2909,2882,2906,2872,2865,2852,2829,2844,2934,2862,2869,2882,2878,2864,2831,2805,2930,2927,2895,2885,2881,2894,2859,2756,2947,2986,2939,2879,2886,2901,2899,2831
TOF,2274,2316,2369,2765,2775,2635,2725,2604,2704,2705,2651,2638,2701,2756,2711,2794,2714,2800,2859,2835,2859,2812,2723,2820,2883,2864,2862,2868,2835,2832,2762,2817,2957,2873,2871,2879,2859,2861,2842,2854,2934,2881,2890,2857,2896,2848,2855,2860,2934,2915,2897,2877,2885,2881,2853,2847,2934,2982,2945,2908,2919,2902,2893,2827
TOF,2221,2293,2347,2762,2743,2803,2660,2612,2693,2747,2716,2645,2699,2747,2690,2808,2663,2757,2820,2841,2833,2841,2710,2832,2898,2867,2859,2859,2839,2830,2801,2814,2902,2873,2869,2902,2860,2849,2816,2865,2914,2900,2881,2878,2856,2857,2877,2851,2917,2922,2907,2895,2869,2872,2894,2849,2989,2959,2919,2908,2935,2896,2886,2843
TOF,2319,2323,2418,2781,2759,2778,2583,2654,2847,2731,2732,2612,2715,2732,2762,2841,2664,2790,2840,2845,2818,2808,2667,2817,2896,2858,2869,2848,2867,2836,2759,2832,2914,2890,2876,2854,2857,2852,2834,2841,2891,2906,2885,2867,2888,2869,2871,2792,2928,2913,2897,2902,2903,2857,2876,2847,2933,2923,2924,2903,2914,2922,2893,2823
TOF,2280,2255,2392,2815,2773,2786,2678,2600,2800,2750,2593,2646,2719,2771,2661,2802,2684,2781,2847,2846,2854,2830,2734,2804,2876,2874,2884,2852,2846,2843,2801,2841,2935,2913,2873,2871,2862,2849,2829,2842,2943,2907,2883,2879,2886,2860,2876,2839,2909,2893,2907,2893,2868,2872,2864,2824,2925,2925,2933,2917,2912,2919,2912,2754
TOF,2277,2326,2367,2783,2770,2761,2680,2649,2762,2744,2633,2634,2721,2776,2675,2819,2728,2758,2816,2829,2807,2843,2689,2822,2903,2878,2856,2845,2856,2837,2795,2817,2899,2869,2862,2886,2854,2839,2850,2817,2895,2897,2881,2882,2884,2850,2868,2870,2922,2919,2908,2889,2878,2872,2848,2821,2961,2966,2933,2912,2899,2896,2895,2773
TOF,2310,2310,2354,2742,2791,2839,2690,2601,2841,2746,2662,2653,2738,2746,2646,2824,2737,2766,2839,2844,2827,2822,2698,2831,2880,2881,2884,2864,2851,2822,2788,2851,2941,2895,2875,2880,2856,2846,2836,2857,2937,2886,2894,2879,2873,2873,2865,2796,2932,2901,2898,2889,2886,2859,2861,2840,2968,2909,2932,2898,2896,2894,2926,2863
TOF,2215,2319,2353,2741,2755,2694,2724,2640,2823,2832,2699,2615,2721,2760,2704,2797,2681,2779,2832,2850,2826,2828,2688,2834,2887,2866,2857,2864,2854,2863,2749,2830,2867,2859,2866,2876,2871,2858,2821,2827,2908,2901,2877,2882,2881,2877,2871,2835,2931,2929,2898,2933,2892,2877,2881,2849,2964,2943,2923,2904,2906,2914,2897,2850
TOF,2270,2337,2435,2803,2754,2653,2708,2603,2748,2715,2684,2687,2711,2771,2671,2831,2746,2782,2836,2855,2850,2829,2698,2820,2877,2864,2847,2858,2838,2840,2798,2797,2920,2899,2865,2847,2853,2838,2825,2869,2917,2914,2901,2873,2856,2866,2835,2842,2933,2929,2907,2890,2880,2858,2885,2836,2953,2956,2911,2921,2920,2923,2879,2773
TOF,2254,2344,2389,2756,2783,2706,2650,2640,2798,2713,2664,2626,2714,2744,2674,2797,2696,2792,2831,2838,2825,2801,2729,2822,2867,2881,2855,2867,2848,2839,2769,2809,2897,2857,2872,2857,2864,2857,2828,2861,2909,2910,2887,2893,2859,2854,2852,2763,2913,2911,2908,2871,2910,2877,2878,2766,2962,2936,2912,2929,2897,2917,2858,2838
TOF,2231,2297,2514,2762,2792,2761,2692,2616,2805,2738,2708,2642,2656,2771,2676,2847,2709,2772,2825,2842,2820,2826,2681,2820,2872,2883,2863,2854,2859,2836,2768,2867,2884,2890,2862,2866,2864,2866,2839,2849,2933,2893,2917,2888,2882,2860,2868,2771,2914,2921,2915,2885,2888,2871,2846,2797,2938,2939,2923,2892,2900,2887,2904,2856
TOF,2279,2348,2572,2805,2779,2708,2694,2615,2826,2640,2658,2625,2733,2737,2698,2829,2698,2769,2841,2853,2835,2838,2704,2818,2879,2880,2838,2846,2854,2846,2772,2846,2936,2896,2865,2849,2874,2843,2838,2814,2915,2906,2904,2868,2867,2853,2837,2824,2927,2896,2904,2878,2845,2878,2861,2830,2940,2924,2917,2918,2917,2924,2893,2889
TOF,2277,2301,2762,2816,2751,2742,2642,2648,2839,2722,2700,2659,2706,2751,2696,2787,2695,2763,2831,2856,2819,2832,2668,2802,2892,2873,2865,2869,2858,2838,2775,2842,2889,2876,2877,2877,2860,2859,2842,2844,2926,2897,2892,2889,2872,2855,2872,2817,2943,2899,2869,2880,2867,2867,2882,2901,2934,2898,2946,2955,2930,2886,2908,2784
TOF,2323,2345,2347,2834,2736,2709,2541,2601,2797,2745,2676,2650,2673,2736,2646,2827,2709,2726,2828,2831,2832,2812,2670,2833,2842,2860,2868,2852,2851,2849,2745,2807,2875,2885,2888,2852,2840,2849,2823,2879,2934,2904,2873,2884,2863,2860,2840,2865,2943,2906,2905,2883,2882,2869,2859,2802,2969,2925,2934,2897,2894,2910,2907,2881
TOF,2284,2294,2405,2708,2737,2797,2629,2583,2805,2673,2671,2640,2739,2758,2716,2780,2703,2796,2844,2854,2830,2828,2693,2825,2876,2888,2886,2852,2848,2835,2761,2817,2902,2888,2880,2868,2862,2860,2863,2858,2933,2916,2876,2884,2872,2870,2853,2830,2903,2912,2908,2896,2877,2884,2870,2842,2939,2963,2927,2920,2889,2892,2900,2860
TOF,2265,2312,2384,2653,2751,2696,2629,2639,2808,2658,2637,2624,2698,2750,2725,2804,2703,2801,2827,2829,2834,2816,2707,2801,2876,2865,2883,2865,2869,2829,2815,2837,2899,2894,2858,2849,2848,2855,2811,2855,2966,2916,2901,2874,2885,2874,2878,2802,2902,2916,2891,2865,2856,2868,2855,2815,2961,2939,2952,2930,2917,2890,2908,2875
TOF,2302,2342,2365,2819,2763,2691,2608,2614,2806,2653,2661,2661,2651,2798,2711,2771,2690,2782,2861,2830,2821,2821,2724,2831,2881,2884,2859,2837,2835,2837,2788,2851,2879,2863,2891,2873,2863,2845,2837,2832,2944,2903,2890,2880,2889,2885,2856,2855,2937,2896,2911,2902,2884,2874,2870,2768,2943,2959,2947,2922,2914,2911,2914,2793
TOF,2228,2307,2319,2702,2712,2693,2646,2606,2798,2692,2693,2637,2723,2748,2599,2784,2728,2760,2832,2859,2829,2867,2686,2829,2910,2859,2866,2855,2850,2823,2771,2826,2915,2889,2867,2888,2853,2867,2833,2828,2913,2888,2896,2890,2871,2881,2847,2809,2956,2912,2906,2863,2894,2862,2878,2787,2966,2925,2909,2925,2888,2916,2917,2905
TOF,2289,2295,2345,2786,2717,2700,2581,2659,2835,2847,2657,2618,2713,2754,2661,2826,2700,2762,2819,2853,2833,2838,2663,2837,2898,2869,2874,2844,2851,2837,2801,2820,2934,2919,2859,2853,2842,2856,2822,2834,2933,2902,2881,2898,2901,2862,2862,2864,2952,2935,2895,2867,2869,2866,2894,2786,2929,2920,2925,2925,2881,2878,2893,2795
TOF,2232,2346,2351,2761,2741,2640,2649,2567,2772,2730,2649,2653,2682,2781,2678,2802,2708,2786,2837,2837,2832,2819,2658,2822,2888,2860,2869,2868,2848,2813,2814,2834,2895,2888,2868,2882,2859,2853,2833,2861,2934,2902,2904,2897,2885,2890,2860,2841,2941,2904,2905,2910,2900,2879,2882,2827,2934,2962,2957,2908,2911,2899,2867,2950
TOF,2330,2362,2431,2763,2770,2706,2610,2589,2665,2703,2632,2718,2769,2757,2715,2829,2710,2742,2827,2834,2841,2815,2687,2805,2883,2865,2871,2866,2854,2826,2817,2831,2901,2906,2871,2866,2851,2835,2832,2841,2890,2898,2879,2870,2870,2849,2856,2837,2905,2898,2897,2903,2887,2882,2896,2772,2922,2933,2921,2904,2905,2908,2901,2867
TOF,2251,2308,2331,2796,2772,2688,2564,2623,2820,2695,2676,2675,2691,2782,2735,2828,2652,2744,2828,2828,2837,2807,2726,2826,2856,2869,2858,2845,2861,2840,2797,2805,2931,2897,2880,2855,2860,2858,2845,2859,2938,2898,2881,2894,2865,2852,2864,2785,2919,2926,2902,2868,2876,2886,2875,2766,2968,2937,2916,2886,2900,2898,2902,2874
TOF,2297,2312,2310,2769,2762,2694,2596,2602,2776,2676,2651,2607,2712,2778,2784,2805,2692,2774,2837,2851,2844,2841,2694,2832,2887,2874,2862,2868,2844,2832,2777,2822,2898,2908,2874,2867,2866,2839,2846,2855,2923,2904,2870,2872,2883,2878,2835,2818,2938,2916,2890,2894,2882,2876,2861,2794,2992,2939,2926,2936,2907,2887,2930,2843
TOF,2250,2317,2331,2770,2740,2712,2603,2609,2618,2702,2650,2650,2734,2758,2684,2802,2712,2781,2839,2839,2834,2848,2706,2802,2898,2867,2893,2854,2862,2841,2787,2811,2994,2897,2887,2861,2858,2849,2849,2857,2922,2874,2891,2894,2864,2857,2867,2786,2936,2938,2894,2875,2877,2877,2879,2768,2941,2906,2937,2911,2906,2905,2885,2913
TOF,2254,2319,2377,2741,2736,2671,2641,2627,2599,2743,2577,2627,2693,2747,2681,2792,2700,2782,2820,2845,2836,2814,2781,2814,2871,2870,2846,2872,2833,2827,2788,2822,2928,2887,2868,2863,2851,2830,2812,2798,2961,2887,2886,2890,2864,2883,2862,2869,2912,2898,2907,2904,2891,2876,2882,2739,2953,2944,2918,2892,2902,2908,2908,2807
TOF,2305,2293,2397,2731,2781,2723,2609,2642,2764,2760,2627,2610,2705,2755,2656,2824,2688,2794,2797,2825,2840,2813,2710,2805,2859,2867,2883,2849,2857,2837,2783,2855,2907,2896,2880,2858,2854,2852,2833,2839,2922,2878,2867,2861,2866,2845,2862,2848,2943,2892,2883,2880,2884,2885,2854,2785,2970,2949,2942,2913,2905,2902,2890,2874
TOF,2279,2338,2400,2784,2767,2685,2635,2609,2796,2758,2635,2651,2666,2789,2672,2787,2675,2753,2848,2843,2858,2839,2727,2805,2890,2887,2853,2851,2855,2846,2756,2814,2906,2893,2865,2853,2862,2847,2833,2855,2942,2879,2896,2859,2862,2863,2860,2860,2934,2904,2893,2861,2879,2876,2873,2757,2951,2958,2954,2916,2905,2918,2883,2874
TOF,2245,2348,2383,2776,2708,2708,2682,2604,2798,2704,2656,2637,2707,2751,2740,2823,2718,2766,2814,2848,2846,2838,2711,2844,2864,2864,2862,2841,2857,2837,2779,2818,2871,2903,2877,2881,2866,2846,2844,2863,2907,2903,2873,2866,2916,2860,2866,2872,2926,2934,2899,2879,2877,2864,2885,2802,2969,2958,2911,2908,2881,2900,2931,2763
TOF,2250,2342,2376,2786,2836,2739,2628,2623,2705,2743,2602,2658,2716,2790,2753,2799,2711,2769,2813,2854,2838,2829,2745,2796,2894,2859,2875,2855,2837,2839,2784,2835,2925,2876,2861,2867,2865,2849,2829,2823,2929,2884,2905,2892,2866,2886,2855,2830,2928,2919,2904,2913,2886,2866,2867,2787,2939,2920,2934,2929,2911,2932,2886,2882
TOF,2290,2299,2348,2751,2793,2629,2600,2633,2695,2639,2635,2636,2685,2773,2679,2799,2667,2766,2867,2816,2840,2836,2696,2812,2870,2873,2879,2856,2854,2859,2755,2833,2926,2888,2888,2846,2850,2838,2832,2840,2941,2905,2869,2880,2856,2872,2857,2809,2945,2920,2921,2912,2886,2878,2879,2789,2951,2943,2928,2955,2894,2890,2899,2766
TOF,2302,2325,2323,2757,2717,2722,2677,2636,2772,2737,2641,2664,2705,2762,2692,2794,2721,2775,2834,2841,2833,2838,2750,2822,2860,2854,2855,2852,2870,2841,2713,2841,2890,2889,2888,2878,2861,2872,2833,2828,2929,2898,2879,2862,2868,2876,2846,2884,2922,2943,2896,2883,2870,2885,2889,2832,2921,2939,2908,2913,2887,2890,2876,2825
TOF,2284,2328,2464,2780,2782,2685,2670,2608,2754,2724,2692,2642,2693,2760,2668,2836,2702,2774,2827,2832,2817,2833,2696,2813,2898,2843,2862,2865,2839,2856,2772,2835,2929,2885,2880,2858,2852,2853,2826,2844,2942,2899,2914,2890,2877,2846,2872,2828,2952,2911,2907,2896,2865,2881,2859,2813,2926,2910,2917,2940,2896,2891,2901,2754
TOF,2319,2315,2407,2772,2766,2694,2676,2650,2815,2732,2697,2623,2702,2756,2591,2811,2668,2765,2836,2853,2835,2832,2667,2831,2876,2887,2870,2869,2858,2832,2786,2834,2907,2877,2863,2875,2850,2845,2854,2852,2903,2908,2894,2874,2878,2858,2841,2894,2910,2907,2908,2875,2894,2864,2892,2748,2982,2951,2945,2912,2911,2908,2882,2807
TOF,2293,2315,2366,2766,2800,2675,2594,2631,2821,2766,2619,2617,2718,2778,2692,2820,2672,2744,2829,2830,2832,2839,2688,2831,2889,2874,2873,2853,2844,2832,2779,2828,2913,2878,2890,2885,2852,2846,2844,2839,2921,2881,2889,2894,2859,2880,2845,2831,2915,2896,2904,2865,2873,2890,2858,2745,2971,2933,2948,2870,2922,2907,2915,2810
TOF,2307,2296,2366,2732,2787,2676,2630,2593,2827,2762,2700,2638,2729,2776,2698,2798,2704,2776,2847,2835,2846,2825,2685,2808,2872,2875,2858,2862,2841,2839,2758,2835,2910,2886,2878,2876,2851,2870,2829,2837,2920,2908,2919,2882,2875,2875,2846,2817,2918,2898,2868,2899,2902,2876,2863,2858,2928,2941,2912,2917,2902,2898,2893,2798
TOF,2277,2284,2337,2768,2753,2671,2683,2625,2818,2777,2705,2623,2681,2723,2730,2823,2700,2765,2817,2836,2862,2811,2698,2798,2872,2884,2845,2860,2853,2823,2780,2837,2905,2898,2877,2858,2860,2856,2825,2828,2950,2907,2883,2877,2866,2833,2848,2881,2927,2919,2900,2910,2886,2882,2867,2912,2941,2919,2936,2893,2926,2904,2915,2890
TOF,2284,2314,2348,2809,2729,2753,2549,2660,2741,2721,2635,2603,2715,2762,2721,2801,2697,2762,2830,2852,2840,2829,2710,2819,2891,2873,2851,2841,2845,2828,2797,2840,2911,2885,2869,2880,2863,2855,2820,2893,2930,2892,2888,2878,2883,2852,2847,2850,2905,2909,2900,2919,2879,2861,2881,2856,2946,2930,2928,2927,2896,2909,2932,2842
TOF,2280,2318,2276,2780,2760,2701,2594,2636,2722,2657,2616,2626,2697,2764,2701,2868,2681,2771,2827,2848,2838,2848,2710,2820,2907,2864,2852,2845,2860,2822,2826,2844,2908,2879,2887,2884,2881,2869,2845,2842,2899,2886,2883,2875,2859,2862,2881,2857,2939,2923,2873,2894,2880,2885,2872,2844,2954,2935,2934,2892,2905,2899,2902,2838
TOF,2308,2283,2386,2785,2800,2665,2655,2630,2870,2709,2669,2620,2661,2725,2706,2818,2713,2762,2841,2846,2824,2816,2701,2854,2860,2876,2887,2852,2857,2829,2764,2824,2895,2882,2884,2862,2860,2852,2834,2834,2909,2905,2889,2899,2879,2870,2847,2802,2934,2910,2899,2872,2888,2874,2864,2757,2971,2948,2929,2902,2912,2901,2911,2812
TOF,2259,2292,2362,2447,2634,2699,2615,2595,2836,2754,2672,2629,2719,2760,2826,2787,2701,2793,2831,2840,2827,2841,2699,2835,2864,2869,2863,2853,2846,2834,2772,2811,2906,2892,2879,2874,2868,2856,2823,2830,2941,2902,2885,2881,2881,2856,2862,2840,2916,2911,2897,2888,2876,2864,2861,2791,2939,2927,2934,2901,2939,2898,2925,2896
TOF,2293,2316,2385,2801,2739,2658,2601,2641,2799,2850,2638,2631,2691,2780,2681,2826,2656,2774,2820,2849,2843,2827,2665,2805,2877,2886,2868,2859,2857,2833,2767,2823,2918,2876,2890,2888,2862,2840,2830,2841,2922,2910,2888,2886,2886,2884,2862,2928,2921,2927,2891,2891,2876,2856,2870,2855,2932,2965,2938,2933,2888,2882,2902,2871
TOF,2209,2318,2360,2767,2830,2720,2709,2547,2820,2614,2667,2632,2711,2777,2669,2814,2698,2762,2850,2841,2806,2839,2716,2822,2869,2869,2882,2865,2864,2848,2802,2829,2929,2864,2868,2885,2864,2845,2832,2840,2933,2917,2899,2880,2847,2871,2844,2921,2940,2920,2919,2905,2896,2875,2878,2819,2953,2940,2916,2917,2902,2905,2899,2914
TOF,2298,2312,2372,2819,2759,2832,2617,2653,2838,2805,2698,2665,2706,2745,2632,2782,2658,2779,2838,2846,2835,2814,2676,2821,2890,2891,2860,2867,2841,2832,2761,2832,2946,2888,2877,2877,2840,2837,2838,2847,2911,2880,2886,2892,2864,2874,2862,2860,2928,2916,2907,2894,2884,2877,2874,2744,2926,2948,2921,2912,2917,2891,2932,2837
TOF,2288,2310,2309,2744,2767,2669,2621,2634,2807,2709,2684,2601,2737,2760,2665,2828,2726,2823,2806,2842,2821,2825,2639,2818,2901,2860,2857,2844,2860,2835,2763,2842,2879,2908,2890,2864,2856,2841,2828,2870,2913,2905,2912,2888,2859,2844,2849,2859,2932,2928,2901,2897,2883,2898,2873,2805,2924,2926,2919,2913,2882,2927,2866,2826
TOF,2250,2291,2334,2813,2673,2692,2607,2616,2799,2720,2683,2663,2731,2757,2694,2784,2685,2768,2846,2845,2827,2817,2744,2809,2884,2866,2860,2855,2835,2819,2749,2838,2926,2874,2872,2885,2846,2849,2841,2843,2913,2885,2889,2899,2872,2871,2879,2809,2929,2887,2910,2904,2874,2882,2871,2835,2932,2940,2908,2906,2921,2917,2898,2817
TOF,2257,2308,2377,2769,2699,2649,2702,2676,2789,2810,2647,2659,2656,2756,2714,2792,2675,2724,2849,2860,2832,2818,2793,2812,2920,2893,2876,2851,2841,2838,2734,2836,2899,2875,2885,2889,2860,2862,2830,2852,2912,2913,2878,2888,2867,2880,2835,2799,2919,2915,2910,2902,2903,2878,2851,2871,2944,2963,2894,2903,2902,2888,2896,2879
TOF,2259,2304,2348,2778,2764,2724,2613,2635,2805,2767,2695,2624,2697,2755,2682,2809,2718,2761,2831,2846,2826,2839,2710,2844,2890,2892,2872,2878,2861,2826,2784,2837,2900,2897,2895,2849,2856,2845,2850,2837,2917,2886,2884,2884,2864,2860,2861,2795,2962,2892,2908,2903,2875,2878,2885,2760,2957,2925,2950,2917,2921,2902,2904,2828
TOF,2284,2296,2421,2629,2733,2787,2682,2560,2798,2739,2695,2643,2692,2774,2697,2835,2706,2756,2818,2853,2841,2822,2703,2815,2898,2872,2868,2858,2846,2822,2805,2822,2923,2872,2861,2888,2857,2848,2828,2860,2929,2879,2883,2880,2871,2866,2865,2916,2944,2929,2898,2874,2888,2876,2860,2894,2913,2940,2918,2916,2907,2902,2904,2797
TOF,2236,2351,2357,2486,2802,2702,2685,2602,2801,2755,2695,2643,2642,2760,2696,2804,2672,2809,2840,2835,2841,2825,2725,2809,2865,2865,2863,2862,2845,2848,2768,2836,2892,2880,2892,2888,2849,2857,2825,2815,2929,2908,2878,2876,2873,2863,2843,2868,2912,2926,2911,2872,2901,2873,2897,2824,2947,2933,2940,2921,2886,2913,2890,2800
TOF,2314,2286,2336,2795,2812,2771,2789,2707,2777,2806,2615,2640,2694,2777,2643,2793,2716,2774,2820,2842,2828,2842,2687,2811,2864,2871,2858,2850,2845,2836,2767,2811,2906,2893,2882,2873,2867,2844,2849,2845,2897,2913,2883,2876,2864,2852,2850,2808,2922,2917,2897,2892,2854,2876,2864,2841,2958,2970,2921,2903,2888,2885,2883,2863
TOF,2284,2289,2382,2611,2732,2682,2668,2584,2727,2793,2686,2638,2705,2752,2694,2802,2692,2768,2851,2836,2844,2829,2709,2832,2878,2874,2879,2863,2857,2874,2795,2836,2891,2894,2884,2869,2863,2854,2840,2849,2916,2897,2888,2888,2869,2834,2852,2874,2931,2926,2894,2899,2884,2862,2876,2909,2954,2921,2932,2913,2913,2909,2864,2835
TOF,2307,2308,2397,2783,2769,2727,2611,2596,2779,2789,2604,2639,2686,2761,2661,2779,2699,2769,2855,2845,2844,2823,2710,2801,2892,2859,2858,2864,2842,2820,2766,2820,2908,2876,2900,2852,2873,2855,2837,2833,2890,2894,2881,2887,2862,2856,2836,2835,2923,2907,2895,2887,2877,2876,2878,2843,2996,2920,2949,2930,2915,2882,2889,2860
TOF,2287,2304,2285,2771,2786,2717,2710,2607,2786,2727,2654,2639,2712,2757,2653,2787,2681,2797,2822,2859,2824,2840,2751,2832,2871,2868,2871,2867,2819,2826,2763,2823,2906,2875,2863,2856,2863,2865,2835,2846,2931,2900,2898,2884,2878,2869,2847,2853,2934,2918,2898,2887,2902,2892,2847,2823,2937,2949,2933,2921,2926,2898,2936,2874
TOF,2322,2351,2351,2788,2722,2704,2584,2593,2841,2710,2627,2680,2717,2722,2681,2802,2688,2775,2855,2841,2830,2834,2714,2812,2885,2862,2845,2859,2846,2836,2771,2806,2922,2892,2869,2876,2850,2842,2835,2845,2911,2928,2900,2855,2883,2839,2847,2830,2946,2926,2904,2885,2868,2882,2877,2849,2944,2940,2949,2880,2917,2896,2911,2778
TOF,2311,2327,2335,2747,2763,2825,2572,2582,2784,2764,2711,2605,2676,2771,2722,2825,2727,2752,2840,2858,2829,2836,2688,2855,2896,2868,2845,2859,2851,2831,2754,2820,2872,2903,2872,2868,2861,2844,2841,2788,2929,2900,2896,2894,2882,2839,2834,2867,2944,2889,2891,2886,2892,2873,2858,2860,2946,2930,2952,2919,2890,2906,2906,2894
TOF,2342,2305,2505,2803,2752,2794,2618,2638,2840,2759,2669,2616,2681,2729,2658,2786,2688,2811,2816,2842,2828,2836,2704,2815,2867,2878,2848,2869,2841,2827,2802,2832,2881,2902,2869,2839,2864,2841,2836,2835,2941,2877,2882,2913,2868,2868,2839,2864,2936,2883,2902,2892,2876,2881,2858,2773,2942,2950,2927,2901,2916,2906,2903,2901
TOF,2275,2268,2329,2756,2728,2719,2605,2638,2847,2766,2689,2640,2695,2765,2649,2801,2684,2780,2820,2841,2837,2829,2786,2834,2876,2867,2876,2838,2852,2816,2772,2838,2903,2910,2901,2873,2861,2854,2837,2822,2924,2895,2885,2898,2851,2861,2853,2846,2922,2922,2884,2887,2888,2865,2857,2818,2929,2962,2935,2916,2917,2897,2878,2820
TOF,2340,2281,2328,2713,2769,2685,2629,2639,2816,2786,2638,2624,2719,2745,2643,2779,2715,2744,2833,2833,2859,2832,2716,2810,2885,2877,2846,2867,2845,2838,2780,2807,2890,2906,2878,2891,2856,2834,2823,2818,2946,2873,2893,2898,2889,2852,2856,2814,2956,2921,2923,2904,2877,2875,2868,2772,2933,2898,2925,2926,2892,2887,2873,2815
TOF,2278,2312,2382,2678,2721,2632,2679,2610,2768,2767,2621,2641,2728,2764,2684,2836,2722,2766,2845,2861,2837,2828,2766,2818,2878,2864,2848,2835,2846,2846,2815,2837,2914,2902,2869,2859,2845,2849,2836,2865,2937,2912,2895,2862,2873,2870,2865,2824,2911,2901,2904,2899,2855,2866,2868,2820,2942,2946,2934,2941,2934,2923,2878,2834
TOF,2301,2344,2356,2764,2806,2651,2590,2573,2771,2696,2669,2634,2708,2781,2689,2795,2676,2756,2830,2849,2830,2823,2750,2838,2860,2853,2859,2851,2847,2825,2767,2834,2901,2896,2868,2873,2855,2838,2829,2841,2940,2909,2895,2863,2883,2856,2847,2757,2931,2916,2893,2896,2872,2884,2844,2844,2943,2943,2932,2904,2918,2876,2902,2826
TOF,2251,2283,2305,2717,2744,2709,2644,2591,2853,2745,2671,2660,2669,2751,2687,2802,2689,2788,2801,2838,2836,2846,2686,2797,2890,2858,2874,2857,2857,2851,2785,2841,2905,2883,2865,2887,2855,2866,2857,2838,2910,2871,2890,2868,2869,2859,2853,2875,2914,2910,2897,2912,2886,2892,2865,2840,2927,2923,2946,2902,2892,2907,2905,2865
TOF,2327,2314,2382,2802,2684,2723,2612,2588,2815,2770,2685,2633,2667,2761,2648,2792,2669,2739,2835,2855,2821,2823,2691,2820,2879,2883,2862,2844,2829,2831,2779,2813,2902,2874,2869,2882,2854,2841,2818,2819,2911,2901,2893,2865,2875,2856,2850,2848,2924,2925,2889,2885,2875,2863,2879,2858,2960,2938,2950,2937,2903,2894,2884,2866
TOF,2273,2299,2330,2690,2736,2740,2597,2628,2828,2735,2671,2637,2704,2771,2691,2812,2725,2784,2865,2842,2839,2816,2669,2824,2860,2891,2859,2856,2843,2841,2765,2845,2932,2885,2883,2857,2861,2852,2810,2821,2905,2883,2899,2886,2868,2877,2862,2889,2932,2913,2914,2881,2884,2875,2864,2769,2944,2943,2943,2911,2897,2888,2885,2896
TOF,2250,2314,2368,2727,2784,2788,2559,2624,2629,2799,2697,2634,2686,2793,2699,2810,2646,2781,2849,2835,2829,2815,2651,2810,2908,2893,2871,2872,2860,2827,2773,2833,2915,2893,2880,2867,2863,2873,2822,2830,2952,2898,2857,2882,2867,2878,2846,2837,2944,2896,2922,2892,2877,2884,2867,2802,2942,2927,2958,2919,2911,2896,2882,2886
TOF,2286,2301,2325,2791,2716,2712,2632,2617,2738,2741,2710,2657,2682,2776,2668,2818,2684,2793,2801,2836,2849,2808,2695,2835,2904,2877,2858,2870,2851,2832,2773,2831,2931,2887,2881,2873,2880,2835,2828,2858,2924,2876,2883,2884,2867,2865,2836,2834,2934,2933,2893,2888,2886,2867,2916,2869,2942,2951,2932,2923,2914,2916,2882,2886
TOF,2294,2315,2325,2779,2785,2722,2623,2583,2805,2676,2660,2648,2709,2756,2675,2828,2665,2826,2834,2848,2829,2838,2724,2822,2873,2876,2846,2870,2853,2828,2780,2818,2922,2888,2876,2866,2859,2860,2834,2827,2891,2902,2883,2893,2872,2847,2864,2879,2944,2915,2899,2896,2886,2879,2863,2865,2964,2959,2923,2936,2903,2900,2907,2683
TOF,2278,2330,2419,2777,2815,2784,2582,2568,2806,2754,2665,2664,2689,2740,2716,2818,2708,2779,2834,2849,2830,2810,2722,2833,2902,2888,2865,2860,2864,2829,2756,2828,2887,2885,2870,2875,2864,2849,2843,2849,2928,2894,2883,2884,2904,2875,2850,2838,2926,2906,2907,2893,2865,2876,2887,2921,2908,2939,2914,2930,2922,2916,2913,2869
TOF,2276,2350,2355,2744,2781,2773,2632,2595,2870,2664,2638,2636,2765,2729,2744,2823,2722,2756,2852,2857,2844,2813,2633,2827,2889,2878,2861,2873,2840,2840,2788,2835,2919,2891,2888,2864,2861,2847,2835,2810,2916,2866,2882,2865,2844,2859,2879,2786,2918,2896,2923,2880,2894,2883,2885,2874,2974,2965,2893,2938,2895,2909,2928,2829
TOF,2257,2301,2336,2747,2711,2608,2680,2656,2825,2767,2664,2593,2717,2774,2699,2826,2724,2798,2825,2846,2812,2836,2719,2816,2871,2893,2865,2847,2865,2851,2767,2825,2936,2887,2854,2871,2859,2848,2823,2865,2931,2888,2899,2866,2889,2884,2858,2807,2933,2891,2911,2907,2871,2883,2865,2806,2935,2952,2948,2924,2914,2888,2929,2890
TOF,2227,2305,2323,2752,2775,2622,2689,2557,2782,2789,2618,2595,2682,2766,2699,2805,2688,2784,2834,2834,2835,2847,2707,2817,2902,2900,2869,2838,2848,2844,2763,2815,2910,2898,2845,2872,2859,2850,2848,2826,2933,2895,2896,2861,2879,2855,2863,2887,2933,2914,2914,2912,2882,2884,2853,2829,2941,2929,2927,2890,2892,2931,2938,2809
TOF,2200,2337,2349,2764,2786,2713,2569,2556,2835,2771,2614,2616,2722,2762,2689,2811,2675,2797,2836,2833,2818,2806,2715,2821,2875,2880,2877,2859,2829,2841,2811,2829,2921,2896,2874,2875,2858,2856,2851,2819,2926,2908,2906,2874,2875,2860,2882,2855,2930,2918,2912,2890,2889,2882,2875,2766,2942,2950,2941,2942,2885,2899,2892,2809
TOF,2303,2328,2367,2677,2764,2740,2601,2655,2749,2889,2677,2617,2671,2723,2672,2801,2706,2762,2837,2831,2826,2814,2675,2832,2897,2883,2884,2855,2868,2850,2781,2815,2908,2902,2870,2865,2878,2838,2810,2865,2945,2917,2863,2869,2850,2850,2863,2886,2918,2898,2909,2906,2896,2882,2864,2815,2918,2967,2929,2898,2906,2908,2938,2867
TOF,2283,2307,2367,2835,2766,2726,2608,2610,2803,2773,2702,2656,2679,2774,2672,2794,2673,2776,2849,2858,2815,2815,2711,2825,2859,2871,2882,2860,2854,2830,2784,2831,2917,2885,2867,2881,2849,2839,2833,2850,2932,2889,2903,2865,2863,2883,2858,2802,2944,2918,2900,2917,2884,2874,2888,2806,2930,2943,2942,2908,2898,2889,2889,2883
TOF,2258,2331,2331,2765,2765,2705,2700,2633,2818,2729,2649,2634,2663,2774,2708,2790,2685,2753,2827,2843,2834,2813,2698,2832,2897,2876,2883,2854,2855,2821,2768,2838,2959,2900,2873,2856,2857,2868,2812,2850,2941,2900,2899,2895,2882,2860,2857,2844,2924,2921,2904,2893,2868,2873,2917,2773,2911,2940,2968,2936,2883,2865,2928,2883
TOF,2264,2339,2368,2709,2740,2735,2607,2591,2846,2760,2660,2619,2747,2740,2698,2811,2701,2772,2841,2835,2837,2849,2717,2841,2898,2893,2875,2859,2846,2825,2736,2827,2891,2887,2888,2869,2856,2867,2828,2849,2912,2886,2891,2875,2876,2873,2847,2851,2911,2941,2920,2888,2876,2862,2861,2816,2900,2934,2945,2938,2927,2914,2908,2919
TOF,2224,2329,2351,2757,2756,2740,2571,2614,2826,2695,2632,2600,2698,2720,2765,2815,2646,2778,2847,2829,2821,2847,2712,2838,2891,2865,2863,2865,2841,2854,2782,2839,2920,2876,2858,2860,2870,2841,2851,2840,2930,2904,2881,2874,2872,2861,2851,2835,2918,2922,2900,2889,2895,2871,2882,2814,2944,2926,2946,2900,2888,2904,2866,2925
TOF,2269,2321,2353,2748,2791,2784,2588,2626,2793,2704,2619,2641,2673,2764,2663,2832,2712,2773,2833,2834,2849,2818,2670,2819,2865,2880,2871,2860,2831,2831,2775,2845,2915,2887,2876,2886,2851,2858,2826,2831,2895,2870,2913,2893,2864,2878,2860,2794,2930,2926,2906,2888,2892,2886,2874,2867,2928,2918,2924,2911,2915,2907,2921,2857
TOF,2301,2303,2395,2790,2718,2685,2684,2588,2776,2723,2615,2627,2686,2731,2698,2809,2682,2761,2852,2842,2815,2824,2634,2808,2883,2879,2891,2864,2849,2847,2779,2833,2895,2893,2903,2864,2867,2840,2836,2831,2912,2906,2906,2860,2865,2826,2858,2784,2921,2897,2901,2870,2893,2886,2851,2904,2952,2931,2928,2901,2910,2891,2900,2833
TOF,2310,2357,2337,2756,2727,2583,2576,2614,2822,2745,2718,2680,2744,2781,2675,2825,2685,2790,2844,2833,2832,2826,2628,2817,2875,2872,2857,2857,2854,2856,2773,2828,2896,2897,2875,2847,2862,2855,2834,2852,2925,2897,2896,2887,2855,2867,2863,2832,2918,2900,2907,2898,2886,2885,2894,2847,2959,2920,2913,2922,2883,2909,2902,2803
TOF,2276,2334,2388,2833,2774,2656,2603,2619,2665,2639,2653,2669,2687,2752,2654,2822,2720,2782,2850,2835,2823,2859,2755,2834,2861,2878,2836,2860,2859,2869,2757,2816,2908,2884,2880,2843,2859,2849,2819,2862,2923,2898,2881,2901,2858,2866,2867,2863,2909,2918,2915,2884,2871,2895,2832,2820,2945,2927,2939,2902,2894,2908,2900,2803
TOF,2273,2354,2288,2756,2786,2658,2579,2614,2640,2722,2661,2648,2702,2760,2683,2792,2701,2771,2841,2859,2842,2836,2726,2806,2896,2877,2855,2861,2840,2830,2811,2816,2906,2883,2871,2863,2864,2849,2844,2824,2893,2890,2879,2877,2883,2879,2866,2856,2917,2904,2908,2901,2869,2856,2870,2830,2934,2942,2949,2905,2936,2898,2902,2771
TOF,2261,2247,2288,2652,2745,2713,2668,2633,2824,2655,2634,2600,2695,2760,2727,2802,2661,2790,2841,2835,2843,2808,2675,2813,2898,2851,2846,2862,2840,2827,2772,2821,2913,2882,2880,2863,2846,2851,2838,2825,2953,2893,2885,2894,2861,2862,2844,2852,2930,2912,2895,2881,2909,2872,2871,2783,2986,2963,2927,2910,2915,2892,2904,2896
TOF,2283,2295,2337,2796,2761,2684,2619,2634,2827,2777,2650,2650,2718,2765,2652,2791,2683,2786,2862,2845,2821,2833,2733,2825,2881,2870,2868,2879,2849,2830,2753,2824,2890,2874,2863,2862,2864,2854,2823,2837,2915,2909,2905,2870,2874,2877,2833,2909,2950,2896,2898,2905,2884,2861,2874,2843,2935,2928,2921,2930,2914,2912,2908,2864
TOF,2291,2302,2525,2748,2803,2660,2580,2657,2791,2876,2704,2640,2698,2744,2715,2812,2677,2782,2854,2852,2842,2825,2793,2805,2903,2875,2844,2872,2855,2836,2772,2828,2910,2884,2875,2907,2846,2861,2799,2846,2901,2880,2886,2869,2872,2868,2864,2844,2924,2901,2900,2884,2881,2877,2857,2823,2948,2938,2930,2911,2912,2905,2925,3026
TOF,2277,2316,2393,2756,2756,2728,2616,2603,2835,2755,2693,2683,2722,2810,2683,2815,2657,2750,2851,2843,2837,2825,2746,2823,2895,2881,2855,2853,2837,2837,2767,2820,2896,2902,2870,2854,2850,2852,2815,2860,2915,2916,2877,2873,2873,2852,2846,2865,2938,2891,2890,2923,2887,2873,2854,2732,2929,2918,2917,2902,2907,2907,2883,2863
TOF,2300,2316,2358,2801,2748,2778,2608,2635,2774,2730,2699,2621,2720,2755,2680,2823,2681,2790,2863,2832,2827,2844,2685,2815,2881,2871,2855,2861,2852,2827,2777,2816,2907,2900,2857,2877,2860,2846,2827,2825,2922,2874,2898,2877,2864,2875,2846,2809,2933,2912,2882,2870,2869,2866,2873,2796,2986,2950,2924,2929,2920,2883,2893,2846
TOF,2281,2321,2299,2798,2785,2777,2604,2611,2713,2722,2722,2631,2710,2791,2652,2835,2721,2764,2840,2839,2840,2843,2689,2819,2901,2875,2880,2857,2837,2855,2784,2836,2909,2867,2854,2884,2845,2841,2842,2838,2945,2885,2887,2883,2887,2875,2849,2794,2921,2904,2890,2885,2876,2883,2880,2846,2934,2921,2951,2890,2884,2898,2902,2848
[0;32mI (62778) TOF_VL53L8CX: Ranging OFF[0m
[0;32mI (82798) TOF_VL53L8CX: Ranging ON[0m
TOF,2308,2339,2739,2734,2726,2659,2558,2565,2682,2678,2598,2700,2761,2783,2658,2812,2791,2859,2846,2830,2845,2808,2753,2788,2905,2884,2858,2860,2841,2819,2810,2813,2922,2893,2875,2852,2864,2846,2831,2810,2927,2910,2909,2878,2865,2874,2843,2757,2956,2920,2922,2907,2901,2874,2873,2811,2969,2968,2920,2944,2910,2909,2871,2905
TOF,2349,2366,2726,2748,2678,2618,2534,2560,2709,2674,2684,2695,2757,2781,2684,2777,2784,2831,2843,2841,2825,2806,2759,2805,2886,2868,2888,2845,2822,2830,2826,2782,2927,2897,2874,2851,2871,2833,2851,2818,2917,2889,2895,2884,2867,2854,2825,2795,2955,2936,2906,2928,2894,2882,2874,2834,2992,2933,2971,2908,2895,2931,2900,2806
TOF,2354,2309,2644,2769,2729,2664,2612,2620,2749,2685,2618,2726,2731,2749,2655,2765,2808,2847,2856,2852,2819,2823,2776,2790,2914,2866,2861,2852,2830,2814,2781,2797,2926,2899,2883,2873,2859,2834,2834,2801,2948,2907,2905,2884,2894,2860,2862,2786,2938,2961,2897,2910,2878,2892,2855,2826,2974,2974,2957,2938,2931,2919,2932,2836
TOF,2321,2406,2816,2708,2710,2617,2544,2658,2669,2676,2644,2702,2786,2772,2696,2760,2770,2856,2835,2843,2823,2821,2778,2784,2898,2879,2846,2860,2835,2809,2792,2801,2904,2901,2880,2886,2847,2833,2822,2845,2946,2894,2899,2892,2897,2874,2867,2820,2931,2924,2904,2884,2896,2908,2882,2786,2972,2973,2964,2927,2921,2911,2907,2815
TOF,2293,2298,2723,2764,2716,2617,2559,2721,2735,2636,2616,2692,2757,2775,2648,2792,2792,2830,2848,2820,2831,2814,2668,2810,2923,2870,2858,2862,2853,2847,2796,2823,2935,2879,2880,2864,2857,2852,2820,2825,2939,2922,2881,2883,2875,2860,2858,2764,2968,2917,2915,2885,2875,2865,2878,2828,3004,2974,2942,2949,2909,2903,2906,2864
TOF,2358,2315,2648,2767,2693,2687,2562,2600,2738,2701,2629,2689,2785,2771,2634,2798,2796,2851,2835,2823,2824,2801,2786,2773,2913,2867,2887,2836,2824,2827,2810,2782,2922,2890,2881,2864,2871,2834,2836,2814,2905,2887,2906,2884,2888,2870,2876,2823,2982,2926,2916,2891,2870,2891,2894,2853,2952,2984,2919,2930,2919,2921,2925,2831
TOF,2349,2286,2780,2759,2738,2632,2565,2593,2778,2667,2663,2691,2768,2798,2641,2786,2852,2826,2855,2833,2821,2811,2738,2775,2884,2860,2862,2871,2843,2832,2778,2817,2947,2891,2868,2880,2858,2862,2833,2833,2919,2884,2899,2893,2887,2871,2843,2782,2927,2927,2906,2896,2890,2893,2885,2823,2969,2966,2929,2931,2919,2912,2902,2858
TOF,2353,2320,2735,2757,2725,2549,2666,2582,2827,2650,2634,2709,2745,2776,2732,2812,2807,2845,2859,2829,2828,2811,2718,2793,2879,2879,2870,2862,2852,2834,2793,2822,2935,2883,2892,2855,2855,2843,2813,2858,2970,2908,2895,2886,2870,2870,2852,2772,2942,2930,2912,2899,2888,2903,2885,2892,2960,2981,2948,2908,2915,2910,2889,2848
TOF,2295,2399,2748,2745,2656,2601,2593,2608,2754,2726,2652,2708,2729,2787,2822,2782,2805,2833,2859,2841,2839,2819,2715,2822,2902,2870,2869,2840,2828,2831,2817,2751,2913,2907,2881,2857,2862,2830,2850,2862,2900,2916,2905,2872,2864,2862,2842,2798,2945,2918,2937,2905,2886,2891,2879,2892,2980,2962,2969,2967,2898,2919,2896,2850
TOF,2351,2356,2683,2723,2709,2613,2551,2577,2816,2650,2607,2692,2785,2785,2646,2774,2811,2845,2834,2842,2831,2802,2697,2782,2914,2870,2857,2862,2844,2844,2803,2786,2924,2870,2866,2861,2865,2841,2827,2848,2951,2899,2900,2886,2873,2876,2856,2787,2950,2935,2898,2918,2886,2885,2862,2783,2969,2981,2958,2933,2917,2932,2903,2833
TOF,2305,2379,2718,2763,2701,2679,2561,2573,2833,2722,2665,2684,2784,2773,2630,2822,2817,2858,2840,2830,2826,2811,2715,2783,2892,2889,2855,2852,2825,2826,2801,2805,2924,2885,2871,2874,2862,2848,2832,2778,2911,2911,2914,2905,2891,2857,2852,2744,2940,2927,2924,2914,2881,2888,2861,2804,2930,2972,2935,2952,2934,2931,2914,2878
TOF,2346,2442,2756,2775,2689,2641,2585,2596,2814,2715,2634,2678,2747,2774,2616,2789,2771,2818,2837,2831,2810,2818,2715,2800,2913,2861,2844,2850,2842,2849,2794,2773,2931,2889,2874,2874,2856,2829,2823,2837,2950,2915,2888,2888,2897,2850,2851,2867,2982,2935,2929,2919,2891,2888,2887,2815,2960,2976,2954,2934,2914,2906,2912,2858
TOF,2371,2347,2779,2779,2660,2636,2567,2635,2834,2663,2619,2699,2754,2763,2709,2823,2820,2853,2831,2830,2803,2792,2736,2793,2897,2897,2858,2843,2844,2812,2794,2779,2903,2896,2875,2864,2862,2841,2837,2784,2957,2900,2904,2865,2849,2852,2875,2845,2917,2932,2918,2886,2898,2879,2865,2856,2946,2970,2963,2931,2927,2894,2910,2849
TOF,2332,2339,2764,2803,2567,2627,2567,2579,2610,2696,2626,2695,2741,2791,2657,2782,2869,2837,2861,2820,2812,2804,2723,2791,2895,2883,2877,2855,2832,2824,2793,2776,2944,2891,2883,2884,2855,2844,2825,2767,2938,2931,2911,2894,2878,2865,2853,2861,2978,2924,2922,2911,2902,2869,2905,2821,2992,2966,2943,2934,2919,2928,2910,2879
TOF,2306,2384,2828,2739,2715,2646,2543,2605,2762,2657,2610,2689,2785,2770,2668,2812,2824,2857,2847,2841,2818,2812,2747,2792,2888,2878,2880,2878,2858,2834,2798,2814,2937,2885,2873,2858,2867,2863,2828,2837,2926,2916,2883,2901,2884,2875,2836,2837,2933,2914,2915,2904,2882,2881,2891,2781,2996,2995,2979,2921,2915,2924,2912,2898
TOF,2345,2321,2762,2753,2699,2649,2624,2576,2782,2658,2648,2846,2765,2761,2665,2775,2791,2847,2831,2834,2824,2812,2709,2799,2887,2885,2853,2863,2836,2840,2794,2824,2946,2911,2872,2882,2863,2853,2825,2775,2936,2910,2901,2896,2883,2859,2852,2813,2953,2949,2923,2919,2884,2880,2872,2793,2958,2976,2967,2928,2906,2931,2919,2815
TOF,2321,2368,2714,2751,2658,2590,2572,2651,2818,2699,2633,2668,2777,2794,2670,2774,2798,2857,2832,2842,2812,2806,2720,2812,2923,2883,2886,2847,2839,2841,2812,2819,2921,2890,2900,2856,2842,2854,2827,2852,2946,2904,2891,2889,2861,2874,2846,2801,2955,2930,2910,2899,2890,2886,2886,2845,2968,2958,2963,2936,2933,2922,2920,2863
TOF,2279,2364,2802,2733,2722,2630,2575,2642,2809,2678,2651,2711,2732,2757,2719,2784,2769,2834,2830,2831,2813,2809,2735,2802,2898,2878,2857,2853,2836,2864,2792,2788,2904,2903,2867,2878,2863,2845,2825,2807,2941,2902,2896,2879,2857,2872,2857,2811,2945,2954,2930,2925,2908,2893,2889,2791,2940,2952,2945,2970,2927,2912,2891,2836
TOF,2336,2346,2808,2739,2682,2591,2572,2621,2814,2690,2650,2671,2790,2772,2662,2791,2765,2829,2846,2834,2817,2832,2729,2814,2918,2884,2868,2868,2843,2829,2801,2798,2914,2917,2878,2864,2855,2844,2838,2816,2945,2899,2903,2880,2884,2856,2829,2819,2927,2921,2916,2916,2897,2885,2883,2834,2986,2947,2950,2949,2918,2914,2928,2860
TOF,2351,2396,2679,2713,2688,2616,2574,2611,2752,2701,2590,2655,2776,2789,2665,2769,2807,2855,2855,2841,2836,2804,2723,2787,2901,2873,2866,2828,2847,2841,2794,2801,2936,2894,2869,2854,2864,2836,2823,2816,2935,2914,2896,2876,2872,2880,2829,2839,2935,2940,2899,2906,2877,2898,2879,2833,3019,2967,2945,2959,2911,2919,2917,2817
TOF,2308,2373,2779,2723,2736,2615,2608,2577,2753,2685,2635,2648,2775,2802,2622,2810,2735,2848,2856,2842,2824,2819,2723,2781,2902,2879,2856,2843,2828,2828,2788,2805,2929,2898,2892,2878,2852,2838,2819,2815,2916,2906,2891,2894,2865,2874,2856,2844,2959,2926,2928,2911,2883,2880,2883,2926,2958,3002,2976,2957,2933,2915,2897,2883
TOF,2337,2342,2760,2716,2665,2586,2548,2613,2753,2685,2638,2673,2762,2797,2657,2807,2765,2852,2828,2846,2840,2816,2774,2775,2924,2889,2865,2863,2836,2849,2804,2812,2929,2898,2889,2868,2858,2852,2823,2793,2908,2914,2899,2887,2873,2890,2851,2791,2950,2953,2928,2914,2901,2877,2855,2876,2943,2976,2935,2916,2937,2914,2956,2878
TOF,2338,2379,2871,2705,2756,2629,2581,2645,2673,2647,2657,2651,2750,2787,2643,2785,2790,2812,2836,2845,2822,2805,2700,2801,2921,2861,2870,2862,2845,2837,2795,2819,2907,2912,2867,2878,2849,2840,2831,2856,2944,2916,2897,2885,2888,2847,2834,2822,2949,2916,2916,2923,2900,2884,2863,2812,2942,2966,2947,2946,2954,2899,2900,2949
TOF,2332,2356,2813,2788,2684,2608,2565,2630,2830,2722,2666,2700,2772,2807,2659,2827,2790,2850,2843,2835,2824,2804,2754,2811,2878,2887,2847,2852,2848,2812,2787,2789,2933,2892,2888,2862,2849,2842,2823,2773,2982,2942,2896,2894,2882,2878,2839,2840,2940,2962,2917,2900,2894,2880,2884,2823,2962,2959,2959,2943,2921,2926,2925,2845
TOF,2329,2318,2813,2755,2754,2584,2550,2634,2741,2684,2653,2743,2776,2795,2670,2799,2791,2849,2837,2844,2822,2817,2778,2812,2883,2882,2875,2833,2843,2839,2781,2805,2923,2876,2900,2857,2875,2834,2842,2767,2911,2914,2891,2888,2884,2845,2844,2809,2933,2923,2925,2929,2901,2891,2866,2807,2999,2993,2956,2927,2942,2921,2915,2810
TOF,2358,2391,2738,2747,2662,2635,2592,2565,2773,2690,2645,2776,2761,2779,2667,2805,2782,2850,2854,2835,2827,2817,2743,2801,2908,2886,2880,2850,2859,2823,2794,2789,2921,2874,2886,2886,2843,2845,2835,2808,2937,2903,2893,2885,2885,2863,2849,2790,2960,2944,2904,2895,2915,2864,2877,2793,2970,2994,2963,2906,2927,2905,2905,2926
TOF,2298,2391,2797,2784,2624,2618,2588,2619,2747,2690,2644,2664,2770,2759,2704,2784,2773,2843,2837,2825,2819,2804,2735,2797,2900,2881,2863,2858,2838,2831,2808,2801,2929,2889,2872,2828,2863,2843,2832,2814,2949,2929,2896,2900,2859,2863,2855,2729,2945,2920,2926,2921,2898,2880,2885,2784,3001,2993,2958,2937,2948,2908,2911,2880
TOF,2305,2310,2779,2720,2720,2622,2598,2607,2744,2711,2637,2686,2759,2796,2706,2796,2806,2852,2851,2835,2831,2811,2704,2800,2892,2882,2864,2850,2841,2839,2781,2819,2908,2904,2865,2880,2853,2840,2832,2827,2910,2902,2908,2867,2868,2848,2847,2604,2956,2934,2933,2936,2894,2918,2890,2825,2976,3018,2954,2923,2929,2905,2876,2766
TOF,2347,2360,2741,2758,2704,2599,2585,2581,2721,2648,2654,2727,2797,2776,2697,2793,2823,2839,2849,2830,2806,2809,2751,2796,2889,2874,2848,2862,2846,2826,2780,2794,2922,2900,2871,2862,2844,2851,2826,2849,2941,2908,2883,2867,2874,2876,2853,2807,2940,2918,2920,2900,2900,2892,2875,2813,2921,2980,2957,2940,2939,2908,2920,2870
TOF,2346,2396,2725,2755,2651,2578,2572,2629,2741,2685,2630,2711,2767,2779,2623,2790,2803,2829,2856,2823,2806,2826,2731,2793,2906,2889,2837,2851,2846,2819,2809,2795,2931,2912,2877,2873,2842,2850,2820,2839,2921,2909,2903,2881,2883,2874,2872,2848,2973,2900,2903,2904,2902,2866,2875,2769,2974,2977,2955,2948,2917,2958,2935,2914
TOF,2330,2373,2820,2761,2725,2627,2606,2626,2784,2692,2649,2702,2753,2786,2674,2768,2870,2858,2838,2832,2813,2802,2731,2812,2899,2863,2851,2854,2838,2837,2811,2809,2931,2892,2866,2860,2869,2863,2839,2862,2932,2929,2883,2879,2863,2875,2844,2760,2946,2943,2919,2908,2906,2872,2895,2812,2961,2976,2936,2926,2916,2929,2912,2868
TOF,2281,2320,2717,2681,2717,2610,2565,2626,2712,2712,2687,2669,2754,2785,2617,2789,2801,2841,2849,2829,2820,2804,2659,2801,2915,2886,2865,2837,2852,2831,2771,2769,2935,2901,2897,2863,2864,2851,2842,2814,2945,2930,2902,2880,2872,2853,2826,2764,2934,2941,2914,2889,2884,2890,2863,2803,2993,2988,2958,2928,2941,2918,2926,2850
TOF,2342,2316,2774,2795,2666,2619,2569,2633,2791,2677,2656,2789,2762,2783,2657,2808,2796,2858,2832,2825,2813,2790,2799,2803,2908,2878,2862,2861,2829,2842,2805,2841,2922,2918,2896,2872,2866,2826,2837,2807,2927,2917,2893,2891,2893,2858,2859,2849,2954,2947,2926,2924,2915,2908,2897,2821,2962,2951,2947,2954,2958,2923,2921,2845
TOF,2336,2441,2746,2718,2674,2612,2550,2580,2736,2639,2643,2697,2767,2791,2683,2773,2816,2834,2851,2819,2821,2822,2735,2776,2869,2887,2865,2850,2817,2830,2805,2820,2924,2892,2889,2895,2871,2845,2834,2808,2935,2907,2909,2889,2882,2869,2846,2860,2946,2966,2923,2912,2892,2880,2873,2758,2947,3026,2946,2917,2932,2927,2924,2830
TOF,2330,2325,2759,2797,2698,2633,2582,2594,2785,2686,2599,2687,2767,2788,2648,2757,2781,2837,2841,2828,2829,2790,2709,2806,2888,2875,2884,2869,2857,2829,2785,2797,2922,2897,2893,2883,2873,2850,2836,2854,2958,2898,2908,2899,2881,2872,2860,2850,2944,2928,2915,2924,2879,2888,2887,2816,2936,2963,2950,2930,2929,2927,2931,2817
TOF,2330,2325,2650,2767,2716,2635,2609,2605,2748,2671,2619,2640,2746,2772,2660,2787,2779,2859,2832,2821,2821,2810,2706,2800,2882,2873,2864,2847,2824,2840,2779,2818,2905,2904,2883,2889,2848,2844,2822,2782,2934,2924,2885,2887,2847,2877,2840,2874,2937,2948,2919,2891,2898,2873,2846,2849,2947,2989,2959,2909,2930,2919,2905,2869
TOF,2346,2304,2657,2710,2655,2583,2583,2608,2697,2642,2638,2702,2758,2763,2640,2741,2787,2849,2846,2834,2816,2829,2725,2811,2871,2876,2855,2841,2846,2835,2798,2804,2944,2902,2885,2874,2848,2849,2820,2773,2918,2898,2910,2900,2896,2874,2848,2829,2951,2905,2921,2931,2883,2876,2882,2775,2975,2969,2951,2942,2919,2905,2919,2819
TOF,2314,2329,2737,2756,2704,2685,2629,2566,2721,2690,2679,2728,2748,2789,2639,2807,2778,2863,2842,2847,2814,2828,2723,2772,2899,2873,2867,2859,2833,2824,2801,2790,2932,2872,2870,2893,2872,2835,2819,2798,2942,2887,2895,2900,2885,2869,2860,2885,2965,2937,2940,2908,2886,2877,2891,2836,2945,2988,2982,2943,2941,2926,2920,2912
TOF,2316,2329,2716,2756,2748,2639,2585,2588,2750,2676,2616,2704,2753,2757,2644,2775,2752,2845,2849,2835,2827,2815,2723,2797,2903,2856,2871,2855,2859,2830,2781,2816,2938,2891,2887,2864,2853,2846,2829,2834,2938,2905,2903,2881,2880,2869,2854,2763,2961,2929,2913,2902,2903,2892,2868,2878,2973,2984,2909,2934,2915,2917,2899,2841
TOF,2315,2329,2754,2801,2661,2589,2588,2664,2767,2677,2665,2689,2756,2783,2673,2787,2800,2847,2849,2822,2834,2826,2739,2817,2865,2863,2868,2840,2842,2832,2766,2790,2922,2880,2897,2865,2847,2850,2829,2834,2951,2923,2888,2881,2892,2876,2850,2850,2952,2925,2928,2915,2909,2871,2871,2786,2979,2941,2965,2930,2907,2916,2910,2904
TOF,2373,2364,2700,2736,2671,2619,2598,2618,2843,2662,2641,2705,2764,2781,2683,2790,2789,2850,2855,2831,2835,2822,2733,2798,2892,2900,2866,2851,2845,2840,2787,2801,2927,2904,2877,2867,2863,2853,2838,2775,2963,2920,2876,2873,2878,2873,2842,2842,2927,2922,2922,2918,2913,2899,2894,2862,2964,2938,2954,2940,2931,2910,2884,2900
TOF,2323,2377,2700,2653,2672,2582,2588,2666,2776,2669,2613,2709,2764,2768,2662,2806,2805,2839,2847,2824,2808,2812,2750,2808,2886,2876,2851,2855,2834,2845,2785,2791,2924,2885,2890,2879,2884,2840,2818,2841,2966,2895,2910,2879,2886,2888,2864,2803,2928,2917,2913,2900,2905,2891,2884,2825,2994,2970,2950,2947,2930,2924,2902,2777
TOF,2319,2341,2810,2762,2771,2633,2593,2607,2818,2669,2641,2747,2778,2773,2664,2815,2834,2847,2842,2815,2820,2813,2699,2780,2910,2869,2857,2847,2838,2809,2793,2789,2917,2894,2868,2894,2864,2863,2823,2839,2937,2930,2898,2897,2872,2882,2851,2840,2952,2936,2907,2937,2907,2875,2898,2841,2935,2973,2972,2945,2902,2890,2905,2918
TOF,2259,2372,2757,2760,2719,2670,2579,2616,2795,2688,2613,2713,2751,2781,2609,2775,2775,2827,2820,2833,2823,2816,2742,2769,2909,2875,2872,2858,2833,2833,2790,2799,2916,2877,2884,2870,2861,2853,2821,2867,2941,2931,2910,2875,2884,2878,2839,2851,2963,2920,2927,2925,2915,2860,2901,2838,2969,2927,2950,2926,2931,2911,2914,2846
TOF,2341,2395,2757,2755,2662,2614,2577,2589,2643,2686,2610,2708,2779,2795,2649,2787,2784,2840,2851,2836,2828,2813,2721,2803,2915,2868,2860,2867,2844,2814,2831,2809,2940,2903,2874,2839,2875,2851,2832,2855,2915,2919,2911,2880,2886,2848,2870,2730,2946,2923,2909,2907,2900,2873,2887,2810,2969,2992,2975,2956,2915,2917,2916,2832
TOF,2319,2406,2703,2727,2632,2618,2604,2580,2707,2643,2673,2674,2714,2796,2629,2801,2790,2843,2840,2838,2808,2822,2704,2810,2883,2879,2881,2845,2828,2830,2804,2804,2982,2896,2908,2871,2853,2845,2844,2851,2958,2923,2906,2894,2903,2879,2881,2803,2962,2945,2914,2926,2893,2884,2894,2833,2964,2959,2958,2920,2921,2920,2910,2830
TOF,2282,2364,2703,2755,2622,2591,2621,2609,2760,2664,2659,2693,2817,2786,2697,2802,2755,2830,2842,2833,2817,2796,2733,2787,2903,2877,2866,2829,2846,2816,2812,2799,2953,2878,2872,2873,2856,2853,2838,2817,2939,2898,2910,2881,2870,2865,2872,2764,2952,2926,2922,2896,2900,2879,2859,2885,2992,2996,2927,2944,2927,2924,2974,2879
TOF,2391,2351,2772,2806,2737,2625,2570,2591,2776,2680,2664,2709,2773,2792,2677,2793,2820,2849,2829,2837,2819,2808,2798,2788,2916,2877,2862,2841,2845,2836,2819,2821,2895,2878,2877,2857,2852,2830,2814,2817,2934,2914,2914,2885,2875,2870,2856,2763,2950,2957,2916,2904,2894,2880,2877,2855,2976,2991,2942,2955,2918,2938,2904,2873
TOF,2341,2356,2738,2753,2677,2546,2581,2609,2823,2709,2638,2691,2744,2792,2650,2784,2753,2851,2840,2831,2824,2804,2716,2793,2892,2869,2874,2867,2842,2838,2813,2811,2926,2894,2887,2889,2865,2851,2825,2819,2937,2893,2902,2888,2864,2872,2854,2767,2977,2929,2949,2908,2911,2878,2894,2812,2921,2999,2958,2935,2940,2911,2912,2884
TOF,2319,2368,2753,2797,2689,2662,2599,2580,2756,2699,2614,2692,2794,2786,2658,2779,2757,2838,2851,2827,2827,2812,2749,2797,2882,2872,2858,2845,2853,2840,2792,2817,2937,2904,2872,2849,2860,2835,2842,2802,2940,2890,2896,2874,2871,2880,2860,2770,2945,2934,2937,2915,2916,2888,2877,2830,2990,2986,2959,2918,2945,2903,2919,2880
TOF,2313,2361,2818,2755,2751,2641,2568,2642,2683,2629,2655,2700,2746,2782,2716,2765,2752,2849,2851,2848,2844,2812,2696,2793,2891,2870,2843,2851,2831,2858,2807,2817,2928,2884,2898,2864,2864,2847,2848,2849,2962,2894,2902,2894,2898,2861,2844,2815,2956,2916,2916,2896,2898,2886,2884,2849,2990,2987,2942,2943,2941,2906,2929,2852
TOF,2297,2361,2764,2723,2703,2547,2541,2594,2714,2667,2638,2734,2779,2781,2694,2786,2794,2849,2847,2838,2826,2808,2689,2791,2909,2884,2882,2862,2856,2831,2811,2781,2915,2900,2866,2890,2860,2855,2844,2816,2968,2919,2910,2894,2897,2862,2862,2716,2961,2943,2941,2911,2915,2871,2847,2832,2967,2966,2949,2932,2940,2920,2904,2834
TOF,2325,2342,2753,2726,2699,2593,2557,2616,2692,2666,2635,2710,2735,2797,2709,2785,2850,2830,2858,2862,2818,2819,2721,2807,2898,2891,2860,2857,2846,2835,2791,2834,2945,2876,2895,2868,2872,2850,2848,2825,2935,2897,2898,2899,2872,2862,2865,2863,2977,2953,2920,2917,2897,2880,2858,2859,2972,2983,2953,2937,2934,2903,2908,2878
TOF,2278,2362,2727,2785,2705,2573,2598,2655,2804,2620,2638,2692,2800,2786,2655,2792,2786,2838,2831,2830,2835,2811,2772,2784,2920,2869,2851,2840,2849,2827,2794,2785,2901,2874,2891,2874,2862,2842,2823,2788,2934,2922,2889,2899,2883,2863,2847,2854,2953,2933,2921,2905,2882,2892,2889,2750,2981,2981,2954,2911,2936,2913,2940,2910
TOF,2329,2396,2756,2622,2609,2661,2582,2611,2815,2671,2633,2686,2783,2790,2602,2789,2798,2826,2838,2843,2793,2813,2725,2788,2898,2876,2835,2851,2842,2847,2813,2783,2978,2902,2896,2867,2865,2873,2848,2830,2938,2898,2899,2879,2878,2863,2853,2802,2934,2965,2900,2930,2899,2884,2888,2783,2949,2968,2980,2938,2927,2910,2915,2852
TOF,2318,2365,2759,2725,2698,2638,2588,2634,2789,2696,2624,2707,2754,2782,2708,2754,2766,2846,2846,2846,2819,2801,2729,2800,2884,2892,2876,2847,2848,2814,2802,2835,2948,2906,2883,2874,2839,2839,2835,2795,2943,2902,2900,2895,2882,2869,2838,2696,2959,2915,2915,2910,2904,2905,2906,2786,2982,2992,2966,2959,2943,2913,2901,2839
TOF,2334,2381,2829,2765,2730,2586,2558,2651,2844,2649,2629,2711,2780,2794,2654,2781,2785,2854,2837,2843,2837,2814,2762,2813,2893,2854,2879,2847,2842,2828,2818,2817,2921,2895,2881,2884,2863,2838,2825,2830,2934,2907,2897,2866,2860,2871,2848,2841,2950,2957,2939,2901,2915,2892,2885,2812,2975,3016,2969,2931,2954,2911,2930,2854
TOF,2334,2415,2795,2731,2704,2684,2551,2559,2740,2651,2635,2659,2774,2766,2649,2781,2839,2865,2858,2834,2814,2816,2689,2796,2898,2879,2869,2842,2843,2835,2790,2800,2918,2934,2889,2844,2873,2834,2847,2874,2925,2889,2907,2900,2876,2868,2851,2846,2959,2945,2954,2910,2903,2867,2885,2823,2966,2984,2959,2925,2930,2897,2924,2886
TOF,2323,2419,2669,2750,2716,2605,2571,2606,2761,2688,2648,2757,2754,2772,2622,2778,2809,2821,2852,2827,2825,2811,2744,2789,2894,2871,2873,2846,2852,2827,2808,2816,2935,2901,2895,2867,2860,2826,2823,2818,2950,2899,2910,2898,2885,2890,2857,2847,2939,2927,2914,2900,2902,2883,2875,2840,2973,3019,2953,2952,2930,2889,2919,2800
TOF,2332,2356,2583,2715,2656,2639,2556,2634,2735,2671,2634,2709,2761,2780,2633,2779,2773,2839,2824,2830,2801,2803,2722,2804,2911,2860,2873,2852,2857,2823,2798,2796,2909,2892,2881,2876,2858,2858,2830,2818,2933,2896,2907,2890,2871,2878,2861,2833,2942,2930,2934,2906,2901,2868,2851,2831,2995,2968,2960,2955,2930,2922,2915,2892
TOF,2345,2302,2670,2720,2604,2621,2562,2598,2816,2681,2663,2659,2753,2772,2668,2794,2796,2825,2843,2840,2823,2824,2762,2782,2867,2854,2872,2863,2850,2826,2796,2829,2921,2913,2883,2869,2864,2849,2807,2871,2914,2901,2894,2901,2868,2870,2869,2754,2954,2929,2913,2922,2897,2884,2889,2841,2966,2960,2977,2939,2922,2938,2919,2864
TOF,2364,2378,2764,2716,2670,2668,2585,2623,2701,2672,2604,2687,2757,2781,2659,2780,2810,2846,2853,2830,2810,2801,2753,2793,2924,2867,2847,2843,2823,2841,2792,2812,2935,2897,2868,2849,2867,2843,2826,2821,2926,2931,2917,2889,2859,2866,2866,2812,2959,2963,2931,2901,2906,2904,2857,2841,2977,2992,2953,2924,2916,2923,2949,2864
TOF,2371,2371,2770,2732,2673,2641,2568,2624,2677,2671,2633,2737,2771,2782,2708,2776,2770,2831,2844,2827,2824,2814,2791,2806,2920,2865,2870,2858,2847,2837,2801,2819,2942,2892,2879,2872,2849,2844,2826,2798,2914,2893,2909,2881,2870,2860,2872,2807,2942,2942,2901,2928,2915,2886,2895,2733,3013,2985,2954,2928,2927,2904,2908,2843
TOF,2322,2328,2723,2727,2667,2710,2576,2649,2774,2647,2681,2722,2753,2767,2666,2805,2793,2846,2849,2844,2806,2831,2682,2774,2900,2872,2863,2878,2849,2828,2802,2816,2905,2898,2884,2879,2860,2872,2821,2845,2911,2909,2902,2906,2870,2860,2880,2860,2927,2921,2929,2913,2885,2883,2896,2874,3014,2978,2942,2941,2936,2944,2909,2826
TOF,2355,2332,2770,2793,2687,2673,2598,2603,2788,2671,2632,2693,2783,2790,2641,2790,2778,2847,2830,2854,2832,2806,2711,2812,2902,2887,2875,2875,2855,2837,2803,2811,2926,2901,2876,2874,2865,2847,2837,2801,2935,2881,2885,2888,2881,2846,2856,2827,2966,2930,2906,2926,2894,2876,2873,2792,2999,2995,2960,2937,2905,2904,2945,2862
TOF,2333,2314,2808,2659,2781,2620,2582,2715,2620,2662,2647,2712,2755,2791,2641,2774,2795,2856,2844,2851,2829,2806,2740,2785,2902,2871,2871,2835,2845,2841,2782,2790,2891,2912,2872,2858,2845,2858,2817,2833,2951,2899,2921,2885,2879,2875,2856,2894,2945,2934,2920,2925,2896,2877,2850,2895,2930,2964,2958,2950,2922,2908,2887,2787
TOF,2314,2363,2786,2769,2739,2621,2567,2603,2622,2686,2680,2724,2782,2785,2605,2800,2773,2864,2826,2828,2837,2801,2747,2787,2887,2870,2865,2868,2839,2826,2785,2798,2928,2907,2889,2849,2860,2849,2830,2819,2939,2907,2896,2878,2860,2865,2859,2851,2932,2952,2913,2899,2917,2875,2893,2862,2948,2965,2979,2939,2946,2891,2906,2792
TOF,2313,2363,2720,2744,2674,2645,2564,2619,2845,2656,2667,2722,2801,2778,2654,2781,2805,2852,2861,2848,2798,2792,2779,2821,2887,2882,2862,2856,2838,2842,2803,2775,2933,2892,2899,2885,2849,2835,2835,2786,2915,2906,2907,2899,2889,2858,2877,2851,2956,2935,2909,2897,2898,2886,2886,2763,2939,2978,2965,2933,2925,2932,2945,2878
TOF,2334,2371,2748,2740,2589,2592,2630,2567,2816,2689,2617,2719,2743,2768,2654,2758,2767,2847,2853,2845,2811,2823,2745,2794,2892,2864,2881,2860,2834,2854,2825,2839,2929,2886,2878,2859,2857,2838,2826,2788,2942,2894,2899,2903,2899,2882,2859,2841,2951,2916,2902,2906,2899,2867,2874,2805,2975,2973,2933,2956,2936,2903,2935,2860
TOF,2290,2349,2765,2766,2585,2570,2588,2584,2771,2688,2638,2675,2772,2771,2636,2768,2770,2853,2833,2850,2837,2821,2768,2788,2890,2874,2853,2848,2851,2840,2780,2779,2905,2910,2892,2874,2879,2843,2839,2848,2914,2923,2902,2911,2873,2872,2849,2844,2955,2950,2908,2933,2881,2886,2870,2816,2969,2974,2961,2944,2908,2896,2915,2864
TOF,2355,2361,2607,2758,2663,2586,2624,2581,2662,2623,2634,2659,2772,2797,2686,2797,2783,2829,2823,2823,2828,2814,2756,2812,2912,2881,2849,2859,2837,2835,2791,2817,2903,2895,2883,2872,2866,2830,2843,2811,2908,2934,2894,2899,2889,2872,2869,2818,2924,2931,2939,2901,2908,2888,2881,2844,2955,2992,2958,2924,2942,2904,2928,2859
TOF,2317,2361,2731,2704,2727,2575,2627,2651,2820,2638,2639,2659,2777,2777,2653,2762,2822,2848,2833,2845,2833,2803,2722,2790,2911,2882,2864,2856,2837,2838,2777,2823,2859,2889,2894,2896,2868,2853,2839,2817,2937,2918,2914,2851,2893,2864,2861,2850,2927,2891,2914,2910,2898,2903,2887,2823,2975,3036,2967,2948,2926,2893,2938,2908
TOF,2303,2311,2759,2773,2697,2592,2575,2553,2708,2700,2642,2697,2766,2800,2581,2763,2785,2840,2849,2830,2816,2823,2730,2823,2871,2863,2855,2858,2840,2828,2786,2804,2908,2902,2879,2885,2854,2843,2830,2782,2939,2890,2903,2893,2897,2871,2868,2826,2953,2943,2915,2901,2900,2873,2877,2839,2994,2976,2962,2933,2918,2915,2927,2800
TOF,2332,2343,2719,2780,2738,2622,2557,2595,2742,2653,2597,2710,2756,2800,2681,2800,2824,2843,2831,2835,2835,2819,2741,2761,2915,2868,2887,2860,2828,2833,2797,2791,2919,2874,2880,2852,2843,2846,2851,2838,2923,2902,2910,2890,2907,2868,2864,2837,2935,2937,2909,2919,2883,2878,2898,2829,2959,2958,2944,2943,2937,2919,2915,2878
TOF,2364,2372,2817,2766,2724,2575,2577,2633,2859,2705,2687,2719,2751,2788,2675,2809,2790,2851,2831,2834,2814,2797,2788,2808,2888,2873,2872,2834,2834,2817,2803,2798,2942,2881,2873,2875,2851,2852,2839,2834,2945,2894,2896,2871,2882,2870,2874,2858,2949,2948,2915,2922,2895,2886,2866,2768,2934,2968,2927,2922,2909,2910,2930,2891
TOF,2302,2385,2743,2775,2698,2610,2575,2598,2612,2651,2641,2714,2735,2769,2640,2792,2826,2839,2838,2831,2827,2811,2743,2798,2890,2883,2849,2848,2844,2849,2787,2799,2920,2909,2874,2850,2863,2838,2813,2858,2974,2931,2895,2849,2855,2862,2851,2850,2945,2947,2902,2919,2893,2877,2888,2826,2964,2999,2962,2918,2920,2915,2922,2830
TOF,2326,2337,2716,2727,2659,2605,2592,2599,2722,2689,2690,2679,2734,2781,2677,2777,2817,2858,2848,2841,2809,2835,2705,2834,2910,2873,2869,2857,2841,2829,2810,2792,2926,2890,2892,2839,2838,2835,2838,2815,2953,2922,2886,2888,2878,2876,2864,2809,2958,2960,2930,2924,2889,2885,2902,2821,2970,2978,2933,2930,2932,2908,2918,2898
TOF,2350,2290,2645,2701,2718,2603,2528,2615,2682,2662,2632,2720,2758,2775,2606,2798,2832,2861,2849,2843,2830,2813,2733,2797,2883,2886,2878,2874,2838,2827,2792,2758,2878,2901,2860,2876,2856,2842,2825,2786,2931,2924,2886,2887,2875,2855,2869,2875,2938,2918,2903,2894,2866,2897,2876,2756,2979,2961,2967,2943,2924,2918,2917,2821
TOF,2339,2290,2799,2787,2702,2643,2561,2570,2831,2687,2675,2726,2757,2788,2686,2784,2777,2840,2842,2814,2817,2802,2706,2786,2873,2875,2855,2865,2826,2856,2772,2815,2903,2885,2886,2879,2859,2857,2832,2827,2925,2925,2899,2895,2873,2863,2855,2910,2930,2956,2918,2904,2910,2893,2887,2840,2974,2988,2958,2947,2932,2926,2908,2874
TOF,2312,2361,2716,2769,2698,2637,2616,2614,2848,2666,2728,2716,2758,2793,2661,2787,2765,2861,2833,2832,2837,2811,2736,2779,2900,2854,2847,2850,2845,2837,2802,2805,2907,2904,2876,2886,2850,2843,2822,2804,2937,2909,2886,2893,2903,2852,2846,2848,2955,2916,2915,2886,2903,2890,2858,2870,2964,2973,2946,2942,2934,2935,2929,2810
TOF,2297,2305,2757,2741,2640,2651,2570,2637,2722,2680,2676,2668,2807,2763,2653,2808,2810,2849,2838,2830,2821,2824,2731,2783,2874,2873,2854,2847,2843,2832,2802,2781,2968,2888,2875,2887,2852,2851,2837,2786,2947,2919,2920,2894,2874,2861,2853,2833,2965,2923,2927,2942,2890,2887,2891,2797,2984,2975,2938,2956,2920,2895,2912,2879
TOF,2298,2305,2665,2756,2699,2616,2596,2649,2752,2662,2647,2707,2785,2779,2639,2789,2788,2850,2842,2824,2818,2804,2742,2798,2890,2864,2866,2860,2844,2860,2808,2816,2907,2911,2892,2876,2876,2848,2829,2833,2916,2919,2931,2891,2896,2863,2831,2863,2934,2951,2900,2940,2927,2876,2882,2850,2987,2990,2934,2939,2903,2920,2947,2854
TOF,2293,2342,2671,2727,2647,2652,2590,2597,2790,2701,2619,2712,2754,2801,2649,2797,2815,2858,2848,2838,2840,2829,2765,2797,2880,2891,2863,2868,2846,2866,2793,2799,2919,2897,2876,2896,2865,2851,2834,2817,2946,2916,2923,2906,2877,2864,2893,2836,2951,2939,2902,2900,2902,2870,2857,2789,2967,2935,2966,2937,2949,2937,2922,2837
TOF,2301,2342,2739,2789,2598,2581,2555,2590,2729,2686,2607,2775,2784,2776,2633,2784,2777,2849,2841,2824,2824,2815,2699,2788,2891,2874,2860,2849,2831,2833,2804,2797,2924,2900,2871,2877,2869,2853,2840,2811,2947,2886,2901,2880,2877,2872,2857,2850,2934,2932,2919,2900,2907,2867,2890,2805,2984,2959,2948,2945,2926,2929,2949,2858
TOF,2359,2384,2626,2786,2707,2586,2610,2617,2750,2648,2647,2674,2802,2774,2666,2791,2794,2849,2841,2829,2825,2810,2713,2792,2897,2850,2880,2858,2856,2820,2802,2816,2937,2880,2892,2844,2844,2846,2854,2824,2951,2894,2905,2882,2896,2864,2864,2830,2941,2934,2926,2903,2905,2860,2889,2845,2976,2973,2956,2937,2909,2906,2893,2862
TOF,2319,2342,2599,2678,2701,2655,2577,2568,2759,2652,2623,2697,2756,2788,2708,2746,2818,2847,2841,2837,2817,2805,2738,2805,2885,2891,2866,2864,2850,2846,2785,2793,2939,2877,2903,2857,2848,2848,2818,2813,2977,2891,2893,2884,2896,2870,2861,2762,2929,2938,2934,2914,2884,2891,2892,2842,3005,2966,2967,2942,2933,2908,2892,2874
TOF,2327,2357,2669,2713,2773,2550,2605,2621,2811,2675,2643,2679,2766,2797,2676,2782,2773,2835,2840,2838,2841,2834,2741,2806,2906,2875,2853,2856,2821,2828,2788,2801,2921,2902,2879,2864,2867,2846,2818,2840,2932,2909,2893,2876,2889,2887,2870,2843,2938,2909,2928,2906,2891,2892,2909,2763,2973,2976,2975,2931,2925,2926,2933,2831
TOF,2290,2374,2741,2799,2678,2565,2584,2662,2769,2683,2636,2674,2774,2776,2696,2812,2762,2859,2842,2847,2803,2813,2755,2816,2915,2854,2862,2831,2843,2830,2801,2821,2927,2890,2888,2863,2870,2858,2834,2800,2937,2902,2884,2887,2873,2860,2850,2869,2953,2921,2906,2897,2878,2891,2867,2877,2951,2941,2944,2937,2898,2912,2916,2848
TOF,2288,2454,2768,2760,2694,2647,2636,2604,2788,2686,2663,2709,2732,2746,2676,2821,2794,2851,2866,2825,2825,2798,2763,2807,2910,2858,2870,2862,2848,2840,2782,2817,2909,2894,2864,2878,2850,2838,2840,2772,2950,2912,2895,2897,2882,2841,2868,2809,2947,2944,2919,2912,2910,2885,2877,2851,2978,2968,2964,2961,2913,2913,2919,2878
TOF,2322,2710,2745,2808,2735,2611,2587,2625,2710,2643,2647,2667,2786,2769,2682,2798,2787,2846,2837,2819,2827,2801,2692,2796,2887,2880,2863,2862,2837,2828,2783,2826,2934,2906,2870,2879,2864,2841,2830,2873,2909,2887,2905,2898,2913,2872,2837,2865,2924,2941,2921,2913,2895,2885,2887,2911,2941,2952,2940,2928,2941,2938,2922,2859
TOF,2313,2404,2767,2770,2715,2598,2568,2585,2665,2669,2629,2679,2725,2768,2696,2777,2770,2857,2840,2850,2827,2808,2760,2793,2903,2878,2854,2865,2830,2842,2789,2812,2926,2905,2870,2865,2848,2854,2840,2797,2908,2900,2883,2891,2858,2851,2868,2771,2946,2950,2924,2894,2894,2902,2901,2836,2998,2949,2940,2926,2920,2922,2925,2859
TOF,2353,2404,2656,2738,2689,2578,2630,2605,2749,2658,2612,2716,2789,2771,2664,2778,2780,2835,2829,2849,2812,2823,2793,2818,2894,2886,2879,2846,2856,2818,2796,2805,2883,2900,2874,2875,2844,2849,2837,2829,2928,2893,2890,2891,2874,2859,2881,2827,2932,2938,2930,2900,2912,2911,2849,2795,2975,3019,2933,2946,2928,2921,2896,2887
TOF,2292,2367,2790,2759,2708,2582,2572,2620,2692,2690,2646,2679,2752,2776,2662,2750,2801,2839,2861,2824,2830,2811,2734,2831,2898,2886,2869,2869,2851,2833,2819,2843,2906,2886,2893,2867,2860,2861,2845,2881,2921,2913,2902,2890,2864,2865,2858,2853,2942,2947,2916,2909,2880,2892,2876,2723,2972,2959,2944,2984,2970,2918,2913,2820
TOF,2327,2367,2790,2765,2679,2590,2590,2598,2668,2671,2674,2668,2740,2776,2721,2755,2823,2837,2833,2829,2820,2803,2692,2798,2874,2875,2854,2833,2836,2822,2800,2820,2916,2899,2866,2865,2856,2849,2824,2837,2934,2898,2895,2887,2875,2847,2865,2818,2947,2921,2937,2911,2881,2876,2881,2737,2978,2986,2971,2919,2917,2923,2917,2838
TOF,2304,2367,2728,2763,2663,2547,2537,2595,2719,2684,2634,2704,2748,2795,2634,2809,2791,2855,2845,2848,2828,2806,2725,2832,2885,2864,2855,2847,2832,2832,2798,2816,2930,2920,2879,2865,2851,2844,2831,2830,2920,2919,2910,2889,2870,2854,2874,2869,2960,2933,2923,2862,2906,2877,2874,2843,2992,2974,2929,2934,2924,2917,2912,2868
TOF,2344,2367,2780,2773,2697,2596,2594,2621,2745,2662,2615,2698,2760,2757,2719,2788,2794,2851,2839,2832,2831,2809,2707,2828,2866,2874,2884,2847,2853,2855,2795,2812,2914,2876,2882,2876,2852,2839,2842,2831,2942,2916,2882,2896,2893,2878,2856,2763,2974,2940,2915,2908,2894,2863,2876,2813,2970,2958,2976,2935,2945,2884,2943,2893
TOF,2358,2341,2756,2745,2706,2546,2561,2626,2799,2648,2641,2662,2791,2799,2608,2786,2812,2831,2838,2832,2816,2810,2727,2782,2870,2878,2870,2859,2841,2832,2801,2829,2908,2888,2879,2874,2869,2839,2847,2804,2941,2893,2889,2883,2884,2852,2865,2829,2937,2926,2925,2922,2875,2885,2880,2715,2980,2991,2970,2927,2930,2916,2904,2809
TOF,2338,2327,2749,2778,2787,2606,2569,2631,2738,2719,2654,2721,2762,2784,2655,2795,2830,2868,2827,2830,2810,2814,2742,2790,2879,2898,2860,2858,2850,2848,2821,2798,2920,2888,2887,2873,2866,2868,2823,2831,2927,2895,2903,2880,2894,2863,2849,2864,2941,2947,2923,2898,2875,2885,2872,2803,2986,2992,2931,2935,2925,2899,2916,2893
TOF,2316,2328,2774,2757,2692,2601,2577,2634,2768,2695,2628,2708,2772,2790,2701,2799,2757,2849,2828,2841,2817,2811,2722,2812,2879,2884,2869,2859,2835,2851,2819,2815,2892,2907,2883,2868,2865,2830,2820,2798,2942,2917,2900,2897,2873,2860,2873,2766,2942,2928,2902,2897,2906,2863,2864,2757,2997,2965,2927,2919,2931,2939,2904,2815
TOF,2286,2375,2774,2830,2759,2703,2609,2587,2875,2686,2674,2716,2784,2780,2643,2810,2769,2827,2831,2841,2830,2809,2704,2793,2880,2880,2876,2861,2845,2843,2815,2829,2924,2890,2891,2848,2867,2851,2827,2831,2927,2918,2896,2882,2862,2866,2869,2817,2937,2891,2899,2891,2887,2863,2893,2838,2997,2961,2966,2963,2930,2895,2923,2871
TOF,2331,2375,2748,2747,2694,2625,2561,2629,2747,2682,2644,2728,2752,2793,2647,2782,2812,2829,2838,2825,2825,2801,2728,2806,2893,2860,2864,2850,2844,2858,2793,2841,2946,2897,2891,2866,2857,2851,2843,2844,2950,2879,2901,2901,2876,2855,2853,2847,2939,2924,2923,2912,2898,2903,2878,2726,2938,2998,2940,2941,2938,2911,2917,2841
TOF,2325,2359,2654,2748,2612,2638,2553,2597,2716,2617,2650,2686,2765,2759,2649,2812,2779,2851,2833,2828,2820,2799,2713,2832,2882,2877,2846,2870,2852,2821,2779,2801,2924,2897,2886,2856,2855,2866,2846,2870,2935,2894,2897,2887,2896,2875,2875,2807,2948,2925,2902,2917,2892,2867,2881,2817,2967,2976,2945,2929,2915,2904,2920,2948
TOF,2311,2359,2603,2742,2593,2598,2553,2611,2690,2683,2635,2706,2728,2800,2676,2787,2760,2823,2854,2826,2814,2848,2742,2800,2915,2874,2842,2845,2852,2828,2781,2804,2897,2899,2876,2850,2865,2844,2827,2860,2924,2902,2908,2908,2893,2858,2867,2718,2940,2921,2915,2891,2883,2875,2889,2843,2906,2977,2938,2947,2919,2910,2923,2948
TOF,2311,2331,2754,2745,2677,2658,2572,2617,2752,2696,2657,2709,2783,2752,2657,2795,2810,2851,2840,2816,2845,2806,2679,2787,2882,2879,2852,2858,2855,2821,2796,2828,2936,2885,2863,2890,2856,2861,2840,2845,2925,2906,2896,2891,2863,2866,2866,2772,2932,2928,2920,2894,2905,2867,2893,2894,2939,3002,2956,2919,2910,2955,2913,2839
TOF,2353,2309,2786,2738,2731,2534,2597,2602,2780,2645,2663,2705,2813,2787,2672,2773,2791,2849,2832,2846,2838,2811,2668,2774,2900,2856,2853,2851,2833,2843,2797,2817,2914,2913,2878,2866,2864,2855,2821,2844,2918,2908,2896,2883,2887,2859,2867,2827,2944,2919,2921,2919,2906,2878,2892,2890,2958,2985,2941,2930,2919,2914,2912,2891
TOF,2339,2270,2755,2768,2647,2566,2570,2638,2759,2664,2641,2704,2790,2794,2685,2788,2781,2856,2869,2834,2810,2802,2690,2804,2903,2891,2865,2844,2825,2833,2796,2798,2913,2880,2882,2881,2869,2840,2832,2849,2942,2910,2910,2880,2901,2887,2867,2769,2953,2919,2917,2913,2920,2881,2898,2775,2954,2939,2970,2941,2932,2933,2939,2902
TOF,2294,2381,2754,2758,2705,2601,2561,2620,2768,2644,2668,2723,2780,2786,2698,2776,2835,2828,2841,2822,2821,2791,2691,2809,2895,2852,2869,2851,2849,2843,2779,2795,2906,2909,2901,2870,2852,2846,2846,2858,2922,2914,2888,2884,2865,2872,2852,2863,2943,2928,2899,2916,2903,2879,2894,2786,2952,2950,2943,2914,2922,2920,2889,2883
TOF,2323,2331,2626,2725,2732,2554,2547,2652,2781,2657,2654,2660,2755,2782,2650,2790,2788,2842,2853,2840,2797,2789,2736,2818,2861,2870,2856,2863,2865,2840,2787,2836,2929,2876,2911,2878,2871,2834,2822,2835,2907,2893,2900,2898,2877,2861,2862,2903,2947,2967,2925,2895,2894,2900,2878,2797,2951,2945,2942,2914,2932,2942,2942,2845
TOF,2312,2344,2731,2758,2657,2612,2606,2635,2808,2625,2694,2699,2753,2804,2685,2770,2786,2841,2841,2841,2823,2801,2707,2815,2896,2870,2871,2847,2844,2850,2806,2811,2904,2910,2873,2849,2861,2858,2845,2809,2930,2918,2882,2874,2875,2857,2848,2766,2954,2931,2915,2916,2896,2915,2906,2828,2971,2967,2960,2946,2910,2937,2901,2878
TOF,2327,2344,2757,2703,2802,2591,2662,2608,2753,2674,2678,2703,2756,2789,2713,2785,2758,2837,2856,2854,2828,2801,2712,2812,2866,2859,2872,2851,2836,2841,2800,2788,2927,2897,2864,2865,2864,2868,2826,2855,2923,2926,2886,2889,2876,2870,2864,2825,2935,2930,2915,2903,2892,2879,2920,2719,2993,2944,2982,2934,2922,2937,2914,2862
TOF,2311,2447,2774,2751,2803,2622,2622,2668,2703,2635,2605,2695,2818,2788,2614,2784,2770,2844,2841,2836,2814,2823,2712,2801,2903,2866,2867,2827,2852,2832,2802,2819,2931,2885,2892,2878,2853,2844,2849,2838,2915,2888,2876,2909,2860,2874,2855,2790,2939,2933,2915,2924,2882,2879,2878,2803,2957,2934,2950,2905,2934,2923,2917,2854
TOF,2373,2410,2613,2789,2672,2597,2596,2644,2634,2652,2647,2723,2761,2787,2739,2797,2818,2856,2852,2843,2814,2809,2706,2784,2869,2865,2864,2866,2842,2838,2805,2817,2894,2888,2867,2889,2880,2854,2839,2864,2949,2894,2914,2881,2882,2888,2879,2842,2979,2931,2935,2913,2902,2893,2886,2870,2957,2943,2965,2934,2910,2912,2910,2900
TOF,2310,2410,2778,2777,2640,2605,2580,2622,2550,2692,2621,2713,2767,2779,2666,2772,2789,2843,2832,2842,2827,2796,2792,2829,2881,2872,2857,2862,2860,2830,2781,2815,2913,2903,2886,2876,2859,2869,2833,2829,2939,2886,2898,2907,2881,2872,2856,2817,2923,2928,2918,2876,2912,2886,2885,2859,2972,2950,2932,2913,2913,2926,2932,2900
TOF,2349,2358,2743,2709,2714,2632,2616,2639,2652,2633,2656,2698,2790,2771,2679,2761,2793,2845,2845,2832,2828,2812,2738,2806,2894,2868,2888,2847,2850,2825,2764,2809,2908,2869,2869,2878,2868,2856,2830,2842,2937,2904,2890,2877,2882,2880,2881,2755,2957,2901,2909,2938,2891,2902,2886,2785,2984,2970,2957,2966,2927,2939,2934,2899
TOF,2303,2338,2804,2764,2725,2621,2601,2621,2643,2617,2681,2715,2777,2769,2690,2787,2839,2847,2843,2845,2818,2807,2702,2803,2874,2871,2846,2856,2845,2826,2788,2822,2894,2904,2891,2887,2840,2858,2853,2858,2935,2884,2883,2885,2863,2852,2852,2880,2930,2924,2906,2923,2894,2889,2880,2782,2946,2971,2953,2921,2937,2912,2921,2914
TOF,2312,2290,2768,2733,2766,2608,2563,2628,2740,2680,2668,2686,2799,2797,2682,2781,2783,2838,2830,2830,2840,2825,2712,2806,2879,2887,2860,2857,2836,2823,2771,2834,2917,2885,2884,2885,2866,2852,2840,2843,2930,2912,2888,2888,2871,2869,2877,2818,2941,2931,2931,2912,2881,2912,2853,2877,2983,2986,2949,2913,2968,2924,2905,2880
TOF,2292,2413,2693,2793,2838,2577,2560,2628,2701,2660,2645,2716,2778,2811,2616,2774,2806,2850,2834,2844,2831,2833,2691,2800,2897,2867,2873,2849,2851,2846,2794,2807,2942,2897,2871,2844,2866,2840,2844,2830,2934,2940,2894,2903,2876,2860,2870,2846,2948,2935,2923,2914,2904,2871,2855,2870,2968,2984,2956,2928,2936,2915,2904,2874
TOF,2276,2255,2711,2728,2644,2632,2532,2627,2664,2648,2630,2728,2783,2765,2636,2808,2795,2834,2831,2822,2811,2817,2718,2789,2883,2873,2874,2859,2853,2836,2825,2828,2913,2869,2877,2872,2854,2858,2858,2855,2903,2909,2882,2905,2898,2872,2864,2801,2982,2924,2908,2885,2899,2889,2891,2896,2964,2953,2956,2947,2936,2919,2931,2903
TOF,2375,2255,2744,2822,2690,2623,2577,2618,2808,2655,2663,2691,2755,2787,2723,2789,2805,2821,2841,2835,2818,2816,2736,2795,2887,2879,2875,2868,2837,2828,2791,2799,2916,2875,2891,2867,2883,2864,2837,2848,2920,2924,2886,2877,2868,2870,2851,2921,2947,2923,2922,2912,2890,2905,2873,2868,2996,2950,2958,2952,2916,2912,2899,2843
TOF,2351,2255,2789,2800,2706,2606,2595,2649,2623,2647,2668,2693,2773,2790,2656,2778,2789,2846,2830,2839,2813,2800,2705,2797,2907,2872,2864,2866,2869,2828,2775,2808,2895,2905,2871,2890,2869,2871,2820,2843,2911,2902,2875,2910,2879,2865,2869,2813,2944,2952,2913,2901,2907,2908,2872,2865,2976,2954,2974,2919,2948,2917,2921,2819
TOF,2335,2255,2803,2724,2708,2604,2595,2625,2649,2672,2654,2699,2767,2781,2661,2794,2785,2831,2839,2824,2831,2806,2719,2822,2856,2870,2860,2862,2838,2836,2801,2814,2927,2902,2877,2838,2868,2865,2838,2803,2918,2918,2910,2886,2899,2886,2864,2741,2948,2946,2921,2921,2891,2897,2878,2840,2982,2978,2947,2943,2929,2923,2973,2860
TOF,2386,2255,2678,2690,2714,2602,2605,2582,2730,2665,2684,2665,2772,2787,2669,2809,2801,2811,2850,2828,2810,2818,2731,2796,2887,2848,2854,2857,2836,2831,2815,2788,2916,2894,2872,2903,2857,2850,2836,2843,2928,2901,2881,2893,2881,2886,2853,2805,2940,2942,2899,2886,2900,2890,2862,2776,2951,2963,2946,2976,2940,2944,2911,2869
TOF,2306,2701,2781,2739,2663,2599,2582,2617,2833,2701,2669,2720,2758,2787,2636,2807,2819,2825,2832,2841,2831,2801,2744,2806,2900,2885,2852,2844,2846,2831,2785,2801,2920,2875,2882,2863,2861,2868,2838,2838,2925,2902,2896,2900,2867,2891,2885,2812,2944,2935,2910,2902,2921,2876,2880,2772,2990,2986,2947,2939,2915,2937,2895,2756
TOF,2322,2405,2756,2704,2627,2602,2611,2611,2710,2667,2635,2686,2759,2799,2722,2866,2837,2824,2850,2821,2827,2814,2708,2802,2873,2875,2857,2847,2840,2839,2805,2815,2896,2890,2880,2882,2858,2841,2837,2853,2920,2909,2911,2900,2873,2866,2859,2811,2932,2916,2936,2920,2881,2883,2875,2841,2983,2968,2938,2938,2941,2922,2912,2909
TOF,2320,2349,2817,2695,2727,2599,2558,2624,2645,2636,2641,2732,2760,2770,2684,2794,2812,2830,2848,2855,2849,2823,2736,2798,2890,2855,2871,2843,2842,2848,2785,2803,2923,2906,2902,2875,2860,2848,2853,2821,2926,2898,2921,2896,2852,2890,2863,2847,2922,2926,2909,2924,2898,2890,2890,2814,2970,2980,2966,2934,2927,2922,2921,2871
TOF,2324,2349,2709,2740,2712,2562,2587,2619,2744,2681,2673,2715,2787,2784,2626,2786,2796,2840,2803,2838,2818,2817,2770,2813,2903,2860,2859,2860,2837,2835,2784,2812,2922,2891,2870,2879,2842,2861,2846,2839,2969,2892,2882,2878,2882,2876,2848,2837,2936,2932,2925,2878,2881,2898,2885,2862,2988,2992,2933,2929,2925,2938,2944,2916
TOF,2298,2431,2747,2750,2640,2625,2569,2634,2695,2675,2647,2683,2788,2794,2708,2772,2798,2863,2836,2830,2819,2827,2741,2820,2885,2865,2860,2869,2838,2833,2798,2821,2901,2906,2872,2896,2843,2853,2833,2832,2945,2900,2903,2889,2884,2860,2858,2750,2961,2937,2928,2913,2901,2882,2886,2776,2980,2940,2920,2943,2908,2925,2930,2864
TOF,2365,2349,2730,2777,2626,2575,2548,2611,2735,2661,2622,2706,2815,2757,2638,2770,2791,2864,2847,2816,2811,2815,2744,2810,2908,2849,2852,2846,2857,2824,2798,2798,2917,2883,2882,2872,2853,2849,2817,2853,2915,2914,2887,2889,2884,2882,2869,2831,2945,2938,2932,2917,2883,2886,2892,2834,2957,2951,2976,2936,2929,2922,2917,2851
TOF,2339,2405,2729,2748,2685,2636,2590,2618,2667,2640,2670,2740,2754,2776,2680,2787,2826,2846,2837,2827,2833,2799,2664,2831,2874,2870,2852,2869,2832,2848,2784,2817,2910,2890,2879,2857,2868,2851,2839,2856,2924,2937,2898,2901,2868,2867,2863,2852,2947,2901,2916,2907,2899,2886,2869,2877,2986,2975,2962,2935,2941,2902,2941,2866
TOF,2401,2387,2829,2697,2722,2561,2582,2613,2804,2655,2644,2753,2786,2792,2687,2788,2774,2848,2830,2830,2801,2815,2689,2807,2900,2869,2861,2852,2842,2828,2814,2814,2889,2918,2871,2881,2869,2850,2839,2854,2934,2912,2891,2897,2891,2845,2867,2817,2933,2957,2930,2900,2889,2871,2888,2860,2979,3016,2968,2935,2935,2933,2930,2866
TOF,2318,2395,2726,2757,2686,2598,2571,2627,2768,2658,2629,2717,2731,2760,2640,2780,2773,2835,2837,2849,2833,2800,2698,2806,2889,2897,2867,2859,2848,2832,2770,2807,2920,2898,2881,2875,2854,2842,2843,2830,2927,2904,2889,2900,2879,2874,2867,2840,2954,2951,2947,2918,2905,2876,2858,2845,2945,2957,2946,2937,2932,2910,2903,2925
TOF,2340,2332,2746,2659,2682,2608,2583,2613,2776,2688,2621,2721,2787,2783,2666,2822,2829,2845,2822,2843,2817,2816,2765,2802,2903,2850,2847,2849,2846,2831,2777,2828,2929,2882,2877,2884,2866,2862,2833,2835,2941,2920,2887,2880,2881,2867,2859,2856,2941,2926,2903,2897,2898,2882,2900,2797,3009,2994,2979,2954,2932,2916,2919,2854
TOF,2337,2418,2793,2742,2719,2593,2572,2595,2660,2623,2627,2710,2782,2780,2739,2752,2802,2854,2835,2852,2816,2811,2706,2812,2866,2872,2850,2853,2838,2832,2816,2830,2911,2895,2882,2876,2873,2841,2841,2827,2904,2910,2896,2880,2859,2875,2862,2840,2936,2950,2922,2911,2895,2883,2874,2820,2976,2953,2960,2948,2946,2923,2928,2881
TOF,2344,2410,2813,2758,2690,2601,2588,2612,2761,2675,2610,2738,2757,2781,2632,2791,2819,2837,2847,2863,2808,2840,2672,2802,2879,2882,2852,2869,2846,2833,2788,2825,2931,2894,2859,2882,2857,2872,2837,2852,2931,2913,2902,2889,2855,2876,2867,2823,2927,2916,2911,2888,2910,2896,2877,2849,2971,2933,2925,2945,2953,2929,2949,2848
TOF,2281,2304,2694,2724,2662,2637,2590,2618,2704,2651,2614,2721,2770,2771,2655,2769,2784,2837,2828,2831,2844,2804,2734,2792,2913,2871,2872,2846,2852,2810,2788,2795,2942,2898,2910,2864,2847,2849,2839,2838,2941,2905,2904,2875,2906,2862,2868,2845,2959,2929,2912,2923,2881,2899,2912,2862,2967,2971,2925,2924,2956,2920,2924,2889
TOF,2326,2304,2760,2795,2728,2609,2571,2669,2746,2669,2671,2699,2777,2782,2622,2792,2815,2855,2822,2831,2820,2802,2675,2815,2884,2860,2862,2839,2846,2815,2801,2832,2887,2907,2873,2879,2860,2858,2851,2831,2940,2894,2890,2914,2897,2872,2901,2853,2954,2895,2915,2898,2891,2895,2877,2880,2993,2981,2947,2952,2920,2920,2923,2720
TOF,2323,2380,2706,2770,2850,2577,2569,2659,2677,2652,2595,2718,2752,2791,2679,2784,2829,2847,2832,2838,2821,2796,2697,2803,2879,2871,2847,2859,2845,2834,2802,2808,2926,2886,2878,2867,2862,2846,2844,2834,2931,2908,2899,2896,2883,2884,2863,2802,2945,2928,2937,2925,2893,2887,2892,2958,2986,2962,2943,2944,2921,2913,2922,2835
TOF,2318,2391,2706,2723,2704,2608,2622,2607,2695,2678,2640,2684,2759,2783,2635,2781,2814,2832,2832,2830,2814,2819,2715,2783,2892,2875,2852,2848,2837,2858,2785,2838,2960,2902,2890,2864,2853,2846,2829,2862,2951,2907,2908,2885,2876,2869,2855,2835,2930,2927,2902,2905,2900,2895,2900,2838,2937,2968,2964,2972,2917,2929,2895,2842
TOF,2337,2338,2793,2770,2702,2619,2537,2620,2706,2579,2659,2625,2753,2783,2683,2800,2801,2837,2834,2847,2840,2814,2731,2802,2905,2851,2868,2846,2863,2828,2770,2816,2916,2891,2893,2874,2872,2846,2830,2830,2960,2922,2885,2910,2877,2853,2862,2841,2930,2927,2907,2887,2901,2890,2904,2780,3012,2980,2947,2939,2930,2927,2956,2852
TOF,2310,2388,2706,2803,2633,2580,2577,2582,2788,2617,2700,2748,2780,2748,2676,2809,2750,2852,2840,2824,2837,2831,2787,2786,2899,2866,2856,2857,2868,2845,2786,2816,2921,2885,2869,2863,2859,2843,2827,2848,2923,2913,2896,2904,2894,2878,2864,2867,2945,2946,2910,2916,2901,2901,2902,2841,2951,2981,2954,2962,2904,2909,2936,2900
TOF,2325,2349,2787,2789,2697,2622,2581,2629,2852,2636,2658,2690,2781,2795,2687,2792,2795,2842,2844,2840,2826,2832,2685,2797,2895,2884,2856,2852,2828,2816,2795,2804,2906,2889,2876,2870,2858,2843,2835,2809,2935,2871,2895,2888,2872,2868,2865,2872,2934,2904,2924,2915,2884,2899,2880,2798,2988,2968,2962,2914,2944,2918,2915,2917
TOF,2372,2344,2738,2723,2678,2644,2584,2597,2742,2657,2624,2718,2795,2786,2687,2780,2826,2846,2848,2847,2812,2790,2699,2819,2894,2875,2861,2855,2842,2808,2789,2799,2884,2890,2875,2866,2877,2847,2856,2818,2902,2931,2895,2901,2870,2858,2870,2847,2979,2951,2907,2901,2916,2904,2886,2876,2970,2946,2981,2927,2921,2912,2907,2917
TOF,2314,2356,2792,2730,2699,2684,2559,2580,2787,2711,2626,2720,2777,2793,2666,2794,2790,2859,2843,2839,2825,2829,2705,2796,2881,2879,2849,2854,2858,2838,2799,2806,2920,2895,2858,2888,2873,2837,2827,2867,2929,2885,2897,2884,2894,2859,2881,2859,2955,2912,2920,2899,2908,2892,2917,2818,2981,2971,2941,2954,2950,2934,2950,2810
TOF,2318,2375,2736,2692,2783,2608,2568,2584,2762,2673,2635,2721,2761,2782,2657,2811,2781,2860,2850,2838,2813,2806,2728,2806,2882,2851,2879,2846,2857,2835,2795,2814,2909,2890,2879,2847,2856,2842,2847,2859,2943,2885,2900,2897,2875,2879,2874,2848,2953,2920,2929,2912,2883,2877,2884,2736,2982,2974,2959,2945,2931,2934,2897,2899
TOF,2329,2375,2789,2723,2665,2631,2590,2594,2707,2667,2660,2712,2780,2790,2694,2800,2801,2841,2843,2824,2817,2808,2711,2812,2846,2851,2820,2844,2832,2836,2800,2813,2918,2877,2869,2863,2843,2840,2855,2819,2915,2922,2881,2888,2881,2876,2858,2813,2944,2937,2888,2903,2883,2886,2900,2856,2984,2925,2951,2967,2913,2911,2908,2888
TOF,2303,2368,2731,2724,2591,2599,2613,2647,2759,2624,2685,2697,2746,2776,2706,2771,2789,2849,2827,2807,2816,2800,2734,2842,2906,2869,2870,2859,2839,2823,2760,2813,2942,2865,2874,2874,2855,2848,2846,2810,2934,2896,2900,2895,2862,2898,2885,2824,2948,2940,2923,2914,2898,2915,2912,2857,2990,2973,2944,2965,2902,2908,2894,2846
TOF,2293,2341,2552,2674,2592,2586,2590,2687,2726,2679,2696,2682,2778,2767,2709,2806,2801,2838,2840,2825,2822,2819,2721,2796,2891,2868,2874,2850,2844,2834,2791,2810,2892,2879,2872,2882,2858,2866,2830,2847,2913,2886,2901,2881,2873,2855,2875,2827,2924,2925,2916,2911,2897,2895,2882,2889,2942,2988,2964,2935,2933,2916,2910,2891
TOF,2306,2316,2584,2681,2769,2615,2613,2629,2880,2717,2622,2736,2788,2787,2697,2808,2818,2857,2857,2844,2826,2809,2743,2823,2903,2877,2853,2846,2845,2840,2788,2797,2929,2907,2905,2874,2868,2852,2839,2850,2958,2925,2909,2885,2877,2888,2868,2865,2930,2912,2912,2876,2907,2890,2894,2871,2948,2995,2970,2931,2934,2939,2918,2917
TOF,2338,2316,2774,2578,2702,2571,2555,2675,2816,2695,2647,2712,2774,2772,2710,2808,2833,2827,2848,2839,2835,2788,2734,2791,2881,2873,2859,2843,2841,2841,2795,2826,2935,2897,2883,2878,2877,2854,2834,2895,2929,2896,2898,2897,2891,2881,2861,2803,2943,2933,2912,2901,2908,2873,2900,2863,2969,2987,2953,2950,2926,2912,2919,2864
TOF,2342,2316,2800,2809,2643,2639,2575,2588,2749,2690,2666,2713,2793,2781,2644,2810,2810,2851,2857,2829,2839,2819,2721,2801,2886,2876,2867,2854,2849,2830,2772,2810,2924,2903,2884,2868,2873,2864,2841,2828,2945,2893,2907,2891,2884,2872,2870,2840,2921,2950,2929,2935,2895,2886,2873,2812,2982,2950,2941,2957,2920,2953,2924,2864
TOF,2299,2389,2778,2757,2679,2649,2571,2599,2850,2643,2696,2683,2804,2779,2669,2801,2787,2846,2851,2840,2825,2822,2696,2822,2879,2855,2863,2852,2846,2820,2804,2824,2933,2896,2891,2866,2859,2842,2849,2842,2922,2917,2910,2891,2865,2868,2867,2856,2964,2935,2911,2901,2903,2887,2879,2830,2993,2946,2967,2940,2914,2920,2898,2866
TOF,2366,2538,2611,2709,2679,2636,2584,2641,2811,2681,2626,2694,2778,2787,2702,2763,2821,2835,2841,2828,2806,2818,2715,2817,2876,2872,2852,2855,2838,2836,2794,2839,2924,2886,2894,2853,2875,2831,2840,2814,2957,2955,2893,2882,2871,2849,2853,2835,2947,2919,2892,2897,2912,2902,2879,2853,2949,2982,2947,2930,2922,2934,2920,2752
TOF,2300,2538,2762,2715,2674,2574,2585,2651,2866,2697,2655,2714,2788,2769,2640,2835,2815,2821,2848,2820,2847,2808,2721,2810,2878,2866,2876,2849,2855,2814,2780,2808,2924,2895,2873,2871,2848,2867,2830,2846,2938,2924,2894,2881,2895,2857,2865,2860,2927,2922,2919,2915,2925,2869,2898,2834,3002,2960,2961,2943,2936,2942,2924,2854
TOF,2305,2438,2740,2737,2670,2615,2604,2621,2719,2704,2592,2746,2771,2784,2666,2782,2804,2855,2845,2820,2832,2840,2731,2789,2869,2839,2851,2863,2860,2805,2786,2796,2929,2857,2886,2896,2868,2861,2843,2856,2928,2924,2870,2902,2875,2842,2871,2860,2914,2912,2935,2907,2909,2904,2879,2761,2966,2962,2964,2927,2911,2951,2937,2902
TOF,2328,2438,2731,2781,2706,2562,2541,2601,2801,2677,2661,2712,2750,2754,2711,2792,2796,2845,2828,2849,2798,2821,2706,2806,2906,2880,2852,2852,2850,2818,2797,2829,2916,2882,2864,2863,2872,2863,2847,2848,2944,2895,2904,2901,2898,2857,2868,2839,2963,2917,2927,2911,2894,2889,2868,2879,2999,2966,2956,2940,2944,2929,2898,2866
TOF,2313,2364,2717,2751,2690,2625,2571,2558,2800,2720,2690,2792,2780,2783,2661,2779,2825,2872,2831,2834,2812,2789,2709,2817,2892,2866,2868,2850,2854,2840,2799,2805,2929,2890,2878,2875,2861,2851,2836,2842,2938,2907,2888,2862,2874,2861,2870,2833,2957,2935,2920,2909,2903,2869,2874,2924,2999,2951,2947,2943,2927,2919,2900,2866
TOF,2315,2364,2773,2755,2705,2597,2560,2706,2666,2615,2621,2728,2774,2788,2692,2770,2793,2852,2836,2810,2819,2815,2731,2804,2910,2872,2869,2842,2852,2840,2802,2827,2911,2896,2879,2866,2872,2852,2829,2824,2895,2920,2901,2897,2874,2884,2873,2852,2914,2904,2917,2911,2881,2905,2883,2837,2989,2932,2937,2943,2953,2924,2906,2882
TOF,2376,2370,2749,2760,2648,2609,2585,2621,2701,2659,2685,2729,2781,2788,2712,2798,2805,2835,2845,2832,2826,2823,2723,2799,2919,2871,2854,2862,2840,2835,2772,2822,2919,2883,2888,2876,2851,2842,2813,2893,2903,2901,2896,2905,2868,2870,2837,2891,2939,2942,2922,2922,2908,2903,2900,2843,2997,2973,2939,2927,2950,2905,2919,2802
TOF,2307,2360,2725,2755,2701,2616,2625,2646,2745,2630,2644,2733,2762,2765,2667,2801,2841,2855,2844,2851,2821,2801,2754,2831,2925,2869,2874,2852,2843,2846,2790,2809,2908,2899,2866,2864,2877,2862,2838,2806,2937,2918,2898,2861,2869,2855,2864,2852,2930,2922,2890,2910,2890,2870,2874,2824,2974,2958,2942,2953,2914,2914,2908,2869
TOF,2329,2413,2746,2705,2666,2562,2578,2608,2767,2696,2683,2742,2806,2785,2641,2783,2798,2845,2836,2829,2854,2807,2718,2790,2900,2871,2851,2850,2844,2809,2787,2788,2894,2885,2876,2874,2864,2842,2827,2839,2956,2911,2895,2890,2884,2886,2865,2810,2943,2923,2930,2905,2880,2890,2887,2727,2980,2948,2942,2936,2932,2917,2935,2821
TOF,2368,2348,2743,2685,2575,2643,2571,2654,2833,2691,2634,2720,2734,2795,2676,2811,2799,2847,2842,2840,2830,2829,2711,2827,2866,2869,2865,2856,2829,2804,2792,2789,2886,2871,2891,2873,2867,2840,2832,2872,2935,2913,2899,2889,2881,2881,2870,2809,2941,2947,2920,2903,2912,2898,2904,2776,2967,2972,2945,2944,2961,2922,2940,2720
TOF,2330,2400,2759,2758,2580,2658,2570,2627,2702,2644,2637,2705,2748,2772,2665,2787,2769,2829,2832,2821,2833,2824,2647,2793,2882,2875,2864,2857,2835,2838,2809,2807,2908,2891,2868,2869,2861,2843,2852,2844,2910,2893,2891,2885,2897,2875,2846,2801,2939,2940,2901,2908,2894,2896,2876,2827,2954,2965,2962,2953,2912,2934,2884,2864
TOF,2329,2340,2763,2685,2622,2660,2610,2550,2725,2655,2634,2715,2751,2790,2713,2828,2783,2837,2840,2823,2833,2783,2701,2803,2886,2867,2882,2855,2849,2820,2794,2818,2922,2894,2867,2882,2867,2844,2846,2816,2953,2884,2911,2910,2886,2861,2869,2825,2961,2912,2919,2919,2906,2879,2897,2907,2998,2982,2973,2940,2932,2936,2913,2826
TOF,2339,2424,2796,2717,2675,2654,2613,2579,2752,2647,2656,2748,2766,2785,2681,2787,2817,2843,2843,2858,2821,2819,2720,2792,2881,2866,2855,2861,2847,2828,2784,2810,2912,2907,2879,2903,2879,2849,2837,2836,2962,2890,2902,2889,2878,2880,2845,2807,2930,2940,2948,2899,2876,2872,2875,2892,2976,2925,2967,2927,2943,2923,2919,2928
TOF,2315,2350,2645,2749,2708,2661,2575,2612,2752,2660,2629,2711,2774,2777,2674,2797,2790,2848,2834,2824,2839,2817,2799,2807,2888,2874,2849,2849,2843,2854,2773,2812,2918,2896,2896,2849,2846,2847,2844,2863,2937,2906,2889,2880,2875,2869,2849,2783,2951,2920,2919,2903,2882,2871,2863,2799,2950,2957,2952,2944,2935,2911,2924,2864
TOF,2331,2433,2732,2745,2666,2613,2584,2552,2637,2682,2672,2751,2804,2791,2626,2779,2787,2827,2843,2820,2821,2814,2693,2812,2902,2866,2849,2844,2839,2840,2805,2822,2903,2873,2870,2857,2856,2856,2834,2838,2926,2931,2885,2888,2865,2868,2868,2772,2927,2927,2919,2905,2909,2890,2899,2844,2972,2962,2951,2962,2914,2925,2914,2807
TOF,2418,2309,2674,2677,2647,2614,2547,2602,2766,2634,2641,2759,2758,2768,2682,2805,2818,2842,2831,2833,2822,2818,2706,2803,2887,2869,2873,2860,2855,2836,2779,2838,2926,2886,2888,2889,2853,2862,2831,2850,2926,2905,2887,2899,2886,2872,2871,2682,2945,2952,2921,2903,2879,2903,2899,2873,2989,2997,2962,2934,2946,2932,2934,2806
TOF,2303,2354,2791,2761,2619,2661,2550,2612,2772,2663,2670,2711,2753,2793,2624,2784,2778,2842,2838,2842,2810,2822,2724,2828,2860,2878,2847,2860,2838,2838,2797,2798,2897,2907,2878,2887,2857,2855,2840,2853,2929,2901,2905,2891,2895,2873,2859,2824,2957,2935,2914,2901,2908,2881,2897,2854,2952,2962,2991,2940,2944,2916,2919,2912
TOF,2347,2289,2742,2783,2716,2599,2546,2633,2739,2638,2648,2715,2817,2766,2724,2806,2762,2844,2834,2829,2809,2807,2695,2822,2897,2866,2840,2846,2860,2841,2785,2809,2928,2872,2878,2866,2852,2851,2856,2851,2960,2909,2898,2872,2897,2864,2854,2847,2953,2945,2916,2924,2892,2873,2900,2846,2984,2942,2945,2938,2930,2934,2912,2923
TOF,2303,2289,2746,2730,2640,2593,2579,2600,2761,2678,2644,2747,2769,2769,2711,2789,2800,2847,2835,2835,2800,2821,2784,2803,2878,2858,2866,2859,2843,2854,2777,2811,2913,2912,2865,2876,2877,2846,2814,2812,2912,2921,2896,2881,2886,2878,2844,2721,2943,2958,2927,2918,2882,2884,2874,2863,2980,2974,2951,2957,2925,2937,2898,2838
TOF,2305,2289,2708,2782,2666,2590,2559,2559,2827,2695,2624,2704,2797,2814,2650,2779,2779,2843,2833,2830,2833,2812,2727,2820,2910,2886,2865,2856,2841,2835,2797,2820,2929,2881,2877,2870,2870,2862,2829,2831,2925,2915,2883,2904,2891,2874,2867,2866,2962,2931,2902,2925,2909,2880,2909,2765,2947,2956,2962,2952,2945,2921,2913,2834
TOF,2291,2341,2766,2752,2638,2666,2574,2613,2781,2671,2678,2715,2800,2805,2662,2805,2804,2837,2836,2830,2838,2834,2743,2824,2883,2875,2860,2866,2851,2821,2779,2821,2902,2888,2908,2869,2858,2855,2832,2867,2933,2901,2889,2871,2882,2869,2862,2854,2931,2955,2907,2923,2922,2902,2885,2787,2988,2988,2931,2919,2954,2929,2919,2846
TOF,2369,2470,2816,2743,2612,2588,2604,2600,2736,2611,2647,2648,2773,2766,2675,2789,2818,2856,2849,2814,2835,2794,2706,2816,2881,2874,2839,2839,2850,2837,2820,2798,2905,2887,2852,2879,2863,2872,2850,2839,2954,2926,2907,2881,2870,2856,2854,2855,2943,2929,2932,2888,2888,2896,2872,2863,3019,2962,2966,2916,2919,2941,2902,2864
TOF,2337,2360,2725,2768,2693,2595,2557,2607,2639,2666,2647,2673,2798,2804,2678,2781,2804,2840,2846,2842,2822,2829,2718,2812,2888,2893,2852,2840,2856,2829,2777,2810,2999,2888,2881,2882,2863,2840,2828,2835,2909,2891,2902,2892,2867,2871,2861,2820,2939,2929,2929,2899,2894,2889,2907,2749,2993,2976,2966,2928,2927,2920,2918,2816
TOF,2340,2469,2762,2721,2682,2596,2546,224,2633,2669,2647,2724,2776,2769,2662,2766,2828,2850,2857,2840,2820,2806,2691,2816,2889,2871,2876,2851,2845,2838,2778,2801,2931,2912,2873,2860,2868,2851,2832,2800,2956,2902,2919,2896,2868,2884,2853,2846,2928,2946,2928,2901,2900,2900,2909,2797,2963,2937,2935,2949,2934,2928,2923,2887
TOF,2356,2384,2724,2757,2667,2576,234,181,2784,2697,2653,2726,2778,2778,2675,2758,2836,2840,2834,2848,2825,2811,2718,2818,2862,2860,2874,2843,2836,2846,2796,2843,2893,2890,2881,2875,2879,2844,2834,2844,2918,2917,2877,2885,2845,2874,2875,2739,2922,2951,2914,2925,2904,2875,2895,2808,2958,2952,2964,2948,2925,2911,2931,2837
TOF,2343,2355,2734,2766,2676,240,229,155,2741,2656,2627,2678,2752,2775,2610,183,2790,2834,2838,2832,2831,2795,2733,2805,2880,2856,2858,2850,2837,2814,2785,2824,2935,2860,2896,2872,2863,2844,2831,2840,2940,2898,2892,2897,2867,2869,2869,2862,2932,2914,2921,2909,2899,2907,2887,2755,3006,2936,2952,2932,2911,2935,2928,2876
TOF,2329,2336,2785,2712,2633,230,229,192,2710,2671,2603,2713,2773,2784,2727,2764,2814,2832,2841,2816,2842,2837,2698,2806,2866,2882,2852,2865,2844,2830,2806,2833,2909,2887,2896,2839,2865,2854,2830,2836,2933,2917,2890,2889,2903,2890,2850,2785,2937,2938,2914,2923,2927,2893,2906,2865,2954,2941,2967,2923,2927,2916,2931,2829
TOF,2282,2402,2763,2754,2685,2565,231,219,2686,2603,2640,2669,2764,2778,2704,2805,2813,2844,2842,2831,2823,2827,2704,2816,2908,2853,2859,2853,2839,2835,2808,2788,2921,2872,2869,2889,2866,2855,2836,2846,2917,2914,2891,2895,2891,2860,2866,2872,2926,2952,2901,2915,2903,2886,2880,2867,2951,2966,2950,2957,2942,2905,2915,2896
TOF,2355,2471,2748,2740,2666,2642,2498,229,2731,2679,2650,2685,2771,2799,2629,2760,2817,2817,2839,2841,2825,2801,2745,2777,2884,2882,2858,2840,2861,2845,2796,2816,2939,2888,2870,2880,2852,2854,2851,2866,2940,2885,2899,2896,2890,2872,2869,2795,2957,2923,2917,2920,2918,2917,2901,2853,2983,2978,2940,2950,2923,2948,2916,2908
TOF,2339,2304,2786,2746,2613,196,163,149,2619,2670,2665,2644,2804,195,2620,2841,2800,2842,2826,2834,2816,2827,2736,2772,2901,2860,2848,2861,2844,2814,2784,2828,2931,2909,2882,2881,2869,2853,2848,2844,2925,2888,2892,2895,2873,2880,2859,2869,2940,2930,2922,2911,2909,2881,2881,2834,2944,2985,2963,2945,2945,2924,2901,2877
TOF,2295,2304,164,149,120,108,89,84,2718,2658,2625,155,186,3139,108,94,2800,2840,2854,2837,140,183,163,2792,2882,2858,2856,2841,2844,2811,2803,2820,2886,2903,2878,2854,2862,2835,2831,2842,2931,2898,2903,2905,2864,2870,2851,2803,2958,2954,2918,2886,2883,2905,2876,2885,2981,2978,3004,2935,2912,2923,2930,2843
TOF,2334,149,108,99,85,77,71,71,2849,2637,110,100,99,82,82,72,2818,2836,2857,125,117,94,86,88,2882,2877,2849,2872,2845,2817,2794,2832,2921,2877,2889,2852,2858,2850,2820,2859,2941,2947,2888,2908,2898,2873,2867,2796,2949,2935,2920,2895,2909,2880,2879,2885,2954,3001,2963,2944,2950,2890,2906,2850
TOF,69,72,68,70,68,64,61,60,2809,74,85,69,77,66,68,62,2810,2870,79,84,72,71,69,65,2902,2864,86,78,90,79,2797,68,2926,2913,2885,2888,2869,2868,2837,2899,2978,2915,2916,2906,2866,2860,2842,2791,2974,2914,2893,2903,2910,2895,2871,2870,2945,2932,2931,2947,2945,2915,2904,2809
TOF,104,83,72,71,63,61,57,57,112,89,84,76,69,67,64,64,2820,123,98,86,78,71,69,65,2895,120,101,89,85,75,74,68,2931,2893,2917,2837,2854,2856,2855,2842,2929,2922,2872,2895,2870,2882,2842,2793,2964,2930,2913,2936,2914,2891,2911,2818,2940,2978,2967,2940,2949,2920,2947,2940
TOF,109,93,77,72,67,60,58,59,119,100,86,77,71,68,64,67,2822,131,105,94,81,70,67,66,2898,160,130,107,91,84,72,78,2931,2998,133,114,97,92,88,70,2949,2908,2897,2902,2897,2886,2858,2804,2951,2933,2943,2909,2889,2892,2875,2879,2964,2944,2940,2944,2911,2920,2902,2835
TOF,99,94,86,75,66,66,66,67,109,116,99,93,77,81,74,80,2857,123,117,98,93,83,84,75,2881,179,126,121,95,99,82,96,2905,2923,137,127,120,95,91,87,2947,2919,2905,2894,2905,2867,2870,2837,2943,2938,2926,2916,2911,2870,2904,2816,2953,2991,2964,2936,2937,2906,2914,2823
TOF,115,111,82,78,83,81,75,83,158,150,110,114,99,95,88,89,2818,167,160,130,110,100,91,97,2899,179,190,175,133,114,98,105,2943,2937,2894,2896,2832,2871,2837,2874,2899,2926,2898,2905,2879,2880,2848,2831,2957,2929,2929,2899,2904,2905,2896,2872,2986,2979,2967,2961,2938,2907,2917,2863
TOF,108,99,83,84,86,87,88,92,156,135,116,106,113,94,94,103,2804,201,169,151,104,105,98,100,2900,181,182,179,145,113,111,110,2929,2901,192,183,2849,2863,2818,2863,2950,2909,2890,2904,2897,2873,2870,2892,2933,2925,2906,2907,2919,2887,2879,2858,2979,2963,2946,2952,2929,2923,2948,2894
TOF,102,80,88,91,82,81,81,2640,149,114,117,98,93,91,89,152,175,160,142,126,95,89,95,156,2933,174,186,138,127,106,103,2867,2891,166,176,2901,2876,2856,2845,2850,2938,2923,2906,2886,2880,2866,2870,2873,2938,2921,2907,2903,2898,2886,2883,2797,2987,2975,2956,2945,2960,2931,2929,2883
TOF,104,97,95,80,76,74,76,2629,154,122,130,91,91,82,86,2852,161,167,153,95,89,87,90,158,214,177,2939,136,104,94,98,2827,2924,2946,2885,2824,2857,2841,2824,2866,2927,2901,2894,2892,2878,2871,2836,2813,2923,2945,2924,2904,2893,2890,2892,2775,2969,2968,2951,2926,2940,2919,2951,2786
TOF,91,99,84,71,73,71,71,2629,152,101,101,77,83,79,76,2781,163,155,106,95,87,87,81,2838,216,170,144,120,91,82,2550,2832,2893,2903,2883,2869,2851,2848,2858,2834,2955,2923,2890,2891,2880,2861,2886,2856,2951,2940,2931,2893,2899,2883,2883,2808,2979,2971,2963,2944,2915,2913,2929,2857
TOF,99,81,75,69,73,71,81,2634,113,92,80,78,73,78,83,2799,166,117,102,85,83,85,84,2792,2911,2882,146,2860,88,2875,2751,2820,2945,2911,2879,2862,2853,2853,2839,2838,2939,2926,2891,2889,2870,2858,2870,2898,2951,2956,2947,2912,2891,2900,2891,2784,2981,2970,2942,2946,2930,2912,2907,2868
TOF,102,86,76,74,70,70,95,2638,114,104,80,76,75,79,102,2799,162,120,108,85,83,82,86,2802,2888,2887,2868,2841,2837,2812,2793,2827,2940,2865,2890,2882,2864,2875,2819,2837,2940,2927,2880,2896,2892,2882,2849,2854,2946,2940,2905,2911,2910,2881,2866,2904,2944,2947,2936,2948,2954,2934,2912,2868
TOF,111,89,81,74,73,75,74,2579,125,111,88,85,80,81,87,2774,170,124,2853,2836,83,85,89,2794,2889,2877,2889,2845,2842,2815,2787,2809,2881,2883,2878,2861,2848,2850,2833,2835,2920,2943,2894,2897,2869,2862,2859,2816,2941,2965,2945,2921,2903,2902,2915,2915,2977,2981,2958,2943,2941,2911,2950,2799
TOF,104,92,76,74,71,70,69,92,123,106,97,84,80,73,73,77,2846,2848,2844,2829,2836,2784,2744,2835,2892,2874,2853,2852,2857,2830,2806,2805,2919,2895,2871,2868,2863,2857,2817,2844,2904,2935,2901,2899,2869,2877,2856,2867,2951,2923,2913,2933,2917,2879,2872,2709,2975,2978,2957,2932,2938,2931,2889,2848
TOF,107,87,79,73,74,72,70,71,148,107,95,93,85,76,74,73,2825,2851,2835,2837,2817,2811,2727,2761,2880,2882,2873,2859,2858,2838,2815,2813,2902,2887,2892,2866,2849,2853,2856,2861,2916,2895,2887,2880,2899,2880,2839,2698,2958,2926,2929,2910,2913,2899,2888,2920,2982,2975,2966,2960,2929,2921,2949,2822
TOF,106,89,76,72,66,64,62,63,103,98,84,75,88,71,71,64,2835,2843,2829,2842,2845,2810,2722,2827,2901,2846,2858,2843,2844,2846,2780,2830,2915,2904,2896,2877,2863,2844,2828,2826,2933,2917,2913,2870,2848,2870,2872,2870,2936,2922,2893,2929,2894,2898,2888,2867,3003,2969,2977,2944,2932,2921,2918,2878
TOF,56,54,52,52,50,52,55,55,75,54,63,55,61,54,57,54,78,2823,2887,2815,2820,2802,2774,2806,2899,2875,2875,2852,2852,2828,2769,2828,2975,2901,2883,2886,2858,2857,2850,2817,2936,2893,2879,2875,2872,2898,2860,2809,2954,2938,2927,2906,2906,2894,2870,2830,2940,2951,2973,2923,2929,2914,2928,2900
TOF,51,45,45,44,46,46,49,51,50,51,47,51,52,50,48,50,62,58,49,56,61,2838,2733,2809,2900,2870,2848,2858,2864,2850,2805,2815,2942,2894,2880,2887,2861,2846,2823,2828,2922,2905,2903,2890,2875,2897,2851,2849,2975,2928,2909,2911,2912,2874,2873,2773,2959,2975,2980,2929,2914,2942,2936,2878
TOF,62,53,52,49,49,52,52,52,65,61,55,57,53,58,53,53,2847,75,2833,2828,2848,2805,2700,2795,2880,2878,2858,2841,2843,2819,2775,2797,2932,2879,2887,2846,2858,2856,2844,2826,2918,2896,2907,2884,2863,2889,2861,2871,2942,2924,2914,2914,2885,2873,2894,2854,2964,2980,2956,2912,2938,2916,2915,2874
TOF,57,54,54,51,50,49,53,49,71,60,58,57,56,57,54,57,2872,2849,2850,2821,2811,2811,2743,2788,2903,2857,2879,2848,2838,2848,2791,2809,2920,2872,2873,2898,2840,2852,2839,2821,2924,2882,2913,2901,2912,2865,2857,2867,2956,2939,2916,2940,2904,2890,2883,2811,2999,2967,2958,2945,2934,2944,2959,2909
TOF,63,56,56,54,54,52,54,48,67,67,63,68,60,2785,59,59,2805,2861,2840,2837,2819,2805,2787,2785,2885,2873,2856,2853,2842,2841,2807,2813,2914,2919,2875,2854,2863,2849,2836,2820,2951,2918,2881,2894,2888,2869,2867,2899,2943,2951,2922,2887,2919,2903,2874,2841,3001,2945,2974,2937,2902,2893,2958,2844
TOF,68,63,58,54,55,54,52,53,74,73,69,2775,2761,2721,2593,2753,2817,2846,2847,2833,2820,2814,2749,2783,2896,2882,2854,2832,2839,2808,2790,2804,2914,2888,2893,2861,2847,2837,2826,2861,2931,2911,2899,2889,2867,2881,2874,2838,2956,2893,2914,2904,2908,2879,2880,2920,2966,2982,2943,2949,2936,2910,2950,2798
TOF,63,61,60,55,57,53,54,58,78,79,2737,2807,2755,2788,2733,2819,2813,2841,2820,2832,2820,2812,2765,2812,2891,2861,2861,2846,2823,2856,2804,2812,2901,2887,2903,2866,2869,2863,2851,2817,2905,2912,2902,2892,2896,2858,2870,2875,2928,2918,2912,2894,2899,2866,2898,2788,2959,2974,2967,2938,2942,2919,2913,2829
TOF,59,60,55,53,50,55,51,53,70,66,68,55,57,54,60,57,2778,2832,2840,2822,2826,2807,2749,2778,2893,2854,2867,2855,2852,2838,2784,2791,2930,2912,2891,2866,2865,2845,2826,2838,2935,2886,2906,2891,2887,2869,2863,2763,2937,2950,2920,2910,2905,2889,2869,2734,2984,2966,2921,2958,2930,2929,2945,2906
TOF,58,57,51,52,52,48,49,60,68,58,694,53,51,51,55,2854,79,65,59,58,55,56,2860,2815,2900,2876,2855,2876,2840,2829,2773,2832,2926,2911,2895,2862,2864,2857,2847,2861,2958,2910,2909,2910,2895,2880,2877,2852,2926,2931,2904,2916,2900,2878,2879,2846,2999,2970,2941,2938,2943,2949,2923,2895
TOF,49,50,46,46,41,42,43,2619,57,50,54,49,54,46,50,2835,55,56,49,49,51,45,43,2832,84,50,59,48,54,48,2805,2850,2869,2892,2881,2903,2856,2857,2847,2833,2911,2929,2893,2888,2883,2881,2873,2776,2960,2922,2938,2922,2901,2895,2919,2834,2970,2969,2940,2935,2923,2907,2923,2854
TOF,44,43,43,41,43,41,41,2618,51,48,47,44,45,42,43,2787,46,49,49,48,47,46,43,2842,49,52,51,55,50,47,49,2817,48,49,50,49,48,47,2845,2855,2933,2920,2905,2906,2849,2902,2866,2814,2935,2950,2927,2891,2910,2904,2889,2837,3007,2952,2962,2948,2944,2942,2897,2866
TOF,46,43,50,44,42,42,2677,52,50,50,48,48,45,55,56,2778,50,54,53,48,45,50,2714,2794,54,56,50,54,50,57,64,2787,68,51,54,52,51,50,2836,2820,2931,2929,2920,2917,2910,2887,2860,2839,2950,2939,2925,2924,2900,2894,2889,2863,2961,2999,2957,2922,2946,2930,2928,2882
TOF,57,55,57,49,53,60,2550,2619,56,59,57,61,47,71,2715,2787,63,62,64,57,55,2818,2746,2805,64,64,59,73,58,88,2810,2810,88,66,66,64,67,75,2837,2811,2939,2945,2901,2893,2882,2882,2853,2784,2944,2927,2939,2905,2894,2899,2904,2851,3005,2999,2954,2920,2966,2926,2936,2877
TOF,58,56,55,52,54,57,2602,2589,65,59,61,62,57,58,2686,2783,67,64,62,62,61,63,2781,2820,73,70,75,62,63,66,2820,2790,89,78,71,68,69,66,2825,2851,2960,3607,2918,68,2876,2883,2869,2796,2924,2933,2921,2907,2901,2875,2848,2868,2966,2995,2947,2951,2944,2920,2894,2887
TOF,54,53,15,53,52,52,54,2605,61,55,58,54,58,53,60,2772,60,59,59,62,58,59,60,2810,69,64,66,59,65,57,2778,2814,71,67,63,67,68,60,2904,2877,75,63,71,66,70,63,2879,2880,2959,2933,2903,2922,3020,2922,2879,2816,3004,2991,2960,2947,2905,2921,2926,2914
TOF,46,45,43,47,43,44,42,2657,52,42,45,36,46,44,50,2827,45,48,46,48,44,46,47,2796,54,44,55,51,58,46,54,2807,52,58,51,52,52,50,47,2806,53,50,58,49,59,48,2919,2821,51,51,54,57,52,54,46,2799,3015,47,2991,3143,3015,48,2953,2906
TOF,40,25,40,34,33,41,40,41,42,28,34,42,34,42,42,42,42,42,42,43,41,39,689,2813,742,45,46,45,47,44,685,2777,46,47,48,48,45,43,42,2846,52,45,48,48,48,44,46,2791,44,529,47,46,44,44,2920,2810,48,47,50,47,47,42,2931,2872
TOF,43,42,41,-28,42,41,41,40,43,46,37,48,38,44,40,44,42,45,44,4,32,44,45,2786,46,46,44,46,44,49,44,2858,52,45,48,51,49,44,45,2885,52,53,49,50,46,47,2875,2757,50,49,51,50,48,44,2896,2895,43,54,52,57,47,49,2944,2837
TOF,39,38,40,24,40,38,37,37,42,41,41,29,43,42,42,40,42,41,42,43,44,43,43,40,42,45,42,44,47,40,43,42,713,43,44,44,48,43,44,2866,48,49,50,50,51,51,1154,1127,46,51,47,46,50,43,42,2834,46,50,46,50,44,48,2998,2941
TOF,36,36,35,32,35,32,33,33,38,35,37,34,32,38,37,37,34,37,37,37,35,39,37,35,38,41,38,37,42,40,35,40,38,38,40,39,37,38,38,36,40,44,42,48,45,49,41,38,38,46,43,36,44,41,41,36,40,46,42,43,41,44,39,37
TOF,38,40,39,35,41,40,39,35,41,42,43,39,40,40,41,40,44,39,41,39,39,40,37,41,45,42,43,42,43,39,42,41,46,42,44,47,48,45,41,41,48,46,45,50,50,52,44,46,47,54,48,46,48,48,43,46,45,48,47,50,48,50,43,43
TOF,38,35,36,36,37,36,37,35,41,38,36,37,37,38,39,28,40,39,39,37,38,40,38,35,43,40,40,39,40,39,40,38,45,42,43,41,47,42,39,38,43,45,43,47,47,42,44,40,46,50,45,43,46,45,41,42,45,45,46,48,48,46,44,39
TOF,41,39,37,35,41,39,37,35,42,41,38,35,28,38,42,37,43,40,39,39,39,41,39,39,43,44,1188,41,41,41,41,40,48,45,44,41,46,42,42,41,47,47,46,46,49,46,46,42,45,50,48,43,47,43,45,42,50,48,47,49,43,48,45,42
TOF,41,2287,35,34,33,34,37,36,40,39,36,36,17,36,42,36,40,40,39,35,35,37,37,35,44,42,40,39,39,42,38,37,47,43,42,40,41,41,40,38,46,47,47,553,47,44,47,42,42,43,48,41,44,42,44,40,49,45,45,47,45,48,45,42
TOF,42,41,37,37,40,38,40,36,39,41,39,41,24,38,43,37,44,42,38,38,39,39,39,39,46,44,45,41,42,43,41,39,48,45,723,45,48,45,43,42,45,48,48,46,49,42,46,42,48,50,47,44,47,47,45,43,50,46,49,51,53,53,47,41
TOF,38,35,35,33,37,38,36,33,42,37,38,35,33,38,39,36,39,39,37,39,38,37,35,39,45,42,42,40,39,45,40,41,45,44,41,45,48,42,43,38,44,48,44,43,47,39,44,40,45,47,45,44,47,40,40,43,46,47,46,47,53,48,46,45
TOF,42,38,37,36,42,41,36,40,41,40,39,39,37,38,39,39,42,43,39,39,38,41,41,39,47,44,41,45,45,43,40,43,47,48,43,48,47,44,42,41,48,48,43,47,46,46,44,46,46,47,47,48,48,44,46,45,50,46,48,50,55,49,43,45
TOF,39,37,36,34,36,37,36,36,40,37,38,38,35,36,41,36,41,39,40,39,38,37,38,36,41,41,42,42,46,41,39,41,48,46,46,43,44,43,40,40,45,44,43,42,43,40,42,2857,42,44,47,45,44,42,41,40,44,45,44,47,45,41,42,2900
TOF,41,40,38,37,38,38,38,37,42,42,41,42,37,41,41,38,42,42,41,40,40,40,40,39,45,42,46,46,46,43,41,42,49,46,47,45,56,44,39,41,48,44,46,45,45,43,44,2764,44,47,53,48,45,45,44,2838,45,49,50,47,46,43,43,2909
TOF,41,38,38,35,37,37,37,36,40,39,37,42,35,41,41,39,43,40,41,38,36,38,41,2869,42,42,42,45,44,41,44,2835,48,43,40,43,44,40,43,2866,46,51,47,47,44,41,41,2792,48,52,52,46,46,41,2901,2849,45,51,49,47,45,43,2912,2892
TOF,41,40,43,39,40,40,42,40,41,42,43,38,40,41,41,2812,43,45,45,43,41,41,43,2809,46,46,46,47,45,43,46,2797,49,44,45,47,43,42,2835,2796,46,55,45,46,46,47,2854,2714,53,59,62,50,49,49,2883,2766,50,51,54,49,50,2943,2947,2923
TOF,38,40,41,38,37,36,40,40,41,39,40,40,39,38,38,2837,41,44,42,40,38,39,43,2805,44,44,44,42,43,42,2899,2817,46,44,49,45,42,41,2844,2794,2779,48,42,44,47,45,2879,2756,51,53,57,44,42,45,2912,2856,48,48,52,48,47,2959,2943,2900
TOF,38,41,39,40,40,37,39,40,41,41,40,40,38,40,42,2814,41,43,42,40,39,39,42,2786,45,43,46,44,41,43,46,2796,47,46,46,47,43,43,2854,2835,47,49,46,44,46,46,2825,2638,52,57,59,48,47,46,2876,2844,50,48,58,48,50,2929,2937,2851
TOF,37,37,37,38,39,38,39,38,41,37,39,39,39,36,39,2814,40,40,39,38,36,37,42,2834,44,42,44,41,41,42,2769,2831,45,43,43,43,39,43,2898,2830,47,47,46,43,44,45,2862,2793,51,54,57,44,45,45,2898,2891,46,49,52,44,48,2923,2927,2874
TOF,40,41,39,39,40,38,41,2733,42,40,39,41,38,39,43,2810,41,42,41,38,39,39,43,2829,47,44,48,45,43,41,44,2789,46,42,46,46,40,45,2877,2821,47,49,48,42,45,46,2886,2755,53,54,58,46,45,44,2880,2854,50,50,57,45,47,2948,2933,2875
TOF,38,37,38,36,38,38,37,39,40,37,37,37,38,36,38,2820,38,42,40,35,35,35,39,2803,42,44,47,40,39,40,42,2797,44,42,42,43,41,41,40,2780,44,46,43,42,43,44,2857,2832,47,52,55,44,44,42,2896,2760,49,47,54,45,45,2942,2952,43
TOF,39,39,38,38,40,36,38,39,39,39,38,38,39,38,40,43,40,42,40,37,38,37,42,2838,44,43,47,43,43,41,44,2819,47,43,43,45,42,42,45,2839,45,46,45,42,43,46,2914,2699,50,53,53,44,45,42,2903,2909,49,50,55,43,45,2976,2885,2935
TOF,38,38,38,36,39,34,37,37,38,37,38,37,35,37,36,39,39,41,38,36,36,36,41,2849,42,41,46,43,40,37,41,2831,45,42,41,43,40,39,42,2867,44,45,44,41,43,42,2924,2897,45,51,52,44,43,41,2923,2884,46,48,50,47,41,41,2905,2797
TOF,39,40,39,36,38,36,38,41,41,39,39,40,38,38,38,2888,42,43,42,36,39,37,43,2838,44,43,48,43,41,40,43,2810,45,44,41,45,41,42,42,2835,44,46,46,43,43,44,2854,2795,48,53,52,46,43,45,2902,2864,50,49,54,46,45,2953,2930,2885
TOF,35,37,41,34,39,36,37,34,38,37,39,38,36,34,40,2862,36,40,38,33,37,36,39,2815,42,42,45,42,39,40,39,2827,45,43,40,41,41,40,39,2866,45,45,41,43,43,42,2886,2784,44,52,51,44,43,40,2902,2823,48,47,49,44,45,42,2955,2932
TOF,39,40,38,37,42,38,38,38,38,39,40,40,39,38,39,2795,41,44,40,37,39,39,43,2821,43,45,45,45,45,41,43,2801,47,45,41,44,43,41,2890,2855,45,49,42,44,44,45,2882,2877,48,53,52,49,44,45,2892,2932,48,51,51,47,45,2930,2941,2867
TOF,37,35,39,36,39,36,37,39,40,38,37,40,35,36,42,2823,38,42,38,36,36,37,39,2796,41,42,49,44,41,41,41,2775,46,44,44,43,43,40,41,2824,44,45,43,44,42,43,2860,2853,46,51,53,45,45,41,2902,44,48,50,51,46,46,2996,2898,2748
TOF,39,38,38,37,41,37,38,42,39,39,39,41,39,39,42,2862,40,42,44,36,39,39,42,2833,42,41,46,46,44,42,43,2815,47,46,41,45,43,40,43,2857,44,47,43,45,45,44,2883,2770,47,54,54,48,45,45,2884,2827,49,51,51,47,45,2988,2952,2935
TOF,39,38,39,35,39,34,36,37,38,38,38,38,36,37,37,2764,39,41,39,35,36,36,38,2806,41,41,42,43,40,39,42,2825,46,43,42,44,42,40,46,2851,44,45,42,41,42,43,2897,2751,46,52,52,48,41,44,2895,2755,46,50,51,46,44,2939,2958,2925
TOF,40,38,41,37,41,38,38,37,40,39,40,41,37,39,41,2714,40,43,42,38,40,40,42,2795,44,45,49,48,43,42,45,2802,46,46,42,43,44,41,44,2805,46,45,43,42,46,46,2906,2844,48,53,53,47,46,44,2902,2840,48,51,52,48,45,46,2919,2886
TOF,36,38,39,36,38,36,37,38,37,37,38,40,38,35,39,36,41,42,41,36,36,37,38,2812,42,39,45,44,43,42,43,2808,47,45,40,41,39,42,46,2864,45,46,41,44,42,43,2880,2866,47,970,54,47,44,43,2879,2877,49,49,51,47,43,43,2919,2851
TOF,40,40,40,37,41,39,40,41,41,39,39,41,39,38,40,2802,41,44,41,41,39,37,44,2814,43,42,43,46,42,42,45,2789,47,46,44,45,44,42,2853,2849,47,51,45,45,42,41,2865,2827,52,57,57,48,46,45,2889,2810,50,51,57,47,46,2963,2936,2910
TOF,40,39,41,34,38,36,38,38,39,38,37,36,35,36,39,2789,39,42,40,36,36,35,43,2799,43,43,42,42,40,42,42,2821,45,43,42,42,41,41,2850,2848,44,47,42,43,43,40,2872,2638,46,50,54,44,44,43,2904,2827,46,49,54,45,43,2982,2929,2808
TOF,39,39,38,37,39,39,40,41,39,41,40,39,36,39,41,2824,40,44,41,39,39,38,45,2818,44,44,46,45,41,42,44,2813,46,42,43,45,42,44,2885,2859,46,51,45,46,43,43,2918,2824,52,55,59,46,46,45,2853,2794,49,48,53,47,46,2917,2920,2854
TOF,37,39,40,36,38,36,659,40,39,37,38,38,37,37,1231,2792,42,42,41,37,39,38,43,2821,43,42,43,44,41,42,39,2814,45,37,45,45,42,40,2873,2801,45,52,44,44,44,44,2908,2715,50,51,57,43,46,44,2901,2809,48,49,52,46,48,2928,2927,2908
TOF,39,41,39,37,39,39,39,43,41,41,40,40,38,39,40,2785,39,42,44,39,40,38,44,2810,46,43,44,44,42,43,43,2814,46,42,45,44,42,45,2862,2827,48,51,45,45,45,43,2865,2764,50,55,59,46,44,2900,2900,2833,49,49,52,47,49,2957,2929,2889
TOF,38,38,41,36,37,37,37,38,40,39,40,40,40,38,40,2759,38,41,42,37,38,37,42,2789,41,42,45,41,41,40,39,2804,45,42,42,42,41,41,2852,2867,47,54,41,42,43,42,2864,2798,48,50,58,44,43,42,2869,2876,47,47,51,45,46,2987,2916,2847
TOF,39,40,40,35,39,39,41,39,42,41,42,38,39,39,40,2797,41,44,44,41,39,37,43,2788,45,44,43,43,42,809,43,2816,47,45,45,44,42,44,2867,2811,47,52,47,46,45,46,2875,2919,53,53,61,45,48,44,2893,2782,48,49,50,47,48,2958,2930,2883
TOF,37,35,37,-4,39,33,40,30,38,40,37,31,36,40,684,2809,41,37,41,36,39,34,41,2842,41,38,41,42,40,45,2734,2808,46,41,42,40,40,37,2847,2856,44,994,44,42,41,44,2855,2847,48,44,58,40,43,2951,2903,2844,45,49,44,47,41,2937,2894,2859
TOF,39,41,39,39,38,45,47,46,42,47,43,40,38,48,50,2792,40,45,46,40,40,53,2750,2780,44,44,44,43,45,2820,2790,2808,54,44,46,43,45,50,2839,2871,54,63,51,47,51,2865,2866,2829,48,55,48,47,2952,2868,2903,2822,49,3005,50,2980,47,2974,2915,2850
TOF,42,44,38,34,40,45,2581,2597,43,49,38,38,45,2788,2648,2773,49,48,41,37,45,2822,2768,2787,51,41,44,43,51,2837,2824,2805,50,51,44,45,2905,2838,2847,2764,52,53,47,3055,2873,2862,2863,2837,50,50,49,49,2895,2907,2901,2830,2980,3026,2970,2989,2946,2944,2935,2812
TOF,44,47,41,39,39,50,2571,2657,44,47,43,40,43,49,2708,2778,44,49,44,41,44,2813,2718,2780,55,46,43,44,51,2827,2813,2801,57,54,49,44,52,2840,2848,2837,50,60,50,52,2866,2870,2867,2854,52,52,53,49,2890,2904,2896,2930,2972,3026,2965,2969,2942,2931,2917,2911
TOF,40,42,39,35,38,38,2582,2627,41,41,40,38,38,40,2709,2770,43,43,42,41,38,43,2694,2815,52,46,43,41,42,50,2799,2798,56,48,47,41,51,2888,2835,2806,49,52,49,43,47,2860,2859,52,47,51,48,49,48,2901,2870,2853,3006,3121,3006,3022,2933,2916,2933,2898
TOF,38,38,37,-34,37,35,37,2592,42,44,41,40,38,39,2842,2767,40,41,40,38,36,39,2657,2814,45,44,42,43,42,41,2776,2773,44,44,45,41,40,40,2825,2809,46,48,52,44,45,43,2848,2874,43,46,44,41,41,2890,2877,2789,2980,44,47,46,2958,2906,2926,2894
TOF,36,41,39,34,38,38,40,2680,41,40,39,42,37,37,41,2811,39,33,42,39,41,43,45,2752,44,41,45,44,40,44,2794,2777,47,47,44,41,45,41,2821,2875,48,47,59,43,45,41,2875,2764,45,46,50,44,50,46,2888,2773,3014,2998,47,47,2944,2904,2950,2879
TOF,38,39,39,37,37,37,39,2575,43,41,43,35,37,37,41,2808,41,33,42,41,37,39,48,2792,45,41,45,44,43,42,2768,2819,48,50,43,45,40,42,2868,2818,47,47,57,47,46,48,2844,2796,48,47,54,47,46,2895,2874,2670,3026,3101,49,46,2909,2929,2904,2889
TOF,38,37,38,37,35,35,38,39,40,36,43,42,36,35,41,2811,38,35,40,39,38,36,40,2813,43,39,40,39,40,39,44,2786,46,47,41,41,40,41,2850,2848,44,47,49,48,43,42,2871,2830,47,44,51,44,42,41,2887,2855,48,46,48,44,48,2969,2922,2902
TOF,39,37,39,36,38,37,38,39,41,38,43,42,37,37,41,2831,40,42,39,40,39,37,43,2820,44,40,42,41,43,41,43,2782,45,50,43,44,42,41,43,2866,44,48,51,53,42,42,2859,2854,46,47,50,47,46,46,2857,2805,48,47,46,44,46,2957,2926,2875
TOF,39,36,39,33,37,34,35,38,39,37,40,42,36,37,766,37,40,44,37,39,35,36,39,41,43,38,39,36,41,39,42,2852,46,48,46,40,39,38,44,2835,46,48,47,55,43,40,3306,2842,47,43,45,52,43,45,2912,2890,3019,3056,46,44,49,44,2908,2824
TOF,39,39,37,38,36,36,36,35,41,39,38,41,33,39,37,40,43,39,38,39,38,41,38,38,45,40,42,37,41,41,40,2856,46,44,44,38,43,40,38,2827,44,46,48,51,44,41,43,2886,43,46,46,46,44,43,42,2831,2956,2998,44,43,42,45,2934,2822
TOF,37,34,38,34,30,33,33,34,38,39,37,38,33,37,36,35,42,38,33,39,34,39,37,37,45,37,39,38,40,39,38,2831,41,43,41,41,40,38,39,2845,43,45,46,49,42,39,40,38,43,44,47,45,42,39,3027,2782,3023,3060,43,39,42,42,2921,2899
TOF,39,39,36,35,28,37,36,34,39,38,38,38,34,37,38,37,43,41,28,40,39,38,40,38,44,38,42,38,41,40,39,2849,42,44,42,43,41,38,37,2838,44,47,47,47,43,41,40,2745,42,45,48,46,44,42,37,2819,3000,3150,44,40,43,44,2917,2898
TOF,36,34,39,34,24,34,33,33,37,39,36,36,32,35,36,34,42,37,26,37,36,38,37,34,42,36,37,37,38,37,37,2844,39,42,41,42,39,38,36,2994,41,44,44,45,40,41,40,2814,41,1159,45,42,40,38,292,2811,3024,39,42,37,40,41,2977,2905
TOF,37,36,37,36,26,35,35,35,39,38,40,35,33,36,35,36,41,39,27,40,37,39,37,39,45,40,42,40,40,40,39,2845,42,43,43,42,41,39,38,2829,43,47,46,49,44,41,40,2885,43,46,44,46,42,40,40,2898,3041,44,43,39,43,42,2931,2816
TOF,34,35,36,35,30,34,33,34,38,36,35,34,31,35,35,34,38,39,28,39,35,36,37,2796,43,36,38,38,40,38,37,2866,41,43,41,37,39,37,36,2869,40,45,44,46,40,40,38,2808,41,42,43,42,42,38,38,2838,38,42,42,39,43,41,2900,2877
TOF,37,36,36,36,33,36,35,35,39,36,35,39,32,38,35,36,39,40,36,36,38,36,38,39,41,39,39,39,39,38,39,2818,43,44,42,42,40,38,37,2870,42,45,45,49,43,39,40,2780,41,44,46,43,42,41,2928,2852,42,44,45,40,42,42,2933,2870
TOF,36,37,35,34,30,34,33,33,36,35,36,34,31,35,35,34,38,36,33,38,35,37,38,36,41,37,39,38,39,37,37,2830,39,41,42,39,38,34,35,2808,41,44,43,46,41,36,41,2807,41,44,44,42,39,39,38,2850,39,41,43,37,42,42,2943,2893
TOF,37,37,37,35,29,36,37,35,37,38,36,35,33,36,37,36,40,38,31,38,36,36,36,38,42,40,39,37,40,40,40,2831,41,43,43,40,41,38,38,2796,44,46,45,50,43,38,39,2737,42,44,46,43,42,40,38,2818,40,3074,42,40,527,43,2965,2845
TOF,35,34,38,32,23,33,32,33,37,36,35,35,32,34,34,31,38,36,28,36,35,37,36,37,41,37,40,40,38,36,37,2842,41,40,41,39,38,36,37,2818,682,41,43,44,42,37,39,2857,38,44,43,42,41,39,3008,2825,3010,40,41,36,40,41,2927,2850
TOF,36,33,37,34,6,34,33,33,37,36,35,38,31,34,35,32,39,38,25,37,36,36,35,34,41,36,38,36,40,36,657,2879,40,40,40,39,39,38,597,2872,40,42,42,44,41,37,37,2742,39,41,46,39,38,38,35,2794,38,3164,40,36,354,40,2969,2887
TOF,35,33,37,33,-25,32,32,30,34,33,32,37,29,33,33,31,38,35,25,35,35,37,35,32,40,34,37,36,37,36,35,33,35,36,37,39,36,38,35,2845,37,39,40,40,39,36,35,34,39,39,42,36,39,35,33,2783,38,3048,38,34,37,38,2946,2874
TOF,35,37,37,33,-6,33,35,523,36,37,33,39,31,34,35,34,39,37,29,37,35,36,35,33,41,36,38,37,39,37,36,36,38,40,40,38,38,36,36,35,38,39,40,39,41,39,383,2784,37,41,44,39,39,39,665,2833,37,40,40,37,39,39,2969,2883
TOF,34,35,34,32,-24,32,32,31,34,33,33,34,28,34,36,32,38,36,22,34,34,35,34,32,39,35,37,36,37,36,33,2875,37,37,36,38,38,35,33,32,38,41,39,39,39,36,35,34,37,39,41,37,37,36,36,2766,35,37,38,33,37,39,2949,2868
TOF,34,34,37,32,-25,34,35,32,34,36,34,34,30,34,37,34,39,37,14,36,36,35,35,36,39,36,40,37,37,35,38,2915,38,38,38,38,38,39,37,33,39,40,40,41,38,38,37,35,39,41,45,37,40,37,36,2889,3042,39,39,36,38,40,2899,2880
TOF,34,31,34,31,-23,31,32,29,33,34,33,34,29,34,34,32,37,36,11,34,33,34,33,34,39,36,37,37,37,37,32,34,37,38,39,38,37,36,34,2897,34,39,39,39,39,36,34,33,35,39,41,38,37,36,35,2869,35,36,38,34,38,37,2957,2924
TOF,36,36,36,32,5,33,34,1340,36,35,33,33,30,36,33,33,38,36,11,37,36,33,35,33,42,36,41,39,38,36,35,36,38,37,41,40,39,36,35,2842,37,41,40,40,39,38,35,2706,38,40,44,39,40,38,36,2812,38,39,41,35,38,39,2984,2936
TOF,33,34,35,30,-6,33,32,32,33,35,33,34,28,33,34,31,38,36,9,34,33,34,34,31,39,35,37,35,36,35,34,33,36,37,36,37,37,35,33,2856,36,38,38,38,38,35,35,32,37,39,42,38,36,34,33,2828,36,36,38,34,37,38,2909,2844
TOF,35,34,35,33,-9,33,34,30,36,37,35,35,30,34,36,33,39,37,22,34,36,37,36,35,42,37,38,38,38,36,36,34,37,36,38,41,39,39,35,34,38,40,38,41,40,37,38,2828,37,40,44,39,38,36,37,2862,37,39,41,36,37,37,2997,2871
TOF,32,32,33,32,14,32,30,30,35,33,31,34,29,32,34,32,37,34,-24,33,33,36,33,32,37,33,37,36,36,35,34,32,36,37,36,37,39,35,33,34,36,38,39,40,39,36,34,33,36,39,41,37,35,36,34,2852,34,35,38,33,37,38,2942,2905
TOF,34,-1,35,32,34,33,32,33,35,34,32,35,6,34,38,33,36,37,33,34,33,35,36,33,36,33,37,37,37,37,34,2843,38,38,38,39,37,36,35,2824,38,39,40,38,37,34,36,35,38,40,40,38,37,34,36,2753,285,3086,38,36,37,37,2946,2856
TOF,30,30,35,33,33,31,33,30,31,34,32,35,4,32,34,31,36,33,35,33,34,32,31,31,36,38,37,37,34,34,32,2841,38,36,40,35,39,32,32,2807,39,40,39,39,36,34,32,2833,36,38,41,35,38,39,34,2806,35,3023,36,34,38,32,2931,2855
TOF,35,31,37,36,32,34,34,35,37,34,36,32,31,36,35,2804,39,38,36,37,34,34,38,2780,41,40,38,39,37,38,36,2792,40,43,42,42,38,36,36,2827,42,43,41,41,41,39,3022,2816,40,42,43,42,41,43,2871,2840,2984,3013,2965,37,42,2935,2911,2854
TOF,34,25,38,35,30,35,34,33,36,37,35,36,31,33,35,35,38,38,36,36,35,35,35,33,38,42,39,37,38,37,34,2858,41,41,43,40,39,36,37,2829,41,40,42,44,39,39,2831,2801,39,41,41,40,38,41,2891,2851,2979,3011,3005,37,44,2948,2891,2877
TOF,37,37,38,39,25,37,34,35,38,36,36,40,32,35,35,2853,41,39,37,37,35,36,38,38,41,40,42,40,41,39,41,2821,41,44,45,42,43,40,39,2807,43,43,44,43,43,40,40,2737,40,43,42,42,44,44,2893,2823,2902,2974,2959,39,3023,2961,2937,2900
TOF,34,34,38,36,25,35,32,32,36,36,33,34,28,35,35,32,39,37,37,35,33,35,35,2847,38,39,40,36,37,36,36,2813,40,43,40,41,39,35,34,2867,40,42,41,43,42,37,34,2787,40,42,43,40,39,41,2953,2820,2983,2952,2967,36,41,2947,2906,2890
TOF,35,38,37,36,24,34,34,33,39,38,34,38,28,35,36,33,42,40,36,39,36,37,36,35,40,38,39,39,40,37,39,2835,39,42,41,42,40,36,37,2853,41,43,43,41,42,38,40,2825,38,41,43,41,40,44,38,2848,3002,3037,2992,35,757,2952,2899,2896
TOF,34,36,35,33,12,31,30,29,35,34,33,32,24,31,32,30,38,35,34,34,33,32,33,31,38,34,40,37,36,37,36,2845,37,39,36,38,37,36,34,2852,37,647,42,38,38,36,35,2629,36,38,40,37,39,38,34,2811,3004,3001,3010,30,738,2958,2926,2891
TOF,35,36,35,34,21,28,33,31,35,36,21,37,29,35,34,34,39,37,37,32,31,36,35,33,38,38,38,39,37,37,36,493,37,39,37,39,40,37,34,2896,38,37,40,41,39,37,36,35,36,40,40,40,39,36,38,2808,2962,3027,3018,34,39,39,2941,2836
TOF,33,34,34,33,23,27,31,30,33,31,6,33,29,32,32,27,36,34,35,30,30,34,33,33,37,34,37,35,35,35,33,33,37,36,35,37,38,34,33,32,35,37,39,38,38,37,35,31,35,39,37,40,36,34,36,2775,2988,3035,34,34,36,37,2928,2918
TOF,34,35,34,33,26,30,31,31,36,35,21,37,29,34,35,30,39,38,35,33,32,36,34,32,38,38,39,37,37,36,35,35,38,39,38,40,41,35,33,33,38,38,40,39,40,38,34,2900,36,41,39,40,38,36,38,2904,3005,3051,37,35,38,39,2930,2917
TOF,32,31,35,30,22,27,30,29,32,34,13,34,28,32,35,31,37,33,35,31,29,33,30,30,35,34,37,36,35,36,32,33,36,37,35,36,37,35,34,33,35,1708,39,37,39,36,35,2805,34,38,38,38,37,34,35,2921,3006,3060,34,34,37,36,2954,2861
TOF,34,35,35,32,25,29,33,29,35,37,11,35,30,34,33,31,38,35,37,31,32,37,35,33,36,35,38,37,35,36,35,34,38,38,37,38,40,35,34,34,37,38,39,40,41,37,34,2852,35,40,39,40,38,37,36,2763,3022,3048,36,35,38,38,2956,2922
TOF,30,34,31,30,23,26,30,30,34,34,11,35,28,30,34,29,37,35,33,29,29,34,32,31,35,34,35,35,34,34,33,31,36,36,35,37,37,34,31,31,35,35,39,36,38,33,35,32,35,36,39,38,38,35,35,2821,2990,3066,33,33,35,37,2945,2831
TOF,34,34,30,33,21,6,33,31,35,35,-69,35,31,31,36,32,39,35,36,30,30,36,36,33,38,35,37,37,36,35,35,34,38,37,1095,40,42,38,34,35,36,37,40,42,40,37,36,2863,36,37,40,40,39,37,38,2881,3032,35,37,36,37,38,2959,2894
TOF,32,34,29,31,18,-26,30,30,32,34,-70,34,28,29,35,30,37,34,36,26,27,34,35,32,36,36,37,35,36,36,34,30,36,35,35,35,38,34,33,31,35,36,37,39,37,35,34,32,35,37,38,38,38,38,38,2680,3001,35,35,34,37,36,2941,2827
TOF,34,36,30,32,21,-21,33,31,36,35,-44,36,30,29,35,34,36,36,35,28,30,37,36,31,37,36,38,38,36,35,36,33,36,38,37,39,39,36,35,35,39,37,38,39,39,37,36,35,36,40,39,39,38,40,38,2726,2918,3042,36,34,38,37,2959,2905
TOF,32,33,30,31,21,-3,30,30,34,34,1,35,28,25,34,30,35,34,30,22,28,31,34,33,37,33,35,33,34,36,34,33,36,36,36,35,39,34,32,33,33,33,35,36,36,33,33,32,33,37,37,38,35,36,36,33,33,35,34,34,38,33,2995,2883
TOF,33,35,31,30,23,1,32,31,34,34,15,34,31,25,35,32,37,33,30,21,31,32,32,33,38,34,36,35,37,34,35,33,36,37,36,37,36,34,33,32,36,36,37,37,38,35,36,34,35,39,37,36,37,37,35,34,34,34,36,36,37,34,36,2930
[0;32mI (102758) TOF_VL53L8CX: Ranging OFF[0m
[0;32mI (122828) TOF_VL53L8CX: Ranging ON[0m
TOF,67,63,66,65,66,2627,2582,2610,91,2619,2591,2630,2801,2766,2656,2790,2683,2829,2843,2836,2816,2793,2697,2792,2912,2869,2862,2854,2834,2848,2805,2813,2923,2895,2882,2874,2870,2838,2812,2815,2946,2882,2883,2880,2874,2854,2830,2769,2919,2905,2902,2872,2873,2881,2838,2798,2963,2960,2905,2937,2922,2910,2905,2794
TOF,69,65,66,62,66,2627,2581,2601,86,2615,2649,2657,2801,2768,2675,2802,2727,2801,2854,2820,2824,2819,2767,2848,2898,2881,2858,2859,2854,2871,2802,2805,2912,2905,2863,2874,2860,2849,2833,2800,2936,2902,2885,2883,2880,2863,2850,2848,2948,2915,2899,2899,2891,2871,2880,2865,2974,2938,2938,2897,2910,2886,2902,2821
TOF,69,66,63,61,65,69,2577,2578,81,83,2592,2651,2787,2790,2650,2798,2749,2848,2844,2831,2813,2811,2726,2804,2889,2874,2863,2850,2852,2828,2811,2829,2911,2889,2897,2888,2843,2850,2829,2795,2924,2877,2897,2879,2881,2870,2841,2804,2922,2919,2902,2912,2882,2863,2877,2858,2963,2961,2929,2909,2906,2904,2897,2866
TOF,63,63,62,61,60,64,71,2642,78,76,2551,2827,70,2821,2731,2780,2775,2816,2828,2825,2827,2802,2725,2805,2910,2886,2866,2847,2841,2848,2805,2806,2910,2903,2872,2856,2839,2832,2816,2760,2924,2902,2901,2883,2851,2842,2859,2799,2940,2908,2890,2850,2871,2850,2859,2807,2944,2980,2941,2940,2939,2893,2876,2896
TOF,72,67,64,61,62,62,64,2581,84,74,76,2749,2801,70,2790,2801,2772,2834,2830,2824,2832,2798,2745,2799,2877,2874,2863,2855,2832,2830,2795,2814,2922,2892,2877,2874,2853,2842,2804,2810,2920,2888,2884,2883,2870,2849,2850,2772,2949,2915,2910,2887,2889,2868,2847,2753,2997,2973,2928,2913,2928,2886,2889,2841
TOF,65,63,62,61,59,62,64,2619,79,75,71,68,64,66,2657,2815,2790,2845,2846,2852,2822,2822,2730,2792,2888,2869,2869,2863,2859,2834,2790,2806,2935,2911,2886,2871,2860,2836,2813,2845,2929,2878,2881,2877,2868,2850,2845,2795,2942,2932,2912,2897,2862,2868,2865,2756,2960,2992,2953,2931,2908,2886,2900,2831
TOF,71,66,65,63,61,62,65,2608,81,73,73,73,2834,69,2717,2808,2811,2852,2851,2841,2843,2823,2721,2822,2894,2877,2851,2858,2855,2854,2817,2810,2930,2883,2885,2865,2866,2838,2825,2820,2938,2919,2877,2878,2858,2856,2865,2760,2947,2917,2902,2879,2890,2892,2890,2729,2988,2942,2929,2897,2907,2888,2893,2863
TOF,69,64,65,60,61,62,64,2571,80,80,78,67,66,67,2735,2827,2760,2830,2865,2841,2845,2805,2708,2790,2916,2873,2857,2855,2849,2816,2773,2796,2918,2905,2893,2851,2842,2859,2830,2811,2932,2897,2895,2888,2906,2844,2849,2839,2908,2919,2899,2885,2848,2878,2859,2771,3008,2964,2948,2916,2910,2884,2890,2906
TOF,75,65,64,63,65,64,66,2613,80,77,75,72,2807,72,2742,2763,2760,2849,2842,2845,2822,2818,2758,2786,2886,2886,2871,2841,2861,2836,2803,2807,2905,2891,2895,2894,2864,2841,2816,2799,2944,2895,2895,2901,2863,2849,2840,2756,2918,2924,2885,2924,2873,2867,2867,2845,2965,2937,2924,2897,2912,2882,2894,2997
TOF,70,65,65,61,62,62,65,2651,76,72,2695,75,2799,70,2790,2792,2757,2830,2839,2837,2838,2815,2727,2805,2889,2898,2877,2857,2852,2840,2801,2816,2932,2883,2902,2883,2856,2847,2826,2819,2934,2896,2878,2869,2858,2851,2873,2828,2950,2893,2919,2901,2873,2876,2864,2799,2947,2920,2937,2917,2875,2906,2870,2925
TOF,70,68,65,64,66,65,68,2610,82,81,75,2838,2819,74,2702,2797,2813,2856,2862,2843,2855,2800,2744,2806,2894,2878,2857,2861,2841,2852,2823,2808,2912,2873,2864,2866,2861,2850,2838,2854,2928,2901,2884,2861,2889,2861,2865,2774,2948,2914,2922,2889,2872,2864,2856,2814,2938,2935,2942,2919,2920,2881,2867,2876
TOF,72,67,65,63,62,64,66,2612,79,80,79,72,2841,68,2606,2784,2717,2815,2854,2839,2835,2814,2764,2801,2897,2868,2869,2872,2863,2828,2813,2795,2945,2886,2888,2850,2862,2847,2815,2792,2916,2880,2898,2883,2880,2865,2854,2850,2949,2907,2903,2873,2882,2899,2850,2881,2982,2972,2935,2898,2885,2932,2938,2918
TOF,75,66,64,63,65,66,2620,2585,76,79,77,2806,2788,71,2643,2773,2837,2828,2844,2839,2817,2814,2749,2801,2882,2857,2877,2841,2845,2829,2814,2815,2915,2888,2884,2878,2854,2837,2841,2816,2937,2908,2899,2880,2866,2865,2835,2830,2956,2939,2924,2885,2889,2868,2856,2781,2947,2969,2931,2927,2914,2874,2896,2806
TOF,70,66,62,61,62,63,68,2605,81,74,75,2717,2817,67,2685,2770,2774,2829,2832,2832,2850,2822,2799,2811,2882,2870,2858,2863,2842,2844,2815,2793,2931,2912,2862,2873,2843,2852,2827,2841,2931,2892,2904,2864,2875,2873,2841,2847,2939,2930,2927,2893,2880,2846,2893,2709,2943,2947,2927,2936,2916,2883,2884,2831
TOF,65,64,64,61,64,61,2686,2620,73,72,71,66,68,69,2723,2797,2807,2819,2866,2840,2834,2820,2783,2812,2876,2882,2864,2840,2834,2829,2783,2802,2905,2902,2877,2858,2852,2840,2834,2830,2927,2898,2882,2873,2861,2862,2832,2823,2935,2926,2914,2904,2882,2891,2873,2804,2937,2960,2946,2925,2918,2884,2868,2864
TOF,63,59,60,56,56,61,2637,2571,70,65,63,56,62,61,2740,2807,2869,2834,2852,2842,2821,2818,2747,2787,2901,2890,2878,2859,2854,2832,2794,2795,2909,2911,2867,2882,2860,2859,2818,2807,2925,2887,2884,2876,2858,2839,2856,2672,2923,2929,2932,2877,2877,2861,2843,2752,2950,2953,2921,2925,2904,2899,2888,2813
TOF,59,57,57,60,57,58,2683,2649,66,62,61,59,59,62,2753,2789,77,67,2849,2861,2842,2823,2749,2797,2887,2893,2864,2844,2843,2835,2796,2807,2914,2884,2882,2872,2851,2828,2813,2841,2925,2908,2873,2879,2888,2852,2841,2836,2938,2921,2913,2916,2869,2876,2881,2709,2948,2947,2959,2889,2910,2870,2905,2892
TOF,57,53,56,54,55,56,2828,2612,66,56,55,57,58,59,2699,2768,75,64,60,2841,61,2805,2748,2816,2908,2874,2872,2854,2862,2798,2802,2783,2920,2875,2869,2866,2847,2834,2828,2838,2920,2863,2895,2885,2894,2852,2853,2856,2925,2927,2905,2900,2870,2871,2883,2857,2959,2972,2955,2906,2901,2910,2891,2834
TOF,59,54,58,58,55,57,2617,2605,61,59,58,57,57,60,2759,2800,76,73,62,60,61,2772,2776,2791,2887,2887,2883,2849,2860,2833,2794,2822,2915,2888,2898,2853,2854,2848,2829,2856,2939,2903,2889,2914,2841,2855,2834,2854,2938,2918,2908,2903,2871,2857,2850,2769,2944,2985,2941,2936,2907,2898,2886,2890
TOF,56,53,54,55,53,54,2500,2582,59,56,56,56,58,58,2686,2738,75,64,60,58,61,2836,2725,2784,2891,2872,2871,2856,2863,2831,2801,2803,2908,2895,2866,2871,2870,2843,2835,2821,2923,2897,2896,2903,2848,2833,2868,2822,2958,2915,2922,2887,2879,2854,2872,2804,2939,2984,2960,2920,2918,2902,2919,2839
TOF,57,54,56,58,55,56,2663,2620,64,58,57,57,58,59,2587,2804,71,67,60,59,62,59,2690,2798,2860,2867,2849,2861,2853,2837,2817,2814,2957,2897,2893,2868,2859,2855,2837,2811,2910,2894,2905,2898,2853,2850,2836,2770,2932,2913,2923,2894,2894,2870,2851,2889,2974,2980,2925,2900,2894,2896,2882,2822
TOF,57,51,54,56,52,58,2766,2576,57,58,58,55,55,55,2668,2827,66,63,57,58,58,58,2723,2861,2872,2891,2867,2864,2835,2828,2789,2792,2926,2882,2881,2863,2870,2840,2814,2822,2917,2883,2897,2879,2905,2837,2847,2815,2925,2901,2919,2877,2889,2873,2864,2843,2960,2970,2934,2936,2914,2886,2907,2798
TOF,57,53,57,62,53,56,2659,2561,59,58,56,57,56,58,2699,2786,73,69,59,59,58,60,2803,2812,2871,2875,2828,2860,2831,2849,2804,2800,2900,2891,2884,2866,2851,2852,2832,2834,2929,2891,2876,2867,2891,2865,2849,2811,2938,2912,2920,2909,2876,2871,2853,2883,2947,2934,2899,2893,2899,2892,2907,2854
TOF,54,52,55,57,52,53,2713,2660,61,53,54,56,53,56,2657,2791,70,63,57,57,58,57,2769,2802,2894,2882,2872,2861,2837,2830,2806,2838,2902,2886,2893,2861,2838,2839,2827,2800,2913,2929,2900,2889,2885,2864,2847,2839,2944,2918,2928,2890,2883,2863,2856,2830,2951,2933,2913,2905,2905,2875,2923,2859
TOF,56,53,55,58,54,56,2570,2595,62,56,58,58,58,56,2799,2781,65,65,57,57,58,61,2724,2809,2891,2874,2874,2864,2844,2820,2806,2816,2933,2883,2882,2863,2871,2853,2833,2801,2969,2918,2895,2890,2864,2865,2846,2842,2934,2931,2907,2902,2877,2875,2878,2711,2978,2958,2944,2951,2906,2911,2892,2879
TOF,55,52,52,55,51,52,2660,2617,60,53,55,53,53,55,2762,2794,71,61,58,57,57,59,2736,2794,2901,2874,2861,2866,2848,2847,2790,2819,2920,2905,2879,2867,2865,2827,2842,2871,2921,2910,2931,2878,2878,2843,2839,2744,2942,2954,2906,2891,2879,2864,2865,2859,2942,2952,2944,2911,2900,2927,2921,2872
TOF,56,55,55,57,54,55,69,2629,57,56,57,56,56,58,2628,2822,65,64,58,57,58,59,2701,2796,2866,2889,2841,2838,2840,2847,2814,2795,2935,2892,2899,2850,2862,2850,2823,2794,2932,2908,2900,2855,2851,2862,2861,2848,2921,2923,2916,2885,2901,2872,2864,2886,2938,2964,2933,2921,2892,2900,2910,2870
TOF,54,52,54,55,54,52,2711,2613,58,55,56,53,54,57,2794,2773,66,62,56,56,57,57,2703,2800,2879,2868,2875,2842,2834,2828,2795,2817,2948,2876,2867,2881,2860,2851,2824,2854,2937,2915,2879,2889,2871,2859,2841,2774,2930,2908,2925,2898,2890,2882,2862,2877,2937,2949,2969,2923,2883,2890,2898,2845
TOF,54,53,55,58,54,55,62,2623,60,56,57,57,57,58,2758,2802,67,64,56,59,58,59,2706,2781,2908,2898,2866,2865,2841,2822,2783,2806,2896,2893,2894,2878,2856,2850,2848,2874,2920,2905,2890,2897,2862,2854,2844,2762,2949,2929,2923,2900,2883,2867,2842,2843,2933,2947,2943,2924,2893,2914,2890,2836
TOF,55,52,53,57,53,51,2660,2599,57,55,56,54,53,57,2624,2794,63,58,57,55,56,59,2675,2805,2879,2892,2847,2862,2864,2845,2801,2794,2926,2913,2852,2870,2867,2846,2803,2821,2922,2907,2891,2897,2886,2835,2851,2836,2949,2933,2902,2887,2877,2854,2884,2851,2963,2947,2914,2901,2920,2902,2908,2806
TOF,56,52,54,57,53,53,2820,2594,61,55,58,55,54,58,2633,2785,64,65,56,58,59,59,2719,2818,2869,2878,2898,2849,2840,2838,2785,2795,2921,2876,2906,2857,2854,2860,2832,2879,2953,2895,2891,2886,2848,2850,2854,2780,2942,2910,2895,2893,2888,2897,2870,2884,2947,2971,2925,2925,2908,2902,2894,2856
TOF,54,53,52,60,51,55,2730,2611,56,53,54,54,55,56,2691,2798,65,61,55,56,56,57,2778,2805,2903,2884,2868,2857,2862,2821,2802,2827,2928,2914,2866,2881,2856,2848,2847,2847,2916,2916,2878,2878,2888,2845,2870,2835,2943,2917,2919,2881,2887,2875,2888,2809,2946,2934,2922,2923,2892,2888,2895,2917
TOF,54,51,52,60,51,54,2692,2606,57,54,57,57,56,57,2727,2797,62,59,57,57,57,58,2695,2807,2898,2876,2872,2868,2842,2850,2800,2827,2926,2894,2881,2867,2859,2841,2821,2838,2930,2918,2910,2888,2899,2856,2853,2767,2958,2916,2912,2907,2869,2875,2862,2773,2964,2959,2949,2927,2916,2897,2884,2861
TOF,50,49,49,52,49,48,54,2573,57,53,55,59,52,51,2757,2794,58,56,54,52,53,53,2736,2804,78,62,2873,2875,2846,2827,2789,2801,2923,2917,2863,2848,2849,2849,2808,2850,2915,2902,2894,2910,2873,2866,2848,2691,2932,2931,2906,2904,2863,2875,2874,2898,2942,2955,2926,2906,2909,2911,2889,2848
TOF,51,48,48,48,47,48,53,2622,53,50,57,63,52,49,54,2759,57,53,54,51,51,55,56,2793,66,59,2937,52,58,56,2791,2810,2923,2904,2886,2879,2869,2846,2830,2811,2937,2902,2889,2872,2858,2867,2839,2764,2927,2926,2911,2908,2894,2882,2869,2809,2966,2953,2937,2897,2905,2899,2905,2801
TOF,47,43,43,41,44,42,43,2569,50,47,56,53,53,44,50,2814,49,49,51,45,49,47,48,2781,55,51,50,49,52,50,2799,2809,48,2876,2844,2894,2855,2838,2816,2818,2928,2889,2890,2871,2856,2864,2840,2790,2951,2930,2899,2890,2893,2888,2876,2810,2987,2956,2961,2932,2923,2890,2896,2850
TOF,45,43,44,41,45,43,44,45,47,45,50,49,51,46,2868,1509,49,48,48,51,49,46,48,2882,52,50,49,49,50,48,50,2844,56,54,50,52,2907,2839,2839,2845,2944,2913,2898,2868,2867,2870,2862,2916,2945,2911,2924,2906,2895,2874,2877,2804,2969,2958,2940,2919,2906,2914,2892,2839
TOF,39,40,38,35,41,39,38,37,43,41,43,41,44,43,40,40,44,44,43,47,44,43,41,42,45,43,46,47,44,45,49,43,47,46,42,46,45,43,45,2829,2963,45,2871,2896,2861,2888,2844,2888,2937,2900,2892,2903,2888,2870,2884,2913,2984,2962,2936,2920,2944,2884,2914,2877
TOF,37,36,37,25,38,36,37,36,44,37,40,38,41,40,40,37,41,41,40,43,41,41,40,41,42,41,44,47,45,43,43,44,44,44,43,45,43,42,40,43,47,41,45,41,44,46,2860,2809,2959,2913,2934,2897,2906,2877,2877,2832,2943,2922,2931,2945,2901,2906,2907,2848
TOF,35,32,36,-28,36,35,33,33,44,36,35,35,37,34,37,904,38,38,37,37,36,38,36,36,41,38,39,42,43,42,39,38,41,42,38,40,41,39,39,41,41,39,40,38,42,39,2904,39,2922,2930,2949,2923,2901,2878,2873,2794,2999,2970,2941,2913,2915,2887,2902,2777
TOF,34,33,35,8,34,34,34,33,39,35,35,37,36,35,35,33,38,37,35,37,34,38,34,35,38,38,38,39,44,40,38,36,39,39,38,41,42,39,38,38,39,39,41,40,43,39,40,1057,38,982,40,36,37,2912,2873,2880,2986,2985,2925,2927,2910,2886,2912,2857
TOF,35,31,36,15,32,30,33,32,39,39,31,36,35,38,34,32,34,38,35,35,32,37,35,33,36,39,37,40,40,40,36,37,39,38,39,40,40,38,37,36,36,37,38,39,40,40,40,41,38,3063,39,36,37,2918,2877,2854,2971,2935,2924,2932,2943,2906,2896,2830
TOF,38,37,40,31,41,42,40,37,39,42,41,42,40,42,39,40,43,44,42,41,40,40,42,42,43,44,42,45,42,45,43,45,46,46,45,45,47,42,44,43,43,45,44,46,45,46,46,46,45,48,2911,2927,2928,2903,2938,2839,3020,2968,2930,2902,2903,2904,2887,2859
TOF,44,44,48,28,47,10,42,37,45,48,46,50,49,44,43,42,47,50,49,44,48,44,45,43,47,49,48,49,49,51,46,49,52,50,47,51,52,50,49,48,45,53,51,52,51,52,49,51,49,52,2954,2939,2883,2894,2874,2764,2970,2950,2963,2911,2917,2902,2965,2802
TOF,48,46,48,46,52,49,47,44,55,52,48,48,52,52,50,46,56,52,51,52,50,49,50,48,58,54,56,51,51,55,50,55,63,57,54,55,61,60,55,54,65,58,57,56,57,57,58,58,63,60,63,60,59,2879,60,2856,2992,2973,2950,2925,2886,2912,2885,2850
TOF,47,46,45,46,52,49,44,41,52,50,49,49,48,50,48,42,50,53,50,51,50,52,45,42,57,58,56,53,53,53,53,44,52,59,52,59,55,58,50,2899,60,59,56,61,60,53,55,2809,51,58,54,57,55,57,53,2812,2985,2984,2963,2930,2926,2910,2907,2874
TOF,48,49,52,40,54,43,41,43,52,52,50,49,48,40,44,44,53,55,54,54,47,44,42,44,60,51,54,56,55,40,43,44,664,57,54,54,51,47,45,2769,58,60,60,56,58,2849,2832,2780,58,60,60,60,59,2900,2885,2747,2972,3025,2934,2947,2925,2900,2889,2887
TOF,46,48,46,43,35,34,38,39,50,48,45,38,35,34,38,39,51,53,48,38,33,37,43,37,48,55,52,36,37,41,48,2841,58,50,49,41,37,41,43,2799,57,54,51,43,2863,2845,2850,2840,52,57,50,48,2875,2879,2872,2766,2993,3038,54,2911,2900,2874,2881,2855
TOF,48,47,47,36,39,37,39,43,53,46,46,38,37,39,46,2891,53,50,43,36,38,40,36,2808,52,47,46,41,41,44,2745,2830,55,52,49,43,46,40,2845,2815,59,52,47,2875,2899,2862,2845,2860,54,55,52,2883,2885,2879,2851,2800,2997,55,2982,2923,2918,2894,2922,2832
TOF,45,46,43,36,36,33,32,37,51,42,42,38,34,32,41,37,44,46,42,33,31,37,37,2790,50,46,42,36,36,30,2816,2829,48,46,43,41,36,38,2875,2795,57,48,47,698,2879,2837,2843,2844,54,50,49,2925,2866,2884,2887,2766,51,51,2972,2947,2917,2917,2915,2924
TOF,40,41,39,41,44,33,31,33,44,43,39,39,35,32,34,33,43,48,43,40,35,31,31,34,46,43,44,41,36,33,28,34,49,45,41,42,39,28,26,2904,50,45,45,41,39,2869,2851,2806,49,52,45,41,2910,2858,2869,2827,51,48,49,46,2909,2896,2873,2893
TOF,38,35,37,31,38,33,30,29,39,38,29,35,36,31,33,31,38,39,39,33,36,31,29,31,39,35,38,39,42,32,30,31,41,40,40,38,40,34,30,27,41,39,39,39,41,35,2861,2974,44,44,45,36,37,2876,2863,2848,43,46,41,41,2955,2898,2905,2886
TOF,39,39,39,33,41,36,31,30,39,36,36,36,38,33,32,33,38,38,40,39,35,32,30,28,44,39,42,39,39,32,30,30,42,39,42,42,39,34,32,33,44,41,40,40,41,38,34,33,45,46,46,43,40,38,2880,2795,45,45,44,42,40,2904,2903,2843
TOF,35,35,37,31,38,30,28,29,38,37,32,36,36,29,30,32,37,39,36,35,32,31,29,26,39,37,40,39,37,32,28,27,39,34,38,37,38,31,30,32,41,36,39,40,38,35,34,33,42,41,46,38,37,35,2878,2799,44,42,46,41,36,2915,2888,2900
TOF,36,38,38,34,36,35,27,30,39,38,34,37,38,31,31,33,38,39,39,37,33,32,29,29,40,39,40,39,38,33,30,31,38,34,40,41,37,33,30,32,43,39,40,38,40,36,35,34,45,44,46,41,39,2905,2874,2815,44,46,46,42,41,2899,2914,2872
TOF,34,34,35,30,35,32,27,28,37,36,33,33,35,31,31,32,35,39,39,33,33,31,29,27,35,39,40,36,35,33,27,27,37,31,40,37,35,36,30,30,43,34,38,38,38,32,34,32,45,39,47,38,36,33,2874,2719,41,42,46,40,38,2922,2883,2818
TOF,34,34,37,31,36,35,29,28,37,36,32,34,36,36,31,33,35,37,39,36,36,34,31,26,37,39,40,38,39,35,29,28,37,38,40,39,38,36,30,31,40,36,39,38,39,37,35,31,45,43,47,38,40,38,2880,2830,43,44,49,41,41,37,2886,2889
TOF,32,33,35,31,35,33,28,29,35,34,30,31,35,33,30,30,34,35,37,35,32,33,27,27,36,34,37,35,38,33,28,28,36,36,36,37,37,33,29,28,38,36,37,39,39,36,34,30,41,41,45,38,38,35,2909,2800,43,42,45,39,36,34,2921,2830
TOF,33,34,36,31,36,33,29,29,35,34,32,33,37,35,33,32,36,38,36,37,36,35,29,27,36,37,39,37,39,39,30,30,38,38,38,38,40,35,30,29,39,37,38,37,39,36,35,31,45,42,44,39,38,37,2879,2702,44,43,46,44,39,36,2907,2883
TOF,32,32,34,28,34,32,28,28,34,33,31,28,33,32,31,31,31,33,32,35,33,34,28,26,35,36,38,36,35,35,29,27,36,37,35,34,36,34,32,28,38,34,36,36,36,35,33,32,40,40,40,38,36,35,2909,2719,43,41,44,39,39,34,2912,2879
TOF,33,32,36,28,38,34,29,29,34,34,29,31,34,37,32,31,34,34,35,35,36,34,31,27,35,37,38,38,37,36,31,30,37,37,38,36,36,35,34,31,38,39,36,37,40,36,36,32,39,39,41,39,36,36,2924,2809,42,42,44,42,38,35,2959,2889
TOF,32,31,36,29,36,32,28,27,35,33,28,33,33,34,31,29,33,33,35,37,33,32,29,25,35,33,37,36,36,36,29,27,36,35,35,33,35,35,30,28,37,36,35,36,36,35,36,31,40,39,40,40,38,35,33,2783,42,42,42,42,38,35,2913,2745
TOF,34,33,37,33,37,34,28,29,35,34,28,32,35,35,34,32,34,36,36,34,38,33,30,28,38,36,39,38,36,36,30,29,38,38,30,35,37,33,33,30,39,38,38,36,39,34,36,33,41,41,42,39,36,35,2905,2645,43,42,43,41,38,523,2909,2852
TOF,33,31,36,29,36,31,28,29,34,36,26,32,32,36,31,30,33,33,32,32,35,34,30,26,36,35,37,36,37,36,29,28,36,35,31,35,39,33,31,31,39,39,38,36,37,34,33,34,40,40,43,41,36,34,33,2829,42,43,43,42,39,34,2893,2829
TOF,33,33,38,31,39,36,30,29,35,35,29,34,37,35,34,33,35,34,40,36,36,34,33,28,36,36,41,41,39,38,32,30,39,39,39,37,40,35,33,32,39,39,37,39,38,37,36,34,42,43,44,42,40,37,2925,2821,43,46,44,43,41,38,2921,2851
TOF,31,33,38,30,38,32,27,28,36,35,29,33,36,34,30,31,35,33,36,37,36,32,29,28,35,36,31,39,35,34,32,28,37,37,33,36,38,34,31,29,39,36,37,38,39,36,748,32,41,41,45,42,39,36,2930,2883,43,43,45,43,40,36,2920,2869
TOF,35,34,40,30,36,36,30,31,37,37,30,36,35,38,34,34,37,34,40,37,36,37,32,28,37,38,41,41,38,37,32,31,39,39,36,37,39,37,34,33,40,39,41,39,39,38,36,35,42,43,44,43,39,38,2842,2847,43,44,46,45,41,38,2921,2838
TOF,34,32,37,29,39,34,30,29,35,38,30,36,35,38,34,32,36,37,40,38,38,34,31,29,37,37,40,39,37,39,31,31,39,38,36,37,40,35,33,31,41,41,43,43,41,38,2831,37,41,43,44,43,40,38,2917,2784,42,45,44,43,41,39,2905,2863
TOF,37,37,38,35,43,39,32,31,39,41,37,39,38,39,37,35,37,40,43,42,41,41,35,31,41,40,42,40,41,41,36,36,44,43,45,41,44,39,44,35,44,47,43,47,45,43,2883,41,44,48,51,49,44,42,2880,2828,47,47,47,47,46,2991,2899,2846
TOF,40,40,43,38,40,37,31,33,40,42,43,40,42,38,36,36,42,40,42,42,43,39,35,33,44,43,30,41,44,39,38,38,45,47,46,45,45,42,2862,40,46,49,53,48,47,43,2858,2892,45,49,49,47,47,42,2888,2827,44,47,49,50,47,2911,2880,2871
TOF,42,40,41,38,42,37,33,34,42,43,45,37,42,39,37,38,42,41,43,42,41,42,35,36,46,41,46,45,45,42,39,40,49,48,48,47,43,44,2833,2794,49,49,52,49,49,43,2853,2776,48,49,52,47,48,2861,2881,2847,2989,47,49,49,42,2919,2892,2937
TOF,39,40,41,35,41,39,31,32,40,42,42,31,39,40,36,36,41,39,40,41,41,38,34,31,44,45,41,41,44,41,37,38,43,46,45,44,42,41,2848,2804,46,45,50,45,45,41,2854,2795,44,47,49,46,44,41,2886,2867,2995,47,45,45,46,2939,2881,2854
TOF,39,41,39,38,42,40,34,33,41,42,42,35,41,40,37,39,42,43,42,44,41,43,37,33,44,43,44,45,43,42,40,39,46,47,46,46,44,42,2844,2817,48,47,50,49,45,42,2869,2719,45,49,51,48,45,2923,2875,2850,2999,47,48,46,47,2928,2916,2856
TOF,39,40,42,37,40,35,31,30,42,41,42,37,39,42,36,35,41,43,42,40,40,40,34,33,45,42,44,43,42,40,37,36,46,47,45,43,43,43,2873,2818,44,46,49,48,46,45,2846,2794,46,47,49,45,44,40,2883,2846,42,44,46,44,47,2930,2890,2848
TOF,42,40,41,38,44,38,33,33,42,43,42,39,42,40,38,36,43,42,42,43,41,43,38,34,46,45,45,46,44,45,42,39,46,48,45,47,47,43,2880,2851,45,47,51,50,47,45,2842,41,45,49,50,48,46,44,2863,2761,3018,44,47,49,49,2924,2903,2829
TOF,39,40,41,38,40,37,32,32,42,40,44,40,38,42,38,37,42,40,42,41,41,41,34,33,44,42,43,43,44,43,36,35,44,48,46,47,44,43,2827,2817,44,48,50,47,48,43,2877,2854,44,48,47,46,46,44,2864,2953,2981,2990,45,46,48,2927,2895,2868
TOF,41,42,42,41,44,40,34,36,44,43,45,39,42,42,38,38,45,44,42,47,41,41,37,34,47,43,45,44,46,43,38,41,47,51,46,46,46,43,2856,2853,47,48,51,49,47,43,2851,2777,46,51,48,47,46,45,2872,2871,2968,2982,47,48,49,2933,2943,2877
TOF,40,41,38,37,42,40,33,34,43,40,44,35,41,42,36,35,44,40,35,43,39,40,36,33,43,43,46,42,44,43,38,38,46,48,45,46,45,42,41,2815,45,46,48,46,47,43,2867,2806,42,46,47,47,46,45,2866,2806,3004,42,47,45,46,2913,2915,2872
TOF,41,42,42,39,33,40,34,33,44,39,42,38,38,39,40,37,44,43,6,42,40,42,40,34,46,43,43,46,46,44,42,42,46,47,45,48,46,43,2956,2829,46,45,49,47,48,43,2856,2824,44,48,47,46,46,46,2885,2810,2985,2969,3000,44,47,2922,2882,2805
TOF,42,22,43,39,40,40,31,30,41,45,39,43,36,39,36,37,44,37,43,39,40,41,41,34,41,47,44,42,40,43,41,39,48,45,47,46,42,40,2847,2798,46,47,45,45,47,43,2880,2790,43,46,41,41,47,44,2841,2762,2963,2965,2930,48,46,2913,2921,2847
TOF,44,46,50,-69,45,35,35,37,47,48,44,47,44,40,42,50,47,46,43,43,42,41,45,37,52,50,48,45,45,45,2845,2813,49,49,51,45,50,43,2820,2844,48,55,51,51,50,2886,2861,2798,2929,48,53,48,2926,44,2880,2872,2943,2986,2926,2930,2896,2914,2902,2844
TOF,45,50,49,41,38,37,41,25,49,49,43,42,46,44,37,2801,52,57,46,42,49,47,2722,2835,51,60,50,47,57,2826,2811,2812,54,54,50,49,2883,2843,2840,2842,2944,55,52,53,2845,2879,2844,2854,2943,2912,2928,47,2894,2848,2862,2861,2934,2979,2962,2920,2918,2901,2890,2902
TOF,48,50,43,44,43,38,41,2650,51,52,48,48,45,44,2721,2805,58,53,49,49,50,2823,2786,2823,54,66,50,51,2835,2832,2795,2773,56,57,52,54,2831,2832,2827,2863,2950,55,58,55,2862,2870,2859,2826,2951,2915,2915,2903,2871,2883,2871,2817,2945,2947,2948,2929,2903,2883,2905,2906
TOF,48,49,57,41,44,37,40,40,50,51,49,47,44,41,2751,2821,53,55,47,49,47,2823,2753,2805,58,58,55,51,58,2819,2806,2800,56,56,55,54,56,2819,2823,2835,2942,55,56,55,2870,2861,2857,2820,2967,2907,2927,2909,2878,2867,2861,2796,2936,2948,2944,2919,2905,2912,2876,2810
TOF,50,44,52,48,51,40,39,42,53,52,51,51,47,47,40,43,54,54,58,50,49,49,2706,2815,56,60,57,55,55,53,2779,2831,58,56,60,55,57,2859,2817,2864,2979,58,57,57,54,2865,2860,2783,2961,2948,2899,2886,2891,2888,2879,2852,2970,2972,2954,2938,2944,2901,2890,2900
TOF,49,49,49,51,39,44,37,39,52,48,49,51,48,46,45,40,54,52,49,49,47,48,44,2783,55,54,57,54,53,51,2805,2798,59,58,53,60,53,52,2846,2846,2970,57,55,54,57,2870,2844,2827,2945,2923,2909,2895,2892,2868,2882,2793,2956,2948,2930,2920,2904,2894,2905,2866
TOF,50,48,48,50,37,47,39,43,53,51,38,51,49,48,43,41,54,51,48,50,49,48,47,2821,55,53,54,52,53,51,52,2802,57,55,53,60,54,52,2863,2827,53,55,57,57,54,927,2875,2823,2950,2938,2928,2909,2934,2882,2870,2816,2975,2970,2965,2910,2913,2904,2895,2827
TOF,49,43,47,46,38,47,37,37,51,49,37,49,45,50,44,40,53,51,47,50,47,47,45,43,53,50,55,52,53,50,47,2803,54,54,55,1111,53,50,2929,2829,54,56,54,53,54,53,2876,2853,2926,2931,2920,2928,2889,2881,2877,2817,2939,2945,2933,2922,2902,2902,2930,2757
TOF,50,51,45,49,40,48,41,43,53,51,48,50,49,50,48,42,55,56,51,48,49,49,49,46,56,52,57,51,54,50,50,2814,53,55,54,59,54,51,52,2824,2989,52,58,54,54,55,2883,2826,2955,2930,2920,2913,54,2892,2865,2766,2944,2950,2956,50,2909,2890,2907,2874
TOF,47,46,49,42,41,44,40,39,48,49,47,48,49,45,43,43,50,55,49,50,6,51,47,45,53,51,50,50,52,48,51,2844,54,53,52,55,52,52,49,2835,54,50,51,53,52,52,2853,2793,2920,2933,2940,50,54,55,2892,2817,2941,2946,2927,49,2900,2922,2908,2873
TOF,48,48,50,46,45,47,45,44,51,49,49,49,54,49,48,47,53,55,51,51,43,49,51,45,53,54,54,51,54,51,52,2850,56,54,56,56,58,55,50,2843,54,54,55,59,55,56,55,50,2920,2926,2946,2901,56,56,2871,2861,2959,2970,2940,2935,2910,2879,2920,2853
TOF,49,48,46,43,46,46,44,42,51,48,48,48,52,47,47,45,48,56,48,51,46,48,48,44,56,52,53,50,52,51,52,2864,56,55,51,54,53,50,48,2874,54,53,53,56,55,53,55,49,2965,2955,2936,53,54,56,2897,2818,2972,2969,2925,48,2932,2914,2905,2861
TOF,49,49,48,46,47,48,48,43,51,51,51,50,52,48,48,46,53,57,50,51,46,48,48,46,55,54,54,55,56,51,51,2858,57,56,54,55,55,54,51,2852,57,55,54,54,57,54,56,2805,2966,2981,2921,54,55,56,2886,2884,2973,2949,2952,50,2926,2916,2885,2856
TOF,48,47,46,44,46,43,43,41,49,48,48,51,50,46,47,44,50,53,49,47,41,49,49,45,55,52,51,50,54,50,49,2887,56,54,52,53,55,50,47,2866,53,52,54,54,57,52,54,2585,2937,2954,2963,2945,54,55,2857,2833,2955,2967,2940,2916,2909,2897,2891,2837
TOF,49,48,48,42,48,48,43,42,52,51,50,54,50,47,47,44,52,54,50,52,36,49,50,45,57,53,54,53,55,52,51,2848,56,55,55,55,57,54,51,2822,55,54,56,56,56,54,55,2764,2957,2954,2943,55,54,57,2883,2752,2975,2956,2959,2926,2918,2905,2900,2877
TOF,641,45,47,41,47,45,43,42,50,49,47,48,49,45,45,43,49,53,49,48,17,50,47,43,53,54,51,52,53,50,50,2807,52,52,54,55,52,50,49,2826,52,52,53,53,54,53,55,2869,2958,2932,2940,53,53,54,2916,2783,2941,2969,2932,2947,2902,2908,2871,2874
TOF,50,48,48,45,46,47,44,44,52,51,49,49,51,47,48,43,53,55,51,51,19,50,49,46,55,53,55,52,53,51,50,2846,57,54,54,57,55,54,52,2854,53,54,56,54,56,53,56,2831,2935,2974,2918,53,54,57,2871,2759,2987,2959,2942,2936,2910,2912,2886,2814
TOF,49,45,47,39,48,44,43,41,51,48,49,51,48,45,43,42,51,53,49,46,8,49,48,44,51,50,50,49,53,51,50,2825,53,55,54,53,52,51,49,2850,50,50,56,51,52,49,1318,2664,2932,2939,2959,54,54,55,2885,2885,2955,2930,2939,2908,2929,2886,2893,2859
TOF,51,49,48,42,48,49,43,42,50,51,51,50,50,50,48,44,53,56,51,50,0,50,50,46,55,53,55,51,54,50,50,2815,54,55,55,58,56,52,50,2825,55,53,55,58,54,55,55,2815,2948,2938,2961,54,54,56,2861,2827,2942,2952,2918,2897,2903,2904,2887,2802
TOF,49,48,48,41,51,47,41,42,53,49,49,52,52,47,46,44,53,53,51,47,8,49,48,45,52,51,54,48,53,51,51,2838,53,55,54,55,53,51,50,2838,53,52,54,52,54,53,55,2818,2945,2919,2938,54,55,56,2884,2853,2978,2974,2928,2939,2904,2898,2921,2857
TOF,51,49,49,43,51,50,43,43,51,50,51,53,52,50,45,44,53,54,53,47,26,51,49,45,55,54,57,53,55,52,53,2824,56,55,54,1586,53,52,51,2862,56,55,56,55,55,52,56,2849,2956,2952,2969,54,54,57,2892,2815,2974,2955,2939,2929,2923,2893,2906,2849
TOF,50,48,49,44,47,47,43,39,52,49,48,52,52,46,45,43,51,53,50,46,18,51,47,43,55,52,52,49,53,50,51,2814,56,826,54,57,53,51,51,2856,54,54,53,54,52,51,54,2771,3004,2941,2925,53,53,55,2879,2841,2974,2965,2959,2937,2923,2918,2892,2837
TOF,50,50,49,44,48,49,42,39,52,51,49,48,50,48,45,44,53,54,51,46,15,50,49,46,53,51,53,52,53,52,51,2825,56,54,55,55,54,50,635,2817,2114,53,55,54,55,51,52,2856,2979,2956,2980,54,53,55,2873,2805,2946,2932,2953,2963,2921,2909,2903,2833
TOF,49,47,51,42,48,46,40,38,50,49,46,51,50,48,46,41,51,52,50,42,28,47,45,42,50,51,51,46,52,51,51,2820,52,52,55,57,53,51,48,2837,49,52,55,53,53,52,52,2834,2937,2968,2922,50,54,54,2904,2844,2968,2958,2955,2935,2904,2907,2891,2839
TOF,50,48,48,45,49,48,40,37,50,50,47,54,52,51,47,43,51,52,50,46,39,49,47,44,55,52,52,53,55,52,52,2827,53,53,56,58,55,51,51,2818,53,53,56,56,53,54,2875,2874,2974,2946,2976,54,55,56,2876,2852,2964,3000,2934,2940,2911,2903,2913,2817
TOF,49,47,49,43,47,46,40,38,50,49,46,46,50,46,47,42,51,50,49,41,39,48,46,44,51,51,52,46,53,51,48,2837,53,53,51,54,51,51,49,2824,51,52,54,54,54,53,2882,2844,2956,2919,2951,51,54,54,2897,2835,3006,2989,2941,2927,2917,2903,2882,2846
TOF,49,48,46,44,47,48,40,39,52,50,50,52,48,48,44,43,52,54,52,38,45,51,47,45,54,51,53,49,53,53,52,2816,398,52,350,56,54,50,49,2805,54,52,55,53,55,53,51,2784,2955,2949,2949,53,740,57,2879,2866,2964,2937,2956,2934,2918,2880,2850,2856
TOF,48,46,50,44,46,45,40,37,51,48,45,52,49,48,46,43,52,50,49,36,39,49,45,42,51,52,53,45,54,49,50,2842,52,53,53,55,52,49,46,2826,51,53,53,52,56,51,2939,2806,2971,2967,2944,50,52,54,2894,2881,2962,2955,2969,2924,2898,2914,2901,2869
TOF,49,49,46,43,47,45,39,41,51,48,50,51,50,49,46,43,54,54,51,42,42,50,47,45,53,53,54,51,55,51,49,2822,53,55,52,56,53,50,51,2824,55,51,54,54,54,52,2902,2844,2946,2980,2936,52,54,57,2886,2757,2945,2939,2926,50,2886,2885,2898,2839
TOF,47,48,48,45,47,48,40,38,49,49,46,50,47,47,44,43,50,50,49,31,44,49,45,44,51,49,51,49,56,48,49,2832,53,52,53,54,54,48,50,2816,51,51,53,51,51,53,2898,2824,2953,2962,2946,50,52,55,2871,2867,2978,2963,2924,2916,2912,2908,2890,2881
TOF,49,49,45,46,46,47,41,38,52,51,50,52,48,50,47,44,52,53,49,33,46,49,47,44,54,50,53,54,54,49,50,2814,54,55,53,57,54,52,49,2809,53,52,55,55,55,873,2918,2828,2936,2988,2891,55,53,56,2882,2788,2964,3015,2943,2933,2919,2902,2902,2890
TOF,48,47,50,46,45,45,40,40,51,48,44,49,48,47,47,41,49,53,48,33,43,46,48,43,51,50,50,50,54,51,48,2800,54,51,53,53,53,50,50,2821,53,49,54,52,51,53,2834,2784,2935,2937,51,51,51,53,2859,2805,2933,2935,2915,2948,2929,2887,2899,2829
TOF,49,48,47,46,47,48,39,39,52,50,50,53,48,49,46,45,51,53,48,28,47,49,47,46,53,53,52,54,51,49,49,2820,53,52,54,56,54,49,50,2814,53,55,56,56,55,54,2892,2909,2964,2937,2972,51,53,55,2866,2775,2957,2953,2956,2909,2901,2912,2907,2822
TOF,48,46,48,45,46,44,40,38,50,48,45,49,46,48,47,44,51,51,48,23,45,48,47,45,50,51,52,49,53,49,50,2815,51,51,51,56,52,51,47,2850,49,50,53,53,51,50,2854,2847,2945,2927,2931,49,51,53,2856,2870,3003,2936,2947,2949,2926,2901,2910,2835
TOF,49,46,44,47,47,47,42,39,50,50,47,50,49,49,46,43,53,53,50,30,45,50,49,44,53,52,54,55,53,50,52,2815,54,55,55,54,54,51,49,2830,53,52,55,53,54,54,2901,2854,2959,2926,2950,52,54,56,2886,2805,2946,2952,2906,2942,2927,2916,2954,2812
TOF,45,46,48,46,45,45,40,38,52,50,46,51,51,49,46,42,49,52,48,25,44,50,46,41,49,50,51,48,52,48,49,2804,53,52,53,53,53,51,46,2855,53,52,54,52,54,52,2912,2822,2966,2944,2948,51,53,54,2869,2763,2974,2965,2918,2968,2899,2900,2903,2850
TOF,48,47,47,47,45,46,42,39,54,51,46,51,51,49,46,46,52,53,51,27,46,51,48,46,52,51,53,49,54,50,51,2811,54,54,54,54,55,52,50,2863,53,53,55,53,55,54,2933,2870,2924,2989,2968,52,51,56,2885,2806,2964,2957,2923,52,2890,2917,2904,2877
TOF,48,46,48,46,45,47,41,40,52,49,47,50,48,47,46,40,50,51,48,31,45,47,48,44,51,50,52,49,50,50,50,2848,53,54,52,54,50,49,49,2851,52,51,54,51,53,51,53,2809,2950,2921,2915,2788,53,54,2870,2825,2961,2945,2924,50,2896,2912,2872,2830
TOF,49,48,44,47,44,47,42,38,51,50,46,52,50,48,45,43,49,54,50,27,46,49,48,45,736,49,55,50,53,50,53,2827,53,54,54,55,54,52,885,2851,54,53,55,56,55,52,2886,2811,2981,2916,2992,51,53,56,2871,2839,2956,2961,2962,2950,2899,2909,2888,2833
TOF,48,47,50,46,43,44,40,37,51,47,50,51,49,46,47,45,51,52,48,9,45,48,47,42,51,51,52,52,52,49,50,2809,53,52,54,54,53,49,49,2870,52,51,54,53,53,52,2865,2857,2970,2947,2939,49,52,52,2890,2837,2984,2948,2947,2910,2931,2885,2914,2825
TOF,49,47,45,46,42,45,41,38,51,50,47,54,48,48,44,42,54,54,48,9,46,50,48,45,712,48,54,52,53,51,50,2832,2584,56,55,55,54,49,48,2829,52,52,56,55,52,50,52,2801,2940,2947,2947,51,54,56,2866,2866,2939,2952,2938,2934,2888,2915,2890,2867
TOF,48,47,49,45,42,45,39,38,50,48,47,50,48,46,45,40,51,52,50,2,46,50,46,43,50,49,50,47,52,49,48,2836,53,53,52,54,51,48,47,2836,51,51,53,52,52,51,53,2781,2948,2964,2975,51,53,54,2882,2796,2970,2964,2967,2929,2912,2905,2873,2820
TOF,49,46,46,48,42,47,41,39,52,49,47,50,48,48,45,44,52,53,50,20,48,50,48,45,53,50,52,50,53,51,49,2802,52,54,57,57,55,48,49,2836,53,52,55,55,54,51,2932,2810,2939,2944,2914,2930,54,54,2877,2818,2962,2951,2913,2889,2912,2884,2876,2846
TOF,48,46,50,47,43,47,39,38,50,50,47,51,49,49,46,42,51,52,49,14,45,47,44,43,53,51,50,47,54,48,51,2801,54,54,55,55,54,49,48,2835,53,52,54,53,55,52,2912,2894,2971,2928,2913,52,53,54,2898,2752,2962,2980,2931,2964,2901,2900,2885,2885
TOF,47,48,47,48,42,47,42,39,50,51,49,54,49,48,47,46,52,52,49,35,48,49,47,47,52,51,53,50,54,50,51,2837,52,54,53,57,54,50,49,2873,56,54,54,54,55,55,2901,2770,2929,2951,2950,54,54,54,2868,2811,2963,2983,2960,51,2909,2903,2919,2851
TOF,49,46,48,48,45,48,39,38,52,48,47,52,48,47,46,41,50,52,46,40,49,49,46,44,53,49,52,49,53,50,50,2802,53,54,54,57,54,49,50,2809,52,53,54,53,53,52,2854,2705,2948,2972,2902,53,51,52,2855,2801,2957,2978,2945,51,2903,2893,2865,2783
TOF,49,48,48,47,44,47,41,40,52,51,51,51,48,50,46,43,54,53,49,44,48,50,48,45,53,52,54,50,54,51,50,2797,54,53,53,56,54,54,51,2814,54,53,56,55,55,54,2859,2828,2953,2923,2937,53,55,54,2864,2861,2979,2971,2949,51,2902,2916,2907,2877
TOF,50,45,48,47,41,45,39,38,49,49,46,51,46,48,44,42,51,51,48,43,46,49,45,44,52,48,52,51,54,50,51,2815,54,54,52,56,54,52,2894,2808,53,53,52,53,52,53,2887,2790,2969,2926,2976,53,52,54,2879,2723,2952,2977,2929,51,2915,2913,2864,2832
TOF,50,46,50,48,42,45,39,40,53,49,44,52,47,47,47,45,52,51,50,45,50,49,46,44,53,51,54,52,53,50,48,2818,57,54,57,60,57,51,2793,2864,54,54,53,55,55,56,2875,2749,2952,2938,2926,52,57,2924,2862,2807,2956,2945,2939,49,2894,2908,2897,2882
TOF,48,46,47,42,44,44,37,37,48,47,43,49,45,45,43,39,52,50,47,45,45,47,42,43,53,49,52,49,51,48,50,2829,54,52,54,58,52,50,2880,2781,51,51,56,53,51,51,2864,2768,2967,2957,2926,52,54,51,2864,2800,2989,2963,2932,48,2909,2897,2865,2748
TOF,49,47,47,47,46,45,37,39,51,49,45,51,47,46,45,44,52,52,49,46,49,48,45,44,54,49,54,51,51,50,2658,2819,55,55,53,61,54,49,2804,2829,52,54,55,57,53,54,2860,2904,2963,2980,2981,55,55,53,2901,2818,2937,2958,2939,48,2892,2908,2886,2799
TOF,48,47,47,45,44,44,37,36,51,47,43,53,47,45,43,42,53,50,48,49,47,46,45,43,55,49,50,53,51,51,2857,2800,53,53,54,56,53,50,2832,2802,53,52,54,55,53,54,2867,2760,2977,2954,2919,52,55,48,2879,2805,2977,2955,2949,49,2910,2902,2915,2792
TOF,50,50,50,47,46,46,40,40,53,51,41,54,51,49,44,44,54,55,49,53,49,49,45,43,53,56,55,58,55,53,2775,2811,58,55,59,59,55,52,2842,2829,57,56,54,58,56,57,2855,2844,2930,2945,2886,2964,55,2896,2863,2817,2977,2969,2932,2933,2907,2909,2895,2839
TOF,51,50,50,49,47,44,41,40,53,51,41,53,48,49,47,44,55,53,52,50,51,47,47,45,56,55,55,54,54,51,2775,2831,55,55,56,62,56,53,2862,2843,2988,56,57,58,54,55,2836,2785,2947,2942,2893,2913,2886,2866,2888,2818,2971,2961,2939,2937,2910,2908,2931,2875
TOF,53,50,51,51,51,46,43,42,55,53,48,55,51,53,47,44,56,56,54,54,53,52,50,46,57,57,57,60,56,53,2822,2837,60,57,61,61,56,52,2838,2842,2905,55,59,60,58,60,2855,2667,2925,2944,2919,2885,57,2871,2914,2856,2938,2952,2935,2918,2903,2887,2917,2760
TOF,49,47,50,47,51,48,43,42,52,54,51,51,51,52,48,44,55,57,53,50,49,49,49,46,57,56,58,57,56,55,2689,2823,60,57,61,58,57,55,2825,2859,2917,57,58,57,56,56,2852,2817,2958,2931,2923,2892,55,2864,2852,2798,2975,2930,2947,2934,2921,2895,2913,2818
TOF,50,51,51,48,50,49,41,43,56,53,49,52,49,53,49,45,56,55,54,51,51,51,49,46,57,58,58,60,59,55,2818,2814,61,59,59,61,56,55,2810,2819,56,56,60,59,58,58,2876,2851,2964,2920,2918,2932,56,2840,2869,2879,2990,2951,2964,2957,2905,2899,2878,2850
TOF,53,50,49,47,50,46,41,41,54,52,54,52,50,51,49,45,55,55,54,53,49,50,49,46,59,56,57,60,55,53,47,2806,60,59,59,58,58,56,2865,2819,58,58,58,60,58,61,2840,2827,2951,2898,2915,2898,55,2885,2878,2815,2958,2978,2954,2921,2912,2907,2872,2848
TOF,52,51,51,50,52,48,42,44,56,54,53,55,53,53,51,47,57,57,55,53,52,50,51,47,60,58,61,60,58,56,2732,2827,60,59,61,60,58,56,2832,2826,2961,61,58,60,59,60,2847,2793,2931,2926,2920,2887,57,2873,2870,2816,2973,2949,2943,2931,2905,2897,2909,2854
TOF,50,50,50,47,48,47,42,39,53,51,52,54,50,52,45,41,56,57,54,50,50,50,47,46,55,55,59,57,55,53,54,2806,60,56,60,60,59,54,2897,2899,59,57,59,58,59,57,2850,2830,2963,2906,2933,2905,57,2872,2870,2912,2952,2937,2938,2929,2908,2891,2884,2868
TOF,51,52,51,49,49,48,41,43,54,53,52,52,50,51,50,44,57,57,55,50,51,51,48,48,57,57,58,58,57,53,52,2837,60,56,59,61,61,56,2826,2808,58,56,57,59,58,58,2867,2839,2946,2936,2932,2894,57,2869,2869,2859,3009,2980,2912,2950,2898,2894,2909,2881
TOF,49,47,48,48,50,47,41,38,53,52,52,55,50,51,47,44,55,56,52,49,46,50,49,46,55,53,55,53,55,53,49,2806,57,55,56,59,59,54,54,2835,55,59,58,58,58,57,2880,2833,2959,2941,2922,2925,57,2904,2836,2808,2956,2978,2927,2939,2910,2909,2901,2850
TOF,51,50,51,47,47,52,43,39,54,52,52,51,50,51,51,45,55,58,54,51,51,52,49,48,58,58,61,56,58,53,53,2808,58,58,60,59,59,55,53,2822,59,58,60,59,59,58,2848,2874,2924,2945,2933,2940,59,2897,2877,2833,2954,2957,2938,52,2920,2897,2916,2875
TOF,51,50,48,47,47,46,38,38,53,52,50,52,50,51,45,43,55,56,52,38,50,48,47,44,54,54,57,55,55,53,52,2808,58,57,59,59,58,52,2868,2832,55,53,60,57,57,58,2870,2815,2947,2940,2930,2904,2907,2888,2898,2901,2960,2954,2962,2909,2931,2893,2925,2903
TOF,54,51,53,51,52,49,42,42,56,53,52,55,52,51,49,42,58,57,54,50,53,52,51,47,59,57,58,60,56,57,2770,2832,62,60,60,63,59,56,2831,2862,60,62,61,60,60,58,2852,2816,2960,2940,2914,60,57,2870,2851,2818,2987,2978,2922,2948,2935,2923,2912,2885
TOF,52,50,49,51,51,49,42,39,53,54,52,56,52,52,48,44,54,58,54,46,51,51,50,48,61,55,57,55,57,53,2877,2817,62,59,61,61,56,53,2857,2836,62,59,58,58,58,59,2885,2698,2936,2908,2931,2903,59,2884,2878,2692,2938,2943,2960,2909,2911,2912,2906,2862
TOF,54,51,51,50,56,51,43,41,57,55,54,53,52,56,53,44,59,58,56,55,55,53,50,50,61,57,62,62,60,57,55,2826,66,60,64,62,62,60,2848,2852,2933,63,61,61,61,63,2850,2758,2957,2915,2934,2901,2875,2879,2858,2793,2970,2955,2957,2919,2908,2898,2919,2820
TOF,54,51,52,51,53,49,42,41,57,55,55,58,52,52,49,47,57,57,55,52,55,54,50,51,59,59,60,60,62,58,2815,2798,66,61,62,63,58,57,2836,2860,2951,62,60,63,60,2912,2835,52,2921,2941,2900,2898,2893,2856,2874,2797,2954,2933,2943,2907,2900,2878,2903,2845
TOF,56,53,52,51,55,48,43,47,59,56,55,55,52,55,49,46,60,59,58,56,56,56,52,2795,65,61,63,66,62,63,2791,2825,67,64,64,64,60,60,2833,2844,2941,2990,65,64,67,2865,2858,2833,2950,2910,2911,2883,2882,2874,2859,2750,2952,2965,2923,2934,2900,2900,2898,2861
TOF,54,51,53,52,56,49,44,46,57,58,55,52,54,52,52,47,59,60,57,55,56,53,53,2801,65,60,64,64,61,60,2825,2805,65,65,64,62,63,62,2825,2806,2976,2896,63,63,65,2863,2851,2771,2935,2906,2899,2906,2881,2872,2868,2869,2964,2933,2946,2939,2903,2915,2909,2831
TOF,56,55,54,53,59,50,43,48,60,58,57,54,56,56,51,49,58,60,58,58,56,55,2614,2807,65,62,66,66,63,63,2785,2806,72,66,63,64,64,63,2823,2816,2944,2871,2939,64,67,2888,2846,2794,2950,2926,2905,2894,2884,2888,2852,2772,2958,2978,2953,2913,2918,2907,2890,2870
TOF,55,55,54,54,55,51,45,46,59,58,56,50,57,54,49,49,58,61,59,57,55,56,2590,2815,65,61,65,64,65,62,2783,2807,71,62,63,62,63,64,2822,2818,2940,2934,2916,2945,69,2903,2850,2838,2954,2933,2901,2904,2882,2883,2854,2891,2963,2936,2958,2919,2909,2912,2899,2868
TOF,55,54,57,53,55,52,46,47,60,60,57,51,57,55,50,52,61,61,59,59,60,59,2610,2819,67,64,66,67,65,63,2796,2783,71,66,66,65,64,62,2831,2785,2930,2934,2886,3020,68,2857,2839,2874,2934,2920,2905,2891,2911,2875,2883,2781,2976,3006,2921,2931,2915,2895,2901,2846
TOF,55,52,54,55,56,50,44,45,58,59,55,51,54,54,49,49,60,58,58,58,54,1218,2614,2820,67,60,65,63,62,59,2838,2812,69,64,64,64,60,61,2835,2779,2955,2909,2911,2878,2875,2853,2833,2835,2938,2917,2898,2892,2908,2853,2864,2821,2975,2972,2940,2922,2904,2913,2906,2833
TOF,56,55,55,53,55,51,47,47,61,62,57,46,56,54,48,52,61,61,60,59,58,57,2577,2790,69,62,66,65,65,61,2792,2834,68,67,803,65,65,63,2826,2856,2915,2925,2912,2897,2910,2861,2861,2887,2946,2917,2908,2915,2892,2872,2871,2852,2974,2980,2933,2930,2919,2901,2903,2847
TOF,57,54,55,54,56,50,46,47,61,58,56,31,52,53,51,50,60,60,59,58,58,55,2673,2802,62,61,64,67,64,58,2773,2806,70,65,64,62,62,63,2836,2837,2970,2945,2935,2926,2887,2852,2864,2793,2947,2940,2899,2853,2884,2873,2883,2774,2956,2966,2913,2920,2902,2902,2891,2872
TOF,56,53,56,55,56,49,43,47,61,60,59,44,54,55,49,50,63,59,60,57,58,59,2591,2819,66,64,66,66,63,59,2793,2813,68,66,65,64,65,66,2822,2851,2926,2909,2901,2873,2957,2870,2856,2856,2945,2937,2924,2894,2889,2866,2903,2825,2959,2945,2925,2926,2901,2893,2922,2873
TOF,55,54,54,53,55,49,45,47,60,58,55,51,54,53,48,50,61,58,59,60,58,58,2782,2796,65,60,64,65,60,57,2838,2814,68,66,63,63,61,60,2830,2850,2946,2887,2939,2895,2857,2878,2836,2862,2917,2930,2921,2915,2891,2867,2878,2841,2969,2961,2915,2934,2891,2906,2910,2820
TOF,58,53,54,54,55,50,48,50,63,59,56,50,57,55,52,51,62,61,59,60,58,57,2628,2794,70,63,68,68,63,63,2789,2808,2806,68,65,65,65,62,2837,2829,2920,2902,2910,2896,2925,2890,2855,2751,2948,2937,2909,2880,2868,2875,2857,2876,2937,2994,2921,2949,2914,2891,2893,2816
TOF,56,53,55,54,56,50,44,46,58,57,55,45,55,55,48,49,60,59,58,59,56,56,2767,2792,66,61,63,66,61,65,2803,2789,69,63,64,65,61,62,2816,2821,2935,2945,2939,2890,2840,2851,2827,2838,2928,2906,2938,2895,2903,2880,2874,2865,2962,2991,2942,2913,2901,2899,2885,2831
TOF,57,54,55,54,57,49,45,49,60,62,56,51,57,55,52,50,64,62,61,61,58,58,2711,2820,70,62,833,67,62,63,2800,2805,69,65,66,65,64,65,2838,2833,2951,2910,2912,2890,2894,2841,2853,2870,2949,2896,2930,2903,2901,2881,2854,2750,2964,2947,2967,2929,2909,2899,2887,2857
TOF,57,53,55,54,56,48,43,46,57,58,55,49,54,54,49,48,61,59,59,58,57,55,2614,2809,64,61,63,66,61,62,2798,2817,73,64,64,62,64,62,2826,2828,2922,2932,2893,2926,2909,2853,2831,2860,2934,2927,2899,2917,2868,2866,2863,2839,2962,2970,2937,2948,2926,2906,2882,2886
TOF,56,54,57,58,56,49,48,48,63,58,55,53,58,55,52,51,63,62,60,58,60,59,2653,2810,69,62,64,69,62,64,2793,2818,70,67,64,66,65,2886,2825,2827,2944,2883,2904,2876,2944,2875,2858,2853,2946,2929,2919,2885,2882,2866,2883,2795,2951,2971,2945,2923,2912,2896,2895,2788
TOF,56,54,54,55,54,47,44,47,60,57,55,50,56,54,49,48,61,58,58,61,57,56,2721,2821,64,61,63,65,62,60,2810,2816,70,64,63,63,61,62,2827,2811,2910,2927,2915,2903,2887,2876,2835,2794,2956,2918,2918,2923,2871,2866,2868,2804,2980,2971,2940,2935,2914,2913,2877,2880
TOF,56,54,54,52,58,51,48,48,60,58,55,43,57,55,50,50,60,59,60,59,58,58,2635,2821,66,60,66,66,63,60,2809,2783,69,65,64,64,64,64,2844,2823,2984,2906,2919,2887,2858,2862,2842,2756,2961,2921,2932,2911,2879,2883,2871,2839,2980,2941,2917,2923,2891,2886,2901,2793
TOF,54,51,54,50,54,49,44,46,59,58,54,28,55,55,50,49,59,59,59,57,56,56,2670,2828,63,58,63,62,59,57,2800,2793,64,61,62,63,62,61,2836,2836,2952,2937,2908,2898,2881,2872,2865,2837,2919,2934,2918,2920,2901,2858,2891,2821,2970,2958,2938,2906,2901,2909,2881,2896
TOF,57,56,57,56,61,54,49,48,60,62,58,59,53,57,53,54,60,62,60,60,58,58,60,2799,64,61,64,63,65,61,2809,2801,66,65,64,64,64,62,2817,2824,2940,2889,2881,61,66,2875,2844,2889,2942,2941,2927,2913,62,2872,2866,2818,2958,2906,2956,2935,2912,2908,2907,2846
TOF,60,58,60,56,62,34,54,52,61,64,59,63,51,61,56,2799,64,64,63,63,59,59,61,2828,65,66,63,66,62,63,61,2767,2934,2893,2902,65,66,63,2844,2822,2960,2894,2886,2881,2868,2880,2833,2783,2957,2896,2918,2925,2879,2856,2886,2855,2953,2912,2937,2928,2923,2904,2937,2793
TOF,68,68,66,63,66,61,58,59,69,71,67,71,63,70,64,66,76,71,72,68,71,67,69,65,2929,2880,73,2876,72,72,71,2853,2901,2901,2885,2863,2872,2861,2845,2829,2923,2941,2889,2888,2833,2865,2858,2681,2975,2904,2907,2900,2889,2884,2869,2837,3001,2955,2936,2904,2907,2886,2885,2853
TOF,85,77,70,64,70,64,61,62,87,84,71,73,65,71,72,68,108,85,80,77,73,72,68,69,2878,2889,2874,2851,2843,2827,77,77,2930,2897,2896,2862,2850,2865,2830,2829,2912,2892,2913,2881,2887,2874,2859,2837,2956,2926,2913,2897,2897,2880,2868,2848,2952,2967,2933,2912,2912,2898,2897,2791
TOF,78,76,78,74,72,71,68,68,105,102,85,85,75,77,74,77,2786,83,83,82,81,77,73,74,2927,2888,2856,2861,2850,2851,2801,2818,2911,2874,2901,2871,2848,2846,2817,2825,2907,2915,2892,2881,2874,2847,2844,2865,2947,2949,2912,2882,2899,2883,2876,2848,2972,2977,2931,2908,2920,2865,2884,105
TOF,2344,118,112,95,87,79,79,77,2750,2793,108,109,88,92,77,86,2705,2835,2851,2844,2867,2818,2754,89,2880,2863,2873,2856,2854,2841,2810,2805,2917,2909,2870,2854,2856,2838,2815,2819,2935,2901,2897,2877,2847,2856,2855,2860,2946,2920,2903,2911,2891,2887,2858,2755,2975,2940,2953,2908,2932,2896,2895,2809
TOF,2340,2371,112,126,112,95,91,88,2667,2746,2602,112,116,2823,99,2823,2755,2885,2853,2848,2830,2816,2754,2793,2915,2879,2847,2871,2837,2818,2789,2810,2940,2897,2869,2869,2865,2851,2837,2822,2961,2907,2909,2890,2866,2856,2854,2824,2932,2922,2903,2892,2898,2875,2869,2765,2940,2957,2946,2914,2912,2888,2876,2844
TOF,2329,2321,2390,2781,119,105,100,95,2780,2722,2605,2664,114,2821,2639,2850,2713,2790,2847,2851,2851,2812,2723,2823,2912,2876,2877,2867,2846,2835,2793,2786,2921,2883,2889,2870,2864,2856,2824,2848,2925,2895,2904,2884,2864,2868,2853,2834,2949,2921,2908,2898,2870,2874,2870,2758,2946,2932,2964,2915,2928,2922,2896,2874
TOF,2307,2333,2311,2716,2800,110,107,104,2776,2744,2612,2619,2731,2786,2720,2797,2746,2828,2842,2851,2816,2834,2704,2798,2873,2874,2860,2870,2844,2846,2796,2828,2909,2910,2888,2882,2860,2852,2809,2857,2945,2913,2885,2871,2883,2863,2842,2745,2944,2910,2914,2897,2897,2886,2868,2824,2961,2964,2936,2913,2914,2910,2895,2835
TOF,2308,2375,2311,2681,2725,2581,97,110,2653,2764,2612,2682,2730,2766,2651,2804,2795,2831,2870,2833,2830,2807,2759,2802,2896,2906,2864,2854,2841,2827,2810,2818,2888,2916,2877,2865,2852,2836,2834,2825,2913,2914,2909,2875,2881,2868,2870,2834,2913,2930,2934,2882,2845,2880,2866,2757,2892,2969,2921,2910,2922,2880,2928,2876
TOF,2324,2380,2631,2788,2748,2574,93,94,2842,2704,2614,2626,2738,2788,2600,2745,2769,2837,2858,2846,2831,2812,2715,2823,2905,2882,2850,2861,2837,2835,2792,2814,2924,2905,2890,2876,2867,2859,2822,2800,2928,2940,2898,2880,2881,2870,2850,2752,2931,2929,2911,2902,2883,2881,2854,2808,2937,2969,2942,2942,2915,2901,2885,2858
TOF,2359,2321,2394,2794,2752,2646,2574,82,2788,2733,2671,2646,2704,2758,2656,80,2740,2869,2841,2840,2835,2826,2737,2774,2909,2870,2890,2877,2840,2833,2805,2827,2932,2886,2863,2883,2855,2840,2824,2813,2928,2902,2912,2871,2892,2861,2841,2815,2937,2912,2913,2897,2878,2866,2870,2869,2965,2995,2940,2937,2902,2910,2891,2863
TOF,2298,2323,2363,2782,2731,2659,2578,78,2825,2649,2615,2648,2708,2785,2639,2788,2734,2855,2843,2830,2824,2822,2717,2771,2885,2891,2871,2855,2857,2838,2780,2799,2926,2883,2860,2869,2849,2838,2826,2811,2939,2897,2888,2887,2865,2855,2858,2838,2944,2925,2907,2895,2866,2870,2857,2790,2973,2939,2910,2913,2928,2887,2883,2915
TOF,2313,2354,2295,2725,2682,2782,2574,76,2844,2740,2673,2665,2766,2792,2591,87,2731,2825,2847,2828,2810,2829,2705,82,2897,2878,2877,2864,2838,2840,2813,2797,2919,2911,2871,2865,2860,2847,2820,2795,2925,2899,2898,2874,2866,2852,2847,2787,2952,2950,2905,2886,2880,2883,2871,2838,2952,2963,2923,2932,2874,2901,2877,2818
TOF,2299,2341,2350,2783,2748,2655,2559,75,2900,2796,2673,2645,2730,2774,2649,82,2790,2839,2845,2842,2822,2825,2742,81,2912,2883,2869,2856,2867,2840,2815,2769,2945,2905,2877,2869,2851,2851,2818,2830,2914,2929,2890,2874,2882,2853,2858,2776,2945,2932,2925,2878,2907,2872,2874,2850,2985,2942,2931,2913,2901,2910,2894,2750
TOF,2266,2331,2350,2802,2649,2597,81,83,2822,2710,2650,2653,2732,2789,2687,85,2740,2816,2854,2845,2831,2827,2762,90,2885,2877,2860,2860,2837,2841,2783,2812,2922,2860,2894,2906,2854,2843,2838,2842,2940,2908,2899,2895,2890,2859,2855,2795,2942,2925,2921,2886,2884,2861,2855,2784,2949,2999,2945,2940,2902,2919,2929,2848
TOF,2290,2359,2350,2782,2720,2700,2692,91,2839,2751,2617,2641,2708,2775,2673,98,2728,2847,2850,2831,2847,2802,2743,2811,2929,2885,2849,2860,2844,2846,2791,2821,2929,2882,2871,2846,2854,2844,2832,2819,2949,2895,2894,2875,2882,2862,2831,2722,2925,2913,2922,2890,2878,2859,2877,2733,2935,2940,2929,2919,2878,2894,2930,2788
TOF,2359,2315,2822,2763,2759,2755,2609,2604,2812,2693,2636,2672,2778,2780,2603,2821,2733,2831,2842,2857,2809,2801,2788,2810,2916,2869,2854,2840,2844,2820,2787,2785,2910,2886,2856,2873,2870,2815,2828,2842,2878,2898,2867,2890,2868,2873,2841,2798,2933,2912,2907,2899,2887,2878,2870,2762,2948,2936,2924,2919,2892,2904,2906,2744
TOF,2332,2342,2439,2778,2763,2792,2559,2583,2827,2589,2623,2628,2679,2775,2595,2784,2772,2816,2848,2840,2837,2818,2805,2802,2932,2883,2878,2852,2862,2827,2798,2809,2920,2892,2900,2896,2845,2839,2817,2847,2953,2924,2900,2868,2875,2863,2848,2850,2917,2906,2911,2898,2889,2848,2882,2836,2962,2966,2933,2917,2892,2901,2879,2907
TOF,2320,2353,2520,2806,2829,2687,2643,2621,2791,2683,2647,2642,2735,2771,2653,2797,2774,2820,2857,2841,2813,2820,2729,2794,2887,2886,2868,2855,2852,2803,2791,2810,2919,2910,2869,2869,2844,2860,2835,2822,2956,2892,2887,2882,2868,2871,2853,2848,2917,2919,2899,2894,2889,2870,2861,2818,2944,2982,2919,2899,2891,2883,2918,2774
TOF,2326,2323,2425,2778,2790,2717,2598,2654,2822,2763,2654,2619,2747,2772,2638,2761,2740,2825,2850,2855,2830,2820,2722,2790,2887,2881,2872,2873,2836,2840,2799,2814,2932,2921,2889,2862,2854,2840,2825,2830,2954,2927,2900,2886,2861,2858,2860,2844,2938,2900,2894,2916,2887,2868,2848,2798,2932,2937,2950,2915,2918,2883,2917,2856
TOF,2322,2321,2520,2783,2748,2756,2568,2614,2841,2718,2641,2690,2783,2786,2617,2798,2760,2846,2851,2839,2843,2804,2712,2809,2895,2877,2847,2865,2859,2816,2797,2822,2935,2894,2881,2874,2846,2845,2833,2833,2910,2911,2909,2899,2873,2881,2849,2781,2945,2926,2911,2901,2893,2882,2868,2876,2936,2938,2917,2920,2909,2908,2926,2787
TOF,2355,2406,2520,2784,2684,2689,2604,2577,2739,2651,2635,2687,2709,2783,2671,2780,2776,2835,2855,2839,2831,2809,2745,2786,2903,2877,2883,2865,2846,2842,2800,2816,2917,2899,2871,2867,2869,2848,2829,2872,2937,2902,2890,2900,2892,2872,2839,2799,2941,2942,2902,2881,2874,2853,2857,2847,2931,2950,2917,2920,2907,2905,2867,2807
TOF,2329,2346,2560,2793,2820,2699,2625,2557,2785,2701,2614,2659,2731,2772,2666,2784,2813,2831,2847,2831,2820,2801,2759,2796,2903,2893,2892,2852,2850,2833,2806,2796,2920,2902,2862,2882,2845,2846,2838,2817,2915,2897,2899,2872,2879,2856,2839,2754,2942,2882,2916,2912,2891,2867,2872,2823,2961,2966,2935,2932,2918,2890,2900,2807
TOF,2284,2357,2484,2747,2810,2708,2628,2623,2767,2722,2678,2677,2785,2761,2684,2767,2715,2829,2848,2855,2825,2818,2723,2804,2915,2891,2874,2852,2860,2834,2797,2811,2949,2889,2883,2874,2867,2846,2836,2817,2931,2893,2894,2875,2880,2850,2842,2831,2946,2938,2929,2889,2887,2900,2864,2882,2960,2968,2946,2916,2925,2873,2909,2872
TOF,2318,2355,2500,2801,2713,2678,2629,2630,2875,2720,2667,2702,2773,2784,2632,2757,2784,2852,2850,2840,2822,2820,2760,2820,2903,2896,2849,2875,2832,2822,2813,2820,2920,2900,2895,2851,2853,2851,2826,2813,2914,2885,2876,2887,2882,2878,2843,2777,2941,2930,2923,2879,2878,2873,2878,2836,2948,2945,2911,2899,2915,2894,2927,2869
TOF,2344,2344,2464,2748,2753,2686,2612,2557,2725,2748,2654,2613,2728,2786,2652,2803,2784,2827,2837,2821,2838,2825,2770,2802,2868,2891,2895,2873,2849,2836,2815,2794,2913,2876,2882,2864,2860,2837,2830,2815,2932,2890,2897,2885,2842,2853,2847,2823,2926,2945,2892,2895,2884,2863,2886,2824,3004,2965,2938,2923,2918,2887,2903,2823
TOF,2310,2334,2447,2741,2780,2620,2548,2618,2769,2717,2619,2640,2724,2748,2642,2820,2759,2833,2831,2841,2836,2841,2706,2790,2928,2873,2860,2860,2846,2818,2805,2800,2942,2888,2899,2875,2876,2843,2817,2812,2948,2926,2900,2869,2855,2870,2859,2794,2925,2932,2894,2889,2895,2856,2870,2868,2964,2939,2934,2917,2895,2886,2887,2858
TOF,2292,2313,2384,2765,2709,2694,2622,2578,2746,2730,2650,2655,2760,2775,2598,2792,2751,2818,2824,2865,2833,2808,2767,2803,2881,2881,2853,2857,2846,2834,2797,2811,2948,2882,2885,2867,2866,2842,2847,2789,2929,2933,2897,2889,2899,2859,2848,2811,2961,2917,2910,2887,2876,2883,2870,2831,2947,2971,2918,2932,2901,2902,2900,2829
TOF,2333,2373,2384,2760,2778,2693,2647,2655,2804,2736,2616,2641,2726,2748,2670,2781,2752,2806,2834,2840,2834,2818,2703,2817,2894,2875,2862,2869,2840,2842,2809,2849,2917,2903,2893,2858,2850,2854,2843,2821,2937,2933,2873,2870,2878,2857,2860,2824,2909,2942,2896,2910,2881,2862,2873,2845,2937,2964,2932,2925,2919,2896,2875,2856
TOF,2308,2366,2691,2761,2748,2716,2573,2585,2766,2712,2625,2649,2769,2763,2642,2813,2769,2838,2842,2845,2821,2821,2733,2818,2889,2876,2864,2846,2836,2830,2793,2807,2930,2917,2905,2875,2853,2857,2838,2800,2942,2918,2884,2875,2871,2876,2835,2781,2922,2928,2917,2903,2887,2869,2867,2747,2989,2961,2959,2911,2899,2888,2899,2831
TOF,2316,2377,2485,2814,2751,2612,2665,2540,2876,2694,2672,2647,2723,2768,2603,2799,2769,2830,2849,2829,2835,2824,2759,2815,2878,2885,2882,2846,2849,2832,2830,2831,2933,2901,2881,2891,2852,2842,2851,2822,2942,2918,2915,2869,2865,2854,2824,2853,2945,2931,2904,2902,2897,2876,2877,2793,2958,2962,2930,2923,2911,2907,2913,2855
TOF,2320,2333,2485,2770,2753,2685,2647,2610,2751,2684,2641,2664,2656,2795,2680,2783,2757,2810,2816,2848,2814,2822,2735,2793,2885,2875,2877,2874,2850,2857,2785,2758,2907,2886,2883,2891,2868,2843,2828,2776,2931,2915,2889,2865,2875,2864,2849,2826,2945,2912,2913,2896,2883,2855,2878,2827,2922,2956,2933,2916,2879,2885,2888,2848
TOF,2315,2408,2397,2802,2799,2664,2605,2548,2634,2758,2611,2660,2707,2796,2671,2767,2763,2834,2834,2838,2841,2822,2760,2825,2903,2874,2865,2845,2854,2811,2811,2803,2918,2860,2870,2874,2853,2838,2816,2753,2934,2891,2899,2871,2881,2850,2845,2847,2921,2921,2899,2916,2880,2872,2863,2850,2974,2967,2940,2906,2923,2895,2867,2849
TOF,2262,2334,2444,2784,2776,2621,2561,2610,2785,2827,2632,2668,2724,2786,2650,2801,2744,2839,2848,2843,2832,2841,2722,2790,2888,2879,2864,2872,2854,2826,2794,2801,2910,2905,2896,2857,2851,2868,2848,2820,2920,2903,2882,2873,2863,2865,2839,2791,2938,2918,2914,2909,2853,2878,2868,2791,2949,2964,2929,2920,2920,2901,2948,2849
TOF,2310,2366,2448,2715,2795,2696,2585,2612,2788,2714,2626,2706,2742,2769,2631,2772,2748,2823,2826,2849,2819,2815,2724,2797,2891,2886,2869,2862,2860,2831,2807,2819,2910,2903,2874,2893,2844,2840,2847,2864,2968,2926,2871,2888,2829,2859,2847,2697,2939,2883,2903,2885,2902,2878,2863,2835,2923,2976,2965,2916,2952,2907,2900,2878
TOF,2317,2347,2448,2766,2797,2692,2575,2603,2698,2628,2671,2653,2745,2778,2644,2817,2741,2849,2845,2830,2810,2819,2753,2804,2898,2884,2868,2867,2835,2824,2798,2793,2930,2908,2861,2869,2861,2842,2815,2808,2924,2909,2892,2881,2874,2850,2847,2785,2953,2904,2919,2887,2894,2853,2858,2762,2963,2951,2944,2917,2906,2903,2907,2821
TOF,2325,2380,2452,2743,2746,2707,2617,2666,2729,2710,2615,2597,2656,2728,2621,2806,2745,2792,2848,2855,2837,2833,2752,2823,2920,2888,2866,2855,2837,2819,2795,2823,2927,2897,2859,2900,2868,2841,2807,2836,2938,2910,2902,2896,2885,2827,2848,2824,2927,2914,2898,2880,2895,2876,2851,2823,2958,2918,2929,2887,2887,2881,2883,2814
TOF,1932,2010,1954,2314,2338,2365,2384,2666,2418,2390,2887,2525,2718,2812,2620,2651,2806,2840,2807,2720,2696,2800,2724,2821,2856,2817,2900,2887,2879,2837,2801,2723,2943,2889,2888,2870,2840,2829,2815,2803,2918,2922,2875,2858,2832,2802,2832,2716,2923,2877,2866,2845,2809,2810,2802,2741,2922,2935,2884,2856,2870,2772,2825,2747
TOF,1932,1912,2047,2230,2323,2294,2392,2412,2149,2402,2447,2709,2749,2741,2824,2607,2563,2917,2796,2745,2689,2709,2714,2752,2748,2805,2848,2867,2895,2842,2815,2667,2963,2935,2905,2898,2872,2831,2799,2725,2957,2926,2881,2868,2813,2816,2782,2715,2926,2936,2869,2864,2807,2798,2785,2702,2903,2908,2864,2856,2798,2808,2756,2764
TOF,1956,1912,2050,2321,2344,2390,2791,2841,2390,2479,2724,2818,2779,2629,2606,2668,2678,2874,2703,2719,2827,2828,2796,2797,2849,2911,2900,2877,2855,2817,2798,2714,2984,2954,2886,2880,2880,2822,2803,2707,2963,2870,2906,2889,2854,2817,2792,2747,2948,2925,2899,2878,2846,2806,2797,2787,2873,2946,2936,2859,2806,2832,2778,2812
TOF,2036,2312,2326,2374,2356,2665,2724,2697,2409,2778,2813,2689,2752,2685,2604,2762,2869,2691,2730,2838,2831,2815,2770,2799,2894,2895,2907,2852,2853,2813,2793,2722,2947,2927,2875,2880,2850,2815,2809,2704,2923,2876,2887,2866,2868,2846,2789,2696,2947,2904,2912,2871,2841,2809,2829,2796,2895,2934,2933,2887,2862,2852,2804,2819
TOF,2160,2323,2358,2469,2751,2772,2635,2590,2477,2842,2851,2644,2649,2771,2623,2796,2662,2736,2794,2872,2845,2819,2753,2783,2898,2894,2887,2858,2844,2816,2784,2742,2931,2896,2879,2866,2874,2825,2817,2773,2968,2918,2898,2892,2844,2843,2816,2799,2950,2928,2904,2904,2869,2856,2842,2826,2921,2956,2947,2892,2878,2873,2868,2803
TOF,2304,2318,2349,2733,2739,2662,2631,2602,2681,2740,2683,2654,2696,2788,2651,2785,2762,2797,2818,2856,2823,2821,2776,2799,2920,2877,2878,2851,2837,2806,2813,2789,2954,2914,2867,2862,2849,2829,2829,2833,2954,2914,2892,2881,2867,2826,2834,2799,2965,2918,2922,2880,2873,2857,2864,2834,2919,2969,2921,2923,2916,2901,2869,2893
TOF,2293,2263,2344,2774,2737,2580,2668,2613,2762,2701,2660,2646,2711,2790,2729,2777,2728,2795,2847,2837,2834,2821,2749,2790,2904,2885,2873,2856,2843,2816,2811,2760,2934,2894,2894,2881,2852,2849,2813,2762,2924,2925,2907,2892,2890,2867,2836,2856,2953,2943,2902,2914,2878,2851,2870,2826,2933,2956,2931,2904,2908,2916,2893,2857
TOF,2316,2312,2384,2774,2737,2573,2571,2617,2720,2816,2731,2647,2720,2762,2730,2793,2700,2788,2817,2843,2843,2825,2757,2782,2919,2891,2884,2856,2847,2833,2802,2807,2944,2913,2873,2880,2860,2847,2823,2825,2923,2903,2896,2866,2891,2854,2835,2778,2940,2954,2913,2930,2887,2871,2852,2813,2952,2989,2919,2930,2903,2888,2905,2868
TOF,2330,2363,2533,2745,2772,2689,2574,2667,2747,2781,2667,2634,2706,2770,2631,2792,2718,2773,2843,2854,2843,2801,2787,2782,2926,2900,2888,2860,2851,2846,2798,2781,2931,2915,2880,2884,2855,2838,2818,2815,2918,2936,2906,2885,2846,2866,2840,2764,2950,2935,2905,2899,2885,2844,2861,2817,2949,2980,2928,2926,2891,2913,2890,2877
TOF,2291,2317,2335,2798,2748,2639,2604,2568,2751,2827,2661,2632,2778,2776,2676,2766,2702,2751,2858,2835,2833,2823,2774,2820,2909,2908,2881,2867,2853,2829,2806,2788,2899,2895,2907,2891,2862,2846,2826,2754,2958,2895,2908,2875,2866,2852,2837,2760,2939,2916,2913,2885,2873,2864,2866,2823,2961,2947,2939,2919,2899,2877,2911,2873
TOF,2302,2345,2391,2791,2730,2649,2557,2576,2760,2809,2667,2658,2747,2786,2658,2778,2717,2774,2857,2846,2827,2807,2757,2816,2899,2890,2859,2852,2855,2827,2806,2756,2968,2897,2888,2871,2853,2839,2812,2700,2920,2922,2877,2887,2881,2855,2842,2749,2960,2921,2915,2916,2888,2858,2876,2839,2928,2993,2933,2909,2924,2892,2900,2826
TOF,2270,2356,2317,2777,2757,2581,2570,2624,2781,2746,2664,2634,2748,2767,2691,2796,2689,2756,2838,2829,2832,2821,2727,2780,2892,2897,2869,2852,2863,2824,2810,2735,2928,2894,2909,2881,2846,2843,2829,2756,2973,2908,2906,2872,2899,2854,2831,2742,2949,2912,2913,2884,2901,2867,2855,2830,2964,2979,2929,2896,2933,2925,2882,2864
TOF,2372,2361,2449,2797,2738,2630,2585,2633,2824,2755,2650,2674,2731,2783,2691,2763,2677,2788,2839,2842,2838,2823,2781,2823,2914,2895,2870,2854,2840,2848,2835,2820,2962,2910,2884,2877,2853,2831,2822,2826,2948,2901,2888,2894,2876,2858,2860,2774,2954,2923,2920,2901,2896,2853,2851,2847,2952,2967,2974,2902,2892,2879,2879,2894
TOF,2225,2303,2360,2753,2742,2656,2548,2609,2732,2790,2622,2601,2734,2765,2647,2778,2691,2755,2829,2846,2814,2814,2762,2787,2925,2914,2864,2863,2845,2837,2795,2743,2925,2898,2901,2859,2855,2857,2827,2783,2924,2903,2906,2872,2866,2853,2864,2756,2928,2924,2904,2893,2877,2862,2838,2820,2961,2963,2934,2922,2907,2876,2887,2890
TOF,2235,2363,2391,2750,2808,2742,2597,2577,2812,2770,2653,2633,2721,2757,2640,2786,2704,2744,2822,2839,2820,2817,2751,2765,2887,2883,2861,2856,2841,2823,2817,2738,2935,2919,2861,2890,2842,2840,2831,2791,2933,2927,2890,2893,2859,2865,2853,2764,2942,2921,2942,2891,2868,2868,2873,2824,2936,2936,2925,2942,2908,2891,2849,2883
TOF,2235,2305,2415,2809,2724,2686,2593,2663,2858,2713,2621,2647,2757,2804,2641,2767,2712,2769,2832,2839,2823,2811,2735,2803,2911,2872,2884,2846,2852,2846,2778,2786,2938,2890,2886,2875,2840,2865,2839,2858,2945,2962,2881,2881,2882,2862,2842,2733,2941,2926,2902,2888,2877,2895,2867,2844,2956,2980,2949,2921,2938,2923,2911,2884
TOF,2275,2328,2365,2784,2662,2611,2563,2708,2769,2693,2662,2684,2796,2782,2666,2794,2708,2823,2864,2853,2828,2813,2754,2796,2883,2880,2868,2857,2840,2835,2800,2798,2909,2876,2882,2874,2873,2841,2849,2877,2933,2920,2909,2881,2879,2880,2873,2772,2935,2926,2921,2910,2887,2888,2870,2846,2948,2988,2949,2923,2899,2910,2908,2926
TOF,2300,2467,2365,2767,2686,2626,2556,2683,2810,2694,2637,2672,2806,2764,2665,2770,2740,2815,2850,2832,2823,2838,2648,2788,2886,2874,2854,2864,2845,2855,2813,2806,2921,2895,2868,2894,2857,2847,2827,2799,2963,2905,2914,2881,2867,2871,2876,2849,2937,2911,2896,2908,2904,2891,2880,2811,2971,2958,2982,2963,2934,2920,2914,2924
TOF,2318,2364,2710,2791,2678,2624,2580,2647,2762,2806,2654,2690,2776,2790,2665,2786,2708,2841,2835,2824,2831,2813,2722,2810,2883,2896,2875,2854,2851,2821,2818,2797,2914,2865,2879,2883,2875,2849,2823,2832,2946,2912,2894,2903,2893,2875,2853,2803,2947,2923,2906,2911,2906,2884,2889,2841,2948,2993,2948,2932,2946,2912,2877,2949
TOF,2319,2299,2698,2744,2702,2568,2589,2670,2792,2708,2641,2623,2766,2773,2696,2796,2699,2800,2822,2832,2804,2815,2711,2801,2898,2893,2864,2858,2838,2864,2807,2826,2914,2892,2872,2863,2863,2850,2849,2838,2925,2899,2904,2905,2867,2873,2854,2783,2923,2915,2920,2885,2894,2879,2872,2844,3023,2963,2969,2929,2933,2904,2919,2910
TOF,2267,2308,2715,2796,2688,2569,2616,2655,2733,2743,2648,2689,2782,2800,2677,2748,2739,2814,2843,2857,2822,2803,2743,2788,2910,2876,2857,2867,2849,2859,2811,2795,2917,2871,2869,2888,2861,2855,2820,2838,2929,2909,2907,2863,2886,2863,2859,2764,2937,2951,2922,2905,2890,2893,2884,2841,2921,2968,2936,2967,2920,2904,2915,2882
TOF,2321,2381,2495,2701,2771,2630,2567,2702,2767,2676,2611,2692,2796,2784,2676,2809,2728,2819,2846,2829,2826,2826,2712,2793,2874,2866,2840,2850,2837,2821,2793,2787,2901,2882,2879,2895,2882,2844,2837,2823,2960,2918,2905,2892,2885,2873,2842,2802,2957,2921,2924,2910,2882,2893,2857,2861,2927,2948,2963,2939,2932,2921,2921,2848
TOF,2266,2369,2344,2805,2682,2619,2619,2617,2784,2670,2637,2704,2784,2787,2659,2788,2724,2842,2843,2824,2838,2817,2652,2815,2882,2881,2858,2849,2851,2854,2813,2814,2904,2907,2883,2879,2871,2851,2847,2771,2914,2888,2897,2904,2909,2869,2856,2859,2928,2922,2920,2919,2898,2893,2883,2830,2952,2984,2921,2944,2933,2923,2942,2876
TOF,2306,2357,2697,2740,2657,2608,2587,2662,2786,2742,2606,2706,2779,2794,2710,2794,2725,2819,2838,2817,2816,2816,2732,2814,2854,2886,2878,2864,2845,2831,2781,2788,2932,2923,2882,2881,2844,2831,2836,2818,2924,2906,2891,2903,2904,2860,2898,2777,2933,2928,2936,2904,2874,2900,2864,2816,2922,2948,2950,2947,2956,2896,2938,2843
TOF,2323,2317,2735,2729,2688,2560,2591,2672,2846,2806,2662,2638,2773,2800,2738,2788,2728,2824,2851,2834,2831,2826,2718,2810,2894,2877,2864,2853,2841,2834,2793,2836,2944,2914,2896,2875,2865,2853,2826,2791,2934,2888,2895,2896,2874,2880,2877,2680,2956,2928,2934,2915,2888,2881,2860,2823,2949,2965,2951,2925,2921,2913,2913,2875
